title,price,price_numeric,beds,baths,area,area_sqft,price_per_sqft,property_type,featured,photo_count,description,description_length,city,scraped_date,url
"11 Marla Corner Luxury House for Sale | Double Unit | Sector C1, Bahria Enclave",PKR 6.1 Crore,61000000,5,6,11 Marla,2475.0,24646,House,True,49,super hot49Share on FacebookShare on TwitterShare on WhatsAppSend via GMailSend via E-Mail,90,Houses_Islamabad,2026-08-10,https://www.zameen.com/Property/bahria_enclave_bahria_enclave_-_sector_c1_11_marla_corner_luxury_house_for_sale_double_unit_sector_c1_bahria_enclave-54344674-11987-1.html
10 Marla Luxury Designer House for Sale | Spacious Living | Outclass Finishing | Premium Lifestyle,PKR 5.95 Crore,59500000,5,6,10 Marla,2250.0,26444,House,True,37,super hot37Share on FacebookShare on TwitterShare on WhatsAppSend via GMailSend via E-Mail,90,Houses_Islamabad,2026-08-10,https://www.zameen.com/Property/islamabad_top_city_1_10_marla_luxury_designer_house_for_sale_spacious_living_outclass_finishing_premium_lifestyle-54512208-1383-1.html
1 Kanal Corner 50 Feet Road Designer House Is Available For sale In Top City 1,PKR 7.7 Crore,77000000,6,6,1 Kanal,4500.0,17111,House,True,45,super hot45Share on FacebookShare on TwitterShare on WhatsAppSend via GMailSend via E-Mail,90,Houses_Islamabad,2026-08-10,https://www.zameen.com/Property/islamabad_top_city_1_1_kanal_corner_50_feet_road_designer_house_is_available_for_sale_in_top_city_1-54472448-1383-1.html
House For Sale In F 8/3,PKR 40 Crore,400000000,6,6,1.8 Kanal,8100.0,49382,House,True,6,super hot6Share on FacebookShare on TwitterShare on WhatsAppSend via GMailSend via E-Mail,89,Houses_Islamabad,2026-08-10,https://www.zameen.com/Property/f_8_f-8_3_house_for_sale_in_f_8_3-54455861-3316-1.html
DHA Homes Beautiful Turkish Style 5 Marla House For Sale Ideal Location Responsible Price,PKR 90 Lakh,9000000,2,2,5 Marla,1125.0,8000,House,True,9,super hot91Share on FacebookShare on TwitterShare on WhatsAppSend via GMailSend via E-Mail,90,Houses_Islamabad,2026-08-10,https://www.zameen.com/Property/dha_valley_oleander_sector_oleander_sector_-_dha_homes_block_a_dha_homes_beautiful_turkish_style_5_marla_house_for_sale_ideal_location_responsible_price-54337517-16792-1.html
1 KANAL LUXURY FULLY FITTED VILLA AVAILABLE FOR SALE IN EIGHTEEN ISLAMABAD,PKR 12.5 Crore,125000000,5,5,1 Kanal,4500.0,27777,House,True,35,super hot35Share on FacebookShare on TwitterShare on WhatsAppSend via GMailSend via E-Mail,90,Houses_Islamabad,2026-08-10,https://www.zameen.com/Property/kashmir_highway_eighteen_1_kanal_luxury_fully_fitted_villa_available_for_sale_in_eighteen_islamabad-54202612-12602-1.html
5 Marla ( 25*50 In Block C ) Short Corner House. For Sale,PKR 3.03 Crore,30299999,4,6,5 Marla,1125.0,26933,House,True,37,super hot37Share on FacebookShare on TwitterShare on WhatsAppSend via GMailSend via E-Mail,90,Houses_Islamabad,2026-08-10,https://www.zameen.com/Property/faisal_town_phase_1_faisal_town_phase_1_-_block_c_5_marla_25_50_in_block_c_short_corner_house_for_sale-54532767-16418-1.html
Corner House For Sale Street 55 (25x40) 5 Bedroom + 2 Bathroom + T. V Lounge,PKR 2.5 Crore,25000000,2,2,4 Marla,900.0,27777,House,True,46,super hot46VerifiedShare on FacebookShare on TwitterShare on WhatsAppSend via GMailSend via E-Mail,98,Houses_Islamabad,2026-08-10,https://www.zameen.com/Property/i_10_i-10_1_corner_house_for_sale_street_55_25x40_5_bedroom_2_bathroom_t_v_lounge-54198909-3420-1.html
"Sun Facing Dream Home For Sale In D-12/1, Islamabad",PKR 5.6 Crore,56000000,4,5,4 Marla,900.0,62222,Unknown,True,9,super hot9Share on FacebookShare on TwitterShare on WhatsAppSend via GMailSend via E-Mail,89,Houses_Islamabad,2026-08-10,https://www.zameen.com/Property/islamabad_d-12_sun_facing_dream_home_for_sale_in_d-12_1_islamabad-54403648-160-1.html
Brand New Luxurious Designer Villa Modern Elevation with Premium Finishes & Panoramic Roof Terrace,PKR 5.4 Crore,54000000,4,5,4 Marla,900.0,60000,House,True,27,super hot27Share on FacebookShare on TwitterShare on WhatsAppSend via GMailSend via E-Mail,90,Houses_Islamabad,2026-08-10,https://www.zameen.com/Property/islamabad_d-12_brand_new_luxurious_designer_villa_modern_elevation_with_premium_finishes_panoramic_roof_terrace-54590696-160-1.html
10 Marla Ultra Luxury Brand New Corner House for Sale in Faisal Margalla City- Islamabad,PKR 5 Crore,50000000,5,6,10 Marla,2250.0,22222,House,True,28,hot28Share on FacebookShare on TwitterShare on WhatsAppSend via GMailSend via E-Mail,84,Houses_Islamabad,2026-08-10,https://www.zameen.com/Property/b_17_faisal_margalla_city_10_marla_ultra_luxury_brand_new_corner_house_for_sale_in_faisal_margalla_city-_islamabad-54371504-13424-1.html
"17 Marla Designer Luxury House for Sale in B Block , B-17 Islamabad",PKR 8.5 Crore,85000000,6,6,17 Marla,3825.0,22222,House,True,45,hot45Share on FacebookShare on TwitterShare on WhatsAppSend via GMailSend via E-Mail,84,Houses_Islamabad,2026-08-10,https://www.zameen.com/Property/islamabad_b-17_17_marla_designer_luxury_house_for_sale_in_b_block_b-17_islamabad-54372229-616-1.html
Beautiful 5 marla double storey house for sale in National Police Foundation Block C,PKR 2.25 Crore,22500000,3,3,5 Marla,1125.0,20000,House,False,13,hot13Share on FacebookShare on TwitterShare on WhatsAppSend via GMailSend via E-Mail,84,Houses_Islamabad,2026-08-10,https://www.zameen.com/Property/national_police_foundation_o_9_national_police_foundation_o-9_-_block_c_beautiful_5_marla_double_storey_house_for_sale_in_national_police_foundation_block_c-54534842-16427-1.html
2 Kanal Ready For Possession House Available For Sale In Eighteen Islamabad,PKR 19.5 Crore,195000000,5,6,2 Kanal,9000.0,21666,House,False,22,hot22Share on FacebookShare on TwitterShare on WhatsAppSend via GMailSend via E-Mail,84,Houses_Islamabad,2026-08-10,https://www.zameen.com/Property/kashmir_highway_eighteen_2_kanal_ready_for_possession_house_available_for_sale_in_eighteen_islamabad-54214554-12602-1.html
Book House Today In Eighteen,PKR 23 Crore,230000000,,,2 Kanal,9000.0,25555,House,False,8,hot8VerifiedShare on FacebookShare on TwitterShare on WhatsAppSend via GMailSend via E-Mail,91,Houses_Islamabad,2026-08-10,https://www.zameen.com/Property/kashmir_highway_eighteen_book_house_today_in_eighteen-54239383-12602-1.html
Bahria Enclave Sector N 8 Marla Brand New Park Face Double Unit Sun Facing House For Sale A Plus Construction,PKR 4.25 Crore,42500000,5,6,8 Marla,1800.0,23611,House,False,22,hot22Share on FacebookShare on TwitterShare on WhatsAppSend via GMailSend via E-Mail,84,Houses_Islamabad,2026-08-10,https://www.zameen.com/Property/bahria_enclave_bahria_enclave_-_sector_n_bahria_enclave_sector_n_8_marla_brand_new_park_face_double_unit_sun_facing_house_for_sale_a_plus_construction-54552018-11975-1.html
7 Marla House For Sale | Corner | LOP Approved | Premium Construction,PKR 3.99 Crore,39900000,6,7,7 Marla,1575.0,25333,House,True,19,hot19Share on FacebookShare on TwitterShare on WhatsAppSend via GMailSend via E-Mail,84,Houses_Islamabad,2026-08-10,https://www.zameen.com/Property/fechs_jinnah_gardens_7_marla_house_for_sale_corner_lop_approved_premium_construction-54133709-1420-1.html
"Brand New & Beautifully Designed 10 Marla House for Sale in F-11, Islamabad",PKR 14 Crore,140000000,4,5,10 Marla,2250.0,62222,House,True,9,9Share on FacebookShare on TwitterShare on WhatsAppSend via GMailSend via E-Mail,80,Houses_Islamabad,2026-08-10,https://www.zameen.com/Property/islamabad_f-11_brand_new_beautifully_designed_10_marla_house_for_sale_in_f-11_islamabad-54591381-163-1.html
A Perfect House Awaits You In Eighteen Islamabad,PKR 8.25 Crore,82500000,,,13.7 Marla,3082.5,26763,House,False,6,6VerifiedShare on FacebookShare on TwitterShare on WhatsAppSend via GMailSend via E-Mail,88,Houses_Islamabad,2026-08-10,https://www.zameen.com/Property/kashmir_highway_eighteen_a_perfect_house_awaits_you_in_eighteen_islamabad-54358219-12602-1.html
Get This Amazing 362 Square Meters House Available In Eighteen,PKR 9.88 Crore,98800000,,,17.3 Marla,3892.5,25382,House,False,7,7VerifiedShare on FacebookShare on TwitterShare on WhatsAppSend via GMailSend via E-Mail,88,Houses_Islamabad,2026-08-10,https://www.zameen.com/Property/kashmir_highway_eighteen_get_this_amazing_362_square_meters_house_available_in_eighteen-54358220-12602-1.html
30x60 Use House Like 10/10 Condition G-13/2 Islamabad,PKR 5.4 Crore,54000000,6,6,8 Marla,1800.0,30000,House,False,9,9Share on FacebookShare on TwitterShare on WhatsAppSend via GMailSend via E-Mail,80,Houses_Islamabad,2026-08-10,https://www.zameen.com/Property/islamabad_g-13_30x60_use_house_like_10_10_condition_g-13_2_islamabad-54321679-330-1.html
In Islamabad You Can Find The Perfect On Excellent Location House For Sale,PKR 6 Crore,60000000,5,6,8 Marla,1800.0,33333,House,False,41,411VerifiedShare on FacebookShare on TwitterShare on WhatsAppSend via GMailSend via E-Mail,90,Houses_Islamabad,2026-08-10,https://www.zameen.com/Property/g_14_g-14_3_in_islamabad_you_can_find_the_perfect_on_excellent_location_house_for_sale-54354588-3345-1.html
"Investor Rate 1 Kanal House For Sale in DHA Phase 5, Islamabad",PKR 8.5 Crore,85000000,5,6,1 Kanal,4500.0,18888,House,False,24,24Share on FacebookShare on TwitterShare on WhatsAppSend via GMailSend via E-Mail,81,Houses_Islamabad,2026-08-10,https://www.zameen.com/Property/dha_defence_phase_5_dha_phase_5_-_sector_b_investor_rate_1_kanal_house_for_sale_in_dha_phase_5_islamabad-54506391-8401-1.html
5 Marla Luxury House for Sale in B-17 Street 108 Islamabad,PKR 2.5 Crore,25000000,4,4,5 Marla,1125.0,22222,House,False,10,10Share on FacebookShare on TwitterShare on WhatsAppSend via GMailSend via E-Mail,81,Houses_Islamabad,2026-08-10,https://www.zameen.com/Property/islamabad_b-17_5_marla_luxury_house_for_sale_in_b-17_street_108_islamabad-54152451-616-1.html
"12 Marla Luxury House For Sale, Strong Structure | Premium Finishes | Ready To Move",PKR 6.4 Crore,64000000,6,7,12 Marla,2700.0,23703,House,True,30,30Share on FacebookShare on TwitterShare on WhatsAppSend via GMailSend via E-Mail,81,Houses_Islamabad,2026-08-10,https://www.zameen.com/Property/pwd_housing_scheme_pwd_housing_society_-_block_a_12_marla_luxury_house_for_sale_strong_structure_premium_finishes_ready_to_move-53332391-15004-1.html
8 Marla Double Storey House For Sale In DHA Homes Modern Living | Prime Location,PKR 1.95 Crore,19500000,3,4,8 Marla,1800.0,10833,House,True,18,super hot18Share on FacebookShare on TwitterShare on WhatsAppSend via GMailSend via E-Mail,90,Houses_Islamabad,2026-08-10,https://www.zameen.com/Property/dha_valley_dha_homes_8_marla_double_storey_house_for_sale_in_dha_homes_modern_living_prime_location-54481165-3226-1.html
Highly-Desirable House Available In I-8/4 For Sale,PKR 13.95 Crore,139500000,6,6,14 Marla,3150.0,44285,House,True,29,super hot291VerifiedShare on FacebookShare on TwitterShare on WhatsAppSend via GMailSend via E-Mail,99,Houses_Islamabad,2026-08-10,https://www.zameen.com/Property/i_8_i-8_4_highly-desirable_house_available_in_i-8_4_for_sale-54147611-3444-1.html
Ultra Modern Fully Furnished 1 Kanal Designer House Ready For Sale In DHA DEFENCE PHASE 2 ISLAMABAD,PKR 12.5 Crore,125000000,5,6,1 Kanal,4500.0,27777,House,True,18,super hot18Share on FacebookShare on TwitterShare on WhatsAppSend via GMailSend via E-Mail,90,Houses_Islamabad,2026-08-10,https://www.zameen.com/Property/dha_defence_dha_defence_phase_2_ultra_modern_fully_furnished_1_kanal_designer_house_ready_for_sale_in_dha_defence_phase_2_islamabad-54530474-339-1.html
B-17 E Block MDR Back Brand New House  Modern Designer,PKR 4.3 Crore,43000000,6,6,8 Marla,1800.0,23888,House,True,24,super hot24Share on FacebookShare on TwitterShare on WhatsAppSend via GMailSend via E-Mail,90,Houses_Islamabad,2026-08-10,https://www.zameen.com/Property/mpchs_multi_gardens_mpchs_-_block_e_b-17_e_block_mdr_back_brand_new_house_modern_designer-54564692-3120-1.html
Fully furnished 1 Kanal Spanish Style House For Sale In DHA Phase 2,PKR 16.5 Crore,165000000,5,6,1 Kanal,4500.0,36666,House,True,42,super hot42Share on FacebookShare on TwitterShare on WhatsAppSend via GMailSend via E-Mail,90,Houses_Islamabad,2026-08-10,https://www.zameen.com/Property/dha_defence_dha_defence_phase_2_fully_furnished_1_kanal_spanish_style_house_for_sale_in_dha_phase_2-54480942-339-1.html
Kanal Luxury Furnished House For Sale In Dha Phase 2 Islamabad,PKR 16.9 Crore,169000000,6,6,1 Kanal,4500.0,37555,House,True,18,super hot18Share on FacebookShare on TwitterShare on WhatsAppSend via GMailSend via E-Mail,90,Houses_Islamabad,2026-08-10,https://www.zameen.com/Property/dha_defence_phase_5_dha_phase_5_-_sector_j_kanal_luxury_furnished_house_for_sale_in_dha_phase_2_islamabad-53485345-17389-1.html
F-7/3 Excellent House 1244 Square Yard For Sale,PKR 1 Arab,1000000000,7,7,2.6 Kanal,11700.0,85470,House,True,22,super hot22Share on FacebookShare on TwitterShare on WhatsAppSend via GMailSend via E-Mail,90,Houses_Islamabad,2026-08-10,https://www.zameen.com/Property/f_7_f-7_3_f-7_3_excellent_house_1244_square_yard_for_sale-52116517-3309-1.html
5 Marla House for Sale Faisal Hills Executive Block,PKR 1.85 Crore,18500000,3,5,5 Marla,1125.0,16444,House,True,22,super hot22Share on FacebookShare on TwitterShare on WhatsAppSend via GMailSend via E-Mail,90,Houses_Islamabad,2026-08-10,https://www.zameen.com/Property/islamabad_faisal_hills_5_marla_house_for_sale_faisal_hills_executive_block-54583270-10859-1.html
Brand New House Available for Sale in DHA 3,PKR 5.9 Crore,59000000,5,6,13 Marla,2925.0,20170,House,True,13,super hot13Share on FacebookShare on TwitterShare on WhatsAppSend via GMailSend via E-Mail,90,Houses_Islamabad,2026-08-10,https://www.zameen.com/Property/dha_defence_dha_defence_phase_3_brand_new_house_available_for_sale_in_dha_3-54386183-8412-1.html
HOUSE AVAILABLE FOR SALE C-1 SIZE 9.5 MARLA IN MULTI GARDENS B-17 ISLAMABAD,PKR 5.5 Crore,55000000,4,6,9 Marla,2025.0,27160,House,True,21,super hot211VerifiedShare on FacebookShare on TwitterShare on WhatsAppSend via GMailSend via E-Mail,99,Houses_Islamabad,2026-08-10,https://www.zameen.com/Property/islamabad_b-17_house_available_for_sale_c-1_size_9_5_marla_in_multi_gardens_b-17_islamabad-54477846-616-1.html
"Brand New 5 Marla Double Unit House For Sale Faisal Margalla City, Islamabad",PKR 2.95 Crore,29500000,4,6,5 Marla,1125.0,26222,House,True,31,hot31Share on FacebookShare on TwitterShare on WhatsAppSend via GMailSend via E-Mail,84,Houses_Islamabad,2026-08-10,https://www.zameen.com/Property/b_17_faisal_margalla_city_brand_new_5_marla_double_unit_house_for_sale_faisal_margalla_city_islamabad-54424564-13424-1.html
"1 Kanal Fully Furnished House ,Back To Main Boulevard, Corner, 50 Ft Wide Street, Sunface , Block C Topcity 1",PKR 13 Crore,130000000,5,5,1 Kanal,4500.0,28888,House,True,8,hot8Share on FacebookShare on TwitterShare on WhatsAppSend via GMailSend via E-Mail,83,Houses_Islamabad,2026-08-10,https://www.zameen.com/Property/top_city_1_top_city_1_-_block_c_1_kanal_fully_furnished_house_back_to_main_boulevard_corner_50_ft_wide_street_sunface_block_c_topcity_1-54350180-9232-1.html
8 Marla ( 30*60 In Block G ) Single Storey House For Sale In Gulshan E Sehat E-18 Islamabad.,PKR 1.6 Crore,16000000,2,3,8 Marla,1800.0,8888,House,False,15,hot151Share on FacebookShare on TwitterShare on WhatsAppSend via GMailSend via E-Mail,85,Houses_Islamabad,2026-08-10,https://www.zameen.com/Property/e_18_gulshan-e-sehat_1_8_marla_30_60_in_block_g_single_storey_house_for_sale_in_gulshan_e_sehat_e-18_islamabad-53767516-3258-1.html
10 Marla House In Block G For Sale In Demand Rs 250 Lacs In Gulshan E Sehat E-18 Islamabad,PKR 2.75 Crore,27500000,4,6,10 Marla,2250.0,12222,House,False,19,hot19Share on FacebookShare on TwitterShare on WhatsAppSend via GMailSend via E-Mail,84,Houses_Islamabad,2026-08-10,https://www.zameen.com/Property/e_18_gulshan-e-sehat_1_10_marla_house_in_block_g_for_sale_in_demand_rs_250_lacs_in_gulshan_e_sehat_e-18_islamabad-53565947-3258-1.html
7 Marla Single Unit Brand New House Available For Sale In Block F Gulshan E Sehat E-18 Islamabad,PKR 1.6 Crore,16000000,2,3,7 Marla,1575.0,10158,House,False,12,hot12Share on FacebookShare on TwitterShare on WhatsAppSend via GMailSend via E-Mail,84,Houses_Islamabad,2026-08-10,https://www.zameen.com/Property/e_18_gulshan-e-sehat_1_7_marla_single_unit_brand_new_house_available_for_sale_in_block_f_gulshan_e_sehat_e-18_islamabad-53681747-3258-1.html
5 Marla House ( 25*50 In Block F For Sale,PKR 1.9 Crore,19000000,4,6,5 Marla,1125.0,16888,House,False,12,hot12Share on FacebookShare on TwitterShare on WhatsAppSend via GMailSend via E-Mail,84,Houses_Islamabad,2026-08-10,https://www.zameen.com/Property/e_18_gulshan-e-sehat_1_5_marla_house_25_50_in_block_f_for_sale-54003598-3258-1.html
"7 Marla House For Sale CDA Sector I-14 , | Islambad | Demond: 3.60 Crore",PKR 3.6 Crore,36000000,4,7,7 Marla,1575.0,22857,House,False,21,hot21Share on FacebookShare on TwitterShare on WhatsAppSend via GMailSend via E-Mail,84,Houses_Islamabad,2026-08-10,https://www.zameen.com/Property/islamabad_i-14_7_marla_house_for_sale_cda_sector_i-14_islambad_demond_3_60_crore-54580391-1045-1.html
1 Kanal Luxury House For Sale Premium Finishes | Prime Location | Ready To Move,PKR 8.4 Crore,84000000,6,7,1 Kanal,4500.0,18666,House,True,32,32Share on FacebookShare on TwitterShare on WhatsAppSend via GMailSend via E-Mail,81,Houses_Islamabad,2026-08-10,https://www.zameen.com/Property/pwd_housing_scheme_pwd_housing_society_-_block_b_1_kanal_luxury_house_for_sale_premium_finishes_prime_location_ready_to_move-53332456-15003-1.html
Beautiful House Up For Sale With Extra Land Prime Location,PKR 42 Crore,420000000,7,6,1.4 Kanal,6300.0,66666,House,False,22,22Share on FacebookShare on TwitterShare on WhatsAppSend via GMailSend via E-Mail,81,Houses_Islamabad,2026-08-10,https://www.zameen.com/Property/islamabad_f-7_beautiful_house_up_for_sale_with_extra_land_prime_location-54474505-165-1.html
Beautiful House Available For Sale On Prime Location With Swimming Pool,PKR 60 Crore,600000000,6,6,1.7 Kanal,7650.0,78431,House,False,15,15Share on FacebookShare on TwitterShare on WhatsAppSend via GMailSend via E-Mail,81,Houses_Islamabad,2026-08-10,https://www.zameen.com/Property/islamabad_f-8_beautiful_house_available_for_sale_on_prime_location_with_swimming_pool-54540206-166-1.html
Modern Style Corner House For Sale 3060 With 9 Marla Extra Land,PKR 4.85 Crore,48500000,10,6,9 Marla,2025.0,23950,House,False,27,27Share on FacebookShare on TwitterShare on WhatsAppSend via GMailSend via E-Mail,81,Houses_Islamabad,2026-08-10,https://www.zameen.com/Property/islamabad_g-15_modern_style_corner_house_for_sale_3060_with_9_marla_extra_land-53991201-764-1.html
House For Sale,PKR 28 Crore,280000000,5,5,1.3 Kanal,5850.0,47863,House,False,28,28Share on FacebookShare on TwitterShare on WhatsAppSend via GMailSend via E-Mail,81,Houses_Islamabad,2026-08-10,https://www.zameen.com/Property/islamabad_f-8_house_for_sale-54070480-166-1.html
5 Marla Double Unit House For Sale In A Block Faisal Hills - Islamabad,PKR 2.35 Crore,23500000,4,4,5 Marla,1125.0,20888,House,True,28,28Share on FacebookShare on TwitterShare on WhatsAppSend via GMailSend via E-Mail,81,Houses_Islamabad,2026-08-10,https://www.zameen.com/Property/islamabad_faisal_hills_5_marla_double_unit_house_for_sale_in_a_block_faisal_hills_-_islamabad-54335779-10859-1.html
"10 Marla Luxury Park-Facing House for Sale in B Block, B-17 Islamabad",PKR 6.8 Crore,68000000,4,6,10 Marla,2250.0,30222,House,True,30,30Share on FacebookShare on TwitterShare on WhatsAppSend via GMailSend via E-Mail,81,Houses_Islamabad,2026-08-10,https://www.zameen.com/Property/mpchs_multi_gardens_mpchs_-_block_b_10_marla_luxury_park-facing_house_for_sale_in_b_block_b-17_islamabad-54484275-3117-1.html
I-8 Beautiful Dubal Storey Almost New House In Rizinable Price.,PKR 13 Crore,130000000,6,6,10 Marla,2250.0,57777,House,False,11,11Share on FacebookShare on TwitterShare on WhatsAppSend via GMailSend via E-Mail,81,Houses_Islamabad,2026-08-10,https://www.zameen.com/Property/islamabad_i-8_i-8_beautiful_dubal_storey_almost_new_house_in_rizinable_price-54534978-174-1.html
BEAUTIFUL LOCATION CORNER HOUSE FOR SALE,PKR 28 Crore,280000000,8,6,1 Kanal,4500.0,62222,House,True,21,super hot21Share on FacebookShare on TwitterShare on WhatsAppSend via GMailSend via E-Mail,90,Houses_Islamabad,2026-08-10,https://www.zameen.com/Property/d_12_d-12_3_beautiful_location_corner_house_for_sale-54586568-3156-1.html
One kanal Beautiful luxurious FULL FURNISHED HOUSE PRIME LOCATION OF DHA2,PKR 10.9 Crore,109000000,5,6,1 Kanal,4500.0,24222,House,True,23,super hot231Share on FacebookShare on TwitterShare on WhatsAppSend via GMailSend via E-Mail,91,Houses_Islamabad,2026-08-10,https://www.zameen.com/Property/dha_defence_dha_defence_phase_2_one_kanal_beautiful_luxurious_full_furnished_house_prime_location_of_dha2-52696760-339-1.html
10 Marla House For Sale In Behria Enclave Islamabad,PKR 4.3 Crore,43000000,5,6,10 Marla,2250.0,19111,House,True,14,super hot14Share on FacebookShare on TwitterShare on WhatsAppSend via GMailSend via E-Mail,90,Houses_Islamabad,2026-08-10,https://www.zameen.com/Property/bahria_town_bahria_enclave_10_marla_house_for_sale_in_behria_enclave_islamabad-54544098-1705-1.html
7 Marla House For Sale in Multi Gardens B17 Islamabad - Block C .,PKR 3.95 Crore,39500000,4,4,7 Marla,1575.0,25079,House,True,12,super hot12Share on FacebookShare on TwitterShare on WhatsAppSend via GMailSend via E-Mail,90,Houses_Islamabad,2026-08-10,https://www.zameen.com/Property/mpchs_multi_gardens_mpchs_-_block_c_7_marla_house_for_sale_in_multi_gardens_b17_islamabad_-_block_c-54483485-3118-1.html
"1 Kanal Luxury House For Sale In DHA Phase 2, Islamabad",PKR 13.95 Crore,139500000,5,6,1 Kanal,4500.0,31000,House,True,14,super hot14Share on FacebookShare on TwitterShare on WhatsAppSend via GMailSend via E-Mail,90,Houses_Islamabad,2026-08-10,https://www.zameen.com/Property/dha_defence_dha_defence_phase_2_1_kanal_luxury_house_for_sale_in_dha_phase_2_islamabad-53583485-339-1.html
"30 Marla Corner Owner build house DHA Phase 5,Islamabad",PKR 12.5 Crore,125000000,8,7,1.5 Kanal,6750.0,18518,House,True,49,super hot49Share on FacebookShare on TwitterShare on WhatsAppSend via GMailSend via E-Mail,90,Houses_Islamabad,2026-08-10,https://www.zameen.com/Property/dha_defence_dha_defence_phase_5_30_marla_corner_owner_build_house_dha_phase_5_islamabad-54484662-10991-1.html
Dha 2 Kanal Beautiful House With Solar For Sale,PKR 12 Crore,120000000,6,7,1 Kanal,4500.0,26666,House,True,32,super hot321VerifiedShare on FacebookShare on TwitterShare on WhatsAppSend via GMailSend via E-Mail,99,Houses_Islamabad,2026-08-10,https://www.zameen.com/Property/dha_defence_dha_defence_phase_2_dha_2_kanal_beautiful_house_with_solar_for_sale-54445680-339-1.html
Prime Location House In DHA Phase 5 - Sector F For sale,PKR 6.5 Crore,65000000,5,5,10 Marla,2250.0,28888,House,True,17,super hot171Share on FacebookShare on TwitterShare on WhatsAppSend via GMailSend via E-Mail,91,Houses_Islamabad,2026-08-10,https://www.zameen.com/Property/dha_defence_phase_5_dha_phase_5_-_sector_f_prime_location_house_in_dha_phase_5_-_sector_f_for_sale-54502566-8836-1.html
7 Marla House For Sale In Jinnha Garden Phase 1 Brand New Modern House,PKR 3.65 Crore,36500000,4,6,7 Marla,1575.0,23174,House,True,16,super hot16Share on FacebookShare on TwitterShare on WhatsAppSend via GMailSend via E-Mail,90,Houses_Islamabad,2026-08-10,https://www.zameen.com/Property/jinnah_gardens_jinnah_gardens_phase_1_7_marla_house_for_sale_in_jinnha_garden_phase_1_brand_new_modern_house-54344495-1421-1.html
25x40 Brand New Luxury Tile Flooring Prime Location House For Sale in G-13,PKR 3.95 Crore,39500000,4,5,4 Marla,900.0,43888,House,True,18,super hot18Share on FacebookShare on TwitterShare on WhatsAppSend via GMailSend via E-Mail,90,Houses_Islamabad,2026-08-10,https://www.zameen.com/Property/islamabad_g-13_25x40_brand_new_luxury_tile_flooring_prime_location_house_for_sale_in_g-13-54572288-330-1.html
"Investor Alert Prime F-8 Corner Property for Sale Sector F-8, Islamabad 700 Sq. Yards | Corner House | Front Open | Park Facing",PKR 37 Crore,370000000,5,6,1.4 Kanal,6300.0,58730,House,True,18,hot18Share on FacebookShare on TwitterShare on WhatsAppSend via GMailSend via E-Mail,84,Houses_Islamabad,2026-08-10,https://www.zameen.com/Property/islamabad_f-8_investor_alert_prime_f-8_corner_property_for_sale_sector_f-8_islamabad_700_sq_yards_corner_house_front_open_park_facing-54351471-166-1.html
"Investor Alert | Prime Corner Property For Sale E-7, Islamabad Prestigious Address | Corner Plot | Extra Land | Two-Side Open",PKR 80 Crore,800000000,4,5,2.5 Kanal,11250.0,71111,Plot,True,13,hot13Share on FacebookShare on TwitterShare on WhatsAppSend via GMailSend via E-Mail,84,Houses_Islamabad,2026-08-10,https://www.zameen.com/Property/islamabad_e-7_investor_alert_prime_corner_property_for_sale_e-7_islamabad_prestigious_address_corner_plot_extra_land_two-side_open-54418202-343-1.html
Brand New Designer House for Sale,PKR 6.9 Crore,69000000,5,6,10 Marla,2250.0,30666,House,False,18,hot18Share on FacebookShare on TwitterShare on WhatsAppSend via GMailSend via E-Mail,84,Houses_Islamabad,2026-08-10,https://www.zameen.com/Property/dha_defence_phase_5_dha_phase_5_-_sector_d_brand_new_designer_house_for_sale-54591181-8403-1.html
"Brand New Double Storey Designer House For Sale, Block-A, Size (30 X 60) Faisal Town Phase 1, Islamabad.",PKR 4.2 Crore,42000000,5,6,8 Marla,1800.0,23333,House,False,38,hot38Share on FacebookShare on TwitterShare on WhatsAppSend via GMailSend via E-Mail,84,Houses_Islamabad,2026-08-10,https://www.zameen.com/Property/faisal_town_phase_1_faisal_town_phase_1_-_block_a_brand_new_double_storey_designer_house_for_sale_block-a_size_30_x_60_faisal_town_phase_1_islamabad-54538283-16416-1.html
Premium Living in DHA 2 1 Kanal Designer Home for Sale in DHA DEFENCE PHASE II.,PKR 13.7 Crore,137000000,5,6,1 Kanal,4500.0,30444,House,True,26,hot26Share on FacebookShare on TwitterShare on WhatsAppSend via GMailSend via E-Mail,84,Houses_Islamabad,2026-08-10,https://www.zameen.com/Property/dha_defence_dha_defence_phase_2_premium_living_in_dha_2_1_kanal_designer_home_for_sale_in_dha_defence_phase_ii-53981927-339-1.html
Registry Intaqal From Islamabad Brand New Designer Home Available For Sale,PKR 1.75 Crore,17500000,5,5,5 Marla,1125.0,15555,House,False,17,hot17Share on FacebookShare on TwitterShare on WhatsAppSend via GMailSend via E-Mail,84,Houses_Islamabad,2026-08-10,https://www.zameen.com/Property/islamabad_japan_road_registry_intaqal_from_islamabad_brand_new_designer_home_available_for_sale-53551668-9473-1.html
10 Marla Beautiful Luxury House For Sale Sector G-14/4 Islamabad,PKR 10 Crore,100000000,6,6,10.9 Marla,2452.5,40774,House,False,12,hot12Share on FacebookShare on TwitterShare on WhatsAppSend via GMailSend via E-Mail,84,Houses_Islamabad,2026-08-10,https://www.zameen.com/Property/g_14_g-14_4_10_marla_beautiful_luxury_house_for_sale_sector_g-14_4_islamabad-54590473-3346-1.html
8 Marla Corner ( 30*60 In Block F ) Single Story House Available.,PKR 1.8 Crore,18000000,2,3,8 Marla,1800.0,10000,House,False,16,16Share on FacebookShare on TwitterShare on WhatsAppSend via GMailSend via E-Mail,81,Houses_Islamabad,2026-08-10,https://www.zameen.com/Property/e_18_gulshan-e-sehat_1_8_marla_corner_30_60_in_block_f_single_story_house_available-54003624-3258-1.html
Size 11 Marla ( 35*80 In Block A) Dubel Storey House Available,PKR 2.8 Crore,28000000,5,6,11 Marla,2475.0,11313,House,False,12,12Share on FacebookShare on TwitterShare on WhatsAppSend via GMailSend via E-Mail,81,Houses_Islamabad,2026-08-10,https://www.zameen.com/Property/e_18_gulshan-e-sehat_1_size_11_marla_35_80_in_block_a_dubel_storey_house_available-54227945-3258-1.html
5 Marla Duoble Storey House Available. For Sale In Gulshan E Sehat E-18 Islamabad.,PKR 1.8 Crore,18000000,4,4,5 Marla,1125.0,16000,House,False,15,15Share on FacebookShare on TwitterShare on WhatsAppSend via GMailSend via E-Mail,81,Houses_Islamabad,2026-08-10,https://www.zameen.com/Property/e_18_gulshan-e-sehat_1_5_marla_duoble_storey_house_available_for_sale_in_gulshan_e_sehat_e-18_islamabad-54486520-3258-1.html
8 Marla Corner ( 30*60 In Block B ) Double Storey House Available For Sale In Gulshan E Sehat E-18 Islamabad,PKR 2.3 Crore,23000000,4,6,8 Marla,1800.0,12777,House,False,24,24Share on FacebookShare on TwitterShare on WhatsAppSend via GMailSend via E-Mail,81,Houses_Islamabad,2026-08-10,https://www.zameen.com/Property/e_18_gulshan-e-sehat_1_8_marla_corner_30_60_in_block_b_double_storey_house_available_for_sale_in_gulshan_e_sehat_e-18_islamabad-54285114-3258-1.html
5 Marla ( 25*50 In Block Hamza) Single Storey House Available.,PKR 1.3 Crore,13000000,2,3,5 Marla,1125.0,11555,House,False,15,15Share on FacebookShare on TwitterShare on WhatsAppSend via GMailSend via E-Mail,81,Houses_Islamabad,2026-08-10,https://www.zameen.com/Property/e_18_gulshan-e-sehat_1_5_marla_25_50_in_block_hamza_single_storey_house_available-54285141-3258-1.html
8 Marla ( 30*60 In Block G ) Double Unit House For Sale In Gulshan E Sehat E-18 Islamabad,PKR 2.4 Crore,24000000,4,6,8 Marla,1800.0,13333,House,False,16,16Share on FacebookShare on TwitterShare on WhatsAppSend via GMailSend via E-Mail,81,Houses_Islamabad,2026-08-10,https://www.zameen.com/Property/e_18_gulshan-e-sehat_1_8_marla_30_60_in_block_g_double_unit_house_for_sale_in_gulshan_e_sehat_e-18_islamabad-54550135-3258-1.html
10 Marla ( 42*60 In Block G ) Single Storey House Available For Sale,PKR 1.9 Crore,19000000,2,3,10 Marla,2250.0,8444,House,False,16,16Share on FacebookShare on TwitterShare on WhatsAppSend via GMailSend via E-Mail,81,Houses_Islamabad,2026-08-10,https://www.zameen.com/Property/e_18_gulshan-e-sehat_1_10_marla_42_60_in_block_g_single_storey_house_available_for_sale-54285123-3258-1.html
7 Marla ( 30*60 In Block G ) Dubel Storey Corner House Available For Sale,PKR 2.6 Crore,26000000,5,6,7 Marla,1575.0,16507,House,False,12,12Share on FacebookShare on TwitterShare on WhatsAppSend via GMailSend via E-Mail,81,Houses_Islamabad,2026-08-10,https://www.zameen.com/Property/e_18_gulshan-e-sehat_1_7_marla_30_60_in_block_g_dubel_storey_corner_house_available_for_sale-54003607-3258-1.html
14 Marla Spacious House Is Available In D-12 For Sale,PKR 14.5 Crore,145000000,5,5,14 Marla,3150.0,46031,House,True,29,super hot29VerifiedShare on FacebookShare on TwitterShare on WhatsAppSend via GMailSend via E-Mail,98,Houses_Islamabad,2026-08-10,https://www.zameen.com/Property/islamabad_d-12_14_marla_spacious_house_is_available_in_d-12_for_sale-54065484-160-1.html
Beautifully Constructed House Is Available For sale In D-12/4,PKR 6.4 Crore,64000000,4,5,5 Marla,1125.0,56888,House,True,17,super hot171Share on FacebookShare on TwitterShare on WhatsAppSend via GMailSend via E-Mail,91,Houses_Islamabad,2026-08-10,https://www.zameen.com/Property/d_12_d-12_4_beautifully_constructed_house_is_available_for_sale_in_d-12_4-54076104-3157-1.html
Ideal House For Sale In D-12,PKR 5.7 Crore,57000000,4,5,5 Marla,1125.0,50666,House,True,12,super hot121VerifiedShare on FacebookShare on TwitterShare on WhatsAppSend via GMailSend via E-Mail,99,Houses_Islamabad,2026-08-10,https://www.zameen.com/Property/islamabad_d-12_ideal_house_for_sale_in_d-12-54313029-160-1.html
"4.44 Marla Single Unit House For Sale | Investor Rate | CDA Sector D-12/1, Islamabad",PKR 4.4 Crore,44000000,4,4,4.4 Marla,990.0000000000001,44444,House,True,19,super hot191Share on FacebookShare on TwitterShare on WhatsAppSend via GMailSend via E-Mail,91,Houses_Islamabad,2026-08-10,https://www.zameen.com/Property/d_12_d-12_1_4_44_marla_single_unit_house_for_sale_investor_rate_cda_sector_d-12_1_islamabad-54514609-3154-1.html
B17 Block E Brand New House Available For Sale A+ Construction,PKR 4.3 Crore,43000000,6,6,8 Marla,1800.0,23888,House,True,27,super hot27Share on FacebookShare on TwitterShare on WhatsAppSend via GMailSend via E-Mail,90,Houses_Islamabad,2026-08-10,https://www.zameen.com/Property/mpchs_multi_gardens_mpchs_-_block_e_b17_block_e_brand_new_house_available_for_sale_a_construction-54457593-3120-1.html
30x60 7 Marla House Prime Location for Sale in G-13,PKR 5.35 Crore,53500000,5,5,7 Marla,1575.0,33968,House,True,14,super hot14Share on FacebookShare on TwitterShare on WhatsAppSend via GMailSend via E-Mail,90,Houses_Islamabad,2026-08-10,https://www.zameen.com/Property/islamabad_g-13_30x60_7_marla_house_prime_location_for_sale_in_g-13-54572201-330-1.html
Beautiful House For Sale,PKR 4.75 Crore,47500000,7,6,6 Marla,1350.0,35185,House,True,50,super hot501VerifiedShare on FacebookShare on TwitterShare on WhatsAppSend via GMailSend via E-Mail,99,Houses_Islamabad,2026-08-10,https://www.zameen.com/Property/islamabad_i-11_beautiful_house_for_sale-54473258-706-1.html
Beautiful Owner Built House For Sale,PKR 4.75 Crore,47500000,5,6,6 Marla,1350.0,35185,House,True,37,super hot371VerifiedShare on FacebookShare on TwitterShare on WhatsAppSend via GMailSend via E-Mail,99,Houses_Islamabad,2026-08-10,https://www.zameen.com/Property/islamabad_i-11_beautiful_owner_built_house_for_sale-54500908-706-1.html
10 Marla Owner Built House For Sale,PKR 5.5 Crore,55000000,5,6,10 Marla,2250.0,24444,House,True,28,super hot28Share on FacebookShare on TwitterShare on WhatsAppSend via GMailSend via E-Mail,90,Houses_Islamabad,2026-08-10,https://www.zameen.com/Property/bahria_enclave_bahria_enclave_-_sector_a_10_marla_owner_built_house_for_sale-54573341-11970-1.html
Brand new double story house for sale luxury house Cbr town,PKR 4.95 Crore,49500000,7,7,14 Marla,3150.0,15714,House,True,17,super hot17Share on FacebookShare on TwitterShare on WhatsAppSend via GMailSend via E-Mail,90,Houses_Islamabad,2026-08-10,https://www.zameen.com/Property/cbr_town_cbr_town_phase_1_brand_new_double_story_house_for_sale_luxury_house_cbr_town-54587324-3147-1.html
1 Kanal Owner Built House For Sale In DHA Phase 2 Islamabad,PKR 9.5 Crore,95000000,6,6,1 Kanal,4500.0,21111,House,True,15,hot15Share on FacebookShare on TwitterShare on WhatsAppSend via GMailSend via E-Mail,84,Houses_Islamabad,2026-08-10,https://www.zameen.com/Property/dha_defence_dha_defence_phase_2_1_kanal_owner_built_house_for_sale_in_dha_phase_2_islamabad-54137974-339-1.html
"Sun Face Brand New 8 Marla House @4.10 Cr - C1 Block, Sector B17 Islamabad.",PKR 4.1 Crore,41000000,6,6,8 Marla,1800.0,22777,House,True,22,hot22Share on FacebookShare on TwitterShare on WhatsAppSend via GMailSend via E-Mail,84,Houses_Islamabad,2026-08-10,https://www.zameen.com/Property/islamabad_b-17_sun_face_brand_new_8_marla_house_4_10_cr_-_c1_block_sector_b17_islamabad-54437106-616-1.html
6 Marla ( 30*60 In Hamza Block ) Double Story Brand New House Available For Sale In Gulshan E Sehat E-18 Islamabad.,PKR 2.15 Crore,21500000,5,6,6 Marla,1350.0,15925,House,False,12,hot12Share on FacebookShare on TwitterShare on WhatsAppSend via GMailSend via E-Mail,84,Houses_Islamabad,2026-08-10,https://www.zameen.com/Property/gulshan_e_sehat_1_gulshan-e-sehat_1_-_hamza_block_6_marla_30_60_in_hamza_block_double_story_brand_new_house_available_for_sale_in_gulshan_e_sehat_e-18_islamabad-54202530-3264-1.html
10 Marla Brand New Double Unit Designer House Available For Sale In Zaraj Housing Society Secter C,PKR 5.5 Crore,55000000,5,6,10 Marla,2250.0,24444,House,False,17,hot17Share on FacebookShare on TwitterShare on WhatsAppSend via GMailSend via E-Mail,84,Houses_Islamabad,2026-08-10,https://www.zameen.com/Property/islamabad_zaraj_housing_scheme_10_marla_brand_new_double_unit_designer_house_available_for_sale_in_zaraj_housing_society_secter_c-54188957-3508-1.html
7 Marla Prime Location Solid Construction House For Sale in Gulberg Residencia Block I,PKR 4.6 Crore,46000000,5,5,7 Marla,1575.0,29206,House,False,22,hot22Share on FacebookShare on TwitterShare on WhatsAppSend via GMailSend via E-Mail,84,Houses_Islamabad,2026-08-10,https://www.zameen.com/Property/gulberg_residencia_gulberg_residencia_-_block_i_7_marla_prime_location_solid_construction_house_for_sale_in_gulberg_residencia_block_i-54196512-9119-1.html
7 Marla House For Sale In Green Avenue Park Rod Chak Shahzad,PKR 4.95 Crore,49500000,9,6,8 Marla,1800.0,27500,House,False,9,hot9VerifiedShare on FacebookShare on TwitterShare on WhatsAppSend via GMailSend via E-Mail,91,Houses_Islamabad,2026-08-10,https://www.zameen.com/Property/islamabad_green_avenue_7_marla_house_for_sale_in_green_avenue_park_rod_chak_shahzad-54084777-8566-1.html
Prime House For Sale In D-12/3 With Extra Land Ideal For Living Or Investment!,PKR 5.75 Crore,57500000,3,3,4 Marla,900.0,63888,House,False,,hotVerifiedShare on FacebookShare on TwitterShare on WhatsAppSend via GMailSend via E-Mail,90,Houses_Islamabad,2026-08-10,https://www.zameen.com/Property/d_12_d-12_3_prime_house_for_sale_in_d-12_3_with_extra_land_ideal_for_living_or_investment-54313544-3156-1.html
6 Marla Double Unit Brand New House Available For Sale In Block F Gulshan E Sehat E-18 Islamabad.,PKR 1.5 Crore,15000000,3,3,6 Marla,1350.0,11111,House,False,5,5Share on FacebookShare on TwitterShare on WhatsAppSend via GMailSend via E-Mail,80,Houses_Islamabad,2026-08-10,https://www.zameen.com/Property/e_18_gulshan-e-sehat_1_6_marla_double_unit_brand_new_house_available_for_sale_in_block_f_gulshan_e_sehat_e-18_islamabad-53718632-3258-1.html
8 Marla ( 30*60 In ) Double Storey House Available For Sale In Gulshan E Sehat E-18 Islamabad,PKR 2.35 Crore,23500000,4,6,8 Marla,1800.0,13055,House,False,36,36Share on FacebookShare on TwitterShare on WhatsAppSend via GMailSend via E-Mail,81,Houses_Islamabad,2026-08-10,https://www.zameen.com/Property/e_18_gulshan-e-sehat_1_8_marla_30_60_in_double_storey_house_available_for_sale_in_gulshan_e_sehat_e-18_islamabad-53877216-3258-1.html
7 Marla ( 30*60 ) Single Storey House For Sale In Gulshan E Sehat E-18 Islamabad,PKR 1.7 Crore,17000000,2,3,7 Marla,1575.0,10793,House,False,13,13Share on FacebookShare on TwitterShare on WhatsAppSend via GMailSend via E-Mail,81,Houses_Islamabad,2026-08-10,https://www.zameen.com/Property/e_18_gulshan-e-sehat_1_7_marla_30_60_single_storey_house_for_sale_in_gulshan_e_sehat_e-18_islamabad-53621977-3258-1.html
Sukh Chayn 2790 Square Feet Apartment 3rd Floor 4 Bedrooms With Attached Bathroom Drawing And Dining TV Lounge Kitchen,PKR 12 Crore,120000000,12,12,12.4 Marla,2790.0,43010,Flat,True,34,34Share on FacebookShare on TwitterShare on WhatsAppSend via GMailSend via E-Mail,81,Houses_Islamabad,2026-08-10,https://www.zameen.com/Property/islamabad_f-10_sukh_chayn_2790_square_feet_apartment_3rd_floor_4_bedrooms_with_attached_bathroom_drawing_and_dining_tv_lounge_kitchen-54591191-162-1.html
1 Kanal Corner House For Sale DHA Phase 2,PKR 12.49 Crore,124900000,5,6,1 Kanal,4500.0,27755,House,False,27,27Share on FacebookShare on TwitterShare on WhatsAppSend via GMailSend via E-Mail,81,Houses_Islamabad,2026-08-10,https://www.zameen.com/Property/dha_defence_dha_defence_phase_2_1_kanal_corner_house_for_sale_dha_phase_2-54292201-339-1.html
F 10 House For Sale,PKR 35 Crore,350000000,7,6,2 Kanal,9000.0,38888,House,False,6,6Share on FacebookShare on TwitterShare on WhatsAppSend via GMailSend via E-Mail,80,Houses_Islamabad,2026-08-10,https://www.zameen.com/Property/islamabad_f-10_f_10_house_for_sale-51969815-162-1.html
F-10 House Is Available For Sale,PKR 25 Crore,250000000,8,6,1.3 Kanal,5850.0,42735,House,False,16,16Share on FacebookShare on TwitterShare on WhatsAppSend via GMailSend via E-Mail,81,Houses_Islamabad,2026-08-10,https://www.zameen.com/Property/islamabad_f-10_f-10_house_is_available_for_sale-47749583-162-1.html
E 11 Beautiful House For Sale,PKR 11.2 Crore,112000000,9,6,1 Kanal,4500.0,24888,House,False,5,5Share on FacebookShare on TwitterShare on WhatsAppSend via GMailSend via E-Mail,80,Houses_Islamabad,2026-08-10,https://www.zameen.com/Property/islamabad_e-11_e_11_beautiful_house_for_sale-49625183-329-1.html
Double Storey,PKR 4.5 Crore,45000000,6,6,10 Marla,2250.0,20000,Unknown,True,28,super hot281VerifiedShare on FacebookShare on TwitterShare on WhatsAppSend via GMailSend via E-Mail,99,Houses_Islamabad,2026-08-10,https://www.zameen.com/Property/top_city_1_top_city_1_-_block_a_double_storey-54471549-9231-1.html
F-11/1 Beautiful House For Sale!,PKR 23 Crore,230000000,6,6,1.3 Kanal,5850.0,39316,House,True,14,super hot14Share on FacebookShare on TwitterShare on WhatsAppSend via GMailSend via E-Mail,90,Houses_Islamabad,2026-08-10,https://www.zameen.com/Property/f_11_f-11_1_f-11_1_beautiful_house_for_sale-54551949-3282-1.html
Bharia Enclave Islamabad Sector N 5 Marla Designer House For Sale,PKR 3.2 Crore,32000000,3,3,5 Marla,1125.0,28444,House,True,30,super hot30Share on FacebookShare on TwitterShare on WhatsAppSend via GMailSend via E-Mail,90,Houses_Islamabad,2026-08-10,https://www.zameen.com/Property/bahria_enclave_bahria_enclave_-_sector_n_bharia_enclave_islamabad_sector_n_5_marla_designer_house_for_sale-54330158-11975-1.html
Bharia Enclave Islamabad Sector N 5 Marla Brand New House For Sale,PKR 2.65 Crore,26500000,3,3,5 Marla,1125.0,23555,House,True,17,super hot17Share on FacebookShare on TwitterShare on WhatsAppSend via GMailSend via E-Mail,90,Houses_Islamabad,2026-08-10,https://www.zameen.com/Property/bahria_enclave_bahria_enclave_-_sector_n_bharia_enclave_islamabad_sector_n_5_marla_brand_new_house_for_sale-54343383-11975-1.html
1 Kanal Brand New Designer House For Sale In DHA Phase 2,PKR 16.5 Crore,165000000,5,5,1 Kanal,4500.0,36666,House,True,40,super hot40Share on FacebookShare on TwitterShare on WhatsAppSend via GMailSend via E-Mail,90,Houses_Islamabad,2026-08-10,https://www.zameen.com/Property/dha_defence_dha_defence_phase_2_1_kanal_brand_new_designer_house_for_sale_in_dha_phase_2-54371197-339-1.html
20 Marla luxury Brand new double story for sale,PKR 8.25 Crore,82500000,6,6,1 Kanal,4500.0,18333,Unknown,True,12,super hot12Share on FacebookShare on TwitterShare on WhatsAppSend via GMailSend via E-Mail,90,Houses_Islamabad,2026-08-10,https://www.zameen.com/Property/islamabad_naval_anchorage_20_marla_luxury_brand_new_double_story_for_sale-54587313-375-1.html
Brand New Single Unit Designer House,PKR 12.9 Crore,129000000,5,7,1 Kanal,4500.0,28666,House,True,32,super hot32Share on FacebookShare on TwitterShare on WhatsAppSend via GMailSend via E-Mail,90,Houses_Islamabad,2026-08-10,https://www.zameen.com/Property/dha_defence_dha_defence_phase_2_brand_new_single_unit_designer_house-54587003-339-1.html
G 13 1 Size 25x40 4 Marla brand new house for sale beautiful location,PKR 4.3 Crore,43000000,4,5,4 Marla,900.0,47777,House,True,21,super hot21Share on FacebookShare on TwitterShare on WhatsAppSend via GMailSend via E-Mail,90,Houses_Islamabad,2026-08-10,https://www.zameen.com/Property/g_13_g-13_1_g_13_1_size_25x40_4_marla_brand_new_house_for_sale_beautiful_location-54586877-3337-1.html
One Kanal Brand New House With Full Basement,PKR 11 Crore,110000000,10,6,1 Kanal,4500.0,24444,House,True,26,super hot26Share on FacebookShare on TwitterShare on WhatsAppSend via GMailSend via E-Mail,90,Houses_Islamabad,2026-08-10,https://www.zameen.com/Property/top_city_1_top_city_1_-_block_b_one_kanal_brand_new_house_with_full_basement-54128610-9230-1.html
"Top City-1 Block A, Beautifully Design House Available For Sale",PKR 5 Crore,50000000,5,6,10 Marla,2250.0,22222,House,True,25,super hot251Share on FacebookShare on TwitterShare on WhatsAppSend via GMailSend via E-Mail,91,Houses_Islamabad,2026-08-10,https://www.zameen.com/Property/islamabad_top_city_1_top_city-1_block_a_beautifully_design_house_available_for_sale-54277782-1383-1.html
Sector C2 Prime Location House For Sale in Bahria Enclave Islamabad,PKR 5.25 Crore,52500000,5,5,10 Marla,2250.0,23333,House,True,15,hot15Share on FacebookShare on TwitterShare on WhatsAppSend via GMailSend via E-Mail,84,Houses_Islamabad,2026-08-10,https://www.zameen.com/Property/bahria_enclave_bahria_enclave_-_sector_c2_sector_c2_prime_location_house_for_sale_in_bahria_enclave_islamabad-54499506-11988-1.html
Sector M Gray Structure Prime Location Structure For Sale In Bahria Enclave Islamabad,PKR 2.95 Crore,29500000,5,6,10 Marla,2250.0,13111,House,True,7,hot7Share on FacebookShare on TwitterShare on WhatsAppSend via GMailSend via E-Mail,83,Houses_Islamabad,2026-08-10,https://www.zameen.com/Property/bahria_enclave_bahria_enclave_-_sector_m_sector_m_gray_structure_prime_location_structure_for_sale_in_bahria_enclave_islamabad-54029224-11977-1.html
Designer 6.5 Marla House Available For Sale Back Open With Huge Lawn,PKR 3.25 Crore,32500000,3,4,6.5 Marla,1462.5,22222,House,False,30,hot30Share on FacebookShare on TwitterShare on WhatsAppSend via GMailSend via E-Mail,84,Houses_Islamabad,2026-08-10,https://www.zameen.com/Property/bahria_enclave_bahria_enclave_-_sector_h_designer_6_5_marla_house_available_for_sale_back_open_with_huge_lawn-54522582-11983-1.html
House For Sale,PKR 45 Crore,450000000,4,5,2.5 Kanal,11250.0,40000,House,False,9,hot9Share on FacebookShare on TwitterShare on WhatsAppSend via GMailSend via E-Mail,83,Houses_Islamabad,2026-08-10,https://www.zameen.com/Property/islamabad_f-8_house_for_sale-54515883-166-1.html
Beautiful House Corner House,PKR 40 Crore,400000000,5,5,2.4 Kanal,10800.0,37037,House,False,8,hot8Share on FacebookShare on TwitterShare on WhatsAppSend via GMailSend via E-Mail,83,Houses_Islamabad,2026-08-10,https://www.zameen.com/Property/islamabad_g-6_beautiful_house_corner_house-54515564-169-1.html
Affordable House Available For Sale In Faisal Hills - Executive Block,PKR 2.35 Crore,23500000,3,3,5 Marla,1125.0,20888,House,False,10,hot10VerifiedShare on FacebookShare on TwitterShare on WhatsAppSend via GMailSend via E-Mail,92,Houses_Islamabad,2026-08-10,https://www.zameen.com/Property/faisal_hills_faisal_hills_-_executive_block_affordable_house_available_for_sale_in_faisal_hills_-_executive_block-54429581-16527-1.html
Out Class Location House,PKR 1.05 Arab,1050000000,6,5,4.4 Kanal,19800.0,53030,House,False,6,hot6Share on FacebookShare on TwitterShare on WhatsAppSend via GMailSend via E-Mail,83,Houses_Islamabad,2026-08-10,https://www.zameen.com/Property/f_6_f-6_3_out_class_location_house-54533319-3301-1.html
E 11 House For Sale,PKR 5.5 Crore,55000000,5,6,6 Marla,1350.0,40740,House,False,15,15Share on FacebookShare on TwitterShare on WhatsAppSend via GMailSend via E-Mail,81,Houses_Islamabad,2026-08-10,https://www.zameen.com/Property/islamabad_e-11_e_11_house_for_sale-50551686-329-1.html
F 11 House For Sale,PKR 18 Crore,180000000,6,6,1 Kanal,4500.0,40000,House,False,12,12Share on FacebookShare on TwitterShare on WhatsAppSend via GMailSend via E-Mail,81,Houses_Islamabad,2026-08-10,https://www.zameen.com/Property/islamabad_f-11_f_11_house_for_sale-50695075-163-1.html
House Of 500 Square Yards Available In E-11,PKR 12.7 Crore,127000000,6,6,1 Kanal,4500.0,28222,House,False,11,11Share on FacebookShare on TwitterShare on WhatsAppSend via GMailSend via E-Mail,81,Houses_Islamabad,2026-08-10,https://www.zameen.com/Property/islamabad_e-11_house_of_500_square_yards_available_in_e-11-50724775-329-1.html
E-11 House For Sale,PKR 9 Crore,90000000,6,6,16 Marla,3600.0,25000,House,False,11,11Share on FacebookShare on TwitterShare on WhatsAppSend via GMailSend via E-Mail,81,Houses_Islamabad,2026-08-10,https://www.zameen.com/Property/islamabad_e-11_e-11_house_for_sale-51121340-329-1.html
E 11 House For Sale,PKR 7.5 Crore,75000000,5,6,8 Marla,1800.0,41666,House,False,6,6Share on FacebookShare on TwitterShare on WhatsAppSend via GMailSend via E-Mail,80,Houses_Islamabad,2026-08-10,https://www.zameen.com/Property/islamabad_e-11_e_11_house_for_sale-54355352-329-1.html
E 11/3 Multi House For Sale,PKR 18.5 Crore,185000000,8,6,1 Kanal,4500.0,41111,House,False,24,24Share on FacebookShare on TwitterShare on WhatsAppSend via GMailSend via E-Mail,81,Houses_Islamabad,2026-08-10,https://www.zameen.com/Property/e_11_e-11_3_e_11_3_multi_house_for_sale-54355527-3238-1.html
12 Marla House For Sale In G-15 Islamabad,PKR 4.4 Crore,44000000,7,7,12 Marla,2700.0,16296,House,False,17,17Share on FacebookShare on TwitterShare on WhatsAppSend via GMailSend via E-Mail,81,Houses_Islamabad,2026-08-10,https://www.zameen.com/Property/islamabad_g-15_12_marla_house_for_sale_in_g-15_islamabad-54049722-764-1.html
12 Marla House Is Available For Sale In G-15 Islamabad,PKR 5 Crore,50000000,7,7,12 Marla,2700.0,18518,House,False,9,9Share on FacebookShare on TwitterShare on WhatsAppSend via GMailSend via E-Mail,80,Houses_Islamabad,2026-08-10,https://www.zameen.com/Property/islamabad_g-15_12_marla_house_is_available_for_sale_in_g-15_islamabad-53799266-764-1.html
Brand New House Available For Sale In Faisal Town Islamabad,PKR 3.4 Crore,34000000,6,6,7 Marla,1575.0,21587,House,True,50,super hot50Share on FacebookShare on TwitterShare on WhatsAppSend via GMailSend via E-Mail,90,Houses_Islamabad,2026-08-10,https://www.zameen.com/Property/islamabad_faisal_town_-_f-18_brand_new_house_available_for_sale_in_faisal_town_islamabad-46205331-8260-1.html
Brand New House Available For Sale In Faisal Town Islamabad Block A,PKR 3.3 Crore,33000000,7,6,7 Marla,1575.0,20952,House,True,49,super hot49Share on FacebookShare on TwitterShare on WhatsAppSend via GMailSend via E-Mail,90,Houses_Islamabad,2026-08-10,https://www.zameen.com/Property/islamabad_faisal_town_-_f-18_brand_new_house_available_for_sale_in_faisal_town_islamabad_block_a-50242791-8260-1.html
Designer A Grade 10 Marla House,PKR 6.25 Crore,62500000,5,6,10 Marla,2250.0,27777,House,True,41,super hot411VerifiedShare on FacebookShare on TwitterShare on WhatsAppSend via GMailSend via E-Mail,99,Houses_Islamabad,2026-08-10,https://www.zameen.com/Property/bahria_town_bahria_enclave_designer_a_grade_10_marla_house-54186920-1705-1.html
"Your Dream Home ,Size 30*60 Single Story for Sale Build It Al Hafeez Associates & Builders !",PKR 2.2 Crore,22000000,3,2,8 Marla,1800.0,12222,Unknown,True,15,super hot15Share on FacebookShare on TwitterShare on WhatsAppSend via GMailSend via E-Mail,90,Houses_Islamabad,2026-08-10,https://www.zameen.com/Property/islamabad_f-17_your_dream_home_size_30_60_single_story_for_sale_build_it_al_hafeez_associates_builders-54583576-335-1.html
"INVESTOR ALERT | ULTRA-PREMIUM F-7 PROPERTY | ISLAMABAD 1,777 SQ. YARDS | MARGALLA FACING | 3-SIDE OPEN | MASSIVE LAWN",PKR 84 Crore,840000000,4,5,3.6 Kanal,16200.0,51851,Unknown,True,17,super hot17Share on FacebookShare on TwitterShare on WhatsAppSend via GMailSend via E-Mail,90,Houses_Islamabad,2026-08-10,https://www.zameen.com/Property/islamabad_f-7_investor_alert_ultra-premium_f-7_property_islamabad_1_777_sq_yards_margalla_facing_3-side_open_massive_lawn-54119721-165-1.html
Premiun Designer House Available For Sale,PKR 11.75 Crore,117500000,7,6,1 Kanal,4500.0,26111,House,True,17,super hot17Share on FacebookShare on TwitterShare on WhatsAppSend via GMailSend via E-Mail,90,Houses_Islamabad,2026-08-10,https://www.zameen.com/Property/islamabad_top_city_1_premiun_designer_house_available_for_sale-54426450-1383-1.html
5 Marla Beautiful House For Sale,PKR 2.3 Crore,23000000,4,4,5 Marla,1125.0,20444,House,True,14,super hot14Share on FacebookShare on TwitterShare on WhatsAppSend via GMailSend via E-Mail,90,Houses_Islamabad,2026-08-10,https://www.zameen.com/Property/islamabad_bani_gala_5_marla_beautiful_house_for_sale-53654399-340-1.html
8 Marla Triple Storey House For Sale In Banigala,PKR 2.6 Crore,26000000,8,6,8 Marla,1800.0,14444,House,True,11,super hot11Share on FacebookShare on TwitterShare on WhatsAppSend via GMailSend via E-Mail,90,Houses_Islamabad,2026-08-10,https://www.zameen.com/Property/islamabad_bani_gala_8_marla_triple_storey_house_for_sale_in_banigala-54570753-340-1.html
600 Yards House Is Available For Sale In Sector I-8/2 Islamabad,PKR 20 Crore,200000000,7,,1.2 Kanal,5400.0,37037,House,True,6,super hot6Share on FacebookShare on TwitterShare on WhatsAppSend via GMailSend via E-Mail,89,Houses_Islamabad,2026-08-10,https://www.zameen.com/Property/i_8_i-8_2_600_yards_house_is_available_for_sale_in_sector_i-8_2_islamabad-54467445-3442-1.html
ELEGANT HOUSE WITH COMPLETE MARGHALLA VIEW FROM TERRACE,PKR 11.6 Crore,116000000,5,7,1 Kanal,4500.0,25777,House,True,48,super hot48Share on FacebookShare on TwitterShare on WhatsAppSend via GMailSend via E-Mail,90,Houses_Islamabad,2026-08-10,https://www.zameen.com/Property/dha_defence_dha_defence_phase_2_elegant_house_with_complete_marghalla_view_from_terrace-52751497-339-1.html
"5 Marla Beautiful House In F Block, B17 Islamabad",PKR 2.4 Crore,24000000,5,5,5 Marla,1125.0,21333,House,True,8,hot8Share on FacebookShare on TwitterShare on WhatsAppSend via GMailSend via E-Mail,83,Houses_Islamabad,2026-08-10,https://www.zameen.com/Property/islamabad_b-17_5_marla_beautiful_house_in_f_block_b17_islamabad-53881488-616-1.html
8 Marla Extra Land + Double Height 10 Marla House @6.50 Cr - E Block Sector B17 Islamabad.,PKR 6.5 Crore,65000000,6,6,10 Marla,2250.0,28888,House,True,11,hot11Share on FacebookShare on TwitterShare on WhatsAppSend via GMailSend via E-Mail,84,Houses_Islamabad,2026-08-10,https://www.zameen.com/Property/islamabad_b-17_8_marla_extra_land_double_height_10_marla_house_6_50_cr_-_e_block_sector_b17_islamabad-53957667-616-1.html
Top Location House Corner,PKR 60 Crore,600000000,5,5,4 Kanal,18000.0,33333,House,False,7,hot7Share on FacebookShare on TwitterShare on WhatsAppSend via GMailSend via E-Mail,83,Houses_Islamabad,2026-08-10,https://www.zameen.com/Property/islamabad_f-8_top_location_house_corner-54547208-166-1.html
Emaar Triple Storey Villa Dha 5 Sector E Islamabad,PKR 13.5 Crore,135000000,8,6,1.6 Kanal,7200.0,18750,House,False,19,hot19Share on FacebookShare on TwitterShare on WhatsAppSend via GMailSend via E-Mail,84,Houses_Islamabad,2026-08-10,https://www.zameen.com/Property/islamabad_emaar_canyon_views_emaar_triple_storey_villa_dha_5_sector_e_islamabad-54257816-8370-1.html
12 Marla Prime Location Designer House Available For Sale In Zaraj Housing Society Islamabad,PKR 5.85 Crore,58500000,5,6,12 Marla,2700.0,21666,House,False,19,hot19Share on FacebookShare on TwitterShare on WhatsAppSend via GMailSend via E-Mail,84,Houses_Islamabad,2026-08-10,https://www.zameen.com/Property/islamabad_zaraj_housing_scheme_12_marla_prime_location_designer_house_available_for_sale_in_zaraj_housing_society_islamabad-54315213-3508-1.html
Emaar Canyon Views Brand New 5 Bedroom Modern House For Sale Dha 5 Sector E Islamabad.,PKR 7.25 Crore,72500000,7,6,14 Marla,3150.0,23015,House,False,10,hot10Share on FacebookShare on TwitterShare on WhatsAppSend via GMailSend via E-Mail,84,Houses_Islamabad,2026-08-10,https://www.zameen.com/Property/islamabad_emaar_canyon_views_emaar_canyon_views_brand_new_5_bedroom_modern_house_for_sale_dha_5_sector_e_islamabad-54474252-8370-1.html
Brand New 4 Bedroom House For Sale Dha 5 Sector F Islamabad.,PKR 3.65 Crore,36500000,3,5,5 Marla,1125.0,32444,House,False,9,hot9Share on FacebookShare on TwitterShare on WhatsAppSend via GMailSend via E-Mail,83,Houses_Islamabad,2026-08-10,https://www.zameen.com/Property/dha_defence_dha_defence_phase_5_brand_new_4_bedroom_house_for_sale_dha_5_sector_f_islamabad-54550504-10991-1.html
12 Marla House Is Available For Sale In G-15 F 15 Islamabad,PKR 6.2 Crore,62000000,7,7,12 Marla,2700.0,22962,House,False,14,14Share on FacebookShare on TwitterShare on WhatsAppSend via GMailSend via E-Mail,81,Houses_Islamabad,2026-08-10,https://www.zameen.com/Property/islamabad_g-15_12_marla_house_is_available_for_sale_in_g-15_f_15_islamabad-53799263-764-1.html
7 Marla Like Brand New House For Sale In G-15 Islamabad,PKR 3.4 Crore,34000000,6,7,8 Marla,1800.0,18888,House,False,16,16Share on FacebookShare on TwitterShare on WhatsAppSend via GMailSend via E-Mail,81,Houses_Islamabad,2026-08-10,https://www.zameen.com/Property/islamabad_g-15_7_marla_like_brand_new_house_for_sale_in_g-15_islamabad-54423403-764-1.html
500 Sq/Gz Brand New house for sale in G-15 Islamabad,PKR 7.8 Crore,78000000,8,7,1 Kanal,4500.0,17333,House,False,13,13Share on FacebookShare on TwitterShare on WhatsAppSend via GMailSend via E-Mail,81,Houses_Islamabad,2026-08-10,https://www.zameen.com/Property/islamabad_g-15_500_sq_gz_brand_new_house_for_sale_in_g-15_islamabad-54424515-764-1.html
"Investor Alert Old Livable 666 Sqyd House For Sale In F-7, Islamabad Prime F-7 Location | Back Open | Near Park | Excellent Investment Opportunity",PKR 36 Crore,360000000,4,5,1.3 Kanal,5850.0,61538,House,True,10,10Share on FacebookShare on TwitterShare on WhatsAppSend via GMailSend via E-Mail,81,Houses_Islamabad,2026-08-10,https://www.zameen.com/Property/islamabad_f-7_investor_alert_old_livable_666_sqyd_house_for_sale_in_f-7_islamabad_prime_f-7_location_back_open_near_park_excellent_investment_opportunity-54579517-165-1.html
Fully Furnished 1 Kanal Brand New Designer House Ready For Sale In DHA DEFENSE PHASE 2 ISLAMABAD,PKR 13.5 Crore,135000000,5,1,1 Kanal,4500.0,30000,House,False,18,18Share on FacebookShare on TwitterShare on WhatsAppSend via GMailSend via E-Mail,81,Houses_Islamabad,2026-08-10,https://www.zameen.com/Property/dha_defence_dha_defence_phase_2_fully_furnished_1_kanal_brand_new_designer_house_ready_for_sale_in_dha_defense_phase_2_islamabad-54333516-339-1.html
Contemporary Design 1 Kanal Brand New Designer House Ready For Sale In DHA DEFENCE PHASE 2 Islamabad,PKR 10.25 Crore,102500000,5,6,1 Kanal,4500.0,22777,House,False,20,20Share on FacebookShare on TwitterShare on WhatsAppSend via GMailSend via E-Mail,81,Houses_Islamabad,2026-08-10,https://www.zameen.com/Property/dha_defence_dha_defence_phase_2_contemporary_design_1_kanal_brand_new_designer_house_ready_for_sale_in_dha_defence_phase_2_islamabad-54253208-339-1.html
Swimming Pool & Lift Installed In 1 Kanal House Ready For Sale In DHA DEFENCE PHASE 2 Islamabad,PKR 12.5 Crore,125000000,5,6,1 Kanal,4500.0,27777,House,False,28,28Share on FacebookShare on TwitterShare on WhatsAppSend via GMailSend via E-Mail,81,Houses_Islamabad,2026-08-10,https://www.zameen.com/Property/dha_defence_dha_defence_phase_2_swimming_pool_lift_installed_in_1_kanal_house_ready_for_sale_in_dha_defence_phase_2_islamabad-54247535-339-1.html
An Address Of Distinction 2 Kanal Residential Golf-Facing Villa At Eighteen Islamabad,PKR 16.2 Crore,162000000,,7,2 Kanal,9000.0,18000,House,True,21,21Share on FacebookShare on TwitterShare on WhatsAppSend via GMailSend via E-Mail,81,Houses_Islamabad,2026-08-10,https://www.zameen.com/Property/kashmir_highway_eighteen_an_address_of_distinction_2_kanal_residential_golf-facing_villa_at_eighteen_islamabad-54030225-12602-1.html
"INVESTOR ALERT PRIME F-6 PROPERTY FOR SALE Sector F-6, Islamabad | Margalla View Facing 1146 Sq. Yards | Corner Plot | Prime Investment Opportunity",PKR 55 Crore,550000000,4,5,2.3 Kanal,10350.0,53140,Plot,True,10,super hot10Share on FacebookShare on TwitterShare on WhatsAppSend via GMailSend via E-Mail,90,Houses_Islamabad,2026-08-10,https://www.zameen.com/Property/islamabad_f-6_investor_alert_prime_f-6_property_for_sale_sector_f-6_islamabad_margalla_view_facing_1146_sq_yards_corner_plot_prime_investment_opportunity-54418179-164-1.html
Investors Should sale This House Located Ideally In F-11,PKR 9.5 Crore,95000000,7,,10 Marla,2250.0,42222,House,True,32,super hot321VerifiedShare on FacebookShare on TwitterShare on WhatsAppSend via GMailSend via E-Mail,99,Houses_Islamabad,2026-08-10,https://www.zameen.com/Property/islamabad_f-11_investors_should_sale_this_house_located_ideally_in_f-11-54546284-163-1.html
1 Kanal Luxury House For Sale In DHA Phase 2 Islamabad,PKR 9.8 Crore,98000000,6,7,1 Kanal,4500.0,21777,House,True,10,super hot10Share on FacebookShare on TwitterShare on WhatsAppSend via GMailSend via E-Mail,90,Houses_Islamabad,2026-08-10,https://www.zameen.com/Property/dha_defence_dha_defence_phase_2_1_kanal_luxury_house_for_sale_in_dha_phase_2_islamabad-54429997-339-1.html
Bahria Enclave Sector C-2 10 Marla Desginer House A Grade House For Sale,PKR 6.25 Crore,62500000,,,10 Marla,2250.0,27777,House,True,40,super hot40Share on FacebookShare on TwitterShare on WhatsAppSend via GMailSend via E-Mail,90,Houses_Islamabad,2026-08-10,https://www.zameen.com/Property/bahria_enclave_bahria_enclave_-_sector_c2_bahria_enclave_sector_c-2_10_marla_desginer_house_a_grade_house_for_sale-54582387-11988-1.html
1 Kanal Designer House For Sale In DHA Phase 2,PKR 12.5 Crore,125000000,5,6,1 Kanal,4500.0,27777,House,True,31,super hot31Share on FacebookShare on TwitterShare on WhatsAppSend via GMailSend via E-Mail,90,Houses_Islamabad,2026-08-10,https://www.zameen.com/Property/dha_defence_dha_defence_phase_2_1_kanal_designer_house_for_sale_in_dha_phase_2-54568474-339-1.html
Peacefull Location Beautiful House Available For Sale SECTOR F10 Islamabad,PKR 19 Crore,190000000,5,6,1 Kanal,4500.0,42222,House,True,13,super hot13Share on FacebookShare on TwitterShare on WhatsAppSend via GMailSend via E-Mail,90,Houses_Islamabad,2026-08-10,https://www.zameen.com/Property/islamabad_f-10_peacefull_location_beautiful_house_available_for_sale_sector_f10_islamabad-54505424-162-1.html
"Modern 1 Kanal Designer House Near Central Park | 5900+ Sq. Ft. Luxury Villa in Sector G, DHA Phase 2",PKR 15 Crore,150000000,5,6,1 Kanal,4500.0,33333,House,True,11,super hot11Share on FacebookShare on TwitterShare on WhatsAppSend via GMailSend via E-Mail,90,Houses_Islamabad,2026-08-10,https://www.zameen.com/Property/dha_defence_dha_defence_phase_2_modern_1_kanal_designer_house_near_central_park_5900_sq_ft_luxury_villa_in_sector_g_dha_phase_2-54585920-339-1.html
G-13 30x60 Brand new Double story House available for sale,PKR 6.9 Crore,69000000,5,6,7 Marla,1575.0,43809,House,True,16,super hot16Share on FacebookShare on TwitterShare on WhatsAppSend via GMailSend via E-Mail,90,Houses_Islamabad,2026-08-10,https://www.zameen.com/Property/islamabad_g-13_g-13_30x60_brand_new_double_story_house_available_for_sale-54585927-330-1.html
8 Marla beautiful house available for sale in pha officer residenshia kurii road Islamabad,PKR 5.4 Crore,54000000,6,6,8 Marla,1800.0,30000,House,True,26,super hot26Share on FacebookShare on TwitterShare on WhatsAppSend via GMailSend via E-Mail,90,Houses_Islamabad,2026-08-10,https://www.zameen.com/Property/kuri_road_phaf_officers_residencia_8_marla_beautiful_house_available_for_sale_in_pha_officer_residenshia_kurii_road_islamabad-54585683-13099-1.html
"House Of 10 Marla Is Available For sale In Top City 1, Top City 1",PKR 5.25 Crore,52500000,5,5,10 Marla,2250.0,23333,House,True,14,super hot14VerifiedShare on FacebookShare on TwitterShare on WhatsAppSend via GMailSend via E-Mail,98,Houses_Islamabad,2026-08-10,https://www.zameen.com/Property/islamabad_top_city_1_house_of_10_marla_is_available_for_sale_in_top_city_1_top_city_1-54585345-1383-1.html
5 Marla Brand New Double Unit @2.40 Cr - F Block Sector B17 Islamabad.,PKR 2.4 Crore,24000000,4,5,5 Marla,1125.0,21333,House,True,9,hot9Share on FacebookShare on TwitterShare on WhatsAppSend via GMailSend via E-Mail,83,Houses_Islamabad,2026-08-10,https://www.zameen.com/Property/islamabad_b-17_5_marla_brand_new_double_unit_2_40_cr_-_f_block_sector_b17_islamabad-53968080-616-1.html
Double Unit 5 Marla House @2.70 - F Block Sector B17 Islamabad,PKR 2.65 Crore,26500000,4,6,5 Marla,1125.0,23555,House,True,8,hot8Share on FacebookShare on TwitterShare on WhatsAppSend via GMailSend via E-Mail,83,Houses_Islamabad,2026-08-10,https://www.zameen.com/Property/islamabad_b-17_double_unit_5_marla_house_2_70_-_f_block_sector_b17_islamabad-54499934-616-1.html
14 Marla Modern Designer House in Zaraj Housing Scheme,PKR 5.95 Crore,59500000,5,6,14 Marla,3150.0,18888,House,False,41,hot41Share on FacebookShare on TwitterShare on WhatsAppSend via GMailSend via E-Mail,84,Houses_Islamabad,2026-08-10,https://www.zameen.com/Property/islamabad_zaraj_housing_scheme_14_marla_modern_designer_house_in_zaraj_housing_scheme-54208064-3508-1.html
Beautiful Brand New 10 Marla Modern House For Sale In Zaraj Housing Society,PKR 4.95 Crore,49500000,5,6,10 Marla,2250.0,22000,House,False,16,hot16VerifiedShare on FacebookShare on TwitterShare on WhatsAppSend via GMailSend via E-Mail,92,Houses_Islamabad,2026-08-10,https://www.zameen.com/Property/islamabad_zaraj_housing_scheme_beautiful_brand_new_10_marla_modern_house_for_sale_in_zaraj_housing_society-48893639-3508-1.html
Kanal Brand New House Available For Sale In Dha Phase 2 Islamabad,PKR 11.5 Crore,115000000,6,6,1 Kanal,4500.0,25555,House,False,24,hot24Share on FacebookShare on TwitterShare on WhatsAppSend via GMailSend via E-Mail,84,Houses_Islamabad,2026-08-10,https://www.zameen.com/Property/dha_defence_phase_2_dha_phase_2_-_sector_c_kanal_brand_new_house_available_for_sale_in_dha_phase_2_islamabad-46203185-3198-1.html
Kanal Brand New House Available For Sale In Dha Phase 2 Islamabad,PKR 16 Crore,160000000,5,6,1 Kanal,4500.0,35555,House,False,34,hot34Share on FacebookShare on TwitterShare on WhatsAppSend via GMailSend via E-Mail,84,Houses_Islamabad,2026-08-10,https://www.zameen.com/Property/dha_defence_phase_2_dha_phase_2_-_sector_f_kanal_brand_new_house_available_for_sale_in_dha_phase_2_islamabad-53485362-3201-1.html
23 Marla Triple Storey Fully Furnished House For Sale In Dha Phase 2 Islamabad,PKR 16.5 Crore,165000000,8,7,1.2 Kanal,5400.0,30555,House,False,23,hot23Share on FacebookShare on TwitterShare on WhatsAppSend via GMailSend via E-Mail,84,Houses_Islamabad,2026-08-10,https://www.zameen.com/Property/dha_defence_phase_2_dha_phase_2_-_sector_j_23_marla_triple_storey_fully_furnished_house_for_sale_in_dha_phase_2_islamabad-51418916-8399-1.html
14 Marla Brand New Double Unit House Available For Sale Prime Location Zaraj Housing Society,PKR 6.2 Crore,62000000,5,6,14 Marla,3150.0,19682,House,False,22,22Share on FacebookShare on TwitterShare on WhatsAppSend via GMailSend via E-Mail,81,Houses_Islamabad,2026-08-10,https://www.zameen.com/Property/islamabad_zaraj_housing_scheme_14_marla_brand_new_double_unit_house_available_for_sale_prime_location_zaraj_housing_society-53815182-3508-1.html
10 Marla Prime Location House For Sale In Bani Gala,PKR 3.95 Crore,39500000,4,6,10 Marla,2250.0,17555,House,False,31,31Share on FacebookShare on TwitterShare on WhatsAppSend via GMailSend via E-Mail,81,Houses_Islamabad,2026-08-10,https://www.zameen.com/Property/islamabad_bani_gala_10_marla_prime_location_house_for_sale_in_bani_gala-53863414-340-1.html
Beautiful Brend New House For Sale,PKR 2.15 Crore,21500000,5,6,5 Marla,1125.0,19111,House,False,13,13Share on FacebookShare on TwitterShare on WhatsAppSend via GMailSend via E-Mail,81,Houses_Islamabad,2026-08-10,https://www.zameen.com/Property/islamabad_kuri_road_beautiful_brend_new_house_for_sale-52176505-10322-1.html
Brand New Luxury Double Story House Available For Sale.,PKR 2.45 Crore,24500000,4,7,5 Marla,1125.0,21777,House,False,10,10Share on FacebookShare on TwitterShare on WhatsAppSend via GMailSend via E-Mail,81,Houses_Islamabad,2026-08-10,https://www.zameen.com/Property/islamabad_h-13_brand_new_luxury_double_story_house_available_for_sale-54472166-1039-1.html
Brand New luxury 2.5 story house available for sale near nust double road.,PKR 3 Crore,30000000,5,7,7 Marla,1575.0,19047,House,False,18,18Share on FacebookShare on TwitterShare on WhatsAppSend via GMailSend via E-Mail,81,Houses_Islamabad,2026-08-10,https://www.zameen.com/Property/islamabad_h-13_brand_new_luxury_2_5_story_house_available_for_sale_near_nust_double_road-54472187-1039-1.html
Brand New Luxury 2.5 Storey House Available For Sale Near Nust Double Road.,PKR 2.6 Crore,26000000,5,7,5 Marla,1125.0,23111,House,False,15,15Share on FacebookShare on TwitterShare on WhatsAppSend via GMailSend via E-Mail,81,Houses_Islamabad,2026-08-10,https://www.zameen.com/Property/islamabad_h-13_brand_new_luxury_2_5_storey_house_available_for_sale_near_nust_double_road-54494533-1039-1.html
Beautiful house corner,PKR 25 Crore,250000000,4,4,1 Kanal,4500.0,55555,House,False,7,7Share on FacebookShare on TwitterShare on WhatsAppSend via GMailSend via E-Mail,80,Houses_Islamabad,2026-08-10,https://www.zameen.com/Property/islamabad_f-6_beautiful_house_corner-54477289-164-1.html
666 Sqyd Liveable House,PKR 29 Crore,290000000,6,5,1.3 Kanal,5850.0,49572,House,False,5,5Share on FacebookShare on TwitterShare on WhatsAppSend via GMailSend via E-Mail,80,Houses_Islamabad,2026-08-10,https://www.zameen.com/Property/islamabad_f-8_666_sqyd_liveable_house-54424529-166-1.html
Dha2 One Kanal Owner Built Designer House,PKR 11.9 Crore,119000000,5,6,1 Kanal,4500.0,26444,House,True,28,super hot28Share on FacebookShare on TwitterShare on WhatsAppSend via GMailSend via E-Mail,90,Houses_Islamabad,2026-08-10,https://www.zameen.com/Property/dha_defence_dha_defence_phase_2_dha2_one_kanal_owner_built_designer_house-52491800-339-1.html
FOR SALE 8-Marla Brand New Triple Storey House CDA Transfer D_12/1,PKR 10 Crore,100000000,8,7,8 Marla,1800.0,55555,House,True,8,super hot81Share on FacebookShare on TwitterShare on WhatsAppSend via GMailSend via E-Mail,90,Houses_Islamabad,2026-08-10,https://www.zameen.com/Property/islamabad_d-12_for_sale_8-marla_brand_new_triple_storey_house_cda_transfer_d_12_1-54540842-160-1.html
Proper Corner 01 Kanal (50x90) Brand New Luxury Designer House For Sale In G-13 Islamabad,PKR 18 Crore,180000000,6,6,1 Kanal,4500.0,40000,House,True,32,super hot32Share on FacebookShare on TwitterShare on WhatsAppSend via GMailSend via E-Mail,90,Houses_Islamabad,2026-08-10,https://www.zameen.com/Property/islamabad_g-13_proper_corner_01_kanal_50x90_brand_new_luxury_designer_house_for_sale_in_g-13_islamabad-54566065-330-1.html
10 Marla (36*75 In Block F ) Double Storey Brand New House. For Sale In Block F Fazaia Housing Scheme Islamabad.,PKR 4.5 Crore,45000000,5,6,10 Marla,2250.0,20000,House,True,27,super hot271VerifiedShare on FacebookShare on TwitterShare on WhatsAppSend via GMailSend via E-Mail,99,Houses_Islamabad,2026-08-10,https://www.zameen.com/Property/fazaia_housing_scheme_fazaia_housing_scheme_block_f_10_marla_36_75_in_block_f_double_storey_brand_new_house_for_sale_in_block_f_fazaia_housing_scheme_islamabad-54577535-14689-1.html
Double Basement House For Sale,PKR 4 Crore,40000000,10,6,7 Marla,1575.0,25396,House,True,48,super hot48Share on FacebookShare on TwitterShare on WhatsAppSend via GMailSend via E-Mail,90,Houses_Islamabad,2026-08-10,https://www.zameen.com/Property/mpchs_multi_gardens_mpchs_-_block_e_double_basement_house_for_sale-54461739-3120-1.html
1 Kanal House In E-16/3 Is Available For sale,PKR 3.4 Crore,34000000,,,1 Kanal,4500.0,7555,House,True,17,super hot171VerifiedShare on FacebookShare on TwitterShare on WhatsAppSend via GMailSend via E-Mail,99,Houses_Islamabad,2026-08-10,https://www.zameen.com/Property/e_16_e-16_3_1_kanal_house_in_e-16_3_is_available_for_sale-54567919-3249-1.html
Beautiful 5 Marla Single Storey House In Oleander Block D DHA Islamabad,PKR 1.05 Crore,10500000,,,5 Marla,1125.0,9333,House,True,6,super hot61Share on FacebookShare on TwitterShare on WhatsAppSend via GMailSend via E-Mail,90,Houses_Islamabad,2026-08-10,https://www.zameen.com/Property/dha_valley_oleander_sector_oleander_sector_-_block_d_beautiful_5_marla_single_storey_house_in_oleander_block_d_dha_islamabad-53987314-16478-1.html
DOUBLE STOREY BRIND NEW HOUSE FOR SALE IN SOAN GARDEN ISLAMABAD,PKR 7.25 Crore,72500000,7,,1 Kanal,4500.0,16111,House,True,47,super hot471Share on FacebookShare on TwitterShare on WhatsAppSend via GMailSend via E-Mail,91,Houses_Islamabad,2026-08-10,https://www.zameen.com/Property/soan_garden_soan_garden_-_block_f_double_storey_brind_new_house_for_sale_in_soan_garden_islamabad-50726476-3496-1.html
7.2 Marla Luxury House Available For Sale In CDA Sector I 14/4 Islamabad.,PKR 4.1 Crore,41000000,4,7,7 Marla,1575.0,26031,House,True,23,super hot231Share on FacebookShare on TwitterShare on WhatsAppSend via GMailSend via E-Mail,91,Houses_Islamabad,2026-08-10,https://www.zameen.com/Property/islamabad_i-14_7_2_marla_luxury_house_available_for_sale_in_cda_sector_i_14_4_islamabad-54394973-1045-1.html
Hous For Sale In F17/2 T&T ECHS Islamabad,PKR 3.15 Crore,31500000,5,5,7 Marla,1575.0,20000,Unknown,True,16,super hot16Share on FacebookShare on TwitterShare on WhatsAppSend via GMailSend via E-Mail,90,Houses_Islamabad,2026-08-10,https://www.zameen.com/Property/islamabad_f-17_hous_for_sale_in_f17_2_t_t_echs_islamabad-53916468-335-1.html
10 Marla Exuberant House @6.70 Cr - Block B Sector B17 Islamabad,PKR 6.7 Crore,67000000,6,6,10 Marla,2250.0,29777,House,True,34,hot34Share on FacebookShare on TwitterShare on WhatsAppSend via GMailSend via E-Mail,84,Houses_Islamabad,2026-08-10,https://www.zameen.com/Property/islamabad_b-17_10_marla_exuberant_house_6_70_cr_-_block_b_sector_b17_islamabad-54550558-616-1.html
"Double Height 60 Feet Road 14 Marla House @8.50 Cr - Block B, CDA Sector B17 Islamabad",PKR 8.5 Crore,85000000,6,6,14 Marla,3150.0,26984,House,True,37,hot37Share on FacebookShare on TwitterShare on WhatsAppSend via GMailSend via E-Mail,84,Houses_Islamabad,2026-08-10,https://www.zameen.com/Property/islamabad_b-17_double_height_60_feet_road_14_marla_house_8_50_cr_-_block_b_cda_sector_b17_islamabad-54552051-616-1.html
Luxury Furnished House For Sale In DHA Phase 2 Islamabad,PKR 26 Crore,260000000,6,6,2 Kanal,9000.0,28888,House,False,23,hot23Share on FacebookShare on TwitterShare on WhatsAppSend via GMailSend via E-Mail,84,Houses_Islamabad,2026-08-10,https://www.zameen.com/Property/dha_defence_phase_2_dha_phase_2_-_sector_g_luxury_furnished_house_for_sale_in_dha_phase_2_islamabad-51418947-3202-1.html
Kanal Brand New House Available For Sale In Dha Phase 2 Islamabad,PKR 12.75 Crore,127500000,7,7,1 Kanal,4500.0,28333,House,False,22,hot22Share on FacebookShare on TwitterShare on WhatsAppSend via GMailSend via E-Mail,84,Houses_Islamabad,2026-08-10,https://www.zameen.com/Property/dha_defence_phase_2_dha_phase_2_-_sector_g_kanal_brand_new_house_available_for_sale_in_dha_phase_2_islamabad-53495987-3202-1.html
Kanal Fully Furnished Corner House For Sale In Dha Phase 2 Islamabad,PKR 16.9 Crore,169000000,5,6,1 Kanal,4500.0,37555,House,False,17,hot17Share on FacebookShare on TwitterShare on WhatsAppSend via GMailSend via E-Mail,84,Houses_Islamabad,2026-08-10,https://www.zameen.com/Property/dha_defence_phase_2_dha_phase_2_-_sector_j_kanal_fully_furnished_corner_house_for_sale_in_dha_phase_2_islamabad-54394444-8399-1.html
New House Triple Storey Size 25 X 60 For Sale In E-11/4,PKR 5.5 Crore,55000000,5,6,6.7 Marla,1507.5,36484,House,False,30,hot30Share on FacebookShare on TwitterShare on WhatsAppSend via GMailSend via E-Mail,84,Houses_Islamabad,2026-08-10,https://www.zameen.com/Property/e_11_e-11_4_new_house_triple_storey_size_25_x_60_for_sale_in_e-11_4-53313215-3241-1.html
Elegant 9 Marla Double-Height House for Sale in DHA Phase 3 Sector B,PKR 3.8 Crore,38000000,4,4,9 Marla,2025.0,18765,House,False,24,hot24Share on FacebookShare on TwitterShare on WhatsAppSend via GMailSend via E-Mail,84,Houses_Islamabad,2026-08-10,https://www.zameen.com/Property/dha_defence_dha_defence_phase_3_elegant_9_marla_double-height_house_for_sale_in_dha_phase_3_sector_b-54562647-8412-1.html
Luxury Margalla Facing House for Sale in D-12 Prime Location!,PKR 11.75 Crore,117500000,5,5,10 Marla,2250.0,52222,House,False,12,12Share on FacebookShare on TwitterShare on WhatsAppSend via GMailSend via E-Mail,81,Houses_Islamabad,2026-08-10,https://www.zameen.com/Property/d_12_d-12_1_luxury_margalla_facing_house_for_sale_in_d-12_prime_location-54313541-3154-1.html
25x40 Beautifull House For Sale in G-13/1,PKR 3.3 Crore,33000000,4,5,4 Marla,900.0,36666,House,False,17,17Share on FacebookShare on TwitterShare on WhatsAppSend via GMailSend via E-Mail,81,Houses_Islamabad,2026-08-10,https://www.zameen.com/Property/islamabad_g-13_25x40_beautifull_house_for_sale_in_g-13_1-54458824-330-1.html
Elegant House For Sale In D-12/4 Margalla View Living,PKR 4.75 Crore,47500000,3,5,4 Marla,900.0,52777,House,False,23,23VerifiedShare on FacebookShare on TwitterShare on WhatsAppSend via GMailSend via E-Mail,89,Houses_Islamabad,2026-08-10,https://www.zameen.com/Property/islamabad_d-12_elegant_house_for_sale_in_d-12_4_margalla_view_living-54529478-160-1.html
35x70 Beautiful House For Sale In G-13,PKR 7.5 Crore,75000000,6,6,10 Marla,2250.0,33333,House,False,23,23Share on FacebookShare on TwitterShare on WhatsAppSend via GMailSend via E-Mail,81,Houses_Islamabad,2026-08-10,https://www.zameen.com/Property/islamabad_g-13_35x70_beautiful_house_for_sale_in_g-13-54447100-330-1.html
Out Class Location House,PKR 25 Crore,250000000,4,5,1.2 Kanal,5400.0,46296,House,False,6,6Share on FacebookShare on TwitterShare on WhatsAppSend via GMailSend via E-Mail,80,Houses_Islamabad,2026-08-10,https://www.zameen.com/Property/islamabad_f-7_out_class_location_house-54570684-165-1.html
One Kanal Ultra Luxury House For Sale In DHA Phase 2 Islamabad,PKR 10.8 Crore,108000000,5,6,1 Kanal,4500.0,24000,House,True,19,19Share on FacebookShare on TwitterShare on WhatsAppSend via GMailSend via E-Mail,81,Houses_Islamabad,2026-08-10,https://www.zameen.com/Property/dha_defence_dha_defence_phase_2_one_kanal_ultra_luxury_house_for_sale_in_dha_phase_2_islamabad-54104545-339-1.html
1 Kanal Corner House Available For Sale at DHA 2,PKR 11 Crore,110000000,6,7,1 Kanal,4500.0,24444,House,True,17,17Share on FacebookShare on TwitterShare on WhatsAppSend via GMailSend via E-Mail,81,Houses_Islamabad,2026-08-10,https://www.zameen.com/Property/dha_defence_dha_defence_phase_2_1_kanal_corner_house_available_for_sale_at_dha_2-54105181-339-1.html
1-Kanal designer House For Sale at prime location 70feet wide street,PKR 13.6 Crore,136000000,5,6,1 Kanal,4500.0,30222,House,True,37,37Share on FacebookShare on TwitterShare on WhatsAppSend via GMailSend via E-Mail,81,Houses_Islamabad,2026-08-10,https://www.zameen.com/Property/dha_defence_dha_defence_phase_2_1-kanal_designer_house_for_sale_at_prime_location_70feet_wide_street-54147796-339-1.html
1 Kanal Brand New Designer House Available For Sale In Prime Location Of Dha 2 Islamabad,PKR 8.5 Crore,85000000,7,6,1 Kanal,4500.0,18888,House,True,8,super hot8Share on FacebookShare on TwitterShare on WhatsAppSend via GMailSend via E-Mail,89,Houses_Islamabad,2026-08-10,https://www.zameen.com/Property/dha_defence_dha_defence_phase_2_1_kanal_brand_new_designer_house_available_for_sale_in_prime_location_of_dha_2_islamabad-54417552-339-1.html
Beautiful 5 Marla House for Sale in DHA 2 Bed Luxury Family Home,PKR 92 Lakh,9200000,92,2,5 Marla,1125.0,8177,House,True,11,super hot11Share on FacebookShare on TwitterShare on WhatsAppSend via GMailSend via E-Mail,90,Houses_Islamabad,2026-08-10,https://www.zameen.com/Property/dha_valley_dha_homes_beautiful_5_marla_house_for_sale_in_dha_2_bed_luxury_family_home-54362405-3226-1.html
Reserve A Centrally Located House In Park View City,PKR 3.5 Crore,35000000,4,4,5 Marla,1125.0,31111,House,True,11,super hot11VerifiedShare on FacebookShare on TwitterShare on WhatsAppSend via GMailSend via E-Mail,98,Houses_Islamabad,2026-08-10,https://www.zameen.com/Property/islamabad_park_view_city_reserve_a_centrally_located_house_in_park_view_city-54589540-10933-1.html
DHA Beautiful 5 Marla Ideal Location Turkish Style House For Sale Profitable Investment,PKR 95 Lakh,9500000,2,2,5 Marla,1125.0,8444,House,True,9,super hot9Share on FacebookShare on TwitterShare on WhatsAppSend via GMailSend via E-Mail,89,Houses_Islamabad,2026-08-10,https://www.zameen.com/Property/dha_valley_dha_homes_dha_beautiful_5_marla_ideal_location_turkish_style_house_for_sale_profitable_investment-54362122-3226-1.html
E-7 House For Sale,PKR 75 Crore,750000000,8,7,2 Kanal,9000.0,83333,House,True,12,super hot12Share on FacebookShare on TwitterShare on WhatsAppSend via GMailSend via E-Mail,90,Houses_Islamabad,2026-08-10,https://www.zameen.com/Property/islamabad_e-7_e-7_house_for_sale-52625451-343-1.html
G-13/1 St 105 Corner House 25x40 Kanal Extra Land Sun Face For Sale,PKR 4.2 Crore,42000000,4,5,4.4 Marla,990.0000000000001,42424,House,True,29,super hot29Share on FacebookShare on TwitterShare on WhatsAppSend via GMailSend via E-Mail,90,Houses_Islamabad,2026-08-10,https://www.zameen.com/Property/islamabad_g-13_g-13_1_st_105_corner_house_25x40_kanal_extra_land_sun_face_for_sale-54369931-330-1.html
"Luxury Duplex 500 Yard Double Storey House For Sale G-11/3, Street 110",PKR 17 Crore,170000000,6,7,1 Kanal,4500.0,37777,House,True,33,super hot33Share on FacebookShare on TwitterShare on WhatsAppSend via GMailSend via E-Mail,90,Houses_Islamabad,2026-08-10,https://www.zameen.com/Property/islamabad_g-11_luxury_duplex_500_yard_double_storey_house_for_sale_g-11_3_street_110-54376467-168-1.html
5 Marla Brand New House for Sale DHA2,PKR 4.95 Crore,49500000,4,5,5 Marla,1125.0,44000,House,True,18,super hot181Share on FacebookShare on TwitterShare on WhatsAppSend via GMailSend via E-Mail,91,Houses_Islamabad,2026-08-10,https://www.zameen.com/Property/dha_defence_dha_defence_phase_2_5_marla_brand_new_house_for_sale_dha2-54537735-339-1.html
5 Marla Modern Design House Available For Sale In Bahria Enclave Islamabad.,PKR 3.2 Crore,32000000,3,5,5 Marla,1125.0,28444,House,True,18,super hot18Share on FacebookShare on TwitterShare on WhatsAppSend via GMailSend via E-Mail,90,Houses_Islamabad,2026-08-10,https://www.zameen.com/Property/bahria_enclave_bahria_enclave_-_sector_b1_5_marla_modern_design_house_available_for_sale_in_bahria_enclave_islamabad-54474781-11972-1.html
10 Marla Brand New Luxury House For Sale,PKR 4.6 Crore,46000000,4,5,10 Marla,2250.0,20444,House,True,26,super hot26Share on FacebookShare on TwitterShare on WhatsAppSend via GMailSend via E-Mail,90,Houses_Islamabad,2026-08-10,https://www.zameen.com/Property/islamabad_bani_gala_10_marla_brand_new_luxury_house_for_sale-54558685-340-1.html
"Double Height + 60 Feet Road + Sun Face + 17 Marla House @8.50 Cr - Block B, CDA Sector B17 Islamabad",PKR 8.5 Crore,85000000,7,6,17 Marla,3825.0,22222,House,True,40,hot40Share on FacebookShare on TwitterShare on WhatsAppSend via GMailSend via E-Mail,84,Houses_Islamabad,2026-08-10,https://www.zameen.com/Property/islamabad_b-17_double_height_60_feet_road_sun_face_17_marla_house_8_50_cr_-_block_b_cda_sector_b17_islamabad-54554157-616-1.html
Prime Location Fully Furnished Renovated House Is For Sale,PKR 25 Crore,250000000,6,7,1 Kanal,4500.0,55555,House,True,25,hot25Share on FacebookShare on TwitterShare on WhatsAppSend via GMailSend via E-Mail,84,Houses_Islamabad,2026-08-10,https://www.zameen.com/Property/islamabad_f-10_prime_location_fully_furnished_renovated_house_is_for_sale-53660027-162-1.html
"Beautiful House For Sale In DHA Phase 3, Islamabad",PKR 5 Crore,50000000,3,3,10 Marla,2250.0,22222,House,False,23,hot23Share on FacebookShare on TwitterShare on WhatsAppSend via GMailSend via E-Mail,84,Houses_Islamabad,2026-08-10,https://www.zameen.com/Property/dha_defence_dha_defence_phase_3_beautiful_house_for_sale_in_dha_phase_3_islamabad-54402110-8412-1.html
Spanish House for sale,PKR 4.5 Crore,45000000,5,6,11 Marla,2475.0,18181,House,False,25,hot25Share on FacebookShare on TwitterShare on WhatsAppSend via GMailSend via E-Mail,84,Houses_Islamabad,2026-08-10,https://www.zameen.com/Property/islamabad_bani_gala_spanish_house_for_sale-53297062-340-1.html
Your Dream 5 Marla House Is Available In Bani Gala,PKR 1.5 Crore,15000000,3,4,5 Marla,1125.0,13333,House,False,17,hot17Share on FacebookShare on TwitterShare on WhatsAppSend via GMailSend via E-Mail,84,Houses_Islamabad,2026-08-10,https://www.zameen.com/Property/islamabad_bani_gala_your_dream_5_marla_house_is_available_in_bani_gala-54431914-340-1.html
Fully Furnished 3 Bedroom House For Sale In DHA Phase 3 Prime Location,PKR 3.3 Crore,33000000,3,4,5 Marla,1125.0,29333,House,False,22,hot22Share on FacebookShare on TwitterShare on WhatsAppSend via GMailSend via E-Mail,84,Houses_Islamabad,2026-08-10,https://www.zameen.com/Property/dha_defence_dha_defence_phase_3_fully_furnished_3_bedroom_house_for_sale_in_dha_phase_3_prime_location-54467244-8412-1.html
Dream House For Sale,PKR 4.75 Crore,47500000,4,6,1.3 Kanal,5850.0,8119,House,False,35,hot35Share on FacebookShare on TwitterShare on WhatsAppSend via GMailSend via E-Mail,84,Houses_Islamabad,2026-08-10,https://www.zameen.com/Property/islamabad_bani_gala_dream_house_for_sale-54445344-340-1.html
1 Kanal Beautiful House For Sale In DHA Phase 2 Islamabad,PKR 12.25 Crore,122500000,5,6,1 Kanal,4500.0,27222,House,True,10,10Share on FacebookShare on TwitterShare on WhatsAppSend via GMailSend via E-Mail,81,Houses_Islamabad,2026-08-10,https://www.zameen.com/Property/dha_defence_dha_defence_phase_2_1_kanal_beautiful_house_for_sale_in_dha_phase_2_islamabad-54150559-339-1.html
1 Kanal Beautiful House For Sale In DHA Phase 2 Islamabad,PKR 13.8 Crore,138000000,5,6,1 Kanal,4500.0,30666,House,True,18,18Share on FacebookShare on TwitterShare on WhatsAppSend via GMailSend via E-Mail,81,Houses_Islamabad,2026-08-10,https://www.zameen.com/Property/dha_defence_dha_defence_phase_2_1_kanal_beautiful_house_for_sale_in_dha_phase_2_islamabad-54150609-339-1.html
1 kanal beautiful House For Sale In DHA phase 2 Islamabad,PKR 11.5 Crore,115000000,5,6,1 Kanal,4500.0,25555,House,True,27,27Share on FacebookShare on TwitterShare on WhatsAppSend via GMailSend via E-Mail,81,Houses_Islamabad,2026-08-10,https://www.zameen.com/Property/dha_defence_dha_defence_phase_2_1_kanal_beautiful_house_for_sale_in_dha_phase_2_islamabad-54152159-339-1.html
1 Kanal Beautiful House For Sale In DHA Phase 2 Islamabad,PKR 10.8 Crore,108000000,7,7,1 Kanal,4500.0,24000,House,True,18,18Share on FacebookShare on TwitterShare on WhatsAppSend via GMailSend via E-Mail,81,Houses_Islamabad,2026-08-10,https://www.zameen.com/Property/dha_defence_dha_defence_phase_2_1_kanal_beautiful_house_for_sale_in_dha_phase_2_islamabad-54162412-339-1.html
10 Marla Designer House For Sale In Bani Gala,PKR 4.7 Crore,47000000,5,5,10 Marla,2250.0,20888,House,False,30,30VerifiedShare on FacebookShare on TwitterShare on WhatsAppSend via GMailSend via E-Mail,89,Houses_Islamabad,2026-08-10,https://www.zameen.com/Property/islamabad_bani_gala_10_marla_designer_house_for_sale_in_bani_gala-54083983-340-1.html
Luxury House For Sale in D-12/3,PKR 15.7 Crore,157000000,7,6,10.9 Marla,2452.5,64016,House,True,20,20Share on FacebookShare on TwitterShare on WhatsAppSend via GMailSend via E-Mail,81,Houses_Islamabad,2026-08-10,https://www.zameen.com/Property/islamabad_d-12_luxury_house_for_sale_in_d-12_3-54187778-160-1.html
7 Marla House For Sale,PKR 3.7 Crore,37000000,7,6,7 Marla,1575.0,23492,House,False,8,8Share on FacebookShare on TwitterShare on WhatsAppSend via GMailSend via E-Mail,80,Houses_Islamabad,2026-08-10,https://www.zameen.com/Property/islamabad_airport_avenue_housing_society_7_marla_house_for_sale-54590639-13742-1.html
Spanish 10 Marla Brand New Double Story House For Sale,PKR 4.25 Crore,42500000,7,6,10 Marla,2250.0,18888,House,False,12,12Share on FacebookShare on TwitterShare on WhatsAppSend via GMailSend via E-Mail,81,Houses_Islamabad,2026-08-10,https://www.zameen.com/Property/soan_garden_soan_garden_-_block_d_spanish_10_marla_brand_new_double_story_house_for_sale-47728253-3494-1.html
E7 HOUSE FOR SALE,PKR 75 Crore,750000000,8,7,2 Kanal,9000.0,83333,House,True,22,super hot22VerifiedShare on FacebookShare on TwitterShare on WhatsAppSend via GMailSend via E-Mail,98,Houses_Islamabad,2026-08-10,https://www.zameen.com/Property/islamabad_e-7_e7_house_for_sale-53704726-343-1.html
E-7 House For Sale Lavish Area And House,PKR 75 Crore,750000000,7,7,2 Kanal,9000.0,83333,House,True,9,super hot9VerifiedShare on FacebookShare on TwitterShare on WhatsAppSend via GMailSend via E-Mail,97,Houses_Islamabad,2026-08-10,https://www.zameen.com/Property/islamabad_e-7_e-7_house_for_sale_lavish_area_and_house-53704732-343-1.html
10 MARLA BEAUTIFUL HOUSE AVAILABLE FORSALE,PKR 4.3 Crore,43000000,5,7,10 Marla,2250.0,19111,House,True,,super hotShare on FacebookShare on TwitterShare on WhatsAppSend via GMailSend via E-Mail,88,Houses_Islamabad,2026-08-10,https://www.zameen.com/Property/top_city_1_top_city_1_-_block_a_10_marla_beautiful_house_available_forsale-54533169-9231-1.html
BEAUTIFUL LOCATION MODERN LUXURY HOUSE FOR SALE SOLID CONSTRUCTION,PKR 12 Crore,120000000,5,6,10 Marla,2250.0,53333,House,True,17,super hot17Share on FacebookShare on TwitterShare on WhatsAppSend via GMailSend via E-Mail,90,Houses_Islamabad,2026-08-10,https://www.zameen.com/Property/islamabad_d-12_beautiful_location_modern_luxury_house_for_sale_solid_construction-54156863-160-1.html
New House With Basement For Sale,PKR 28 Crore,280000000,9,6,1.2 Kanal,5400.0,51851,House,True,22,super hot22Share on FacebookShare on TwitterShare on WhatsAppSend via GMailSend via E-Mail,90,Houses_Islamabad,2026-08-10,https://www.zameen.com/Property/i_8_i-8_2_new_house_with_basement_for_sale-54365410-3442-1.html
1 Kanal Brand New Fully Furnish Designer House Up For Sale,PKR 12 Crore,120000000,5,6,1 Kanal,4500.0,26666,House,True,27,super hot27Share on FacebookShare on TwitterShare on WhatsAppSend via GMailSend via E-Mail,90,Houses_Islamabad,2026-08-10,https://www.zameen.com/Property/dha_defence_dha_defence_phase_2_1_kanal_brand_new_fully_furnish_designer_house_up_for_sale-54295797-339-1.html
House For Sale In Block A PWD Islamabad,PKR 5.5 Crore,55000000,8,7,14 Marla,3150.0,17460,House,True,11,super hot11Share on FacebookShare on TwitterShare on WhatsAppSend via GMailSend via E-Mail,90,Houses_Islamabad,2026-08-10,https://www.zameen.com/Property/pwd_housing_scheme_pwd_housing_society_-_block_a_house_for_sale_in_block_a_pwd_islamabad-54372626-15004-1.html
3 Kanal Spacious House Available In Bani Gala For sale,PKR 14 Crore,140000000,6,6,3.5 Kanal,15750.0,8888,House,True,29,super hot29Share on FacebookShare on TwitterShare on WhatsAppSend via GMailSend via E-Mail,90,Houses_Islamabad,2026-08-10,https://www.zameen.com/Property/islamabad_bani_gala_3_kanal_spacious_house_available_in_bani_gala_for_sale-54474237-340-1.html
House for sale upper bani gala,PKR 2.4 Crore,24000000,4,4,10 Marla,2250.0,10666,House,True,38,super hot38Share on FacebookShare on TwitterShare on WhatsAppSend via GMailSend via E-Mail,90,Houses_Islamabad,2026-08-10,https://www.zameen.com/Property/islamabad_bani_gala_house_for_sale_upper_bani_gala-54584379-340-1.html
F-11/4 Dead End Street Storey House For Sale,PKR 18.5 Crore,185000000,9,6,1 Kanal,4500.0,41111,House,True,35,super hot35Share on FacebookShare on TwitterShare on WhatsAppSend via GMailSend via E-Mail,90,Houses_Islamabad,2026-08-10,https://www.zameen.com/Property/f_11_f-11_4_f-11_4_dead_end_street_storey_house_for_sale-52016355-3285-1.html
1 Kanal Used House Available For Sale In Prime Location Of Dha 2 Islamabad,PKR 8.5 Crore,85000000,6,6,1 Kanal,4500.0,18888,House,True,9,hot9Share on FacebookShare on TwitterShare on WhatsAppSend via GMailSend via E-Mail,83,Houses_Islamabad,2026-08-10,https://www.zameen.com/Property/dha_defence_dha_defence_phase_2_1_kanal_used_house_available_for_sale_in_prime_location_of_dha_2_islamabad-54375798-339-1.html
Double Road B Block 1 Kanal House Prime Location,PKR 7.5 Crore,75000000,7,7,1 Kanal,4500.0,16666,House,True,47,hot47Share on FacebookShare on TwitterShare on WhatsAppSend via GMailSend via E-Mail,84,Houses_Islamabad,2026-08-10,https://www.zameen.com/Property/top_city_1_top_city_1_-_block_b_double_road_b_block_1_kanal_house_prime_location-52755381-9230-1.html
A Stunning On Excellent Location House Is Up For Grabs In G-13/1 Islamabad,PKR 13 Crore,130000000,6,6,14 Marla,3150.0,41269,House,False,48,hot481VerifiedShare on FacebookShare on TwitterShare on WhatsAppSend via GMailSend via E-Mail,93,Houses_Islamabad,2026-08-10,https://www.zameen.com/Property/g_13_g-13_1_a_stunning_on_excellent_location_house_is_up_for_grabs_in_g-13_1_islamabad-54162755-3337-1.html
25x50 Used But Well Maintained House For Sale Sector G-14/4 Islamabad,PKR 4.82 Crore,48200000,5,6,5 Marla,1125.0,42844,House,False,21,hot21Share on FacebookShare on TwitterShare on WhatsAppSend via GMailSend via E-Mail,84,Houses_Islamabad,2026-08-10,https://www.zameen.com/Property/g_14_g-14_4_25x50_used_but_well_maintained_house_for_sale_sector_g-14_4_islamabad-54551275-3346-1.html
30x60 Brand New Luxury House For Sale Sector G-14/4 Islamabad,PKR 6.9 Crore,69000000,5,6,8 Marla,1800.0,38333,House,False,14,hot14Share on FacebookShare on TwitterShare on WhatsAppSend via GMailSend via E-Mail,84,Houses_Islamabad,2026-08-10,https://www.zameen.com/Property/g_14_g-14_4_30x60_brand_new_luxury_house_for_sale_sector_g-14_4_islamabad-54554150-3346-1.html
8 Marla Brand New House Sector G-14/4 Islamabad,PKR 6.9 Crore,69000000,5,6,8 Marla,1800.0,38333,House,False,30,hot30Share on FacebookShare on TwitterShare on WhatsAppSend via GMailSend via E-Mail,84,Houses_Islamabad,2026-08-10,https://www.zameen.com/Property/g_14_g-14_4_8_marla_brand_new_house_sector_g-14_4_islamabad-54554162-3346-1.html
"Triple Storey 5 Marla House For Sale In E-11 Near To Markaz And Main Double Road (Kfc Cheezious) 150,000 Rent Incoming",PKR 4.5 Crore,45000000,7,6,6 Marla,1350.0,33333,House,False,11,hot11Share on FacebookShare on TwitterShare on WhatsAppSend via GMailSend via E-Mail,84,Houses_Islamabad,2026-08-10,https://www.zameen.com/Property/islamabad_e-11_triple_storey_5_marla_house_for_sale_in_e-11_near_to_markaz_and_main_double_road_kfc_cheezious_150_000_rent_incoming-54119908-329-1.html
Beautiful House Available For Sale In DHA Phase 2 Islamabad,PKR 14.5 Crore,145000000,5,5,10 Marla,2250.0,64444,House,False,21,21Share on FacebookShare on TwitterShare on WhatsAppSend via GMailSend via E-Mail,81,Houses_Islamabad,2026-08-10,https://www.zameen.com/Property/dha_defence_phase_2_dha_phase_2_-_sector_j_beautiful_house_available_for_sale_in_dha_phase_2_islamabad-45059704-8399-1.html
Stylish Brand New House For Sale In Dha Phase 2 Islamabad,PKR 12 Crore,120000000,6,6,1 Kanal,4500.0,26666,House,False,47,471Share on FacebookShare on TwitterShare on WhatsAppSend via GMailSend via E-Mail,82,Houses_Islamabad,2026-08-10,https://www.zameen.com/Property/dha_defence_phase_2_dha_phase_2_-_sector_f_stylish_brand_new_house_for_sale_in_dha_phase_2_islamabad-41496813-3201-1.html
Beautiful Brand New House Available For Sale In Dha Phase 2 Islamabad,PKR 10.5 Crore,105000000,6,6,1 Kanal,4500.0,23333,House,False,36,36Share on FacebookShare on TwitterShare on WhatsAppSend via GMailSend via E-Mail,81,Houses_Islamabad,2026-08-10,https://www.zameen.com/Property/dha_defence_phase_2_dha_phase_2_-_sector_d_beautiful_brand_new_house_available_for_sale_in_dha_phase_2_islamabad-46507013-3199-1.html
30 Marla Furnished Luxury Brand New House For Sale In Dha Phase 2 Islamabad,PKR 25 Crore,250000000,7,6,1.5 Kanal,6750.0,37037,House,False,5,5Share on FacebookShare on TwitterShare on WhatsAppSend via GMailSend via E-Mail,80,Houses_Islamabad,2026-08-10,https://www.zameen.com/Property/dha_defence_phase_2_dha_phase_2_-_sector_g_30_marla_furnished_luxury_brand_new_house_for_sale_in_dha_phase_2_islamabad-45586594-3202-1.html
Mint Condition House For Sale At Prestigious Location F-6/1 Islamabad,PKR 27 Crore,270000000,6,6,16 Marla,3600.0,75000,House,False,16,16Share on FacebookShare on TwitterShare on WhatsAppSend via GMailSend via E-Mail,81,Houses_Islamabad,2026-08-10,https://www.zameen.com/Property/f_6_f-6_1_mint_condition_house_for_sale_at_prestigious_location_f-6_1_islamabad-53990914-3299-1.html
1 Kanal Brand New Home For Sale In Dha Phase 2 Islamabad,PKR 12.5 Crore,125000000,6,6,1 Kanal,4500.0,27777,Unknown,False,28,281Share on FacebookShare on TwitterShare on WhatsAppSend via GMailSend via E-Mail,82,Houses_Islamabad,2026-08-10,https://www.zameen.com/Property/dha_defence_phase_2_dha_phase_2_-_sector_a_1_kanal_brand_new_home_for_sale_in_dha_phase_2_islamabad-45236102-3196-1.html
Kanal Brand New House Available For Sale In Dha Phase 2,PKR 10.5 Crore,105000000,6,6,1 Kanal,4500.0,23333,House,False,31,31Share on FacebookShare on TwitterShare on WhatsAppSend via GMailSend via E-Mail,81,Houses_Islamabad,2026-08-10,https://www.zameen.com/Property/dha_defence_phase_2_dha_phase_2_-_sector_d_kanal_brand_new_house_available_for_sale_in_dha_phase_2-45056218-3199-1.html
2 Kanal Fully Furnished House For Sale In DHA Phase 5 Islamabad,PKR 22 Crore,220000000,6,6,2 Kanal,9000.0,24444,House,False,24,24Share on FacebookShare on TwitterShare on WhatsAppSend via GMailSend via E-Mail,81,Houses_Islamabad,2026-08-10,https://www.zameen.com/Property/dha_defence_phase_2_dha_phase_2_-_sector_a_2_kanal_fully_furnished_house_for_sale_in_dha_phase_5_islamabad-51418968-3196-1.html
5 Marla Brand New House Available For Sale Prime Location In Canal Garden near bahria town lahore,PKR 2.65 Crore,26500000,5,6,5 Marla,1125.0,23555,House,True,37,super hot371VerifiedShare on FacebookShare on TwitterShare on WhatsAppSend via GMailSend via E-Mail,99,Houses_Lahore,2026-08-10,https://www.zameen.com/Property/canal_garden_canal_gardens_-_block_aa_5_marla_brand_new_house_available_for_sale_prime_location_in_canal_garden_near_bahria_town_lahore-54567578-10659-1.html
5.5 Marla Brand New Condition Used House Available For Sale In Canal Garden near Bahria Town Lahore,PKR 1.98 Crore,19800000,4,4,5.5 Marla,1237.5,16000,House,True,11,super hot11Share on FacebookShare on TwitterShare on WhatsAppSend via GMailSend via E-Mail,90,Houses_Lahore,2026-08-10,https://www.zameen.com/Property/lahore_canal_garden_5_5_marla_brand_new_condition_used_house_available_for_sale_in_canal_garden_near_bahria_town_lahore-54568282-1287-1.html
2 Kanal Brand New At A Reasonable Price,PKR 23 Crore,230000000,5,6,2 Kanal,9000.0,25555,Unknown,True,31,super hot31Share on FacebookShare on TwitterShare on WhatsAppSend via GMailSend via E-Mail,90,Houses_Lahore,2026-08-10,https://www.zameen.com/Property/dha_defence_dha_phase_7_2_kanal_brand_new_at_a_reasonable_price-54521517-1450-1.html
100% ORIGINAL PHOTOS | OWNER BUILD 5 MARLA HOUSE FOR SALE IN DHA PHASE 9 TOWN,PKR 3.5 Crore,35000000,3,4,5 Marla,1125.0,31111,House,True,24,super hot24Share on FacebookShare on TwitterShare on WhatsAppSend via GMailSend via E-Mail,90,Houses_Lahore,2026-08-10,https://www.zameen.com/Property/dha_defence_dha_9_town_100_original_photos_owner_build_5_marla_house_for_sale_in_dha_phase_9_town-54486034-1452-1.html
32 Marla Owner build House For sale,PKR 9 Crore,90000000,6,7,1.6 Kanal,7200.0,12500,House,True,11,super hot11Share on FacebookShare on TwitterShare on WhatsAppSend via GMailSend via E-Mail,90,Houses_Lahore,2026-08-10,https://www.zameen.com/Property/lahore_valencia_housing_society_32_marla_owner_build_house_for_sale-54588619-373-1.html
"5 Marla Brand New Modern House for Sale Etihad Town Phase 1, Lahore",PKR 3.65 Crore,36500000,4,4,5 Marla,1125.0,32444,House,True,50,super hot50Share on FacebookShare on TwitterShare on WhatsAppSend via GMailSend via E-Mail,90,Houses_Lahore,2026-08-10,https://www.zameen.com/Property/etihad_town_etihad_town_phase_1_5_marla_brand_new_modern_house_for_sale_etihad_town_phase_1_lahore-54583647-16882-1.html
1 Kanal House For Sale Near Ghalib Market Direct Meeting With Owner Gulberg Lahore,PKR 13.5 Crore,135000000,4,4,1 Kanal,4500.0,30000,House,True,14,super hot14Share on FacebookShare on TwitterShare on WhatsAppSend via GMailSend via E-Mail,90,Houses_Lahore,2026-08-10,https://www.zameen.com/Property/gulberg_gulberg_3_1_kanal_house_for_sale_near_ghalib_market_direct_meeting_with_owner_gulberg_lahore-54483370-3824-1.html
3 MARLA DESIGNER HOUSE FOR SALE,PKR 1.65 Crore,16500000,4,5,3 Marla,675.0,24444,House,True,26,super hot26Share on FacebookShare on TwitterShare on WhatsAppSend via GMailSend via E-Mail,90,Houses_Lahore,2026-08-10,https://www.zameen.com/Property/al_kabir_town_al-kabir_town_-_phase_2_3_marla_designer_house_for_sale-54586610-11704-1.html
3 MARLA BRAND NEW HOUSE FOR SALE,PKR 1.12 Crore,11200000,3,4,3 Marla,675.0,16592,House,True,15,super hot15VerifiedShare on FacebookShare on TwitterShare on WhatsAppSend via GMailSend via E-Mail,98,Houses_Lahore,2026-08-10,https://www.zameen.com/Property/al_kabir_town_al-kabir_town_-_phase_2_3_marla_brand_new_house_for_sale-54348433-11704-1.html
3 MARLA HOUSE MODERN DESIGN,PKR 1.65 Crore,16500000,4,5,6.3 Marla,1417.5,11640,House,True,29,super hot29Share on FacebookShare on TwitterShare on WhatsAppSend via GMailSend via E-Mail,90,Houses_Lahore,2026-08-10,https://www.zameen.com/Property/al_kabir_town_al-kabir_town_-_phase_2_3_marla_house_modern_design-54574056-11704-1.html
Brand New 10 Marla House For Sale In Canal Garden - Block D Lahore,PKR 3.88 Crore,38800000,5,5,10 Marla,2250.0,17244,House,True,5,hot5VerifiedShare on FacebookShare on TwitterShare on WhatsAppSend via GMailSend via E-Mail,91,Houses_Lahore,2026-08-10,https://www.zameen.com/Property/canal_garden_canal_garden_-_block_d_brand_new_10_marla_house_for_sale_in_canal_garden_-_block_d_lahore-54582188-3644-1.html
Well-constructed Brand New House Available For sale In Canal Gardens - Block AA,PKR 2.55 Crore,25500000,5,5,5 Marla,1125.0,22666,House,True,5,hot5VerifiedShare on FacebookShare on TwitterShare on WhatsAppSend via GMailSend via E-Mail,91,Houses_Lahore,2026-08-10,https://www.zameen.com/Property/canal_garden_canal_gardens_-_block_aa_well-constructed_brand_new_house_available_for_sale_in_canal_gardens_-_block_aa-54582193-10659-1.html
10 Marla Most Beautiful House For Sale,PKR 4.65 Crore,46500000,5,6,10 Marla,2250.0,20666,House,False,24,hot24Share on FacebookShare on TwitterShare on WhatsAppSend via GMailSend via E-Mail,84,Houses_Lahore,2026-08-10,https://www.zameen.com/Property/lahore_central_park_housing_scheme_10_marla_most_beautiful_house_for_sale-53759638-1013-1.html
"Prime Location 5 Marla Brand New Modern House for Sale in Sunfort Gardens, Lahore",PKR 3 Crore,30000000,6,6,5 Marla,1125.0,26666,House,False,48,hot48Share on FacebookShare on TwitterShare on WhatsAppSend via GMailSend via E-Mail,84,Houses_Lahore,2026-08-10,https://www.zameen.com/Property/lahore_sunfort_gardens_prime_location_5_marla_brand_new_modern_house_for_sale_in_sunfort_gardens_lahore-54583445-4426-1.html
"Brand New Luxurious 5 Marla House for Sale in Block C Etihad Town Phase 1, Lahore",PKR 3.65 Crore,36500000,4,4,5 Marla,1125.0,32444,House,False,47,hot47Share on FacebookShare on TwitterShare on WhatsAppSend via GMailSend via E-Mail,84,Houses_Lahore,2026-08-10,https://www.zameen.com/Property/etihad_town_phase_1_etihad_town_phase_1_-_block_c_brand_new_luxurious_5_marla_house_for_sale_in_block_c_etihad_town_phase_1_lahore-54584876-21456-1.html
"Modern & Luxurious 5 Marla House for Sale in Block E Etihad Town Phase 1, Lahore",PKR 3.65 Crore,36500000,4,4,5 Marla,1125.0,32444,House,False,47,hot47Share on FacebookShare on TwitterShare on WhatsAppSend via GMailSend via E-Mail,84,Houses_Lahore,2026-08-10,https://www.zameen.com/Property/etihad_town_phase_1_etihad_town_phase_1_-_block_e_modern_luxurious_5_marla_house_for_sale_in_block_e_etihad_town_phase_1_lahore-54584879-21458-1.html
5 Marla Brand New Luxury House With 6 Bedrooms & Rooftop Mumty For Sale In Airline Society Lahore,PKR 3 Crore,30000000,3,6,5 Marla,1125.0,26666,House,False,31,hot31Share on FacebookShare on TwitterShare on WhatsAppSend via GMailSend via E-Mail,84,Houses_Lahore,2026-08-10,https://www.zameen.com/Property/lahore_airline_housing_society_5_marla_brand_new_luxury_house_with_6_bedrooms_rooftop_mumty_for_sale_in_airline_society_lahore-54588105-1290-1.html
5 Marla Brand New Luxurious House For sale in Park View City Lahore,PKR 2.2 Crore,22000000,4,4,5 Marla,1125.0,19555,House,False,9,9Share on FacebookShare on TwitterShare on WhatsAppSend via GMailSend via E-Mail,80,Houses_Lahore,2026-08-10,https://www.zameen.com/Property/lahore_park_view_city_5_marla_brand_new_luxurious_house_for_sale_in_park_view_city_lahore-54429427-1466-1.html
3 Marla House Available For Sale,PKR 80 Lakh,8000000,2,3,3 Marla,675.0,11851,House,False,11,11Share on FacebookShare on TwitterShare on WhatsAppSend via GMailSend via E-Mail,81,Houses_Lahore,2026-08-10,https://www.zameen.com/Property/gt_road_al_kareem_garden_3_marla_house_available_for_sale-54423658-9644-1.html
Reasonable Deal On A 1 Kanal House For Sale,PKR 6.5 Crore,65000000,5,6,1 Kanal,4500.0,14444,House,True,24,24Share on FacebookShare on TwitterShare on WhatsAppSend via GMailSend via E-Mail,81,Houses_Lahore,2026-08-10,https://www.zameen.com/Property/dha_defence_dha_phase_1_reasonable_deal_on_a_1_kanal_house_for_sale-53915155-1442-1.html
4.5 Marla Brand New House Available For Sale In Canal Garden Lahore,PKR 1.8 Crore,18000000,3,5,4.9 Marla,1102.5,16326,House,True,15,15Share on FacebookShare on TwitterShare on WhatsAppSend via GMailSend via E-Mail,81,Houses_Lahore,2026-08-10,https://www.zameen.com/Property/lahore_canal_garden_4_5_marla_brand_new_house_available_for_sale_in_canal_garden_lahore-54531665-1287-1.html
Spacious 10 Marla House for Sale | Hussain Block | Bahria Town Lahore,PKR 3.25 Crore,32500000,5,6,10 Marla,2250.0,14444,House,True,43,43Share on FacebookShare on TwitterShare on WhatsAppSend via GMailSend via E-Mail,81,Houses_Lahore,2026-08-10,https://www.zameen.com/Property/bahria_town_bahria_town_-_sector_c_spacious_10_marla_house_for_sale_hussain_block_bahria_town_lahore-54498754-1784-1.html
"1 Kanal Double Storey House For Sale In Sector A1, Township, Lahore",PKR 6 Crore,60000000,5,6,1 Kanal,4500.0,13333,House,False,17,17Share on FacebookShare on TwitterShare on WhatsAppSend via GMailSend via E-Mail,81,Houses_Lahore,2026-08-10,https://www.zameen.com/Property/township_township_-_sector_a1_1_kanal_double_storey_house_for_sale_in_sector_a1_township_lahore-54007932-4254-1.html
1 Kanal Fully Furnished Modern Luxury House For Sale In DHA Phase 7 Prime Location,PKR 13.75 Crore,137500000,5,6,1 Kanal,4500.0,30555,House,True,24,24Share on FacebookShare on TwitterShare on WhatsAppSend via GMailSend via E-Mail,81,Houses_Lahore,2026-08-10,https://www.zameen.com/Property/dha_defence_dha_phase_7_1_kanal_fully_furnished_modern_luxury_house_for_sale_in_dha_phase_7_prime_location-53924865-1450-1.html
"4.5 Marla Corner House for Sale in Tulip Block, Canal Garden Lahore | Prime Location",PKR 1.9 Crore,19000000,3,4,4 Marla,900.0,21111,House,True,12,12Share on FacebookShare on TwitterShare on WhatsAppSend via GMailSend via E-Mail,81,Houses_Lahore,2026-08-10,https://www.zameen.com/Property/lahore_canal_garden_4_5_marla_corner_house_for_sale_in_tulip_block_canal_garden_lahore_prime_location-54461559-1287-1.html
8 Marla House For Sale Divine Gardens,PKR 3.15 Crore,31500000,3,5,8 Marla,1800.0,17500,House,True,25,super hot25Share on FacebookShare on TwitterShare on WhatsAppSend via GMailSend via E-Mail,90,Houses_Lahore,2026-08-10,https://www.zameen.com/Property/lahore_divine_gardens_8_marla_house_for_sale_divine_gardens-54351523-1487-1.html
"7 Marla House For Sale DHA Phase 8, Y Block",PKR 4.9 Crore,49000000,4,5,7 Marla,1575.0,31111,House,True,25,super hot25Share on FacebookShare on TwitterShare on WhatsAppSend via GMailSend via E-Mail,90,Houses_Lahore,2026-08-10,https://www.zameen.com/Property/dha_defence_dha_phase_8_7_marla_house_for_sale_dha_phase_8_y_block-54351452-1451-1.html
*3 Marla Double-Story Corner House for Sale*,PKR 1.55 Crore,15500000,3,4,3 Marla,675.0,22962,House,True,16,super hot16Share on FacebookShare on TwitterShare on WhatsAppSend via GMailSend via E-Mail,90,Houses_Lahore,2026-08-10,https://www.zameen.com/Property/lahore_airport_road_3_marla_double-story_corner_house_for_sale-54591054-8347-1.html
1 KANAL LAWN PLUS 1 KANAL BRAND NEW ULTRA MODERN FULLY FURNISHED LUXURY VILLA FOR SALE IN PHASE 6 NEAR TO RAYA.,PKR 14.45 Crore,144500000,5,6,2 Kanal,9000.0,16055,House,True,45,super hot45Share on FacebookShare on TwitterShare on WhatsAppSend via GMailSend via E-Mail,90,Houses_Lahore,2026-08-10,https://www.zameen.com/Property/dha_defence_dha_phase_6_1_kanal_lawn_plus_1_kanal_brand_new_ultra_modern_fully_furnished_luxury_villa_for_sale_in_phase_6_near_to_raya-54333363-1448-1.html
"Luxury 10 Marla House Available for Sale in Etihad Town Phase 1 Prime Location, Lahore",PKR 6.25 Crore,62500000,6,6,10 Marla,2250.0,27777,House,True,19,super hot191Share on FacebookShare on TwitterShare on WhatsAppSend via GMailSend via E-Mail,91,Houses_Lahore,2026-08-10,https://www.zameen.com/Property/etihad_town_etihad_town_phase_1_luxury_10_marla_house_available_for_sale_in_etihad_town_phase_1_prime_location_lahore-54290898-16882-1.html
10 Marla New House For Sale Overseas C Bahria Town Lahore,PKR 4 Crore,40000000,5,6,10 Marla,2250.0,17777,House,True,29,super hot29Share on FacebookShare on TwitterShare on WhatsAppSend via GMailSend via E-Mail,90,Houses_Lahore,2026-08-10,https://www.zameen.com/Property/bahria_town_overseas_enclave_bahria_town_-_overseas_c_10_marla_new_house_for_sale_overseas_c_bahria_town_lahore-54479774-17552-1.html
1 Kanal Double Unit House For Sale DHA Phase 3 Block X (Next To Corner),PKR 7.9 Crore,79000000,5,6,1 Kanal,4500.0,17555,House,True,18,super hot18Share on FacebookShare on TwitterShare on WhatsAppSend via GMailSend via E-Mail,90,Houses_Lahore,2026-08-10,https://www.zameen.com/Property/dha_phase_3_dha_phase_3_-_block_x_1_kanal_double_unit_house_for_sale_dha_phase_3_block_x_next_to_corner-54297350-1585-1.html
1 Kanal House For Sale In Dha Phase 5 Block L,PKR 5.9 Crore,59000000,5,6,10 Marla,2250.0,26222,House,True,31,super hot31Share on FacebookShare on TwitterShare on WhatsAppSend via GMailSend via E-Mail,90,Houses_Lahore,2026-08-10,https://www.zameen.com/Property/dha_phase_5_dha_phase_5_-_block_l_1_kanal_house_for_sale_in_dha_phase_5_block_l-54297304-1608-1.html
On Excellent Location 5 Marla House For sale In Rs. 24500000 Only,PKR 2.45 Crore,24500000,,,5 Marla,1125.0,21777,House,True,13,super hot13Share on FacebookShare on TwitterShare on WhatsAppSend via GMailSend via E-Mail,90,Houses_Lahore,2026-08-10,https://www.zameen.com/Property/bismillah_housing_scheme_bismillah_housing_scheme_-_hussain_block_on_excellent_location_5_marla_house_for_sale_in_rs_24500000_only-54278287-15554-1.html
Brand New 5 Marla House Available In Canal Garden - Block E For sale,PKR 2.45 Crore,24500000,5,5,5 Marla,1125.0,21777,House,True,5,hot5VerifiedShare on FacebookShare on TwitterShare on WhatsAppSend via GMailSend via E-Mail,91,Houses_Lahore,2026-08-10,https://www.zameen.com/Property/canal_garden_canal_garden_-_block_e_brand_new_5_marla_house_available_in_canal_garden_-_block_e_for_sale-54582199-3645-1.html
2 Kanal Owner Built House For Sale At A Prime Location Of DHA Phase 6,PKR 21 Crore,210000000,4,5,2 Kanal,9000.0,23333,House,True,15,hot15Share on FacebookShare on TwitterShare on WhatsAppSend via GMailSend via E-Mail,84,Houses_Lahore,2026-08-10,https://www.zameen.com/Property/dha_defence_dha_phase_6_2_kanal_owner_built_house_for_sale_at_a_prime_location_of_dha_phase_6-53894925-1448-1.html
5 Marla Brand New Luxury House With 6 Bedrooms & Rooftop Mumty For Sale In Airline Society Lahore,PKR 3 Crore,30000000,3,6,5 Marla,1125.0,26666,House,False,26,hot26Share on FacebookShare on TwitterShare on WhatsAppSend via GMailSend via E-Mail,84,Houses_Lahore,2026-08-10,https://www.zameen.com/Property/lahore_airline_housing_society_5_marla_brand_new_luxury_house_with_6_bedrooms_rooftop_mumty_for_sale_in_airline_society_lahore-54588115-1290-1.html
"Brand New Luxury 5 Marla House for Sale in Sunfort Gardens, Lahore",PKR 3 Crore,30000000,6,6,5 Marla,1125.0,26666,House,False,50,hot50Share on FacebookShare on TwitterShare on WhatsAppSend via GMailSend via E-Mail,84,Houses_Lahore,2026-08-10,https://www.zameen.com/Property/lahore_sunfort_gardens_brand_new_luxury_5_marla_house_for_sale_in_sunfort_gardens_lahore-54582890-4426-1.html
1 Kanal Single Storey House In LDA Avenue,PKR 3.6 Crore,36000000,3,3,1 Kanal,4500.0,8000,House,False,11,hot11Share on FacebookShare on TwitterShare on WhatsAppSend via GMailSend via E-Mail,84,Houses_Lahore,2026-08-10,https://www.zameen.com/Property/lahore_lda_avenue_1_kanal_single_storey_house_in_lda_avenue-54559379-547-1.html
4 Marla House For Sale In Paragon City Lahore,PKR 1.8 Crore,18000000,3,4,4 Marla,900.0,20000,House,False,12,hot12Share on FacebookShare on TwitterShare on WhatsAppSend via GMailSend via E-Mail,84,Houses_Lahore,2026-08-10,https://www.zameen.com/Property/lahore_paragon_city_4_marla_house_for_sale_in_paragon_city_lahore-50955129-1014-1.html
10 Marla House For Sale In Paragon City Lahore,PKR 4.75 Crore,47500000,5,6,10 Marla,2250.0,21111,House,False,21,hot21Share on FacebookShare on TwitterShare on WhatsAppSend via GMailSend via E-Mail,84,Houses_Lahore,2026-08-10,https://www.zameen.com/Property/lahore_paragon_city_10_marla_house_for_sale_in_paragon_city_lahore-50912616-1014-1.html
1 Kanal Fully Furnished Ultra Luxury Brand New Modern House For Sale in Phase L Block Phase 6 DHA Lahore,PKR 8.85 Crore,88500000,5,6,1 Kanal,4500.0,19666,House,True,48,48Share on FacebookShare on TwitterShare on WhatsAppSend via GMailSend via E-Mail,81,Houses_Lahore,2026-08-10,https://www.zameen.com/Property/dha_phase_6_dha_phase_6_-_block_l_1_kanal_fully_furnished_ultra_luxury_brand_new_modern_house_for_sale_in_phase_l_block_phase_6_dha_lahore-52041149-1620-1.html
1 Kanal Prime Location Luxury House For Sale In K Block Phase 6 DHA Lahore,PKR 9.65 Crore,96500000,7,7,1 Kanal,4500.0,21444,House,True,50,50Share on FacebookShare on TwitterShare on WhatsAppSend via GMailSend via E-Mail,81,Houses_Lahore,2026-08-10,https://www.zameen.com/Property/dha_phase_6_dha_phase_6_-_block_k_1_kanal_prime_location_luxury_house_for_sale_in_k_block_phase_6_dha_lahore-52041044-1619-1.html
1 Kanal Brand New Luxury House Nearby DHA Raya In S Block Phase 7 DHA Lahore,PKR 7.15 Crore,71500000,5,6,1 Kanal,4500.0,15888,House,True,37,37Share on FacebookShare on TwitterShare on WhatsAppSend via GMailSend via E-Mail,81,Houses_Lahore,2026-08-10,https://www.zameen.com/Property/dha_phase_7_dha_phase_7_-_block_s_1_kanal_brand_new_luxury_house_nearby_dha_raya_in_s_block_phase_7_dha_lahore-52005951-1626-1.html
100% Original Available Kanal Brand New Luxury Spanish Villa at Nearby Dolmen Mall in G Block Phase 6 DHA Lahore,PKR 8.75 Crore,87500000,5,6,1 Kanal,4500.0,19444,House,True,46,46Share on FacebookShare on TwitterShare on WhatsAppSend via GMailSend via E-Mail,81,Houses_Lahore,2026-08-10,https://www.zameen.com/Property/dha_phase_6_dha_phase_6_-_block_g_100_original_available_kanal_brand_new_luxury_spanish_villa_at_nearby_dolmen_mall_in_g_block_phase_6_dha_lahore-52005852-1616-1.html
12.5 Marla Spacious House For Sale In Ali Colony Walton Road Cantt Lahore,PKR 4 Crore,40000000,6,7,12.5 Marla,2812.5,14222,House,False,9,9Share on FacebookShare on TwitterShare on WhatsAppSend via GMailSend via E-Mail,80,Houses_Lahore,2026-08-10,https://www.zameen.com/Property/walton_road_ali_colony_12_5_marla_spacious_house_for_sale_in_ali_colony_walton_road_cantt_lahore-54043214-19235-1.html
100% Available Option 1 Kanal Prime Location Bungalow Nearby Dolmen Mall In C Block Phase 6 DHA Lahore,PKR 8.75 Crore,87500000,5,6,1 Kanal,4500.0,19444,House,True,46,46Share on FacebookShare on TwitterShare on WhatsAppSend via GMailSend via E-Mail,81,Houses_Lahore,2026-08-10,https://www.zameen.com/Property/dha_phase_6_dha_phase_6_-_block_c_100_available_option_1_kanal_prime_location_bungalow_nearby_dolmen_mall_in_c_block_phase_6_dha_lahore-52005826-1612-1.html
10 Marla Corner Brand New Modern Design Lavish House For Sale In DHA Phase 6,PKR 6.55 Crore,65500000,4,5,10 Marla,2250.0,29111,House,True,44,44Share on FacebookShare on TwitterShare on WhatsAppSend via GMailSend via E-Mail,81,Houses_Lahore,2026-08-10,https://www.zameen.com/Property/dha_defence_dha_phase_6_10_marla_corner_brand_new_modern_design_lavish_house_for_sale_in_dha_phase_6-54511032-1448-1.html
Prime Location 1 Kanal House Available For Sale In DHA Phase 8 W Block Lahore,PKR 11.65 Crore,116500000,5,6,1 Kanal,4500.0,25888,House,True,31,31Share on FacebookShare on TwitterShare on WhatsAppSend via GMailSend via E-Mail,81,Houses_Lahore,2026-08-10,https://www.zameen.com/Property/dha_phase_8_dha_phase_8_-_block_w_prime_location_1_kanal_house_available_for_sale_in_dha_phase_8_w_block_lahore-51298928-1638-1.html
2 Bed Townhouse for Sale On 5 Year Installment Plan,PKR 1.39 Crore,13899999,1,2,5 Marla,1125.0,12355,House,True,9,super hot9Share on FacebookShare on TwitterShare on WhatsAppSend via GMailSend via E-Mail,89,Houses_Lahore,2026-08-10,https://www.zameen.com/Property/lake_city_sector_m_8_lake_city_townhouses_2_bed_townhouse_for_sale_on_5_year_installment_plan-54511344-21955-1.html
5 Marla Brand New House For Sale In Lake City - Sector M-6 Main Boulevard Lake City Raiwind Road Lahore,PKR 3.6 Crore,36000000,4,5,5 Marla,1125.0,32000,House,True,22,super hot22Share on FacebookShare on TwitterShare on WhatsAppSend via GMailSend via E-Mail,90,Houses_Lahore,2026-08-10,https://www.zameen.com/Property/raiwind_road_lake_city_5_marla_brand_new_house_for_sale_in_lake_city_-_sector_m-6_main_boulevard_lake_city_raiwind_road_lahore-54557551-1103-1.html
12 Marla Brand New House For Sale In Lake City Raiwind Road Lahore,PKR 6 Crore,60000000,6,6,12 Marla,2700.0,22222,House,True,16,super hot16Share on FacebookShare on TwitterShare on WhatsAppSend via GMailSend via E-Mail,90,Houses_Lahore,2026-08-10,https://www.zameen.com/Property/raiwind_road_lake_city_12_marla_brand_new_house_for_sale_in_lake_city_raiwind_road_lahore-53952241-1103-1.html
MODERN DESIGN BASMENT MOST REASONABLE HOUSE,PKR 7.25 Crore,72500000,5,6,1 Kanal,4500.0,16111,House,True,29,super hot29Share on FacebookShare on TwitterShare on WhatsAppSend via GMailSend via E-Mail,90,Houses_Lahore,2026-08-10,https://www.zameen.com/Property/dha_phase_7_dha_phase_7_-_block_s_modern_design_basment_most_reasonable_house-53680791-1626-1.html
5 Marla Ultra Modern Designer House For Sale in Lake City Lahore,PKR 3.24 Crore,32400000,4,5,5 Marla,1125.0,28800,House,True,17,super hot17Share on FacebookShare on TwitterShare on WhatsAppSend via GMailSend via E-Mail,90,Houses_Lahore,2026-08-10,https://www.zameen.com/Property/lake_city_lake_city_-_sector_m-7b_5_marla_ultra_modern_designer_house_for_sale_in_lake_city_lahore-54520967-19059-1.html
5 Marla House For Sale,PKR 2.2 Crore,22000000,5,6,5 Marla,1125.0,19555,House,True,16,super hot16Share on FacebookShare on TwitterShare on WhatsAppSend via GMailSend via E-Mail,90,Houses_Lahore,2026-08-10,https://www.zameen.com/Property/gt_road_bismillah_housing_scheme_5_marla_house_for_sale-54569302-8446-1.html
5 MARLA HOUSE FOR SALE,PKR 2.55 Crore,25500000,4,5,5 Marla,1125.0,22666,House,True,24,super hot24Share on FacebookShare on TwitterShare on WhatsAppSend via GMailSend via E-Mail,90,Houses_Lahore,2026-08-10,https://www.zameen.com/Property/gt_road_bismillah_housing_scheme_5_marla_house_for_sale-54225659-8446-1.html
3 Marla House For Sale,PKR 1.35 Crore,13500000,3,4,3 Marla,675.0,20000,House,True,13,super hot13VerifiedShare on FacebookShare on TwitterShare on WhatsAppSend via GMailSend via E-Mail,98,Houses_Lahore,2026-08-10,https://www.zameen.com/Property/gt_road_bismillah_housing_scheme_3_marla_house_for_sale-53997771-8446-1.html
10 Marla Corner House For Sale,PKR 4.9 Crore,49000000,6,6,10 Marla,2250.0,21777,House,True,34,super hot34Share on FacebookShare on TwitterShare on WhatsAppSend via GMailSend via E-Mail,90,Houses_Lahore,2026-08-10,https://www.zameen.com/Property/gt_road_bismillah_housing_scheme_10_marla_corner_house_for_sale-54418542-8446-1.html
3 Marla Brand New House For Sale In Al Kabir Town Phase 2 Main Raiwind Road Lahore,PKR 1.42 Crore,14200000,3,3,3 Marla,675.0,21037,House,True,23,super hot23Share on FacebookShare on TwitterShare on WhatsAppSend via GMailSend via E-Mail,90,Houses_Lahore,2026-08-10,https://www.zameen.com/Property/al_kabir_town_al-kabir_town_-_phase_2_3_marla_brand_new_house_for_sale_in_al_kabir_town_phase_2_main_raiwind_road_lahore-54479594-11704-1.html
"22 Marla Modern Owner-Built Corner House With Lift, Basement & Swimming Pool For Sale In Prime Location Of DHA Phase 5 Lahore",PKR 18.9 Crore,189000000,6,6,1.1 Kanal,4950.0,38181,House,True,10,hot10Share on FacebookShare on TwitterShare on WhatsAppSend via GMailSend via E-Mail,84,Houses_Lahore,2026-08-10,https://www.zameen.com/Property/dha_phase_5_dha_phase_5_-_block_e_22_marla_modern_owner-built_corner_house_with_lift_basement_swimming_pool_for_sale_in_prime_location_of_dha_phase_5_lahore-53921691-1602-1.html
Kanal Meditation Design Designer Bungalow Nearby Carrefour & Raya In T Block Phase 7 DHA Lahore,PKR 9.5 Crore,95000000,5,6,1 Kanal,4500.0,21111,House,True,38,hot38Share on FacebookShare on TwitterShare on WhatsAppSend via GMailSend via E-Mail,84,Houses_Lahore,2026-08-10,https://www.zameen.com/Property/dha_phase_7_dha_phase_7_-_block_t_kanal_meditation_design_designer_bungalow_nearby_carrefour_raya_in_t_block_phase_7_dha_lahore-52005922-1627-1.html
1 Kanal House For Sale In Paragon City Lahore,PKR 10.5 Crore,105000000,6,7,1 Kanal,4500.0,23333,House,False,12,hot12Share on FacebookShare on TwitterShare on WhatsAppSend via GMailSend via E-Mail,84,Houses_Lahore,2026-08-10,https://www.zameen.com/Property/lahore_paragon_city_1_kanal_house_for_sale_in_paragon_city_lahore-50911002-1014-1.html
5 Marla House For Sale Near To Emporium Mall,PKR 2.7 Crore,27000000,6,6,5 Marla,1125.0,24000,House,False,22,hot22Share on FacebookShare on TwitterShare on WhatsAppSend via GMailSend via E-Mail,84,Houses_Lahore,2026-08-10,https://www.zameen.com/Property/johar_town_johar_town_phase_2_5_marla_house_for_sale_near_to_emporium_mall-54308425-3961-1.html
10 Marla House For Sale In Paragon City Lahore,PKR 4.5 Crore,45000000,5,6,10 Marla,2250.0,20000,House,False,24,hot24Share on FacebookShare on TwitterShare on WhatsAppSend via GMailSend via E-Mail,84,Houses_Lahore,2026-08-10,https://www.zameen.com/Property/lahore_paragon_city_10_marla_house_for_sale_in_paragon_city_lahore-50904469-1014-1.html
5 Marla House For Sale Near To Emporium Mall,PKR 2.85 Crore,28500000,5,6,5 Marla,1125.0,25333,House,False,17,hot17Share on FacebookShare on TwitterShare on WhatsAppSend via GMailSend via E-Mail,84,Houses_Lahore,2026-08-10,https://www.zameen.com/Property/johar_town_johar_town_phase_2_5_marla_house_for_sale_near_to_emporium_mall-54476641-3961-1.html
10 Marla Brand New Ultra Modern House In DHA Phase 7,PKR 6 Crore,60000000,4,5,10 Marla,2250.0,26666,House,True,50,50Share on FacebookShare on TwitterShare on WhatsAppSend via GMailSend via E-Mail,81,Houses_Lahore,2026-08-10,https://www.zameen.com/Property/dha_defence_dha_phase_7_10_marla_brand_new_ultra_modern_house_in_dha_phase_7-54511084-1450-1.html
"Main Back Top Location - 1 Kanal Fully Furnished Luxury Modern House For Sale In GG Block, Phase 4 DHA Lahore",PKR 7.7 Crore,77000000,5,5,1 Kanal,4500.0,17111,House,True,23,23Share on FacebookShare on TwitterShare on WhatsAppSend via GMailSend via E-Mail,81,Houses_Lahore,2026-08-10,https://www.zameen.com/Property/dha_phase_4_dha_phase_4_-_block_gg_main_back_top_location_-_1_kanal_fully_furnished_luxury_modern_house_for_sale_in_gg_block_phase_4_dha_lahore-52041790-1595-1.html
"1 Kanal Luxury Modern House For Sale In DD Block, Phase 4 DHA Lahore",PKR 8 Crore,80000000,5,6,1 Kanal,4500.0,17777,House,True,21,21Share on FacebookShare on TwitterShare on WhatsAppSend via GMailSend via E-Mail,81,Houses_Lahore,2026-08-10,https://www.zameen.com/Property/dha_phase_4_dha_phase_4_-_block_dd_1_kanal_luxury_modern_house_for_sale_in_dd_block_phase_4_dha_lahore-52041775-1592-1.html
"Brand New 1 Kanal Luxury Modern House For Sale In Q Block, Phase 7 DHA Lahore",PKR 7.25 Crore,72500000,5,5,1 Kanal,4500.0,16111,House,True,44,44Share on FacebookShare on TwitterShare on WhatsAppSend via GMailSend via E-Mail,81,Houses_Lahore,2026-08-10,https://www.zameen.com/Property/dha_phase_7_dha_phase_7_-_block_q_brand_new_1_kanal_luxury_modern_house_for_sale_in_q_block_phase_7_dha_lahore-52041736-1624-1.html
Near To Jalal Sons & Park 1 Kanal Spanish Design Luxurious House,PKR 8.5 Crore,85000000,5,6,1 Kanal,4500.0,18888,House,True,44,44Share on FacebookShare on TwitterShare on WhatsAppSend via GMailSend via E-Mail,81,Houses_Lahore,2026-08-10,https://www.zameen.com/Property/dha_phase_5_dha_phase_5_-_block_e_near_to_jalal_sons_park_1_kanal_spanish_design_luxurious_house-52041713-1602-1.html
100% Original House | 1 Kanal Brand New House Located on Back of Main Road and Nearby Park in H Block Phase 6 DHA Lahore,PKR 8.75 Crore,87500000,5,6,1 Kanal,4500.0,19444,House,True,34,34Share on FacebookShare on TwitterShare on WhatsAppSend via GMailSend via E-Mail,81,Houses_Lahore,2026-08-10,https://www.zameen.com/Property/dha_phase_6_dha_phase_6_-_block_h_100_original_house_1_kanal_brand_new_house_located_on_back_of_main_road_and_nearby_park_in_h_block_phase_6_dha_lahore-52041488-1617-1.html
1 Kanal Brand New Luxury Spacious House For Sale In N Block Phase 6 DHA Lahore,PKR 8.85 Crore,88500000,5,6,1 Kanal,4500.0,19666,House,True,38,38Share on FacebookShare on TwitterShare on WhatsAppSend via GMailSend via E-Mail,81,Houses_Lahore,2026-08-10,https://www.zameen.com/Property/dha_phase_6_dha_phase_6_-_block_n_1_kanal_brand_new_luxury_spacious_house_for_sale_in_n_block_phase_6_dha_lahore-52041420-1622-1.html
1 Kanal Brand New Furnished House For Sale,PKR 15 Crore,150000000,5,6,1 Kanal,4500.0,33333,House,True,26,26Share on FacebookShare on TwitterShare on WhatsAppSend via GMailSend via E-Mail,81,Houses_Lahore,2026-08-10,https://www.zameen.com/Property/dha_defence_dha_phase_7_1_kanal_brand_new_furnished_house_for_sale-54558636-1450-1.html
5 Marla Ultra Modern Designer House Near to Lake City Mall & Mosque For Sale in Lake City Sector M-6,PKR 3.75 Crore,37500000,4,5,5 Marla,1125.0,33333,House,True,20,super hot20Share on FacebookShare on TwitterShare on WhatsAppSend via GMailSend via E-Mail,90,Houses_Lahore,2026-08-10,https://www.zameen.com/Property/lake_city_lake_city_-_sector_m-6_5_marla_ultra_modern_designer_house_near_to_lake_city_mall_mosque_for_sale_in_lake_city_sector_m-6-54529035-4008-1.html
3 Years Installment Plan Luxury 10 Marla Brand New House In Park View City Lahore,PKR 1.7 Crore,17000000,4,4,5 Marla,1125.0,15111,House,True,14,super hot14Share on FacebookShare on TwitterShare on WhatsAppSend via GMailSend via E-Mail,90,Houses_Lahore,2026-08-10,https://www.zameen.com/Property/park_view_city_park_view_city_-_crystal_block_3_years_installment_plan_luxury_10_marla_brand_new_house_in_park_view_city_lahore-53243424-17960-1.html
5 Marla Brand New House Available For Sale In Lake City,PKR 3.75 Crore,37500000,4,4,5 Marla,1125.0,33333,House,True,12,super hot12Share on FacebookShare on TwitterShare on WhatsAppSend via GMailSend via E-Mail,90,Houses_Lahore,2026-08-10,https://www.zameen.com/Property/raiwind_road_lake_city_5_marla_brand_new_house_available_for_sale_in_lake_city-54536744-1103-1.html
Kanal Luxury Modern House Available For Sale,PKR 5.4 Crore,54000000,5,5,10 Marla,2250.0,24000,House,True,24,super hot24Share on FacebookShare on TwitterShare on WhatsAppSend via GMailSend via E-Mail,90,Houses_Lahore,2026-08-10,https://www.zameen.com/Property/dha_defence_dha_phase_7_kanal_luxury_modern_house_available_for_sale-54536649-1450-1.html
"5 Marla Modern Design Lavish House For Sale In Park View City Lahore | For Discounted Price And Original Pictures Download The App ""Signature Lands",PKR 1.8 Crore,18000000,4,4,5 Marla,1125.0,16000,House,True,13,super hot13Share on FacebookShare on TwitterShare on WhatsAppSend via GMailSend via E-Mail,90,Houses_Lahore,2026-08-10,https://www.zameen.com/Property/lahore_park_view_city_5_marla_modern_design_lavish_house_for_sale_in_park_view_city_lahore_for_discounted_price_and_original_pictures_download_the_app_signature_lands-54546004-1466-1.html
2 Kanal Luxury House For Sale,PKR 18 Crore,180000000,7,7,2 Kanal,9000.0,20000,House,True,10,super hot10Share on FacebookShare on TwitterShare on WhatsAppSend via GMailSend via E-Mail,90,Houses_Lahore,2026-08-10,https://www.zameen.com/Property/lahore_new_garden_town_2_kanal_luxury_house_for_sale-54532902-16690-1.html
5 Marla Ultra Luxury House Modern Design For Sale In Bahria Orchard,PKR 2.05 Crore,20500000,3,4,5 Marla,1125.0,18222,House,True,6,super hot6Share on FacebookShare on TwitterShare on WhatsAppSend via GMailSend via E-Mail,89,Houses_Lahore,2026-08-10,https://www.zameen.com/Property/bahria_orchard_bahria_orchard_phase_2_5_marla_ultra_luxury_house_modern_design_for_sale_in_bahria_orchard-54581721-8236-1.html
1 Kanal Top Quality Build Luxurious Beautiful Modern Design Villa With Basement For Sale In DHA Lahore Phase 7 Prime Location,PKR 11.25 Crore,112500000,5,6,1 Kanal,4500.0,25000,House,True,30,super hot30Share on FacebookShare on TwitterShare on WhatsAppSend via GMailSend via E-Mail,90,Houses_Lahore,2026-08-10,https://www.zameen.com/Property/dha_defence_dha_phase_7_1_kanal_top_quality_build_luxurious_beautiful_modern_design_villa_with_basement_for_sale_in_dha_lahore_phase_7_prime_location-54558690-1450-1.html
20 Marla Brand New Modern House For Sale In DHA Phase 7,PKR 7.35 Crore,73500000,5,6,1 Kanal,4500.0,16333,House,True,21,super hot21Share on FacebookShare on TwitterShare on WhatsAppSend via GMailSend via E-Mail,90,Houses_Lahore,2026-08-10,https://www.zameen.com/Property/dha_defence_dha_phase_7_20_marla_brand_new_modern_house_for_sale_in_dha_phase_7-54149748-1450-1.html
,PKR 1.25 Crore,12500000,,,4.9 Marla,1102.5,11337,House,True,10,super hot10Share on FacebookShare on TwitterShare on WhatsAppSend via GMailSend via E-Mail,90,Houses_Lahore,2026-08-10,https://www.zameen.com/new-projects/chahar_bagh_west_end-6631.html
Kanal Brand New Modern Lines Designer Bungalow Nearby Tim Horton And KFC In J Block Phase 6 DHA Lahore,PKR 9.5 Crore,95000000,5,6,1 Kanal,4500.0,21111,House,True,49,hot49Share on FacebookShare on TwitterShare on WhatsAppSend via GMailSend via E-Mail,84,Houses_Lahore,2026-08-10,https://www.zameen.com/Property/dha_phase_6_dha_phase_6_-_block_j_kanal_brand_new_modern_lines_designer_bungalow_nearby_tim_horton_and_kfc_in_j_block_phase_6_dha_lahore-52005871-1618-1.html
100% Original Kanal Brand New Luxury Full Basement Nearby Raya Pool In Bedroom First Ever Full Designer Bungalow In M Block Phase 6 DHA Lahore,PKR 19.95 Crore,199500000,19,6,1 Kanal,4500.0,44333,House,True,50,hot50Share on FacebookShare on TwitterShare on WhatsAppSend via GMailSend via E-Mail,84,Houses_Lahore,2026-08-10,https://www.zameen.com/Property/dha_phase_6_dha_phase_6_-_block_m_100_original_kanal_brand_new_luxury_full_basement_nearby_raya_pool_in_bedroom_first_ever_full_designer_bungalow_in_m_block_phase_6_dha_lahore-52005786-1621-1.html
1 Kanal House For Sale In Paragon City Lahore,PKR 9.25 Crore,92500000,6,6,1 Kanal,4500.0,20555,House,False,26,hot26Share on FacebookShare on TwitterShare on WhatsAppSend via GMailSend via E-Mail,84,Houses_Lahore,2026-08-10,https://www.zameen.com/Property/lahore_paragon_city_1_kanal_house_for_sale_in_paragon_city_lahore-50644832-1014-1.html
12 Marla Well Maintained Spacious Used House Available For Urgent Sale,PKR 4.1 Crore,41000000,5,6,12 Marla,2700.0,15185,House,False,10,hot10Share on FacebookShare on TwitterShare on WhatsAppSend via GMailSend via E-Mail,84,Houses_Lahore,2026-08-10,https://www.zameen.com/Property/johar_town_johar_town_phase_2_12_marla_well_maintained_spacious_used_house_available_for_urgent_sale-54583389-3961-1.html
5 Marla Brand New Modern House For Sale In Bahria Town,PKR 2.3 Crore,23000000,4,5,6 Marla,1350.0,17037,House,False,19,hot19Share on FacebookShare on TwitterShare on WhatsAppSend via GMailSend via E-Mail,84,Houses_Lahore,2026-08-10,https://www.zameen.com/Property/bahria_town_bahria_town_-_sector_e_5_marla_brand_new_modern_house_for_sale_in_bahria_town-54160356-1802-1.html
1.5 Kanal House in Brand New Condition Sale 100% Original Pictures Attached Gulberg 3 Lahore,PKR 25 Crore,250000000,3,3,1.5 Kanal,6750.0,37037,House,False,16,hot16Share on FacebookShare on TwitterShare on WhatsAppSend via GMailSend via E-Mail,84,Houses_Lahore,2026-08-10,https://www.zameen.com/Property/gulberg_gulberg_3_1_5_kanal_house_in_brand_new_condition_sale_100_original_pictures_attached_gulberg_3_lahore-54362402-3824-1.html
10 MARLA MOST LUXURIOUS HOUSE FOR SALE IN BAHRIA TOWN LAHORE,PKR 4 Crore,40000000,5,6,10 Marla,2250.0,17777,House,False,22,hot22Share on FacebookShare on TwitterShare on WhatsAppSend via GMailSend via E-Mail,84,Houses_Lahore,2026-08-10,https://www.zameen.com/Property/bahria_town_bahria_town_-_sector_c_10_marla_most_luxurious_house_for_sale_in_bahria_town_lahore-53826943-1784-1.html
1 Kanal Brand New Designer House For Sale,PKR 15 Crore,150000000,5,6,1 Kanal,4500.0,33333,House,True,16,16Share on FacebookShare on TwitterShare on WhatsAppSend via GMailSend via E-Mail,81,Houses_Lahore,2026-08-10,https://www.zameen.com/Property/dha_defence_dha_phase_7_1_kanal_brand_new_designer_house_for_sale-54558673-1450-1.html
FOR SALE Brand New Luxury 5 Marla Corner House,PKR 3.5 Crore,35000000,3,4,5 Marla,1125.0,31111,House,True,26,26Share on FacebookShare on TwitterShare on WhatsAppSend via GMailSend via E-Mail,81,Houses_Lahore,2026-08-10,https://www.zameen.com/Property/dha_defence_dha_9_town_for_sale_brand_new_luxury_5_marla_corner_house-54565597-1452-1.html
1 Kanal Brand New Classic Villa For Sale In DHA Phase 6 Lahore | Near Dolmen Mall | Prime Location |,PKR 8.95 Crore,89500000,5,6,1 Kanal,4500.0,19888,House,True,43,43Share on FacebookShare on TwitterShare on WhatsAppSend via GMailSend via E-Mail,81,Houses_Lahore,2026-08-10,https://www.zameen.com/Property/dha_defence_dha_phase_6_1_kanal_brand_new_classic_villa_for_sale_in_dha_phase_6_lahore_near_dolmen_mall_prime_location-54486042-1448-1.html
1 Kanal Brand New Top Of The Line Designer House,PKR 17 Crore,170000000,5,6,1 Kanal,4500.0,37777,House,True,29,29Share on FacebookShare on TwitterShare on WhatsAppSend via GMailSend via E-Mail,81,Houses_Lahore,2026-08-10,https://www.zameen.com/Property/dha_defence_dha_phase_6_1_kanal_brand_new_top_of_the_line_designer_house-54558715-1448-1.html
"1 Kanal Brand New Ultra Modern House For Sale In DHA Phase 7, Lahore",PKR 8.25 Crore,82500000,5,6,1 Kanal,4500.0,18333,House,True,20,20Share on FacebookShare on TwitterShare on WhatsAppSend via GMailSend via E-Mail,81,Houses_Lahore,2026-08-10,https://www.zameen.com/Property/dha_defence_dha_phase_7_1_kanal_brand_new_ultra_modern_house_for_sale_in_dha_phase_7_lahore-54485831-1450-1.html
22 Marla Corner 7-Bed Most Beautiful Basement Bungalow For Sale At Prime Location Of DHA Lahore Near To Park Masjid &Amp; Commercial Market.,PKR 8.5 Crore,85000000,8,7,1.1 Kanal,4950.0,17171,House,True,40,40Share on FacebookShare on TwitterShare on WhatsAppSend via GMailSend via E-Mail,81,Houses_Lahore,2026-08-10,https://www.zameen.com/Property/dha_phase_4_dha_phase_4_-_block_bb_22_marla_corner_7-bed_most_beautiful_basement_bungalow_for_sale_at_prime_location_of_dha_lahore_near_to_park_masjid_amp_commercial_market-51944698-1590-1.html
2 Kanal Brand New Spanish Design Most Beautiful Full Basement Swimming Pool Home Theater Bungalow For Sale At Prime Location Of DHA Lahore Near To Masjid & Commercial Market.,PKR 38 Crore,380000000,6,7,2 Kanal,9000.0,42222,House,True,44,44Share on FacebookShare on TwitterShare on WhatsAppSend via GMailSend via E-Mail,81,Houses_Lahore,2026-08-10,https://www.zameen.com/Property/dha_phase_1_dha_phase_1_-_block_d_2_kanal_brand_new_spanish_design_most_beautiful_full_basement_swimming_pool_home_theater_bungalow_for_sale_at_prime_location_of_dha_lahore_near_to_masjid_commercial_market-51954067-1566-1.html
2 Kanal Brand New Luxury Ultra-Modern Design Most Beautiful Fully Furnished Bungalow For Sale At Prime Location Of Dha Lahore Near To Park Masjid & Commercial Market,PKR 24 Crore,240000000,6,7,2 Kanal,9000.0,26666,House,True,18,18Share on FacebookShare on TwitterShare on WhatsAppSend via GMailSend via E-Mail,81,Houses_Lahore,2026-08-10,https://www.zameen.com/Property/dha_phase_3_dha_phase_3_-_block_z_2_kanal_brand_new_luxury_ultra-modern_design_most_beautiful_fully_furnished_bungalow_for_sale_at_prime_location_of_dha_lahore_near_to_park_masjid_commercial_market-51954036-1588-1.html
5 Marla Brand New Ultra Modern Design House For Sale Top Location,PKR 2.9 Crore,29000000,,,5 Marla,1125.0,25777,House,True,41,super hot41Share on FacebookShare on TwitterShare on WhatsAppSend via GMailSend via E-Mail,90,Houses_Lahore,2026-08-10,https://www.zameen.com/Property/dha_defence_dha_9_town_5_marla_brand_new_ultra_modern_design_house_for_sale_top_location-54047383-1452-1.html
Avail Yourself A Great 20 Marla House In DHA Phase 6 - Block K,PKR 23.1 Crore,231000000,6,6,1 Kanal,4500.0,51333,House,True,44,super hot44VerifiedShare on FacebookShare on TwitterShare on WhatsAppSend via GMailSend via E-Mail,98,Houses_Lahore,2026-08-10,https://www.zameen.com/Property/dha_phase_6_dha_phase_6_-_block_k_avail_yourself_a_great_20_marla_house_in_dha_phase_6_-_block_k-54571091-1619-1.html
"Modern 5-Marla Twin Homes | 4 Bedrooms | 40ft Road | Iqbal Block, Bismillah Housing Scheme Phase 1",PKR 2.4 Crore,24000000,2,5,5 Marla,1125.0,21333,Unknown,True,17,super hot17Share on FacebookShare on TwitterShare on WhatsAppSend via GMailSend via E-Mail,90,Houses_Lahore,2026-08-10,https://www.zameen.com/Property/bismillah_housing_scheme_bismillah_housing_scheme_-_iqbal_block_modern_5-marla_twin_homes_4_bedrooms_40ft_road_iqbal_block_bismillah_housing_scheme_phase_1-54204220-15555-1.html
1 KANAL HOUSE + 1 KANAL LAWN BRAND NEW FULLY FURNISHED MODERN HOUSE FOR SALE IN DHA PHASE 6,PKR 16.5 Crore,165000000,5,6,2 Kanal,9000.0,18333,House,True,48,super hot48Share on FacebookShare on TwitterShare on WhatsAppSend via GMailSend via E-Mail,90,Houses_Lahore,2026-08-10,https://www.zameen.com/Property/dha_defence_dha_phase_6_1_kanal_house_1_kanal_lawn_brand_new_fully_furnished_modern_house_for_sale_in_dha_phase_6-54544206-1448-1.html
5 marla used a house for sale bahria orchard lahore,PKR 1.65 Crore,16500000,3,3,5 Marla,1125.0,14666,House,True,6,super hot6Share on FacebookShare on TwitterShare on WhatsAppSend via GMailSend via E-Mail,89,Houses_Lahore,2026-08-10,https://www.zameen.com/Property/bahria_orchard_bahria_orchard_phase_2_5_marla_used_a_house_for_sale_bahria_orchard_lahore-54590023-8236-1.html
5 MARLA HOUSE FOR SALE IN SECTOR E BAHRIA TOWN LAHORE,PKR 2.1 Crore,21000000,3,7,5 Marla,1125.0,18666,House,True,16,super hot16Share on FacebookShare on TwitterShare on WhatsAppSend via GMailSend via E-Mail,90,Houses_Lahore,2026-08-10,https://www.zameen.com/Property/bahria_town_bahria_town_-_sector_e_5_marla_house_for_sale_in_sector_e_bahria_town_lahore-54417128-1802-1.html
100% ORIGNAL KANAL ULTRA MODERN SUPER LUXURY BUNGALOW FOR SALE ON TOP LACTION,PKR 9.7 Crore,97000000,5,6,1 Kanal,4500.0,21555,House,True,50,super hot50Share on FacebookShare on TwitterShare on WhatsAppSend via GMailSend via E-Mail,90,Houses_Lahore,2026-08-10,https://www.zameen.com/Property/dha_phase_6_dha_phase_6_-_block_m_100_orignal_kanal_ultra_modern_super_luxury_bungalow_for_sale_on_top_laction-53606181-1621-1.html
KANAL ULTRA MODERN SUPER LUXURY BUNGALOW FOR SALE ON TOP LACTION,PKR 7.95 Crore,79500000,5,6,1 Kanal,4500.0,17666,House,True,29,super hot29Share on FacebookShare on TwitterShare on WhatsAppSend via GMailSend via E-Mail,90,Houses_Lahore,2026-08-10,https://www.zameen.com/Property/dha_defence_dha_phase_7_kanal_ultra_modern_super_luxury_bungalow_for_sale_on_top_laction-54579852-1450-1.html
5 Marla Facing Park Beautiful House For Sale in Bahria Orchard Lahore,PKR 2.15 Crore,21500000,3,4,5 Marla,1125.0,19111,House,True,11,super hot11Share on FacebookShare on TwitterShare on WhatsAppSend via GMailSend via E-Mail,90,Houses_Lahore,2026-08-10,https://www.zameen.com/Property/overseas_low_cost_olc_-_block_a_5_marla_facing_park_beautiful_house_for_sale_in_bahria_orchard_lahore-54518798-8195-1.html
Top Of The Line 1 Kanal Most Beautiful Modern House For Sale,PKR 6.7 Crore,67000000,5,6,1 Kanal,4500.0,14888,House,True,34,hot34Share on FacebookShare on TwitterShare on WhatsAppSend via GMailSend via E-Mail,84,Houses_Lahore,2026-08-10,https://www.zameen.com/Property/dha_phase_7_dha_phase_7_-_block_w_top_of_the_line_1_kanal_most_beautiful_modern_house_for_sale-48886987-1630-1.html
Slightly Used Near To Park 1 Kanal Modern Design Luxury House,PKR 11.75 Crore,117500000,5,6,1 Kanal,4500.0,26111,House,True,35,hot35Share on FacebookShare on TwitterShare on WhatsAppSend via GMailSend via E-Mail,84,Houses_Lahore,2026-08-10,https://www.zameen.com/Property/dha_phase_5_dha_phase_5_-_block_g_slightly_used_near_to_park_1_kanal_modern_design_luxury_house-52041646-1604-1.html
Top Location 10 Marla Modern House Is Available For Sale In Lake City,PKR 5.75 Crore,57500000,5,6,10 Marla,2250.0,25555,House,False,17,hot17Share on FacebookShare on TwitterShare on WhatsAppSend via GMailSend via E-Mail,84,Houses_Lahore,2026-08-10,https://www.zameen.com/Property/lake_city_lake_city_-_sector_m-2a_top_location_10_marla_modern_house_is_available_for_sale_in_lake_city-54483214-4002-1.html
11 Marla Modern House On Best Location Is Available For Sale,PKR 6.25 Crore,62500000,5,6,11 Marla,2475.0,25252,House,False,16,hot16Share on FacebookShare on TwitterShare on WhatsAppSend via GMailSend via E-Mail,84,Houses_Lahore,2026-08-10,https://www.zameen.com/Property/lake_city_lake_city_-_sector_m-2a_11_marla_modern_house_on_best_location_is_available_for_sale-54483175-4002-1.html
Fully Furnished Luxurious 5 Marla Lavish Brand New Bungalow On Top Location For Sale In DHA Phase 9 Town Lahore,PKR 2.75 Crore,27500000,3,4,5 Marla,1125.0,24444,House,False,9,hot9Share on FacebookShare on TwitterShare on WhatsAppSend via GMailSend via E-Mail,83,Houses_Lahore,2026-08-10,https://www.zameen.com/Property/dha_defence_dha_9_town_fully_furnished_luxurious_5_marla_lavish_brand_new_bungalow_on_top_location_for_sale_in_dha_phase_9_town_lahore-54516962-1452-1.html
1 Kanal Furnished Designer House On Best Loaction Of Lake City For Sale,PKR 14 Crore,140000000,5,6,1 Kanal,4500.0,31111,House,False,20,hot20Share on FacebookShare on TwitterShare on WhatsAppSend via GMailSend via E-Mail,84,Houses_Lahore,2026-08-10,https://www.zameen.com/Property/lake_city_lake_city_-_sector_m-3_1_kanal_furnished_designer_house_on_best_loaction_of_lake_city_for_sale-54483154-8346-1.html
1 Kanal Hot Location House Available For Sale,PKR 10 Lakh,1000000,5,7,1 Kanal,4500.0,222,House,False,35,hot35Share on FacebookShare on TwitterShare on WhatsAppSend via GMailSend via E-Mail,84,Houses_Lahore,2026-08-10,https://www.zameen.com/Property/dha_phase_7_dha_phase_7_-_block_r_1_kanal_hot_location_house_available_for_sale-54591281-1625-1.html
3 Kanal Brand New Luxury Mazhar Munir Design Most Beautiful Full Basement Fully Furnished Home Theater Swimming Pool GYM Lift Bungalow For Sale at Prime Location of DHA Lahore Near To Park Masjid & DH,PKR 70 Crore,700000000,7,7,3 Kanal,13500.0,51851,House,True,41,41Share on FacebookShare on TwitterShare on WhatsAppSend via GMailSend via E-Mail,81,Houses_Lahore,2026-08-10,https://www.zameen.com/Property/dha_phase_6_dha_phase_6_-_block_e_3_kanal_brand_new_luxury_mazhar_munir_design_most_beautiful_full_basement_fully_furnished_home_theater_swimming_pool_gym_lift_bungalow_for_sale_at_prime_location_of_dha_lahore_near_to_park_masjid_dha_raya_fairways_commercial-52238189-1614-1.html
One Kanal Brand New Luxury Ultra-Modern Design Most Beautiful Fully Furnished Bungalow 2 Servant Quarter In Basement For Sale At Prime Location Of DHA Lahore Near To Park Masjid & DHA Raya Fairways Co,PKR 19 Crore,190000000,5,6,1 Kanal,4500.0,42222,House,True,17,17Share on FacebookShare on TwitterShare on WhatsAppSend via GMailSend via E-Mail,81,Houses_Lahore,2026-08-10,https://www.zameen.com/Property/dha_phase_6_dha_phase_6_-_block_l_one_kanal_brand_new_luxury_ultra-modern_design_most_beautiful_fully_furnished_bungalow_2_servant_quarter_in_basement_for_sale_at_prime_location_of_dha_lahore_near_to_park_masjid_dha_raya_fairways_commercial-52702259-1620-1.html
One Kanal Brand New Classic Design Most Beautiful Bungalow 2 Servant Quarter In Basement For Sale At Prime Location Of DHA Lahore Near To Park Masjid & Commercial Market.,PKR 16.9 Crore,169000000,5,6,1 Kanal,4500.0,37555,House,True,45,45Share on FacebookShare on TwitterShare on WhatsAppSend via GMailSend via E-Mail,81,Houses_Lahore,2026-08-10,https://www.zameen.com/Property/dha_phase_6_dha_phase_6_-_block_b_one_kanal_brand_new_classic_design_most_beautiful_bungalow_2_servant_quarter_in_basement_for_sale_at_prime_location_of_dha_lahore_near_to_park_masjid_commercial_market-52649991-1611-1.html
One Kanal Used Modern Design Bungalow For Sale At Prime Location Of DHA Lahore Near To Park Masjid & Commercial Market,PKR 7.5 Crore,75000000,5,6,1 Kanal,4500.0,16666,House,True,15,15Share on FacebookShare on TwitterShare on WhatsAppSend via GMailSend via E-Mail,81,Houses_Lahore,2026-08-10,https://www.zameen.com/Property/dha_phase_1_dha_phase_1_-_block_k_one_kanal_used_modern_design_bungalow_for_sale_at_prime_location_of_dha_lahore_near_to_park_masjid_commercial_market-52639323-1651-1.html
One Kanal Used Modern Design Bungalow For Sale At Prime Location Of DHA Lahore Near To Park Masjid & Commercial Market.,PKR 8.65 Crore,86500000,5,6,1 Kanal,4500.0,19222,House,True,23,23Share on FacebookShare on TwitterShare on WhatsAppSend via GMailSend via E-Mail,81,Houses_Lahore,2026-08-10,https://www.zameen.com/Property/dha_phase_3_dha_phase_3_-_block_w_one_kanal_used_modern_design_bungalow_for_sale_at_prime_location_of_dha_lahore_near_to_park_masjid_commercial_market-52590183-1584-1.html
10 Marla House Available For Sale In Lake City Sector M-2 A,PKR 5.25 Crore,52500000,6,7,10 Marla,2250.0,23333,House,False,21,21Share on FacebookShare on TwitterShare on WhatsAppSend via GMailSend via E-Mail,81,Houses_Lahore,2026-08-10,https://www.zameen.com/Property/lake_city_lake_city_-_sector_m-2a_10_marla_house_available_for_sale_in_lake_city_sector_m-2_a-54499569-4002-1.html
1 Kanal House In Central DHA Phase 6 - Block J For Sale,PKR 13.5 Crore,135000000,5,6,1 Kanal,4500.0,30000,House,True,31,31Share on FacebookShare on TwitterShare on WhatsAppSend via GMailSend via E-Mail,81,Houses_Lahore,2026-08-10,https://www.zameen.com/Property/dha_phase_6_dha_phase_6_-_block_j_1_kanal_house_in_central_dha_phase_6_-_block_j_for_sale-52397528-1618-1.html
1 Kanal Luxury Bungalow With Basement For Sale At Super Hot Location Near DHA Office Park School Commercial,PKR 10.25 Crore,102500000,5,6,1 Kanal,4500.0,22777,House,True,35,35Share on FacebookShare on TwitterShare on WhatsAppSend via GMailSend via E-Mail,81,Houses_Lahore,2026-08-10,https://www.zameen.com/Property/dha_phase_6_dha_phase_6_-_block_c_1_kanal_luxury_bungalow_with_basement_for_sale_at_super_hot_location_near_dha_office_park_school_commercial-52393294-1612-1.html
10 Marla Brand New House For Sale In Lake City - Sector M-6 Raiwind Road Lahore,PKR 6.15 Crore,61500000,6,6,10 Marla,2250.0,27333,House,True,26,super hot26Share on FacebookShare on TwitterShare on WhatsAppSend via GMailSend via E-Mail,90,Houses_Lahore,2026-08-10,https://www.zameen.com/Property/lake_city_lake_city_-_sector_m-6_10_marla_brand_new_house_for_sale_in_lake_city_-_sector_m-6_raiwind_road_lahore-54169067-4008-1.html
"Brand New 5 Marla House for Sale in Tulip Extension Block, Park View City Lahore",PKR 1.8 Crore,18000000,3,4,5 Marla,1125.0,16000,House,True,39,super hot39Share on FacebookShare on TwitterShare on WhatsAppSend via GMailSend via E-Mail,90,Houses_Lahore,2026-08-10,https://www.zameen.com/Property/park_view_city_park_view_city_-_tulip_extension_block_brand_new_5_marla_house_for_sale_in_tulip_extension_block_park_view_city_lahore-53991228-16719-1.html
10-Marla Modern House For Sale At Hot Location Near Raya Fair Ways And Mosque,PKR 5.1 Crore,51000000,4,5,10 Marla,2250.0,22666,House,True,25,super hot25Share on FacebookShare on TwitterShare on WhatsAppSend via GMailSend via E-Mail,90,Houses_Lahore,2026-08-10,https://www.zameen.com/Property/dha_phase_6_dha_phase_6_-_block_j_10-marla_modern_house_for_sale_at_hot_location_near_raya_fair_ways_and_mosque-54446004-1618-1.html
10 Marla Brand New Modern Design House Available For sale In Formanites housing society,PKR 3.5 Crore,35000000,5,6,10 Marla,2250.0,15555,House,True,35,super hot35Share on FacebookShare on TwitterShare on WhatsAppSend via GMailSend via E-Mail,90,Houses_Lahore,2026-08-10,https://www.zameen.com/Property/lahore_formanites_housing_scheme_10_marla_brand_new_modern_design_house_available_for_sale_in_formanites_housing_society-54404181-1020-1.html
Ultra Luxury 10 Marla Semi Furnished House For Sale In Sector E Bahria Town Lahore,PKR 5.25 Crore,52500000,5,6,10 Marla,2250.0,23333,House,True,27,super hot27Share on FacebookShare on TwitterShare on WhatsAppSend via GMailSend via E-Mail,90,Houses_Lahore,2026-08-10,https://www.zameen.com/Property/bahria_town_bahria_town_-_sector_e_ultra_luxury_10_marla_semi_furnished_house_for_sale_in_sector_e_bahria_town_lahore-54324328-1802-1.html
10 Marla Park-Facing House for Sale | LDA Approved Block,PKR 4.85 Crore,48500000,5,7,10 Marla,2250.0,21555,House,True,33,super hot33Share on FacebookShare on TwitterShare on WhatsAppSend via GMailSend via E-Mail,90,Houses_Lahore,2026-08-10,https://www.zameen.com/Property/lahore_bahria_orchard_10_marla_park-facing_house_for_sale_lda_approved_block-54501777-1474-1.html
5 Marla Beautiful House For Sale In Bahria Orchard Lahore,PKR 1.75 Crore,17500000,3,4,5 Marla,1125.0,15555,House,True,9,super hot9Share on FacebookShare on TwitterShare on WhatsAppSend via GMailSend via E-Mail,89,Houses_Lahore,2026-08-10,https://www.zameen.com/Property/lahore_bahria_orchard_5_marla_beautiful_house_for_sale_in_bahria_orchard_lahore-54533201-1474-1.html
A Stunning House Is Up For Grabs In Al Rehman Phase 2 - Block N Lahore,PKR 1.25 Crore,12500000,3,3,3 Marla,675.0,18518,House,True,36,super hot361VerifiedShare on FacebookShare on TwitterShare on WhatsAppSend via GMailSend via E-Mail,99,Houses_Lahore,2026-08-10,https://www.zameen.com/Property/al_rehman_garden_phase_2_al_rehman_phase_2_-_block_n_a_stunning_house_is_up_for_grabs_in_al_rehman_phase_2_-_block_n_lahore-54527208-12990-1.html
House Of 3 Marla Is Available For sale In Al Rehman Garden Phase 2 - Block R,PKR 1.25 Crore,12500000,3,4,3 Marla,675.0,18518,House,True,32,super hot321VerifiedShare on FacebookShare on TwitterShare on WhatsAppSend via GMailSend via E-Mail,99,Houses_Lahore,2026-08-10,https://www.zameen.com/Property/al_rehman_garden_phase_2_al_rehman_garden_phase_2_-_block_r_house_of_3_marla_is_available_for_sale_in_al_rehman_garden_phase_2_-_block_r-54527210-22608-1.html
Your Dream 5 Marla House Is Available In Al-Ahmad Garden Housing Scheme,PKR 3.25 Crore,32500000,4,5,5 Marla,1125.0,28888,House,True,37,super hot371VerifiedShare on FacebookShare on TwitterShare on WhatsAppSend via GMailSend via E-Mail,99,Houses_Lahore,2026-08-10,https://www.zameen.com/Property/gt_road_al-ahmad_garden_housing_scheme_your_dream_5_marla_house_is_available_in_al-ahmad_garden_housing_scheme-54577501-9707-1.html
One Kanal Brand New Luxury Ideal Location Modern House For Sale In H Block Phase 5 DHA Lahore,PKR 12.99 Crore,129900000,6,6,1 Kanal,4500.0,28866,House,True,38,hot38Share on FacebookShare on TwitterShare on WhatsAppSend via GMailSend via E-Mail,84,Houses_Lahore,2026-08-10,https://www.zameen.com/Property/dha_phase_5_dha_phase_5_-_block_h_one_kanal_brand_new_luxury_ideal_location_modern_house_for_sale_in_h_block_phase_5_dha_lahore-52041681-1605-1.html
Kanal Modern Design J Block Facing Park Owner Needy,PKR 9.99 Crore,99900000,5,6,1 Kanal,4500.0,22200,Unknown,True,50,hot50Share on FacebookShare on TwitterShare on WhatsAppSend via GMailSend via E-Mail,84,Houses_Lahore,2026-08-10,https://www.zameen.com/Property/dha_phase_6_dha_phase_6_-_block_j_kanal_modern_design_j_block_facing_park_owner_needy-52613086-1618-1.html
10 Marla Modern White Elevation House Is Available For Sale In Lake City,PKR 5.65 Crore,56500000,6,7,10 Marla,2250.0,25111,House,False,19,hot19Share on FacebookShare on TwitterShare on WhatsAppSend via GMailSend via E-Mail,84,Houses_Lahore,2026-08-10,https://www.zameen.com/Property/lake_city_lake_city_-_sector_m-2a_10_marla_modern_white_elevation_house_is_available_for_sale_in_lake_city-54483099-4002-1.html
Luxurious 5 Marla Lavish Brand New Bungalow On Top Location For Sale in DHA Phase 9 Town Lahore,PKR 2.65 Crore,26500000,3,4,5 Marla,1125.0,23555,House,False,15,hot15Share on FacebookShare on TwitterShare on WhatsAppSend via GMailSend via E-Mail,84,Houses_Lahore,2026-08-10,https://www.zameen.com/Property/dha_defence_dha_9_town_luxurious_5_marla_lavish_brand_new_bungalow_on_top_location_for_sale_in_dha_phase_9_town_lahore-54527327-1452-1.html
StraightLine Elevation 5 Marla House In M6 Is Available For Sale,PKR 3.75 Crore,37500000,4,4,5 Marla,1125.0,33333,House,False,13,hot13Share on FacebookShare on TwitterShare on WhatsAppSend via GMailSend via E-Mail,84,Houses_Lahore,2026-08-10,https://www.zameen.com/Property/lake_city_lake_city_-_sector_m-6_straightline_elevation_5_marla_house_in_m6_is_available_for_sale-54440116-4008-1.html
Best Price 5 Marla Slightly Use House For Sale,PKR 2.55 Crore,25500000,3,4,5 Marla,1125.0,22666,House,False,16,hot16Share on FacebookShare on TwitterShare on WhatsAppSend via GMailSend via E-Mail,84,Houses_Lahore,2026-08-10,https://www.zameen.com/Property/lake_city_lake_city_-_sector_m-7b_best_price_5_marla_slightly_use_house_for_sale-54440036-19059-1.html
12 Marla Modern House With Best Approach In Lake City Is Available For Sale,PKR 6 Crore,60000000,5,6,12 Marla,2700.0,22222,House,False,20,hot20Share on FacebookShare on TwitterShare on WhatsAppSend via GMailSend via E-Mail,84,Houses_Lahore,2026-08-10,https://www.zameen.com/Property/lake_city_lake_city_-_sector_m-3a_12_marla_modern_house_with_best_approach_in_lake_city_is_available_for_sale-54434134-4003-1.html
Near To Commercial & Hug Park 10-Marla House For Sale At Super Hot Location,PKR 5.4 Crore,54000000,4,5,10 Marla,2250.0,24000,House,True,38,38Share on FacebookShare on TwitterShare on WhatsAppSend via GMailSend via E-Mail,81,Houses_Lahore,2026-08-10,https://www.zameen.com/Property/dha_defence_dha_phase_5_near_to_commercial_hug_park_10-marla_house_for_sale_at_super_hot_location-53584372-1447-1.html
Fully Furnished 1 Kanal Luxury Ideal House For Sale In DHA Phase 7,PKR 12.5 Crore,125000000,6,7,1 Kanal,4500.0,27777,House,True,33,33Share on FacebookShare on TwitterShare on WhatsAppSend via GMailSend via E-Mail,81,Houses_Lahore,2026-08-10,https://www.zameen.com/Property/dha_defence_dha_phase_7_fully_furnished_1_kanal_luxury_ideal_house_for_sale_in_dha_phase_7-53579251-1450-1.html
Book A House Of 1 Kanal In DHA Phase 7 - Block R Lahore,PKR 8.45 Crore,84500000,5,4,1 Kanal,4500.0,18777,House,True,36,36Share on FacebookShare on TwitterShare on WhatsAppSend via GMailSend via E-Mail,81,Houses_Lahore,2026-08-10,https://www.zameen.com/Property/dha_phase_7_dha_phase_7_-_block_r_book_a_house_of_1_kanal_in_dha_phase_7_-_block_r_lahore-53579240-1625-1.html
10 Marla House For Sale Near To Main,PKR 5.5 Crore,55000000,4,5,10 Marla,2250.0,24444,House,False,25,25Share on FacebookShare on TwitterShare on WhatsAppSend via GMailSend via E-Mail,81,Houses_Lahore,2026-08-10,https://www.zameen.com/Property/lahore_abdalians_cooperative_housing_society_10_marla_house_for_sale_near_to_main-54309165-492-1.html
5 Marla Luxury Brand New House For Sale DHA Phase 9 Town Lahore,PKR 2.25 Crore,22500000,3,4,5 Marla,1125.0,20000,House,True,8,8Share on FacebookShare on TwitterShare on WhatsAppSend via GMailSend via E-Mail,80,Houses_Lahore,2026-08-10,https://www.zameen.com/Property/dha_defence_dha_9_town_5_marla_luxury_brand_new_house_for_sale_dha_phase_9_town_lahore-54455371-1452-1.html
ROYAL MODERN ULTRA LUXURY BUNGALOW DHA PHASE 6 WALKING DISTANCE FROM RAYA FAIRWAYS & GOLF COURSE 70 FEET ROAD 100% ORIGINAL DEAL,PKR 8.79 Crore,87899999,5,6,1 Kanal,4500.0,19533,House,True,50,50Share on FacebookShare on TwitterShare on WhatsAppSend via GMailSend via E-Mail,81,Houses_Lahore,2026-08-10,https://www.zameen.com/Property/dha_phase_6_dha_phase_6_-_block_l_royal_modern_ultra_luxury_bungalow_dha_phase_6_walking_distance_from_raya_fairways_golf_course_70_feet_road_100_original_deal-53579231-1620-1.html
"5 Marla Luxury Brand New House For Sale DHA Phase 9 Town, Lahore,",PKR 2.35 Crore,23500000,3,4,5 Marla,1125.0,20888,House,True,9,9Share on FacebookShare on TwitterShare on WhatsAppSend via GMailSend via E-Mail,80,Houses_Lahore,2026-08-10,https://www.zameen.com/Property/dha_defence_dha_9_town_5_marla_luxury_brand_new_house_for_sale_dha_phase_9_town_lahore-54455403-1452-1.html
5 Marla House For Sale In Paragon City Lahore,PKR 2.3 Crore,23000000,3,4,5 Marla,1125.0,20444,House,False,12,12Share on FacebookShare on TwitterShare on WhatsAppSend via GMailSend via E-Mail,81,Houses_Lahore,2026-08-10,https://www.zameen.com/Property/lahore_paragon_city_5_marla_house_for_sale_in_paragon_city_lahore-50891803-1014-1.html
One Kanal Slightly Used Modern Design Owner Build House For Sale At Prime Location Of DHA Lahore Near To Park Masjid & Commercial Market,PKR 7.4 Crore,74000000,5,6,1 Kanal,4500.0,16444,House,True,30,super hot30Share on FacebookShare on TwitterShare on WhatsAppSend via GMailSend via E-Mail,90,Houses_Lahore,2026-08-10,https://www.zameen.com/Property/dha_phase_2_dha_phase_2_-_block_s_one_kanal_slightly_used_modern_design_owner_build_house_for_sale_at_prime_location_of_dha_lahore_near_to_park_masjid_commercial_market-53882780-1572-1.html
34 Marla Used Modern Design 6 Bed Room Bungalow For Sale At Prime Location Of DHA Lahore Near To Park Masjid & Commercial Market,PKR 12.5 Crore,125000000,12,7,1.7 Kanal,7650.0,16339,House,True,18,super hot18Share on FacebookShare on TwitterShare on WhatsAppSend via GMailSend via E-Mail,90,Houses_Lahore,2026-08-10,https://www.zameen.com/Property/dha_phase_5_dha_phase_5_-_block_b_34_marla_used_modern_design_6_bed_room_bungalow_for_sale_at_prime_location_of_dha_lahore_near_to_park_masjid_commercial_market-53662529-1599-1.html
5 Marla Ultra Modran Designer Luxury House For Sale In DHA 9 Town Top Location Near To Commercial Near To Park,PKR 2.8 Crore,28000000,3,4,5 Marla,1125.0,24888,House,True,24,super hot24Share on FacebookShare on TwitterShare on WhatsAppSend via GMailSend via E-Mail,90,Houses_Lahore,2026-08-10,https://www.zameen.com/Property/dha_defence_dha_9_town_5_marla_ultra_modran_designer_luxury_house_for_sale_in_dha_9_town_top_location_near_to_commercial_near_to_park-54519923-1452-1.html
"10 Marla Corner House For Urgent Sale In Canal Garden, Lahore",PKR 3.65 Crore,36500000,6,6,10 Marla,2250.0,16222,House,True,13,super hot13Share on FacebookShare on TwitterShare on WhatsAppSend via GMailSend via E-Mail,90,Houses_Lahore,2026-08-10,https://www.zameen.com/Property/lahore_canal_garden_10_marla_corner_house_for_urgent_sale_in_canal_garden_lahore-54474937-1287-1.html
5 Marla Brand New Modern Design Lavish House For Sale In Park View City Lahore,PKR 1.75 Crore,17500000,4,4,5 Marla,1125.0,15555,House,True,10,super hot10Share on FacebookShare on TwitterShare on WhatsAppSend via GMailSend via E-Mail,90,Houses_Lahore,2026-08-10,https://www.zameen.com/Property/lahore_park_view_city_5_marla_brand_new_modern_design_lavish_house_for_sale_in_park_view_city_lahore-54546002-1466-1.html
Prime Location House For Sale,PKR 5.9 Crore,59000000,6,6,1 Kanal,4500.0,13111,House,True,30,super hot301Share on FacebookShare on TwitterShare on WhatsAppSend via GMailSend via E-Mail,91,Houses_Lahore,2026-08-10,https://www.zameen.com/Property/awt_phase_2_awt_phase_2_-_block_c_prime_location_house_for_sale-54567750-8214-1.html
Unoccupied House Of 10 Marla Is Available For Sale In GT Road,PKR 4.85 Crore,48500000,6,6,10 Marla,2250.0,21555,House,True,42,super hot421VerifiedShare on FacebookShare on TwitterShare on WhatsAppSend via GMailSend via E-Mail,99,Houses_Lahore,2026-08-10,https://www.zameen.com/Property/gt_road_bismillah_housing_scheme_unoccupied_house_of_10_marla_is_available_for_sale_in_gt_road-54577500-8446-1.html
Fully Designer Bungalow At Prime Location Of Dha Phase 6,PKR 11.75 Crore,117500000,6,7,1 Kanal,4500.0,26111,House,True,20,super hot20Share on FacebookShare on TwitterShare on WhatsAppSend via GMailSend via E-Mail,90,Houses_Lahore,2026-08-10,https://www.zameen.com/Property/dha_phase_6_dha_phase_6_-_block_k_fully_designer_bungalow_at_prime_location_of_dha_phase_6-54349616-1619-1.html
5.79 Marla Brand New Semi Furnished House For Sale In Sector E Bahria Town Lahore,PKR 2.5 Crore,25000000,4,5,5.8 Marla,1305.0,19157,House,True,28,super hot28Share on FacebookShare on TwitterShare on WhatsAppSend via GMailSend via E-Mail,90,Houses_Lahore,2026-08-10,https://www.zameen.com/Property/bahria_town_bahria_town_-_sector_e_5_79_marla_brand_new_semi_furnished_house_for_sale_in_sector_e_bahria_town_lahore-54186814-1802-1.html
House For Sale Is Readily Available In Prime Location Of Clifton Colony,PKR 1.7 Crore,17000000,3,3,5 Marla,1125.0,15111,House,True,17,super hot17VerifiedShare on FacebookShare on TwitterShare on WhatsAppSend via GMailSend via E-Mail,98,Houses_Lahore,2026-08-10,https://www.zameen.com/Property/lahore_clifton_colony_house_for_sale_is_readily_available_in_prime_location_of_clifton_colony-54273266-4526-1.html
2 KANAL OWNER BUILD HOUSE IN THE PRICE OF 1 KANAL HOUSE NEAR PHASE 1 J BLOCK TOP LOCATION,PKR 13 Crore,130000000,6,7,2 Kanal,9000.0,14444,House,True,27,hot27Share on FacebookShare on TwitterShare on WhatsAppSend via GMailSend via E-Mail,84,Houses_Lahore,2026-08-10,https://www.zameen.com/Property/dha_phase_1_dha_phase_1_-_block_j_2_kanal_owner_build_house_in_the_price_of_1_kanal_house_near_phase_1_j_block_top_location-52710860-1650-1.html
5 Marla park facing house low budget,PKR 2.19 Crore,21900000,3,4,5 Marla,1125.0,19466,House,True,9,hot9Share on FacebookShare on TwitterShare on WhatsAppSend via GMailSend via E-Mail,83,Houses_Lahore,2026-08-10,https://www.zameen.com/Property/palm_city_palm_city_-_block_a_5_marla_park_facing_house_low_budget-54586193-15753-1.html
House Available For Sale In Al-Kabir Town - Phase 2,PKR 1.2 Crore,12000000,3,3,3 Marla,675.0,17777,House,False,36,hot36VerifiedShare on FacebookShare on TwitterShare on WhatsAppSend via GMailSend via E-Mail,92,Houses_Lahore,2026-08-10,https://www.zameen.com/Property/al_kabir_town_al-kabir_town_-_phase_2_house_available_for_sale_in_al-kabir_town_-_phase_2-54279346-11704-1.html
3 Marla Most Beautiful Brand New House for Sale in Al Kabir Town Phase 2,PKR 1.8 Crore,18000000,3,4,3 Marla,675.0,26666,House,False,23,hot23Share on FacebookShare on TwitterShare on WhatsAppSend via GMailSend via E-Mail,84,Houses_Lahore,2026-08-10,https://www.zameen.com/Property/al_kabir_town_al-kabir_town_-_phase_2_3_marla_most_beautiful_brand_new_house_for_sale_in_al_kabir_town_phase_2-54068695-11704-1.html
House For Sale In New Lahore City Phase 2 Block A | Immediate Possession | 50% Down Payment | Easy 2-Year Installments,PKR 1.2 Crore,12000000,3,3,3 Marla,675.0,17777,House,False,4,hot4VerifiedShare on FacebookShare on TwitterShare on WhatsAppSend via GMailSend via E-Mail,91,Houses_Lahore,2026-08-10,https://www.zameen.com/Property/new_lahore_city_new_lahore_city_-_phase_2_house_for_sale_in_new_lahore_city_phase_2_block_a_immediate_possession_50_down_payment_easy_2-year_installments-54558177-15750-1.html
BRAND NEW HOUSE FOR SALE,PKR 1.25 Crore,12500000,4,4,3 Marla,675.0,18518,House,False,20,hot20Share on FacebookShare on TwitterShare on WhatsAppSend via GMailSend via E-Mail,84,Houses_Lahore,2026-08-10,https://www.zameen.com/Property/al_kabir_town_al-kabir_town_-_phase_2_brand_new_house_for_sale-54455414-11704-1.html
1 Kanal Beautiful House Available For Sale ON Hot Location,PKR 15.5 Crore,155000000,5,7,1 Kanal,4500.0,34444,House,False,37,hot37Share on FacebookShare on TwitterShare on WhatsAppSend via GMailSend via E-Mail,84,Houses_Lahore,2026-08-10,https://www.zameen.com/Property/dha_phase_8_dha_phase_8_-_block_u_1_kanal_beautiful_house_available_for_sale_on_hot_location-54591221-1636-1.html
10.77 Marla Architect Designer house for sale hot location,PKR 3.98 Crore,39800000,5,6,10 Marla,2250.0,17688,House,False,17,17Share on FacebookShare on TwitterShare on WhatsAppSend via GMailSend via E-Mail,81,Houses_Lahore,2026-08-10,https://www.zameen.com/Property/bahria_town_sector_c_bahria_town_-_janiper_block_10_77_marla_architect_designer_house_for_sale_hot_location-54591368-1792-1.html
5 Marla House For Sale In Paragon City Lahore,PKR 2.45 Crore,24500000,3,4,5 Marla,1125.0,21777,House,False,31,31Share on FacebookShare on TwitterShare on WhatsAppSend via GMailSend via E-Mail,81,Houses_Lahore,2026-08-10,https://www.zameen.com/Property/lahore_paragon_city_5_marla_house_for_sale_in_paragon_city_lahore-50720724-1014-1.html
10Marla house 4beds modran design house 4beds only 5croure 25Lac,PKR 5.25 Crore,52500000,5,5,10 Marla,2250.0,23333,House,False,17,17Share on FacebookShare on TwitterShare on WhatsAppSend via GMailSend via E-Mail,81,Houses_Lahore,2026-08-10,https://www.zameen.com/Property/dha_defence_dha_phase_7_10marla_house_4beds_modran_design_house_4beds_only_5croure_25lac-54591366-1450-1.html
Brand-New Modern 5 Marla Bungalow For Sale In Paragon City | Ideal Family House,PKR 2.45 Crore,24500000,3,3,5 Marla,1125.0,21777,House,False,12,12Share on FacebookShare on TwitterShare on WhatsAppSend via GMailSend via E-Mail,81,Houses_Lahore,2026-08-10,https://www.zameen.com/Property/paragon_city_paragon_city_-_orchard_block_brand-new_modern_5_marla_bungalow_for_sale_in_paragon_city_ideal_family_house-54569301-4113-1.html
Brand-New Owner-Built 5 Marla Bungalow For Sale In Paragon City | Affordable Luxury,PKR 2.6 Crore,26000000,3,3,5 Marla,1125.0,23111,House,False,28,28Share on FacebookShare on TwitterShare on WhatsAppSend via GMailSend via E-Mail,81,Houses_Lahore,2026-08-10,https://www.zameen.com/Property/paragon_city_paragon_city_-_orchard_block_brand-new_owner-built_5_marla_bungalow_for_sale_in_paragon_city_affordable_luxury-54569327-4113-1.html
6 Marla Company-Built House For Sale In Imperial Homes,PKR 2.25 Crore,22500000,3,3,6 Marla,1350.0,16666,House,False,17,17Share on FacebookShare on TwitterShare on WhatsAppSend via GMailSend via E-Mail,81,Houses_Lahore,2026-08-10,https://www.zameen.com/Property/paragon_city_imperial_garden_homes_6_marla_company-built_house_for_sale_in_imperial_homes-54569341-4119-1.html
10 Marla House For Sale In Paragon City Lahore,PKR 4.3 Crore,43000000,5,5,10 Marla,2250.0,19111,House,False,15,15Share on FacebookShare on TwitterShare on WhatsAppSend via GMailSend via E-Mail,81,Houses_Lahore,2026-08-10,https://www.zameen.com/Property/lahore_paragon_city_10_marla_house_for_sale_in_paragon_city_lahore-49869369-1014-1.html
5 Marla Architect Designer house for Serious Clint only,PKR 2.19 Crore,21900000,3,4,5 Marla,1125.0,19466,House,False,16,16Share on FacebookShare on TwitterShare on WhatsAppSend via GMailSend via E-Mail,81,Houses_Lahore,2026-08-10,https://www.zameen.com/Property/bahria_town_sector_e_bahria_town_-_jinnah_block_5_marla_architect_designer_house_for_serious_clint_only-54591349-1804-1.html
NEAR RAYA 1 KANAL MODERN FULLY FURNISHED BUNGALOW WITH BASEMENT FOR SALE IN DHA PHASE 7,PKR 8.25 Crore,82500000,5,6,1 Kanal,4500.0,18333,House,True,39,super hot39Share on FacebookShare on TwitterShare on WhatsAppSend via GMailSend via E-Mail,90,Houses_Lahore,2026-08-10,https://www.zameen.com/Property/dha_phase_7_dha_phase_7_-_block_r_near_raya_1_kanal_modern_fully_furnished_bungalow_with_basement_for_sale_in_dha_phase_7-52661114-1625-1.html
01 KANAL MODERN DESIGN MARVELOUS LUXURY BUNGALOW FOR SALE,PKR 9.95 Crore,99500000,5,7,1 Kanal,4500.0,22111,House,True,42,super hot42Share on FacebookShare on TwitterShare on WhatsAppSend via GMailSend via E-Mail,90,Houses_Lahore,2026-08-10,https://www.zameen.com/Property/dha_phase_6_dha_phase_6_-_block_m_01_kanal_modern_design_marvelous_luxury_bungalow_for_sale-53412691-1621-1.html
Full Basement Luxury House For Sale | Unique Modern Design | Beautiful Back Lawn At Prime Location,PKR 7.8 Crore,78000000,5,7,1 Kanal,4500.0,17333,House,True,42,super hot42Share on FacebookShare on TwitterShare on WhatsAppSend via GMailSend via E-Mail,90,Houses_Lahore,2026-08-10,https://www.zameen.com/Property/dha_defence_dha_phase_7_full_basement_luxury_house_for_sale_unique_modern_design_beautiful_back_lawn_at_prime_location-54309848-1450-1.html
1 Kanal Very Luxury House | 6 Master Bedrooms | Swimming Pool I Cemina I Grand Double Height Lobby,PKR 21.99 Crore,219899999,21,6,1 Kanal,4500.0,48866,House,True,40,super hot40Share on FacebookShare on TwitterShare on WhatsAppSend via GMailSend via E-Mail,90,Houses_Lahore,2026-08-10,https://www.zameen.com/Property/dha_defence_dha_phase_6_1_kanal_very_luxury_house_6_master_bedrooms_swimming_pool_i_cemina_i_grand_double_height_lobby-54489840-1448-1.html
Exquisite 1-Kanal Luxury Residence | Fully Furnished with Exceptional Modern Design,PKR 14.7 Crore,147000000,5,6,1 Kanal,4500.0,32666,Unknown,True,18,super hot18Share on FacebookShare on TwitterShare on WhatsAppSend via GMailSend via E-Mail,90,Houses_Lahore,2026-08-10,https://www.zameen.com/Property/dha_defence_dha_phase_7_exquisite_1-kanal_luxury_residence_fully_furnished_with_exceptional_modern_design-54533622-1450-1.html
3 Marla Brand New House For Sale | 4 Beds | 2 Kitchens | Premium Construction,PKR 1.5 Crore,15000000,1,4,3 Marla,675.0,22222,House,True,37,super hot37Share on FacebookShare on TwitterShare on WhatsAppSend via GMailSend via E-Mail,90,Houses_Lahore,2026-08-10,https://www.zameen.com/Property/al_kabir_town_phase_2_al-kabir_phase_2_-_block_e_3_marla_brand_new_house_for_sale_4_beds_2_kitchens_premium_construction-54587719-13022-1.html
Single Storey 41 Marla House Available In Muslim Town For sale,PKR 16.5 Crore,165000000,8,6,2.1 Kanal,9450.0,17460,House,True,10,super hot10VerifiedShare on FacebookShare on TwitterShare on WhatsAppSend via GMailSend via E-Mail,98,Houses_Lahore,2026-08-10,https://www.zameen.com/Property/lahore_muslim_town_single_storey_41_marla_house_available_in_muslim_town_for_sale-54578114-326-1.html
Fully Furnished House For Sale Phase 7 Near McDonalds Near Filling Station And Main Road,PKR 9.75 Crore,97500000,5,6,1 Kanal,4500.0,21666,House,True,21,super hot21Share on FacebookShare on TwitterShare on WhatsAppSend via GMailSend via E-Mail,90,Houses_Lahore,2026-08-10,https://www.zameen.com/Property/dha_defence_dha_phase_7_fully_furnished_house_for_sale_phase_7_near_mcdonalds_near_filling_station_and_main_road-54550661-1450-1.html
Most Beautiful Eye Catching One Kanal House With Basement Furnished Plus Swimming Pool In DHA Phase 7 For Sale Near To Big Park,PKR 12.45 Crore,124500000,6,7,1 Kanal,4500.0,27666,House,True,41,super hot41Share on FacebookShare on TwitterShare on WhatsAppSend via GMailSend via E-Mail,90,Houses_Lahore,2026-08-10,https://www.zameen.com/Property/dha_defence_dha_phase_7_most_beautiful_eye_catching_one_kanal_house_with_basement_furnished_plus_swimming_pool_in_dha_phase_7_for_sale_near_to_big_park-54271239-1450-1.html
5 Marla Modern House For Sale In Bankers Avenue Cooperative Housing Society Bedian Road Near To DHA Phase 7 Lahore.,PKR 2 Crore,20000000,2,4,5 Marla,1125.0,17777,House,True,20,super hot20Share on FacebookShare on TwitterShare on WhatsAppSend via GMailSend via E-Mail,90,Houses_Lahore,2026-08-10,https://www.zameen.com/Property/bankers_avenue_cooperative_housing_society_bankers_avenue_-_block_c_5_marla_modern_house_for_sale_in_bankers_avenue_cooperative_housing_society_bedian_road_near_to_dha_phase_7_lahore-54546028-16013-1.html
5 Marla Spanish house with jacuzzi,PKR 2.24 Crore,22400000,3,4,5 Marla,1125.0,19911,House,True,15,hot15Share on FacebookShare on TwitterShare on WhatsAppSend via GMailSend via E-Mail,84,Houses_Lahore,2026-08-10,https://www.zameen.com/Property/palm_city_palm_city_-_block_a_5_marla_spanish_house_with_jacuzzi-54586224-15753-1.html
5 Marla Double-Storey House For Sale 2ELECRICITY 1SUIGAS METER Main Bedian Road,PKR 1.15 Crore,11500000,1,6,5 Marla,1125.0,10222,House,True,19,hot19Share on FacebookShare on TwitterShare on WhatsAppSend via GMailSend via E-Mail,84,Houses_Lahore,2026-08-10,https://www.zameen.com/Property/lahore_bedian_road_5_marla_double-storey_house_for_sale_2elecricity_1suigas_meter_main_bedian_road-53618854-378-1.html
3 Marla Brand New House For Sale,PKR 1.4 Crore,14000000,3,4,3 Marla,675.0,20740,House,False,50,hot50Share on FacebookShare on TwitterShare on WhatsAppSend via GMailSend via E-Mail,84,Houses_Lahore,2026-08-10,https://www.zameen.com/Property/vital_homes_housing_scheme_vital_homes_dd_3_marla_brand_new_house_for_sale-54582584-9463-1.html
Centrally Located House Available In Al-Kabir Town For Sale,PKR 1.15 Crore,11500000,2,2,3 Marla,675.0,17037,House,False,,hotVerifiedShare on FacebookShare on TwitterShare on WhatsAppSend via GMailSend via E-Mail,90,Houses_Lahore,2026-08-10,https://www.zameen.com/Property/raiwind_road_al-kabir_town_centrally_located_house_available_in_al-kabir_town_for_sale-54558171-11433-1.html
Brand New 5 Marla House for Sale in Al Kabir Town Phase 2 Prime Location,PKR 2.3 Crore,23000000,3,3,5 Marla,1125.0,20444,House,False,9,hot9Share on FacebookShare on TwitterShare on WhatsAppSend via GMailSend via E-Mail,83,Houses_Lahore,2026-08-10,https://www.zameen.com/Property/al_kabir_town_al-kabir_town_-_phase_2_brand_new_5_marla_house_for_sale_in_al_kabir_town_phase_2_prime_location-54567680-11704-1.html
Brand New House For Sale,PKR 6.5 Crore,65000000,6,6,1 Kanal,4500.0,14444,House,False,26,hot26Share on FacebookShare on TwitterShare on WhatsAppSend via GMailSend via E-Mail,84,Houses_Lahore,2026-08-10,https://www.zameen.com/Property/iep_engineers_town_sector_a_iep_engineers_town_-_block_c3_brand_new_house_for_sale-54516474-3892-1.html
1 Kanal Gray Structure Available For Sale in M-3 Lake City Lahore.,PKR 7 Crore,70000000,6,7,1 Kanal,4500.0,15555,Unknown,False,18,hot18Share on FacebookShare on TwitterShare on WhatsAppSend via GMailSend via E-Mail,84,Houses_Lahore,2026-08-10,https://www.zameen.com/Property/lake_city_lake_city_-_sector_m-3_1_kanal_gray_structure_available_for_sale_in_m-3_lake_city_lahore-54344934-8346-1.html
ONE KANAL MOST LUXURIOUS HOUSE FOR SALE AT MOST PRIME LOCATION OF BAHRIA TOWN,PKR 7 Crore,70000000,5,6,1 Kanal,4500.0,15555,House,False,28,28Share on FacebookShare on TwitterShare on WhatsAppSend via GMailSend via E-Mail,81,Houses_Lahore,2026-08-10,https://www.zameen.com/Property/bahria_town_bahria_town_-_sector_c_one_kanal_most_luxurious_house_for_sale_at_most_prime_location_of_bahria_town-54070913-1784-1.html
Lake city Meadow 20 maral house for sale hot luction narz to park and majad airport 20 mint darve,PKR 7.2 Crore,72000000,5,6,1 Kanal,4500.0,16000,House,False,22,22Share on FacebookShare on TwitterShare on WhatsAppSend via GMailSend via E-Mail,81,Houses_Lahore,2026-08-10,https://www.zameen.com/Property/lake_city_meadows_lake_city_meadows_phase_1_lake_city_meadow_20_maral_house_for_sale_hot_luction_narz_to_park_and_majad_airport_20_mint_darve-54591334-4190-1.html
House For Sale In Sector-E Askari-10,PKR 6 Crore,60000000,4,5,10 Marla,2250.0,26666,House,True,,Share on FacebookShare on TwitterShare on WhatsAppSend via GMailSend via E-Mail,79,Houses_Lahore,2026-08-10,https://www.zameen.com/Property/askari_10_askari_10_-_sector_e_house_for_sale_in_sector-e_askari-10-54591321-9436-1.html
Brand New Luxury 5 Marla House for Sale in DHA Phase 9 Town Lahore | 3 Bed | A+ Finishing,PKR 3.25 Crore,32500000,3,4,5 Marla,1125.0,28888,House,False,12,12Share on FacebookShare on TwitterShare on WhatsAppSend via GMailSend via E-Mail,81,Houses_Lahore,2026-08-10,https://www.zameen.com/Property/dha_defence_dha_9_town_brand_new_luxury_5_marla_house_for_sale_in_dha_phase_9_town_lahore_3_bed_a_finishing-54143266-1452-1.html
1 Kanal Modern House Available For Sale In DHA Phase 7 Block-X,PKR 11 Crore,110000000,5,6,1 Kanal,4500.0,24444,House,True,19,19Share on FacebookShare on TwitterShare on WhatsAppSend via GMailSend via E-Mail,81,Houses_Lahore,2026-08-10,https://www.zameen.com/Property/dha_phase_7_dha_phase_7_-_block_x_1_kanal_modern_house_available_for_sale_in_dha_phase_7_block-x-54591295-1631-1.html
TOP OF LINE SPANISH DESIGN BRAND NEW BUNGALOW FOR SALE,PKR 8.5 Crore,85000000,5,6,1 Kanal,4500.0,18888,House,True,50,50Share on FacebookShare on TwitterShare on WhatsAppSend via GMailSend via E-Mail,81,Houses_Lahore,2026-08-10,https://www.zameen.com/Property/dha_defence_dha_phase_8_top_of_line_spanish_design_brand_new_bungalow_for_sale-52014028-1451-1.html
5 Marla Contemporary House With Iconic Double-Height Design,PKR 3.35 Crore,33500000,3,4,5 Marla,1125.0,29777,House,True,46,super hot46Share on FacebookShare on TwitterShare on WhatsAppSend via GMailSend via E-Mail,90,Houses_Lahore,2026-08-10,https://www.zameen.com/Property/dha_defence_dha_9_town_5_marla_contemporary_house_with_iconic_double-height_design-54538015-1452-1.html
3 Years Installment Plan Luxury 5 Marla Brand New House In Park View City Lahore,PKR 1.6 Crore,16000000,4,4,5 Marla,1125.0,14222,House,True,13,super hot13Share on FacebookShare on TwitterShare on WhatsAppSend via GMailSend via E-Mail,90,Houses_Lahore,2026-08-10,https://www.zameen.com/Property/lahore_park_view_city_3_years_installment_plan_luxury_5_marla_brand_new_house_in_park_view_city_lahore-54580976-1466-1.html
10 Marla Brand New House Available For Sale In Lake City,PKR 6.75 Crore,67500000,5,5,10 Marla,2250.0,30000,House,True,28,super hot28Share on FacebookShare on TwitterShare on WhatsAppSend via GMailSend via E-Mail,90,Houses_Lahore,2026-08-10,https://www.zameen.com/Property/raiwind_road_lake_city_10_marla_brand_new_house_available_for_sale_in_lake_city-54434710-1103-1.html
5 Marla Brand New House For Sale In Lake City Raiwind Road Lahore,PKR 2.6 Crore,26000000,4,5,5 Marla,1125.0,23111,House,True,8,super hot8Share on FacebookShare on TwitterShare on WhatsAppSend via GMailSend via E-Mail,89,Houses_Lahore,2026-08-10,https://www.zameen.com/Property/raiwind_road_lake_city_5_marla_brand_new_house_for_sale_in_lake_city_raiwind_road_lahore-53916234-1103-1.html
Experience Grand Living | 1 Kanal Luxury Home With Premium Interiors,PKR 10.4 Crore,104000000,5,6,1 Kanal,4500.0,23111,Unknown,True,50,super hot50Share on FacebookShare on TwitterShare on WhatsAppSend via GMailSend via E-Mail,90,Houses_Lahore,2026-08-10,https://www.zameen.com/Property/dha_defence_dha_phase_7_experience_grand_living_1_kanal_luxury_home_with_premium_interiors-54489403-1450-1.html
"5 MARLA ELEGANT & SUPER HOT LOCATED BUNGALOW IS AVAILABLE IN DHA, LAHORE.",PKR 2.95 Crore,29500000,3,4,5 Marla,1125.0,26222,House,True,36,super hot36Share on FacebookShare on TwitterShare on WhatsAppSend via GMailSend via E-Mail,90,Houses_Lahore,2026-08-10,https://www.zameen.com/Property/dha_9_town_dha_9_town_-_block_b_5_marla_elegant_super_hot_located_bungalow_is_available_in_dha_lahore-54488041-8174-1.html
"10 MARLA ELEGANT AND FULLY MAINTAINED SUPER HOT LOCATED FACING PARK BUNGALOW IS AVAILABLE IN BANKERS AVENUE BLOCK H, LAHORE.",PKR 4.15 Crore,41500000,5,6,10 Marla,2250.0,18444,House,True,23,super hot23Share on FacebookShare on TwitterShare on WhatsAppSend via GMailSend via E-Mail,90,Houses_Lahore,2026-08-10,https://www.zameen.com/Property/bankers_avenue_cooperative_housing_society_bankers_avenue_-_block_h_10_marla_elegant_and_fully_maintained_super_hot_located_facing_park_bungalow_is_available_in_bankers_avenue_block_h_lahore-54355470-16018-1.html
7 Marla House For Sale Rijistri Intqal,PKR 2.5 Crore,25000000,5,6,7 Marla,1575.0,15873,House,True,39,super hot39Share on FacebookShare on TwitterShare on WhatsAppSend via GMailSend via E-Mail,90,Houses_Lahore,2026-08-10,https://www.zameen.com/Property/lahore_shadab_garden_7_marla_house_for_sale_rijistri_intqal-54588155-4451-1.html
8.75 Marla House For Sale,PKR 2.8 Crore,28000000,6,6,8.7 Marla,1957.4999999999998,14303,House,True,17,super hot17Share on FacebookShare on TwitterShare on WhatsAppSend via GMailSend via E-Mail,90,Houses_Lahore,2026-08-10,https://www.zameen.com/Property/military_accounts_housing_society_military_accounts_society_-_block_b_8_75_marla_house_for_sale-53459741-4031-1.html
3 MARLA BRAND NEW HOUSE AVAILABLE FOR SALE AL KABIR TOWN PH 2,PKR 1.65 Crore,16500000,4,5,3 Marla,675.0,24444,House,True,19,super hot19Share on FacebookShare on TwitterShare on WhatsAppSend via GMailSend via E-Mail,90,Houses_Lahore,2026-08-10,https://www.zameen.com/Property/al_kabir_town_al-kabir_town_-_phase_2_3_marla_brand_new_house_available_for_sale_al_kabir_town_ph_2-54506155-11704-1.html
"5 Marla Grey Structure Modern Design Lavish House For Sale In Park View City Lahore | For Discounted Price And Original Pictures Download The App ""Signature Lands"".",PKR 1.5 Crore,15000000,4,4,5 Marla,1125.0,13333,House,True,10,hot10Share on FacebookShare on TwitterShare on WhatsAppSend via GMailSend via E-Mail,84,Houses_Lahore,2026-08-10,https://www.zameen.com/Property/park_view_city_park_view_city_-_overseas_block_5_marla_grey_structure_modern_design_lavish_house_for_sale_in_park_view_city_lahore_for_discounted_price_and_original_pictures_download_the_app_signature_lands-54148066-17602-1.html
Hot Deal 5 Marla Modern Brand New House For Sale Park View City Lahore,PKR 2.3 Crore,23000000,3,4,5 Marla,1125.0,20444,House,True,38,hot38Share on FacebookShare on TwitterShare on WhatsAppSend via GMailSend via E-Mail,84,Houses_Lahore,2026-08-10,https://www.zameen.com/Property/park_view_city_park_view_city_-_executive_block_hot_deal_5_marla_modern_brand_new_house_for_sale_park_view_city_lahore-53991105-17598-1.html
1 Kanal Brand New House Available For Sale In H-Block Fazaia Housing Scheme Ph 1 Lahore,PKR 9.5 Crore,95000000,5,6,1 Kanal,4500.0,21111,House,False,26,hot26Share on FacebookShare on TwitterShare on WhatsAppSend via GMailSend via E-Mail,84,Houses_Lahore,2026-08-10,https://www.zameen.com/Property/fazaia_housing_scheme_fazaia_housing_scheme_phase_1_1_kanal_brand_new_house_available_for_sale_in_h-block_fazaia_housing_scheme_ph_1_lahore-54462201-9238-1.html
5 Marla 3D Design House Available For Sale In Central Park Housing Scheme Lahore.,PKR 2.3 Crore,23000000,3,4,5 Marla,1125.0,20444,House,False,12,hot12Share on FacebookShare on TwitterShare on WhatsAppSend via GMailSend via E-Mail,84,Houses_Lahore,2026-08-10,https://www.zameen.com/Property/lahore_central_park_housing_scheme_5_marla_3d_design_house_available_for_sale_in_central_park_housing_scheme_lahore-54554025-1013-1.html
1 Kanal Ultra Modern Luxury Full Furnished House For Sale,PKR 13.5 Crore,135000000,5,6,1 Kanal,4500.0,30000,House,False,17,hot17Share on FacebookShare on TwitterShare on WhatsAppSend via GMailSend via E-Mail,84,Houses_Lahore,2026-08-10,https://www.zameen.com/Property/dha_defence_dha_phase_6_1_kanal_ultra_modern_luxury_full_furnished_house_for_sale-54511397-1448-1.html
10 Marla Brand New House For Sale in Sector E Bahria town Lahore,PKR 4.1 Crore,41000000,5,6,10 Marla,2250.0,18222,House,False,19,hot19Share on FacebookShare on TwitterShare on WhatsAppSend via GMailSend via E-Mail,84,Houses_Lahore,2026-08-10,https://www.zameen.com/Property/bahria_town_bahria_town_-_sector_e_10_marla_brand_new_house_for_sale_in_sector_e_bahria_town_lahore-54456029-1802-1.html
1 Kanal Like New House For Sale Sector C Bahria Town Lahore,PKR 6.9 Crore,69000000,5,6,1 Kanal,4500.0,15333,House,False,22,hot22Share on FacebookShare on TwitterShare on WhatsAppSend via GMailSend via E-Mail,84,Houses_Lahore,2026-08-10,https://www.zameen.com/Property/bahria_town_bahria_town_-_sector_c_1_kanal_like_new_house_for_sale_sector_c_bahria_town_lahore-54540383-1784-1.html
100% ORIGINAL ADD 1 KANAL SLIGHTLY USED MODERN HOUSE FOR SALE NEAR TO PARK NEAR TO MOSQUE AT DHA PHASE 5,PKR 9.35 Crore,93500000,5,6,1 Kanal,4500.0,20777,House,True,48,48Share on FacebookShare on TwitterShare on WhatsAppSend via GMailSend via E-Mail,81,Houses_Lahore,2026-08-10,https://www.zameen.com/Property/dha_defence_dha_phase_5_100_original_add_1_kanal_slightly_used_modern_house_for_sale_near_to_park_near_to_mosque_at_dha_phase_5-53840679-1447-1.html
Discover Luxury Living In This Meticulously Designed 1 Kanal House In DHA Phase 7,PKR 7.79 Crore,77900000,5,6,1 Kanal,4500.0,17311,House,True,50,50Share on FacebookShare on TwitterShare on WhatsAppSend via GMailSend via E-Mail,81,Houses_Lahore,2026-08-10,https://www.zameen.com/Property/dha_defence_dha_phase_7_discover_luxury_living_in_this_meticulously_designed_1_kanal_house_in_dha_phase_7-51797658-1450-1.html
100% Original Deal | DHA Phase 6 | 1 Kanal Brand New Ultramodern Luxury Bungalow | Architect: Mazhar Munir | Holizin Home Furniture | Top Notch Construction | Imported Tiles Architect World & Mona Lis,PKR 9.12 Crore,91199999,6,6,1 Kanal,4500.0,20266,House,True,50,50Share on FacebookShare on TwitterShare on WhatsAppSend via GMailSend via E-Mail,81,Houses_Lahore,2026-08-10,https://www.zameen.com/Property/dha_defence_dha_phase_6_100_original_deal_dha_phase_6_1_kanal_brand_new_ultramodern_luxury_bungalow_architect_mazhar_munir_holizin_home_furniture_top_notch_construction_imported_tiles_architect_world_mona_lisa_hot_location_near_park_mosque-54291659-1448-1.html
100% Original Deal | DHA Phase 7 | 1 Kanal Brand New Royal Palace | Architect : Faisal Rasul | Best Furniture | Top Notch Construction | Hot Location Near RAYA,PKR 6.95 Crore,69500000,6,6,1 Kanal,4500.0,15444,Unknown,True,46,46Share on FacebookShare on TwitterShare on WhatsAppSend via GMailSend via E-Mail,81,Houses_Lahore,2026-08-10,https://www.zameen.com/Property/dha_defence_dha_phase_7_100_original_deal_dha_phase_7_1_kanal_brand_new_royal_palace_architect_faisal_rasul_best_furniture_top_notch_construction_hot_location_near_raya-53688523-1450-1.html
5 Marla Brand New Modern Design House for Sale,PKR 2.6 Crore,26000000,3,4,5 Marla,1125.0,23111,House,False,20,20Share on FacebookShare on TwitterShare on WhatsAppSend via GMailSend via E-Mail,81,Houses_Lahore,2026-08-10,https://www.zameen.com/Property/paragon_city_paragon_city_-_orchard_block_5_marla_brand_new_modern_design_house_for_sale-54591289-4113-1.html
Ultra Lavish Top Notch Masterpiece | Fully Furnished Luxury Bungalow with Swimming Pool | 100% Original Deal | DHA Phase 8,PKR 8.35 Crore,83500000,6,6,1 Kanal,4500.0,18555,House,True,45,45Share on FacebookShare on TwitterShare on WhatsAppSend via GMailSend via E-Mail,81,Houses_Lahore,2026-08-10,https://www.zameen.com/Property/dha_defence_dha_phase_8_ultra_lavish_top_notch_masterpiece_fully_furnished_luxury_bungalow_with_swimming_pool_100_original_deal_dha_phase_8-53623628-1451-1.html
Luxurious 5 Marla Lavish Brand New Bungalow On Top Location For Sale In DHA Phase 9 Town Lahore,PKR 2.45 Crore,24500000,3,4,5 Marla,1125.0,21777,House,False,33,33Share on FacebookShare on TwitterShare on WhatsAppSend via GMailSend via E-Mail,81,Houses_Lahore,2026-08-10,https://www.zameen.com/Property/dha_defence_dha_9_town_luxurious_5_marla_lavish_brand_new_bungalow_on_top_location_for_sale_in_dha_phase_9_town_lahore-54534805-1452-1.html
3 Years Installment Plan Luxury 10 Marla Brand New House In Park View City Lahore,PKR 3.3 Crore,33000000,5,6,10 Marla,2250.0,14666,House,True,25,super hot25Share on FacebookShare on TwitterShare on WhatsAppSend via GMailSend via E-Mail,90,Houses_Lahore,2026-08-10,https://www.zameen.com/Property/lahore_park_view_city_3_years_installment_plan_luxury_10_marla_brand_new_house_in_park_view_city_lahore-54575655-1466-1.html
3 Years Installment Plan Luxury 5 Marla Brand New House In Park View City Lahore,PKR 1.6 Crore,16000000,4,5,5 Marla,1125.0,14222,House,True,13,super hot13Share on FacebookShare on TwitterShare on WhatsAppSend via GMailSend via E-Mail,90,Houses_Lahore,2026-08-10,https://www.zameen.com/Property/lahore_park_view_city_3_years_installment_plan_luxury_5_marla_brand_new_house_in_park_view_city_lahore-54563243-1466-1.html
Swimming Pool - Ultra Modern Designer House Fully Furnished + 7 Kv Solar installed Available For Sale At Top Location DHA 9 Town - Must Be See,PKR 3.5 Crore,35000000,3,4,5 Marla,1125.0,31111,House,True,15,super hot15Share on FacebookShare on TwitterShare on WhatsAppSend via GMailSend via E-Mail,90,Houses_Lahore,2026-08-10,https://www.zameen.com/Property/dha_defence_dha_9_town_swimming_pool_-_ultra_modern_designer_house_fully_furnished_7_kv_solar_installed_available_for_sale_at_top_location_dha_9_town_-_must_be_see-54154648-1452-1.html
"1 Kanal House For Sale Lake City Meadows (Near DHA Phase 5) original picture  1 Kanal brand new luxury house available for sale in prime location of Lake City Meadows, Lahore.   56 Bedrooms with attac",PKR 7.25 Crore,72500000,7,7,1 Kanal,4500.0,16111,House,True,20,super hot20Share on FacebookShare on TwitterShare on WhatsAppSend via GMailSend via E-Mail,90,Houses_Lahore,2026-08-10,https://www.zameen.com/Property/lake_city_meadows_phase_1_lake_city_meadows_phase_1_-_block_b_1_kanal_house_for_sale_lake_city_meadows_near_dha_phase_5_original_picture_1_kanal_brand_new_luxury_house_available_for_sale_in_prime_location_of_lake_city_meadows_lahore_56_bedrooms_with_attached_baths_2_tv_lounge_drawing_dining_modern_kitchen_dirty_kitchen_servant_quarter_spacious_car_parking_near_dha_phase_5_ring_road_peaceful_secure_gated_community_serious_buyers_contact_for_visit_details-54586198-4192-1.html
"5 Marla Brand New Modern Design Lavish House For Sale In Park View City Lahore | For Discounted Price And Original Pictures Download The App ""Signature Lands"".",PKR 1.7 Crore,17000000,4,4,5 Marla,1125.0,15111,House,True,12,super hot12Share on FacebookShare on TwitterShare on WhatsAppSend via GMailSend via E-Mail,90,Houses_Lahore,2026-08-10,https://www.zameen.com/Property/lahore_park_view_city_5_marla_brand_new_modern_design_lavish_house_for_sale_in_park_view_city_lahore_for_discounted_price_and_original_pictures_download_the_app_signature_lands-54581981-1466-1.html
5 MARLA BRAND NEW HOUSE AVAILABLE FOR SALE AL KABIR TOWN PHASE 2,PKR 2.65 Crore,26500000,4,5,5 Marla,1125.0,23555,House,True,21,super hot21Share on FacebookShare on TwitterShare on WhatsAppSend via GMailSend via E-Mail,90,Houses_Lahore,2026-08-10,https://www.zameen.com/Property/al_kabir_town_al-kabir_town_-_phase_2_5_marla_brand_new_house_available_for_sale_al_kabir_town_phase_2-54500957-11704-1.html
3 Marla LUXURY Living Awaits Outclass Double-Storey House In Al Kabir Town Phase 2,PKR 1.6 Crore,16000000,4,5,3 Marla,675.0,23703,House,True,19,super hot19Share on FacebookShare on TwitterShare on WhatsAppSend via GMailSend via E-Mail,90,Houses_Lahore,2026-08-10,https://www.zameen.com/Property/al_kabir_town_al-kabir_town_-_phase_2_3_marla_luxury_living_awaits_outclass_double-storey_house_in_al_kabir_town_phase_2-54521205-11704-1.html
Reserve A House Now In DHA 11 Rahbar,PKR 2.6 Crore,26000000,,,5 Marla,1125.0,23111,House,True,19,super hot19Share on FacebookShare on TwitterShare on WhatsAppSend via GMailSend via E-Mail,90,Houses_Lahore,2026-08-10,https://www.zameen.com/Property/lahore_dha_11_rahbar_reserve_a_house_now_in_dha_11_rahbar-54587559-1410-1.html
Facing Park 1 Kanal Fully Furnished Modern House In Phase 7 For Sale,PKR 8.15 Crore,81500000,5,5,1 Kanal,4500.0,18111,House,True,41,super hot41Share on FacebookShare on TwitterShare on WhatsAppSend via GMailSend via E-Mail,90,Houses_Lahore,2026-08-10,https://www.zameen.com/Property/dha_defence_dha_phase_7_facing_park_1_kanal_fully_furnished_modern_house_in_phase_7_for_sale-54364760-1450-1.html
"ULTRA MODERN 1 KANAL BRAND NEW HOUSE FOR SALE Location: DHA Phase 7, Lahore | Prime Location",PKR 7.9 Crore,79000000,5,6,1 Kanal,4500.0,17555,House,True,45,super hot45Share on FacebookShare on TwitterShare on WhatsAppSend via GMailSend via E-Mail,90,Houses_Lahore,2026-08-10,https://www.zameen.com/Property/dha_phase_7_dha_phase_7_-_block_y_ultra_modern_1_kanal_brand_new_house_for_sale_location_dha_phase_7_lahore_prime_location-54471940-1632-1.html
5 Marla Modern Design House Available For Sale,PKR 1.99 Crore,19900000,4,4,5 Marla,1125.0,17688,House,True,21,hot21Share on FacebookShare on TwitterShare on WhatsAppSend via GMailSend via E-Mail,84,Houses_Lahore,2026-08-10,https://www.zameen.com/Property/lahore_central_park_housing_scheme_5_marla_modern_design_house_available_for_sale-53806284-1013-1.html
Brand New 5 Marla House For Sale in Central Park Housing Scheme Lahore. Bank finance also available,PKR 1.95 Crore,19500000,3,3,5 Marla,1125.0,17333,House,True,11,hot11Share on FacebookShare on TwitterShare on WhatsAppSend via GMailSend via E-Mail,84,Houses_Lahore,2026-08-10,https://www.zameen.com/Property/lahore_central_park_housing_scheme_brand_new_5_marla_house_for_sale_in_central_park_housing_scheme_lahore_bank_finance_also_available-54380488-1013-1.html
1 kanal House Bankers Avenue Cooperative Housing Society A Community You Can Trust,PKR 3.8 Crore,38000000,5,5,1 Kanal,4500.0,8444,House,False,18,hot18Share on FacebookShare on TwitterShare on WhatsAppSend via GMailSend via E-Mail,84,Houses_Lahore,2026-08-10,https://www.zameen.com/Property/lahore_bankers_avenue_cooperative_housing_society_1_kanal_house_bankers_avenue_cooperative_housing_society_a_community_you_can_trust-52533126-8325-1.html
Brand New Luxury 1 Kanal House For Sale In Bahria Town Lahore | Prime Location | Modern Design,PKR 8.5 Crore,85000000,5,6,1 Kanal,4500.0,18888,House,False,44,hot44Share on FacebookShare on TwitterShare on WhatsAppSend via GMailSend via E-Mail,84,Houses_Lahore,2026-08-10,https://www.zameen.com/Property/bahria_town_bahria_town_-_overseas_enclave_brand_new_luxury_1_kanal_house_for_sale_in_bahria_town_lahore_prime_location_modern_design-54065365-1811-1.html
DHA RAHBAR PH 11 SECTOR 2 5M ULTRA MODERN DOUBEL UNIT HOUSE READY FOR THE SALE BLOCK M,PKR 3.2 Crore,32000000,3,4,5 Marla,1125.0,28444,House,False,19,hot19Share on FacebookShare on TwitterShare on WhatsAppSend via GMailSend via E-Mail,84,Houses_Lahore,2026-08-10,https://www.zameen.com/Property/dha_11_rahbar_dha_11_rahbar_sector_2_dha_rahbar_ph_11_sector_2_5m_ultra_modern_doubel_unit_house_ready_for_the_sale_block_m-54590855-3717-1.html
Beautiful House For Sale In Bahria Orchard Lahore Prime Location & Modern Living,PKR 1.8 Crore,18000000,3,5,5 Marla,1125.0,16000,House,False,21,hot21Share on FacebookShare on TwitterShare on WhatsAppSend via GMailSend via E-Mail,84,Houses_Lahore,2026-08-10,https://www.zameen.com/Property/bahria_orchard_phase_1_bahria_orchard_phase_1_-_eastern_beautiful_house_for_sale_in_bahria_orchard_lahore_prime_location_modern_living-54370647-8239-1.html
8 Marla Brand New House For Sale In Bahria Orchard Phase 2 | Prime Location | Ready To Move,PKR 2.55 Crore,25500000,4,5,8 Marla,1800.0,14166,House,False,18,hot18Share on FacebookShare on TwitterShare on WhatsAppSend via GMailSend via E-Mail,84,Houses_Lahore,2026-08-10,https://www.zameen.com/Property/bahria_orchard_bahria_orchard_phase_2_8_marla_brand_new_house_for_sale_in_bahria_orchard_phase_2_prime_location_ready_to_move-54462373-8236-1.html
Luxurious 5 Marla Lavish Brand New Bungalow On Top Location For Sale in DHA Phase 9 Town Lahore,PKR 2.6 Crore,26000000,3,4,5 Marla,1125.0,23111,House,False,15,15Share on FacebookShare on TwitterShare on WhatsAppSend via GMailSend via E-Mail,81,Houses_Lahore,2026-08-10,https://www.zameen.com/Property/dha_defence_dha_9_town_luxurious_5_marla_lavish_brand_new_bungalow_on_top_location_for_sale_in_dha_phase_9_town_lahore-54518959-1452-1.html
ROYAL SPANISH ULTRA LUXURY 22 MARLA CORNER BUNGALOW | HOT LOCATION NEAR COMMERCIAL & PARK | DHA PHASE 6,PKR 8.49 Crore,84900000,5,6,1 Kanal,4500.0,18866,House,True,45,45Share on FacebookShare on TwitterShare on WhatsAppSend via GMailSend via E-Mail,81,Houses_Lahore,2026-08-10,https://www.zameen.com/Property/dha_defence_dha_phase_6_royal_spanish_ultra_luxury_22_marla_corner_bungalow_hot_location_near_commercial_park_dha_phase_6-53455520-1448-1.html
"Brand New 3 Marla Modern House for Sale in DD Block Vital Homes Housing Scheme, Lahore",PKR 1.45 Crore,14500000,3,4,3 Marla,675.0,21481,House,False,22,22Share on FacebookShare on TwitterShare on WhatsAppSend via GMailSend via E-Mail,81,Houses_Lahore,2026-08-10,https://www.zameen.com/Property/vital_homes_housing_scheme_vital_homes_dd_brand_new_3_marla_modern_house_for_sale_in_dd_block_vital_homes_housing_scheme_lahore-54591284-9463-1.html
Ultra Lavish Top Notch Masterpiece | Fully Furnished Luxury Bungalow With Swimming Pool | Near Park | 100% Original Deal | DHA Phase 5,PKR 9.1 Crore,91000000,6,6,1 Kanal,4500.0,20222,House,True,44,44Share on FacebookShare on TwitterShare on WhatsAppSend via GMailSend via E-Mail,81,Houses_Lahore,2026-08-10,https://www.zameen.com/Property/dha_phase_5_dha_phase_5_-_block_h_ultra_lavish_top_notch_masterpiece_fully_furnished_luxury_bungalow_with_swimming_pool_near_park_100_original_deal_dha_phase_5-53624046-1605-1.html
10 Marla Brand New House For Sale In Lake City Raiwind Road Lahore,PKR 5.45 Crore,54500000,6,6,10 Marla,2250.0,24222,House,True,27,27Share on FacebookShare on TwitterShare on WhatsAppSend via GMailSend via E-Mail,81,Houses_Lahore,2026-08-10,https://www.zameen.com/Property/lake_city_lake_city_-_sector_m-2a_10_marla_brand_new_house_for_sale_in_lake_city_raiwind_road_lahore-54245735-4002-1.html
7 Marla Brand New House For Sale In Lake City - Sector M-7A Lake City Raiwind Road Lahore,PKR 4.24 Crore,42400000,6,6,7 Marla,1575.0,26920,House,True,20,20Share on FacebookShare on TwitterShare on WhatsAppSend via GMailSend via E-Mail,81,Houses_Lahore,2026-08-10,https://www.zameen.com/Property/lake_city_lake_city_-_sector_m-7_7_marla_brand_new_house_for_sale_in_lake_city_-_sector_m-7a_lake_city_raiwind_road_lahore-54245729-4009-1.html
5 Marla Brand New House For Sale In Lake City - Sector M-7B Lake City Lahore,PKR 3.2 Crore,32000000,4,5,5 Marla,1125.0,28444,House,True,22,22Share on FacebookShare on TwitterShare on WhatsAppSend via GMailSend via E-Mail,81,Houses_Lahore,2026-08-10,https://www.zameen.com/Property/lake_city_lake_city_-_sector_m-7_5_marla_brand_new_house_for_sale_in_lake_city_-_sector_m-7b_lake_city_lahore-54245443-4009-1.html
1 Kanal Ultra Modern Brand New House For Sale In Wapda Town - Block E1 Lahore,PKR 9 Crore,90000000,6,6,1 Kanal,4500.0,20000,House,True,21,21Share on FacebookShare on TwitterShare on WhatsAppSend via GMailSend via E-Mail,81,Houses_Lahore,2026-08-10,https://www.zameen.com/Property/wapda_town_phase_1_wapda_town_phase_1_-_block_e1_1_kanal_ultra_modern_brand_new_house_for_sale_in_wapda_town_-_block_e1_lahore-54240929-4311-1.html
Bungalow For Sale 1600 Square Yards In DHA Phase 6,PKR 70 Crore,700000000,6,7,"1,600 Sq. Yd",14400.0,48611,House,True,40,super hot40Share on FacebookShare on TwitterShare on WhatsAppSend via GMailSend via E-Mail,90,Houses_Karachi,2026-08-10,https://www.zameen.com/Property/dha_defence_dha_phase_6_bungalow_for_sale_1600_square_yards_in_dha_phase_6-54494324-1483-1.html
Bunglow for sale,PKR 28 Crore,280000000,6,6,"1,000 Sq. Yd",9000.0,31111,Unknown,True,17,super hot17Share on FacebookShare on TwitterShare on WhatsAppSend via GMailSend via E-Mail,90,Houses_Karachi,2026-08-10,https://www.zameen.com/Property/dha_defence_dha_phase_6_bunglow_for_sale-54582936-1483-1.html
Exquisite Modern Well Planned Brand New 500 Yards Bungalow For Sale In DHA Phase 8 Karachi,PKR 28.5 Crore,285000000,6,7,500 Sq. Yd,4500.0,63333,House,True,50,super hot50Share on FacebookShare on TwitterShare on WhatsAppSend via GMailSend via E-Mail,90,Houses_Karachi,2026-08-10,https://www.zameen.com/Property/dha_defence_dha_phase_8_exquisite_modern_well_planned_brand_new_500_yards_bungalow_for_sale_in_dha_phase_8_karachi-54105924-1485-1.html
Designed To Inspire Modern Brand New 500 Yards Bungalow For Sale in DHA Phase 8 Karachi,PKR 30 Crore,300000000,6,7,500 Sq. Yd,4500.0,66666,House,True,48,super hot48Share on FacebookShare on TwitterShare on WhatsAppSend via GMailSend via E-Mail,90,Houses_Karachi,2026-08-10,https://www.zameen.com/Property/dha_defence_dha_phase_8_designed_to_inspire_modern_brand_new_500_yards_bungalow_for_sale_in_dha_phase_8_karachi-54447821-1485-1.html
1000 Yards Bungalow for Sale,PKR 31 Crore,310000000,7,6,"1,000 Sq. Yd",9000.0,34444,House,True,47,super hot47Share on FacebookShare on TwitterShare on WhatsAppSend via GMailSend via E-Mail,90,Houses_Karachi,2026-08-10,https://www.zameen.com/Property/dha_defence_dha_phase_6_1000_yards_bungalow_for_sale-54590272-1483-1.html
"Brand New 1000 Yards Luxury Villa With Pool | Main Qasim, DHA Phase 8",PKR 45 Crore,450000000,6,6,"1,000 Sq. Yd",9000.0,50000,House,True,12,super hot12Share on FacebookShare on TwitterShare on WhatsAppSend via GMailSend via E-Mail,90,Houses_Karachi,2026-08-10,https://www.zameen.com/Property/dha_defence_dha_phase_8_brand_new_1000_yards_luxury_villa_with_pool_main_qasim_dha_phase_8-54494431-1485-1.html
500 Sq. Yards Brand New Luxury Bungalow | Main Zulfiqar Avenue | DHA Phase 8 | Full Basement,PKR 28 Crore,280000000,6,6,500 Sq. Yd,4500.0,62222,House,True,13,super hot13Share on FacebookShare on TwitterShare on WhatsAppSend via GMailSend via E-Mail,90,Houses_Karachi,2026-08-10,https://www.zameen.com/Property/dha_defence_dha_phase_8_500_sq_yards_brand_new_luxury_bungalow_main_zulfiqar_avenue_dha_phase_8_full_basement-54574957-1485-1.html
2 Unit Bungalow For Sale,PKR 15 Crore,150000000,6,6,500 Sq. Yd,4500.0,33333,House,True,8,super hot8Share on FacebookShare on TwitterShare on WhatsAppSend via GMailSend via E-Mail,89,Houses_Karachi,2026-08-10,https://www.zameen.com/Property/dha_defence_dha_phase_7_2_unit_bungalow_for_sale-53457227-1484-1.html
Brand New 500 Sq-Yards House For Sale Located In DHA Phase 8 In Karachi,PKR 28 Crore,280000000,5,7,500 Sq. Yd,4500.0,62222,House,True,18,super hot18VerifiedShare on FacebookShare on TwitterShare on WhatsAppSend via GMailSend via E-Mail,98,Houses_Karachi,2026-08-10,https://www.zameen.com/Property/dha_defence_dha_phase_8_brand_new_500_sq-yards_house_for_sale_located_in_dha_phase_8_in_karachi-54476840-1485-1.html
"Boundary Wall Society, Secured, 262sq. yds, Maintained G+1 House For Sale",PKR 7.35 Crore,73500000,5,6,262 Sq. Yd,2358.0,31170,House,True,24,super hot241VerifiedShare on FacebookShare on TwitterShare on WhatsAppSend via GMailSend via E-Mail,99,Houses_Karachi,2026-08-10,https://www.zameen.com/Property/gulshan_e_iqbal_gulshan-e-iqbal_-_block_11_boundary_wall_society_secured_262sq_yds_maintained_g_1_house_for_sale-54161665-6872-1.html
"125 Sq Yd Ali Block Villa For Sale Bahria Town Karachi. 3 Bedrooms | All Facilities Nearby including Park, Mosque, Shopping Gallery & PSO Petrol Pump | Prime Location | Ready for Living.",PKR 1.48 Crore,14800000,1,3,125 Sq. Yd,1125.0,13155,House,True,23,hot23Share on FacebookShare on TwitterShare on WhatsAppSend via GMailSend via E-Mail,84,Houses_Karachi,2026-08-10,https://www.zameen.com/Property/bahria_town_precinct_12_bahria_town_-_ali_block_125_sq_yd_ali_block_villa_for_sale_bahria_town_karachi_3_bedrooms_all_facilities_nearby_including_park_mosque_shopping_gallery_pso_petrol_pump_prime_location_ready_for_living-54554922-10023-1.html
1000 SQ. YARDS LUXURY BUNGALOW | CORNER | DHA PHASE 6,PKR 50 Crore,500000000,6,6,"1,000 Sq. Yd",9000.0,55555,House,True,25,hot25Share on FacebookShare on TwitterShare on WhatsAppSend via GMailSend via E-Mail,84,Houses_Karachi,2026-08-10,https://www.zameen.com/Property/dha_defence_dha_phase_6_1000_sq_yards_luxury_bungalow_corner_dha_phase_6-54590764-1483-1.html
Ultra Luxury Brand New Corner Bungalow With Lift & Full Basement For Sale In DHA Phase 4,PKR 16 Crore,160000000,7,6,300 Sq. Yd,2700.0,59259,House,False,22,hot22Share on FacebookShare on TwitterShare on WhatsAppSend via GMailSend via E-Mail,84,Houses_Karachi,2026-08-10,https://www.zameen.com/Property/clifton_clifton_-_block_4_ultra_luxury_brand_new_corner_bungalow_with_lift_full_basement_for_sale_in_dha_phase_4-54245849-1666-1.html
100 Yards Luxury Brand New House | West Open | DHA Phase 8,PKR 8.5 Crore,85000000,5,4,100 Sq. Yd,900.0,94444,House,False,16,hot16Share on FacebookShare on TwitterShare on WhatsAppSend via GMailSend via E-Mail,84,Houses_Karachi,2026-08-10,https://www.zameen.com/Property/dha_defence_dha_phase_8_100_yards_luxury_brand_new_house_west_open_dha_phase_8-54513117-1485-1.html
500 Yards Slightly Used House With Full Basement | West Open | DHA Phase 8,PKR 21 Crore,210000000,5,6,500 Sq. Yd,4500.0,46666,House,False,24,hot24Share on FacebookShare on TwitterShare on WhatsAppSend via GMailSend via E-Mail,84,Houses_Karachi,2026-08-10,https://www.zameen.com/Property/dha_defence_dha_phase_8_500_yards_slightly_used_house_with_full_basement_west_open_dha_phase_8-54495333-1485-1.html
1000 Yards Owner Built Luxury BUNGALOW For Sale | DHA,PKR 38 Crore,380000000,6,6,"1,000 Sq. Yd",9000.0,42222,House,False,48,hot48Share on FacebookShare on TwitterShare on WhatsAppSend via GMailSend via E-Mail,84,Houses_Karachi,2026-08-10,https://www.zameen.com/Property/dha_defence_dha_phase_6_1000_yards_owner_built_luxury_bungalow_for_sale_dha-54487403-1483-1.html
Defence Phase 5 Banglow For Sale,PKR 30 Crore,300000000,3,4,"1,000 Sq. Yd",9000.0,33333,Unknown,False,13,hot13Share on FacebookShare on TwitterShare on WhatsAppSend via GMailSend via E-Mail,84,Houses_Karachi,2026-08-10,https://www.zameen.com/Property/dha_defence_dha_phase_5_defence_phase_5_banglow_for_sale-54524436-1482-1.html
BUNGALOW FOR SALE 1000 YARDS SMCHS,PKR 30 Crore,300000000,10,6,"1,000 Sq. Yd",9000.0,33333,House,True,5,5Share on FacebookShare on TwitterShare on WhatsAppSend via GMailSend via E-Mail,80,Houses_Karachi,2026-08-10,https://www.zameen.com/Property/smchs_sindhi_muslim_society_sindhi_muslim_society_-_block_a_bungalow_for_sale_1000_yards_smchs-54441257-6953-1.html
600 Sq-Yard Fully Renovated Ready To Move House Available On Sale,PKR 16.5 Crore,165000000,6,6,600 Sq. Yd,5400.0,30555,House,True,5,5Share on FacebookShare on TwitterShare on WhatsAppSend via GMailSend via E-Mail,80,Houses_Karachi,2026-08-10,https://www.zameen.com/Property/smchs_sindhi_muslim_society_sindhi_muslim_society_-_block_a_600_sq-yard_fully_renovated_ready_to_move_house_available_on_sale-54441334-6953-1.html
120 Yards West Open House For Sale In DHA Phase 8 Staff Lane Prime Location Hot,PKR 6.4 Crore,64000000,4,5,120 Sq. Yd,1080.0,59259,House,False,17,17Share on FacebookShare on TwitterShare on WhatsAppSend via GMailSend via E-Mail,81,Houses_Karachi,2026-08-10,https://www.zameen.com/Property/dha_defence_dha_phase_8_120_yards_west_open_house_for_sale_in_dha_phase_8_staff_lane_prime_location_hot-54082720-1485-1.html
Brand New 100 Yard House With Basement | 1+3 Planning | Prime Location,PKR 7 Crore,70000000,3,4,100 Sq. Yd,900.0,77777,House,False,12,12Share on FacebookShare on TwitterShare on WhatsAppSend via GMailSend via E-Mail,81,Houses_Karachi,2026-08-10,https://www.zameen.com/Property/dha_defence_dha_phase_8_brand_new_100_yard_house_with_basement_1_3_planning_prime_location-54114919-1485-1.html
BRAND NEW 200 YARDS LUXURY BUNGALOW WITH FULL BASEMENT FOR SALE IN DHA PHASE 7 EXTENSION,PKR 8 Crore,80000000,5,6,200 Sq. Yd,1800.0,44444,House,False,8,8Share on FacebookShare on TwitterShare on WhatsAppSend via GMailSend via E-Mail,80,Houses_Karachi,2026-08-10,https://www.zameen.com/Property/dha_defence_dha_phase_7_extension_brand_new_200_yards_luxury_bungalow_with_full_basement_for_sale_in_dha_phase_7_extension-54214639-1674-1.html
Defence Phase 6 Bungalow For Sale,PKR 31 Crore,310000000,6,6,"1,000 Sq. Yd",9000.0,34444,House,False,,Share on FacebookShare on TwitterShare on WhatsAppSend via GMailSend via E-Mail,79,Houses_Karachi,2026-08-10,https://www.zameen.com/Property/dha_defence_dha_phase_6_defence_phase_6_bungalow_for_sale-54591352-1483-1.html
Bungalow for Sale 500 Square Yards In DHA Phase 8,PKR 22 Crore,220000000,5,6,500 Sq. Yd,4500.0,48888,House,True,21,21Share on FacebookShare on TwitterShare on WhatsAppSend via GMailSend via E-Mail,81,Houses_Karachi,2026-08-10,https://www.zameen.com/Property/dha_defence_dha_phase_8_bungalow_for_sale_500_square_yards_in_dha_phase_8-54453552-1485-1.html
ULTRA-LUXURY DESIGNER MANSION FOR SALE DHA Phase VIII A Zone (2nd Belt) | 1000 Yards | Fully Furnished | Brand New,PKR 56 Crore,560000000,6,6,"1,000 Sq. Yd",9000.0,62222,Unknown,True,16,16Share on FacebookShare on TwitterShare on WhatsAppSend via GMailSend via E-Mail,81,Houses_Karachi,2026-08-10,https://www.zameen.com/Property/dha_phase_8_dha_phase_8_-_zone_a_ultra-luxury_designer_mansion_for_sale_dha_phase_viii_a_zone_2nd_belt_1000_yards_fully_furnished_brand_new-54295340-6677-1.html
Bungalow for Sale 1000 Square yards in DHA phase 6,PKR 45 Crore,450000000,6,7,"1,000 Sq. Yd",9000.0,50000,House,True,50,super hot50Share on FacebookShare on TwitterShare on WhatsAppSend via GMailSend via E-Mail,90,Houses_Karachi,2026-08-10,https://www.zameen.com/Property/dha_defence_dha_phase_6_bungalow_for_sale_1000_square_yards_in_dha_phase_6-54453399-1483-1.html
Luxury Villa Block C 160 Sq Yard Corner Banglow Available For Sale In Naya Nazimabad C,PKR 5.45 Crore,54500000,5,6,160 Sq. Yd,1440.0,37847,House,True,25,super hot25Share on FacebookShare on TwitterShare on WhatsAppSend via GMailSend via E-Mail,90,Houses_Karachi,2026-08-10,https://www.zameen.com/Property/karachi_naya_nazimabad_luxury_villa_block_c_160_sq_yard_corner_banglow_available_for_sale_in_naya_nazimabad_c-54536097-10079-1.html
120 Sq Yard Slightly Used Bungalow Available For Sale In Naya Nazimabad Block C,PKR 3.85 Crore,38500000,4,4,120 Sq. Yd,1080.0,35648,House,True,27,super hot27Share on FacebookShare on TwitterShare on WhatsAppSend via GMailSend via E-Mail,90,Houses_Karachi,2026-08-10,https://www.zameen.com/Property/karachi_naya_nazimabad_120_sq_yard_slightly_used_bungalow_available_for_sale_in_naya_nazimabad_block_c-54455476-10079-1.html
"3Bed DDL 125sq Yd Villa FOR SALE At ALI BLOCK All Amenities Nearby Including MOSQUE, General Store & Parks",PKR 1.55 Crore,15500000,1,3,125 Sq. Yd,1125.0,13777,House,True,15,super hot15Share on FacebookShare on TwitterShare on WhatsAppSend via GMailSend via E-Mail,90,Houses_Karachi,2026-08-10,https://www.zameen.com/Property/bahria_town_precinct_12_bahria_town_-_ali_block_3bed_ddl_125sq_yd_villa_for_sale_at_ali_block_all_amenities_nearby_including_mosque_general_store_parks-54271856-10023-1.html
Bungalow For Sale 500 Square Yards In DHA Phase 6,PKR 16 Crore,160000000,5,6,500 Sq. Yd,4500.0,35555,House,True,9,super hot9Share on FacebookShare on TwitterShare on WhatsAppSend via GMailSend via E-Mail,89,Houses_Karachi,2026-08-10,https://www.zameen.com/Property/dha_defence_dha_phase_6_bungalow_for_sale_500_square_yards_in_dha_phase_6-54544551-1483-1.html
"240 Sq. Yds Erum Banglows, Gated,Secured And Peaceful Society, Very Well Maintained House",PKR 9.5 Crore,95000000,7,6,240 Sq. Yd,2160.0,43981,House,True,48,super hot481Share on FacebookShare on TwitterShare on WhatsAppSend via GMailSend via E-Mail,91,Houses_Karachi,2026-08-10,https://www.zameen.com/Property/gulshan_e_iqbal_gulshan-e-iqbal_-_block_11_240_sq_yds_erum_banglows_gated_secured_and_peaceful_society_very_well_maintained_house-54475046-6872-1.html
Affordable Prime Location House For Sale In A One Villas,PKR 2.5 Crore,25000000,6,6,120 Sq. Yd,1080.0,23148,House,True,22,super hot22VerifiedShare on FacebookShare on TwitterShare on WhatsAppSend via GMailSend via E-Mail,98,Houses_Karachi,2026-08-10,https://www.zameen.com/Property/gulzar_e_hijri_a_one_villas_affordable_prime_location_house_for_sale_in_a_one_villas-54589411-20796-1.html
750 Sq. Yards Well-Maintained Double Story Bungalow For Sale | Gulshan-E-Iqbal Block 4 |,PKR 16 Crore,160000000,5,6,750 Sq. Yd,6750.0,23703,House,True,10,super hot10Share on FacebookShare on TwitterShare on WhatsAppSend via GMailSend via E-Mail,90,Houses_Karachi,2026-08-10,https://www.zameen.com/Property/gulshan_e_iqbal_gulshan-e-iqbal_-_block_4_750_sq_yards_well-maintained_double_story_bungalow_for_sale_gulshan-e-iqbal_block_4-54537590-6864-1.html
CORNER Park Facing 4040 250 Yard Brand New Ground +2 4 BED Lounge Each Floor Parking Prime Location,PKR 10.5 Crore,105000000,10,6,250 Sq. Yd,2250.0,46666,Unknown,True,,super hotVerifiedShare on FacebookShare on TwitterShare on WhatsAppSend via GMailSend via E-Mail,96,Houses_Karachi,2026-08-10,https://www.zameen.com/Property/scheme_33_sector_16_a_government_teacher_housing_society_-_sector_16-a_corner_park_facing_4040_250_yard_brand_new_ground_2_4_bed_lounge_each_floor_parking_prime_location-54465794-9190-1.html
BRAND NEW WEST OPEN VILLA FOR SALE,PKR 2.4 Crore,24000000,4,5,120 Sq. Yd,1080.0,22222,House,True,7,super hot7Share on FacebookShare on TwitterShare on WhatsAppSend via GMailSend via E-Mail,89,Houses_Karachi,2026-08-10,https://www.zameen.com/Property/gadap_town_saima_arabian_villas_brand_new_west_open_villa_for_sale-54506243-8856-1.html
"235sq yd villa FOR SALE in Precinct-27 near LONDON BRIDGE & JINNAH AVENUE. One Unit 3 Bedrooms, Drawning, Dining, Closed Italian Kitchen & TV Lounge. All amenities nearby including Parks, Mosques and ",PKR 1.55 Crore,15500000,1,3,235 Sq. Yd,2115.0,7328,House,True,17,hot17Share on FacebookShare on TwitterShare on WhatsAppSend via GMailSend via E-Mail,84,Houses_Karachi,2026-08-10,https://www.zameen.com/Property/bahria_town_karachi_bahria_town_-_precinct_27_235sq_yd_villa_for_sale_in_precinct-27_near_london_bridge_jinnah_avenue_one_unit_3_bedrooms_drawning_dining_closed_italian_kitchen_tv_lounge_all_amenities_nearby_including_parks_mosques_and_gallery_10min_drive_from_main_gate_of_btk-54247537-10040-1.html
Brand New Modern Villa 1000 Yards For Sale In Phase 8 DHA Karachi,PKR 48 Crore,480000000,6,7,"1,000 Sq. Yd",9000.0,53333,House,True,50,hot50Share on FacebookShare on TwitterShare on WhatsAppSend via GMailSend via E-Mail,84,Houses_Karachi,2026-08-10,https://www.zameen.com/Property/dha_defence_dha_phase_8_brand_new_modern_villa_1000_yards_for_sale_in_phase_8_dha_karachi-51349586-1485-1.html
Defence 300 Phase 4 Banglow For Sale,PKR 11 Crore,110000000,4,5,300 Sq. Yd,2700.0,40740,Unknown,False,20,hot20Share on FacebookShare on TwitterShare on WhatsAppSend via GMailSend via E-Mail,84,Houses_Karachi,2026-08-10,https://www.zameen.com/Property/dha_defence_dha_phase_4_defence_300_phase_4_banglow_for_sale-54571514-1481-1.html
HOUSE FOR SALE 160SQ. YD,PKR 1.85 Crore,18500000,3,3,160 Sq. Yd,1440.0,12847,House,False,15,hot15Share on FacebookShare on TwitterShare on WhatsAppSend via GMailSend via E-Mail,84,Houses_Karachi,2026-08-10,https://www.zameen.com/Property/gadap_town_saima_arabian_villas_house_for_sale_160sq_yd-54533929-8856-1.html
160 Sq. Yard Double Storey House For Sale,PKR 2.4 Crore,24000000,6,6,160 Sq. Yd,1440.0,16666,House,False,6,hot6Share on FacebookShare on TwitterShare on WhatsAppSend via GMailSend via E-Mail,83,Houses_Karachi,2026-08-10,https://www.zameen.com/Property/gadap_town_saima_arabian_villas_160_sq_yard_double_storey_house_for_sale-54574123-8856-1.html
Brand New Corner Near to Park 120 Sq. Yd. House for Sale R-459-C,PKR 4.5 Crore,45000000,5,4,125 Sq. Yd,1125.0,40000,House,False,14,hot14Share on FacebookShare on TwitterShare on WhatsAppSend via GMailSend via E-Mail,84,Houses_Karachi,2026-08-10,https://www.zameen.com/Property/naya_nazimabad_naya_nazimabad_-_block_c_brand_new_corner_near_to_park_120_sq_yd_house_for_sale_r-459-c-54591279-14293-1.html
5 BedRoom Luxury Villas at Bahria Paradise (Bahria Homes). Exquisite Quality Construction with Lowest Budget,PKR 4.5 Crore,45000000,4,5,500 Sq. Yd,4500.0,10000,House,False,17,hot17Share on FacebookShare on TwitterShare on WhatsAppSend via GMailSend via E-Mail,84,Houses_Karachi,2026-08-10,https://www.zameen.com/Property/bahria_town_karachi_bahria_paradise_5_bedroom_luxury_villas_at_bahria_paradise_bahria_homes_exquisite_quality_construction_with_lowest_budget-54550720-11458-1.html
"Ready To Move 250 Square Yard 4 & 5 Bedroom DDL Luxury Villa FOR SALE. Only 4km From Main Entrance Of BTK. Near GRAND MOSQUE, A-Plus Quality Construction",PKR 3.5 Crore,35000000,3,5,250 Sq. Yd,2250.0,15555,House,False,14,14Share on FacebookShare on TwitterShare on WhatsAppSend via GMailSend via E-Mail,81,Houses_Karachi,2026-08-10,https://www.zameen.com/Property/bahria_town_karachi_bahria_town_-_precinct_8_ready_to_move_250_square_yard_4_5_bedroom_ddl_luxury_villa_for_sale_only_4km_from_main_entrance_of_btk_near_grand_mosque_a-plus_quality_construction-54490096-10016-1.html
"500 Sq Yd Luxury Villa For Sale Precinct 17, Near Ali Villa, Bahria Town Karachi",PKR 7 Crore,70000000,5,5,500 Sq. Yd,4500.0,15555,House,False,34,34Share on FacebookShare on TwitterShare on WhatsAppSend via GMailSend via E-Mail,81,Houses_Karachi,2026-08-10,https://www.zameen.com/Property/bahria_town_karachi_bahria_town_-_precinct_17_500_sq_yd_luxury_villa_for_sale_precinct_17_near_ali_villa_bahria_town_karachi-54437695-10028-1.html
LUXURY CORNER HOUSE FOR SALE KDA OFFICER SOCIETY BLOCK A,PKR 54 Crore,540000000,6,6,600 Sq. Yd,5400.0,100000,House,False,5,5Share on FacebookShare on TwitterShare on WhatsAppSend via GMailSend via E-Mail,80,Houses_Karachi,2026-08-10,https://www.zameen.com/Property/gulshan_e_iqbal_town_kda_officers_society_luxury_corner_house_for_sale_kda_officer_society_block_a-53985947-508-1.html
House For Sale In Beautiful Naya Nazimabad - Block A,PKR 4.3 Crore,43000000,5,5,120 Sq. Yd,1080.0,39814,House,False,18,18VerifiedShare on FacebookShare on TwitterShare on WhatsAppSend via GMailSend via E-Mail,89,Houses_Karachi,2026-08-10,https://www.zameen.com/Property/naya_nazimabad_naya_nazimabad_-_block_a_house_for_sale_in_beautiful_naya_nazimabad_-_block_a-53578181-14291-1.html
Sale A House In Karachi Prime Location,PKR 3.9 Crore,39000000,4,4,120 Sq. Yd,1080.0,36111,House,False,15,15VerifiedShare on FacebookShare on TwitterShare on WhatsAppSend via GMailSend via E-Mail,89,Houses_Karachi,2026-08-10,https://www.zameen.com/Property/naya_nazimabad_naya_nazimabad_-_block_a_sale_a_house_in_karachi_prime_location-53581213-14291-1.html
In Naya Nazimabad - Block C 120 Square Yards House For sale,PKR 4.25 Crore,42500000,3,3,120 Sq. Yd,1080.0,39351,House,False,18,18VerifiedShare on FacebookShare on TwitterShare on WhatsAppSend via GMailSend via E-Mail,89,Houses_Karachi,2026-08-10,https://www.zameen.com/Property/naya_nazimabad_naya_nazimabad_-_block_c_in_naya_nazimabad_-_block_c_120_square_yards_house_for_sale-53773628-14293-1.html
240 Square Yards House For Sale In Naya Nazimabad - Block C Karachi,PKR 6.5 Crore,65000000,5,5,240 Sq. Yd,2160.0,30092,House,False,14,14VerifiedShare on FacebookShare on TwitterShare on WhatsAppSend via GMailSend via E-Mail,89,Houses_Karachi,2026-08-10,https://www.zameen.com/Property/naya_nazimabad_naya_nazimabad_-_block_c_240_square_yards_house_for_sale_in_naya_nazimabad_-_block_c_karachi-53793348-14293-1.html
Well-constructed House Available For sale In Naya Nazimabad - Block C,PKR 4.25 Crore,42500000,3,3,120 Sq. Yd,1080.0,39351,House,False,28,28VerifiedShare on FacebookShare on TwitterShare on WhatsAppSend via GMailSend via E-Mail,89,Houses_Karachi,2026-08-10,https://www.zameen.com/Property/naya_nazimabad_naya_nazimabad_-_block_c_well-constructed_house_available_for_sale_in_naya_nazimabad_-_block_c-53816110-14293-1.html
Modern Design 250 Square Yards 4 & 5 Bedrooms Villas Available For Sale in Precinct 16 Bahria Town Karachi,PKR 2.5 Crore,25000000,2,4,250 Sq. Yd,2250.0,11111,House,True,17,super hot17Share on FacebookShare on TwitterShare on WhatsAppSend via GMailSend via E-Mail,90,Houses_Karachi,2026-08-10,https://www.zameen.com/Property/bahria_town_karachi_bahria_town_-_precinct_16_modern_design_250_square_yards_4_5_bedrooms_villas_available_for_sale_in_precinct_16_bahria_town_karachi-54532726-10027-1.html
350 Sq Yd Corner 4 Bed DD Lounge Sports Villas With Back Yard LAWN At LOWEST RATE Of MARKET,PKR 2.15 Crore,21500000,2,4,350 Sq. Yd,3150.0,6825,House,True,26,super hot26Share on FacebookShare on TwitterShare on WhatsAppSend via GMailSend via E-Mail,90,Houses_Karachi,2026-08-10,https://www.zameen.com/Property/bahria_town_karachi_bahria_sports_city_350_sq_yd_corner_4_bed_dd_lounge_sports_villas_with_back_yard_lawn_at_lowest_rate_of_market-53351801-10061-1.html
Bungalow For Sale 500 Square Yards In DHA Phase 8,PKR 28 Crore,280000000,6,7,500 Sq. Yd,4500.0,62222,House,True,25,super hot25Share on FacebookShare on TwitterShare on WhatsAppSend via GMailSend via E-Mail,90,Houses_Karachi,2026-08-10,https://www.zameen.com/Property/dha_defence_dha_phase_8_bungalow_for_sale_500_square_yards_in_dha_phase_8-54528152-1485-1.html
BRAND NEW TOWN HOUSE AVAILABLE FOR SALE,PKR 11.5 Crore,115000000,5,5,250 Sq. Yd,2250.0,51111,House,True,7,super hot7Share on FacebookShare on TwitterShare on WhatsAppSend via GMailSend via E-Mail,89,Houses_Karachi,2026-08-10,https://www.zameen.com/Property/karachi_khalid_bin_walid_road_brand_new_town_house_available_for_sale-54583494-253-1.html
350 Square Yards Fully Renovated House For Sale,PKR 8.55 Crore,85500000,4,5,350 Sq. Yd,3150.0,27142,House,True,36,super hot361VerifiedShare on FacebookShare on TwitterShare on WhatsAppSend via GMailSend via E-Mail,99,Houses_Karachi,2026-08-10,https://www.zameen.com/Property/malir_falcon_complex_new_malir_350_square_yards_fully_renovated_house_for_sale-45261204-9582-1.html
Prime Location Saima Arabian Villas House Sized 120 Square Yards Is Available,PKR 2 Crore,20000000,4,4,120 Sq. Yd,1080.0,18518,House,True,19,super hot191VerifiedShare on FacebookShare on TwitterShare on WhatsAppSend via GMailSend via E-Mail,99,Houses_Karachi,2026-08-10,https://www.zameen.com/Property/gadap_town_saima_arabian_villas_prime_location_saima_arabian_villas_house_sized_120_square_yards_is_available-54562598-8856-1.html
LEASE 140 SQ YARDS DOUBLE STOREY 120 FEET ROAD COMMERCIAL PURPAS,PKR 6 Crore,60000000,4,5,140 Sq. Yd,1260.0,47619,House,True,21,super hot21Share on FacebookShare on TwitterShare on WhatsAppSend via GMailSend via E-Mail,90,Houses_Karachi,2026-08-10,https://www.zameen.com/Property/gulshan_e_iqbal_gulshan-e-iqbal_-_block_13_d-1_lease_140_sq_yards_double_storey_120_feet_road_commercial_purpas-53307832-6875-1.html
Super Grey Structure 3 Bedroom Villa At Prime Location Of Ali Block AVAILABLE FOR SALE.,PKR 1.1 Crore,11000000,1,3,125 Sq. Yd,1125.0,9777,House,True,17,super hot17Share on FacebookShare on TwitterShare on WhatsAppSend via GMailSend via E-Mail,90,Houses_Karachi,2026-08-10,https://www.zameen.com/Property/bahria_town_precinct_12_bahria_town_-_ali_block_super_grey_structure_3_bedroom_villa_at_prime_location_of_ali_block_available_for_sale-54558322-10023-1.html
Find Your Ideal Prime Location House In Karachi Under Rs. 42500000,PKR 4.25 Crore,42500000,4,4,120 Sq. Yd,1080.0,39351,House,True,16,super hot161VerifiedShare on FacebookShare on TwitterShare on WhatsAppSend via GMailSend via E-Mail,99,Houses_Karachi,2026-08-10,https://www.zameen.com/Property/naya_nazimabad_naya_nazimabad_-_block_c_find_your_ideal_prime_location_house_in_karachi_under_rs_42500000-54508506-14293-1.html
Prime Location House For sale In Rs. 52500000,PKR 5.25 Crore,52500000,5,5,160 Sq. Yd,1440.0,36458,House,True,22,super hot221VerifiedShare on FacebookShare on TwitterShare on WhatsAppSend via GMailSend via E-Mail,99,Houses_Karachi,2026-08-10,https://www.zameen.com/Property/naya_nazimabad_naya_nazimabad_-_block_d_prime_location_house_for_sale_in_rs_52500000-54508507-14294-1.html
Architectural Perfection Brand New 500 Yards Bungalow For Sale in DHA Phase 8 Karachi,PKR 28 Crore,280000000,6,7,500 Sq. Yd,4500.0,62222,House,True,48,hot48Share on FacebookShare on TwitterShare on WhatsAppSend via GMailSend via E-Mail,84,Houses_Karachi,2026-08-10,https://www.zameen.com/Property/dha_defence_dha_phase_8_architectural_perfection_brand_new_500_yards_bungalow_for_sale_in_dha_phase_8_karachi-54415297-1485-1.html
Owner Bulit Brand New 500 Yards Bungalow For Sale in DHA Phase 8 Karachi,PKR 22 Crore,220000000,5,7,500 Sq. Yd,4500.0,48888,House,True,33,hot33Share on FacebookShare on TwitterShare on WhatsAppSend via GMailSend via E-Mail,84,Houses_Karachi,2026-08-10,https://www.zameen.com/Property/dha_defence_dha_phase_8_owner_bulit_brand_new_500_yards_bungalow_for_sale_in_dha_phase_8_karachi-54431667-1485-1.html
Brand New 160 Sq. Yd. West Open House for Sale A1-88-C,PKR 6.2 Crore,62000000,4,5,160 Sq. Yd,1440.0,43055,House,False,12,hot12Share on FacebookShare on TwitterShare on WhatsAppSend via GMailSend via E-Mail,84,Houses_Karachi,2026-08-10,https://www.zameen.com/Property/naya_nazimabad_naya_nazimabad_-_block_c_brand_new_160_sq_yd_west_open_house_for_sale_a1-88-c-54591216-14293-1.html
Investment Deal 240 Double Storey Bungalow In A Super Secure Gated Society Reasonable Demand Near Aohs Dohs National Stadium,PKR 15 Crore,150000000,6,6,240 Sq. Yd,2160.0,69444,House,False,9,hot9Share on FacebookShare on TwitterShare on WhatsAppSend via GMailSend via E-Mail,83,Houses_Karachi,2026-08-10,https://www.zameen.com/Property/gulshan_e_iqbal_town_kda_officers_society_investment_deal_240_double_storey_bungalow_in_a_super_secure_gated_society_reasonable_demand_near_aohs_dohs_national_stadium-45199056-508-1.html
Luxurious 4-Bedroom Villa in Falaknaz Presidency,PKR 3.5 Crore,35000000,3,4,125 Sq. Yd,1125.0,31111,House,False,8,hot8Share on FacebookShare on TwitterShare on WhatsAppSend via GMailSend via E-Mail,83,Houses_Karachi,2026-08-10,https://www.zameen.com/Property/malir_falaknaz_presidency_luxurious_4-bedroom_villa_in_falaknaz_presidency-54591134-9700-1.html
Brand New 120 Square Yards House Available In Capital Cooperative Housing Society For sale,PKR 3.5 Crore,35000000,4,4,120 Sq. Yd,1080.0,32407,House,False,8,hot8VerifiedShare on FacebookShare on TwitterShare on WhatsAppSend via GMailSend via E-Mail,91,Houses_Karachi,2026-08-10,https://www.zameen.com/Property/scheme_33_sector_35_a_capital_cooperative_housing_society_brand_new_120_square_yards_house_available_in_capital_cooperative_housing_society_for_sale-54588682-8908-1.html
Two Unit House For Sale 3+3 Fully Renovated Chance Deal,PKR 17 Crore,170000000,6,6,500 Sq. Yd,4500.0,37777,House,False,19,hot19Share on FacebookShare on TwitterShare on WhatsAppSend via GMailSend via E-Mail,84,Houses_Karachi,2026-08-10,https://www.zameen.com/Property/dha_phase_8_dha_phase_8_-_zone_a_two_unit_house_for_sale_3_3_fully_renovated_chance_deal-54588062-6677-1.html
120 Square Yards House For sale In Beautiful Naya Nazimabad - Block D,PKR 3.7 Crore,37000000,4,4,120 Sq. Yd,1080.0,34259,House,False,22,22VerifiedShare on FacebookShare on TwitterShare on WhatsAppSend via GMailSend via E-Mail,89,Houses_Karachi,2026-08-10,https://www.zameen.com/Property/naya_nazimabad_naya_nazimabad_-_block_d_120_square_yards_house_for_sale_in_beautiful_naya_nazimabad_-_block_d-54079118-14294-1.html
600 Sq Yard Hill View Top Class Location West Open Park Facing Bangalow Near Aohs Dohs National Studiam,PKR 55 Crore,550000000,5,5,600 Sq. Yd,5400.0,101851,House,False,11,11Share on FacebookShare on TwitterShare on WhatsAppSend via GMailSend via E-Mail,81,Houses_Karachi,2026-08-10,https://www.zameen.com/Property/gulshan_e_iqbal_town_kda_officers_society_600_sq_yard_hill_view_top_class_location_west_open_park_facing_bangalow_near_aohs_dohs_national_studiam-47513618-508-1.html
240 Yard Bungalow Ground Plus 1 Furnished Bungalow For Sale Best For Investment Near Aohs Dohs Best,PKR 18 Crore,180000000,4,4,240 Sq. Yd,2160.0,83333,House,False,14,14Share on FacebookShare on TwitterShare on WhatsAppSend via GMailSend via E-Mail,81,Houses_Karachi,2026-08-10,https://www.zameen.com/Property/gulshan_e_iqbal_town_kda_officers_society_240_yard_bungalow_ground_plus_1_furnished_bungalow_for_sale_best_for_investment_near_aohs_dohs_best-44472668-508-1.html
240 Yard Ground Plus 1 Best For 2 Families Out Class Location Ready To Move,PKR 17 Crore,170000000,6,6,400 Sq. Yd,3600.0,47222,Commercial,False,21,21Share on FacebookShare on TwitterShare on WhatsAppSend via GMailSend via E-Mail,81,Houses_Karachi,2026-08-10,https://www.zameen.com/Property/gulshan_e_iqbal_town_kda_officers_society_240_yard_ground_plus_1_best_for_2_families_out_class_location_ready_to_move-41008585-508-1.html
600 Sq Yard Bungalow With Basement 2 Kitchen Neat And Clean Best Chance Deal,PKR 60 Crore,600000000,5,5,600 Sq. Yd,5400.0,111111,House,False,8,8Share on FacebookShare on TwitterShare on WhatsAppSend via GMailSend via E-Mail,80,Houses_Karachi,2026-08-10,https://www.zameen.com/Property/gulshan_e_iqbal_town_national_stadium_colony_600_sq_yard_bungalow_with_basement_2_kitchen_neat_and_clean_best_chance_deal-42259792-6908-1.html
Kda Officers Society Block A National Stadium 600 Sq Yard Bungalow 10bed rooms with 3 kitch best for joints Families best for investment deal,PKR 25 Crore,250000000,25,6,600 Sq. Yd,5400.0,46296,House,False,16,16Share on FacebookShare on TwitterShare on WhatsAppSend via GMailSend via E-Mail,81,Houses_Karachi,2026-08-10,https://www.zameen.com/Property/gulshan_e_iqbal_town_kda_officers_society_kda_officers_society_block_a_national_stadium_600_sq_yard_bungalow_10bed_rooms_with_3_kitch_best_for_joints_families_best_for_investment_deal-41549460-508-1.html
DHA Phase 8 House For Sale Sized 666 Square Yards,PKR 41 Crore,410000000,5,5,666 Sq. Yd,5994.0,68401,House,False,19,19VerifiedShare on FacebookShare on TwitterShare on WhatsAppSend via GMailSend via E-Mail,89,Houses_Karachi,2026-08-10,https://www.zameen.com/Property/dha_defence_dha_phase_8_dha_phase_8_house_for_sale_sized_666_square_yards-54250270-1485-1.html
"400 Square Yard Double Storey Bungalow Near Aohs, Dohs National Stadium Outclass Location Park",PKR 45 Crore,450000000,6,6,400 Sq. Yd,3600.0,125000,House,False,21,21Share on FacebookShare on TwitterShare on WhatsAppSend via GMailSend via E-Mail,81,Houses_Karachi,2026-08-10,https://www.zameen.com/Property/gulshan_e_iqbal_town_kda_officers_society_400_square_yard_double_storey_bungalow_near_aohs_dohs_national_stadium_outclass_location_park-42661197-508-1.html
500 Yards Bungalow For Sale in Phase 5,PKR 13 Crore,130000000,4,5,500 Sq. Yd,4500.0,28888,House,True,19,super hot19Share on FacebookShare on TwitterShare on WhatsAppSend via GMailSend via E-Mail,90,Houses_Karachi,2026-08-10,https://www.zameen.com/Property/dha_defence_dha_phase_5_500_yards_bungalow_for_sale_in_phase_5-54398298-1482-1.html
CLIFTON BLOCK 08 425 YARDS BUNGALOW FOR SALE,PKR 15.25 Crore,152500000,4,5,425 Sq. Yd,3825.0,39869,House,True,11,super hot11Share on FacebookShare on TwitterShare on WhatsAppSend via GMailSend via E-Mail,90,Houses_Karachi,2026-08-10,https://www.zameen.com/Property/clifton_clifton_-_block_8_clifton_block_08_425_yards_bungalow_for_sale-54408770-1670-1.html
500 Square Yards Brand New Luxury Bungalow For Sale | 5 Bedrooms | Swimming Pool | Basement | Semi-Furnished | DHA Phase VIII Karachi,PKR 31.5 Crore,315000000,31,6,500 Sq. Yd,4500.0,70000,House,True,12,super hot12Share on FacebookShare on TwitterShare on WhatsAppSend via GMailSend via E-Mail,90,Houses_Karachi,2026-08-10,https://www.zameen.com/Property/dha_defence_dha_phase_8_500_square_yards_brand_new_luxury_bungalow_for_sale_5_bedrooms_swimming_pool_basement_semi-furnished_dha_phase_viii_karachi-54468339-1485-1.html
Ultra Modern Fully Furnished Bungalow For Sale | 7 Bedrooms | Full Basement | West Open | DHA Phase V Karachi,PKR 42 Crore,420000000,42,7,689 Sq. Yd,6201.0,67731,House,True,13,super hot13Share on FacebookShare on TwitterShare on WhatsAppSend via GMailSend via E-Mail,90,Houses_Karachi,2026-08-10,https://www.zameen.com/Property/dha_defence_dha_phase_5_ultra_modern_fully_furnished_bungalow_for_sale_7_bedrooms_full_basement_west_open_dha_phase_v_karachi-54468370-1482-1.html
Luxury Bungalow For Sale | 5 Bedrooms | Full Basement | Zulfiqar Street | DHA Phase VIII Karachi,PKR 29 Crore,290000000,29,6,500 Sq. Yd,4500.0,64444,House,True,10,super hot10Share on FacebookShare on TwitterShare on WhatsAppSend via GMailSend via E-Mail,90,Houses_Karachi,2026-08-10,https://www.zameen.com/Property/dha_defence_dha_phase_8_luxury_bungalow_for_sale_5_bedrooms_full_basement_zulfiqar_street_dha_phase_viii_karachi-54468517-1485-1.html
Ready To Buy A House 600 Square Yards In Faran Cooperative Housing Society,PKR 25 Crore,250000000,6,6,600 Sq. Yd,5400.0,46296,House,True,12,super hot12Share on FacebookShare on TwitterShare on WhatsAppSend via GMailSend via E-Mail,90,Houses_Karachi,2026-08-10,https://www.zameen.com/Property/gulshan_e_iqbal_town_faran_cooperative_housing_society_ready_to_buy_a_house_600_square_yards_in_faran_cooperative_housing_society-47434575-19979-1.html
1464 Sq. Yds Prime Builder Opportunity 2-Side Corner Demolish Condition House for Sale PECHS Block 3,PKR 50 Crore,500000000,4,4,"1,464 Sq. Yd",13176.0,37947,House,True,7,super hot7Share on FacebookShare on TwitterShare on WhatsAppSend via GMailSend via E-Mail,89,Houses_Karachi,2026-08-10,https://www.zameen.com/Property/pechs_pechs_block_3_1464_sq_yds_prime_builder_opportunity_2-side_corner_demolish_condition_house_for_sale_pechs_block_3-54266449-6934-1.html
For Sale: 2 Unit Spacious 1000 Sq. Yards Well-Maintained House,PKR 29 Crore,290000000,6,7,"1,000 Sq. Yd",9000.0,32222,House,True,10,super hot10Share on FacebookShare on TwitterShare on WhatsAppSend via GMailSend via E-Mail,90,Houses_Karachi,2026-08-10,https://www.zameen.com/Property/dha_defence_dha_phase_6_for_sale_2_unit_spacious_1000_sq_yards_well-maintained_house-54469741-1483-1.html
Prime Location DHA Phase 7 Extension 100 Square Yards House Up For Sale,PKR 5.75 Crore,57500000,,,100 Sq. Yd,900.0,63888,House,True,25,super hot251VerifiedShare on FacebookShare on TwitterShare on WhatsAppSend via GMailSend via E-Mail,99,Houses_Karachi,2026-08-10,https://www.zameen.com/Property/dha_defence_dha_phase_7_extension_prime_location_dha_phase_7_extension_100_square_yards_house_up_for_sale-54576853-1674-1.html
*Brand New 240 Sq Yd Ground+1 West Open House For Sale | Leased | Bank Loan Applicable | Saadi Town Block 5*,PKR 4.5 Crore,45000000,6,6,240 Sq. Yd,2160.0,20833,House,True,24,super hot241Share on FacebookShare on TwitterShare on WhatsAppSend via GMailSend via E-Mail,91,Houses_Karachi,2026-08-10,https://www.zameen.com/Property/saadi_town_saadi_town_-_block_5_brand_new_240_sq_yd_ground_1_west_open_house_for_sale_leased_bank_loan_applicable_saadi_town_block_5-54576455-12971-1.html
1000 SQ. YARDS LUXURY RESIDENCE FOR SALE | PRIME DHA PHASE 6,PKR 50 Crore,500000000,6,6,"1,000 Sq. Yd",9000.0,55555,House,True,15,hot15Share on FacebookShare on TwitterShare on WhatsAppSend via GMailSend via E-Mail,84,Houses_Karachi,2026-08-10,https://www.zameen.com/Property/dha_defence_dha_phase_6_1000_sq_yards_luxury_residence_for_sale_prime_dha_phase_6-54590733-1483-1.html
FOR SALE TOWN HOUSE 200 SQ YARDS,PKR 10 Crore,100000000,5,5,200 Sq. Yd,1800.0,55555,House,True,16,hot16Share on FacebookShare on TwitterShare on WhatsAppSend via GMailSend via E-Mail,84,Houses_Karachi,2026-08-10,https://www.zameen.com/Property/jamshed_town_pechs_for_sale_town_house_200_sq_yards-54590401-403-1.html
200 YARDS ONE UNIT 3 BED D/D CORNER HOUSE,PKR 4.25 Crore,42500000,4,3,200 Sq. Yd,1800.0,23611,House,False,21,hot21Share on FacebookShare on TwitterShare on WhatsAppSend via GMailSend via E-Mail,84,Houses_Karachi,2026-08-10,https://www.zameen.com/Property/scheme_33_prem_villas_phase_2_200_yards_one_unit_3_bed_d_d_corner_house-54590860-15295-1.html
BRAND NEW 300 YARDS DOUBLE STORY 6 BED CORNER WEST OPEN,PKR 11 Crore,110000000,11,4,300 Sq. Yd,2700.0,40740,Unknown,False,12,hot12Share on FacebookShare on TwitterShare on WhatsAppSend via GMailSend via E-Mail,84,Houses_Karachi,2026-08-10,https://www.zameen.com/Property/gulistan_e_jauhar_gulistan-e-jauhar_-_block_14_brand_new_300_yards_double_story_6_bed_corner_west_open-54516722-6838-1.html
120 YARDS G+2 HOUSE 8 BED D/D WEST OPEN,PKR 3.1 Crore,31000000,3,6,120 Sq. Yd,1080.0,28703,House,False,8,hot8Share on FacebookShare on TwitterShare on WhatsAppSend via GMailSend via E-Mail,83,Houses_Karachi,2026-08-10,https://www.zameen.com/Property/federal_b_area_federal_b_area_-_block_9_120_yards_g_2_house_8_bed_d_d_west_open-54500585-6693-1.html
Brand New 80 Sqyds Villa For Sale,PKR 85 Lakh,8500000,2,2,80 Sq. Yd,720.0,11805,House,False,7,hot7Share on FacebookShare on TwitterShare on WhatsAppSend via GMailSend via E-Mail,83,Houses_Karachi,2026-08-10,https://www.zameen.com/Property/surjani_town_north_town_residency_brand_new_80_sqyds_villa_for_sale-54529991-10674-1.html
ONE UNIT HOUSE 4 BED D/D WELL MANTINE HOUSE,PKR 5.25 Crore,52500000,5,5,200 Sq. Yd,1800.0,29166,House,False,29,hot29Share on FacebookShare on TwitterShare on WhatsAppSend via GMailSend via E-Mail,84,Houses_Karachi,2026-08-10,https://www.zameen.com/Property/gulshan_e_iqbal_gulshan-e-iqbal_-_block_4a_one_unit_house_4_bed_d_d_well_mantine_house-54042077-6865-1.html
"800 Yard Ground Plus 2 Bungalow, Basement Garden Fully Renovated Best For 4 Families Joint Families",PKR 40 Crore,400000000,10,6,800 Sq. Yd,7200.0,55555,House,False,29,29Share on FacebookShare on TwitterShare on WhatsAppSend via GMailSend via E-Mail,81,Houses_Karachi,2026-08-10,https://www.zameen.com/Property/gulshan_e_iqbal_town_kda_officers_society_800_yard_ground_plus_2_bungalow_basement_garden_fully_renovated_best_for_4_families_joint_families-41995393-508-1.html
800 Yard Old Bungalow Resonabale Demand Investment Deal Direct Owner Meeting,PKR 42 Crore,420000000,6,6,800 Sq. Yd,7200.0,58333,House,False,20,20Share on FacebookShare on TwitterShare on WhatsAppSend via GMailSend via E-Mail,81,Houses_Karachi,2026-08-10,https://www.zameen.com/Property/gulshan_e_iqbal_town_kda_officers_society_800_yard_old_bungalow_resonabale_demand_investment_deal_direct_owner_meeting-41953615-508-1.html
Kda Officers Society Block A National Stadium 240 Yard Bungalow Best Chance Deal Best For Investment,PKR 14 Crore,140000000,6,6,240 Sq. Yd,2160.0,64814,House,False,11,11Share on FacebookShare on TwitterShare on WhatsAppSend via GMailSend via E-Mail,81,Houses_Karachi,2026-08-10,https://www.zameen.com/Property/gulshan_e_iqbal_town_kda_officers_society_kda_officers_society_block_a_national_stadium_240_yard_bungalow_best_chance_deal_best_for_investment-41854923-508-1.html
400 Yard Double Storey Bungalow Garden Best For Investment Best Chance Deal Near Aohs ' Dohs National Stadium,PKR 35 Crore,350000000,6,5,400 Sq. Yd,3600.0,97222,House,False,27,27VerifiedShare on FacebookShare on TwitterShare on WhatsAppSend via GMailSend via E-Mail,89,Houses_Karachi,2026-08-10,https://www.zameen.com/Property/gulshan_e_iqbal_town_kda_officers_society_400_yard_double_storey_bungalow_garden_best_for_investment_best_chance_deal_near_aohs_dohs_national_stadium-47102639-508-1.html
"Bahria Homes 152 Sq Yd Villa For Sale Precinct-11B, BTK. 3 Bedrooms | DDL, Closed Italian Kitchen. Near Entrance |",PKR 1.42 Crore,14200000,1,3,"3,800 Sq. Yd",34200.0,415,House,True,16,16Share on FacebookShare on TwitterShare on WhatsAppSend via GMailSend via E-Mail,81,Houses_Karachi,2026-08-10,https://www.zameen.com/Property/bahria_town_precinct_11_bahria_town_-_precinct_11-b_bahria_homes_152_sq_yd_villa_for_sale_precinct-11b_btk_3_bedrooms_ddl_closed_italian_kitchen_near_entrance-54532687-10021-1.html
240 Yards Old Bungalow West Open Top Class Location Near Aohs Dohs National Stadium Best Chance Deal,PKR 20 Crore,200000000,5,5,240 Sq. Yd,2160.0,92592,House,False,16,16Share on FacebookShare on TwitterShare on WhatsAppSend via GMailSend via E-Mail,81,Houses_Karachi,2026-08-10,https://www.zameen.com/Property/gulshan_e_iqbal_town_kda_officers_society_240_yards_old_bungalow_west_open_top_class_location_near_aohs_dohs_national_stadium_best_chance_deal-44472666-508-1.html
Gulshan-e-Iqbal - Block 4 700 Square Yards House Up For sale,PKR 16 Crore,160000000,5,5,700 Sq. Yd,6300.0,25396,House,False,7,7VerifiedShare on FacebookShare on TwitterShare on WhatsAppSend via GMailSend via E-Mail,88,Houses_Karachi,2026-08-10,https://www.zameen.com/Property/gulshan_e_iqbal_gulshan-e-iqbal_-_block_4_gulshan-e-iqbal_-_block_4_700_square_yards_house_up_for_sale-54405546-6864-1.html
Get In Touch Now To Buy A House In Bahria Town - Precinct 8,PKR 4 Crore,40000000,5,5,270 Sq. Yd,2430.0,16460,House,False,5,5VerifiedShare on FacebookShare on TwitterShare on WhatsAppSend via GMailSend via E-Mail,88,Houses_Karachi,2026-08-10,https://www.zameen.com/Property/bahria_town_karachi_bahria_town_-_precinct_8_get_in_touch_now_to_buy_a_house_in_bahria_town_-_precinct_8-54337186-10016-1.html
End Your Search For House Here And sale Now,PKR 8.8 Crore,88000000,4,4,350 Sq. Yd,3150.0,27936,House,True,14,super hot14VerifiedShare on FacebookShare on TwitterShare on WhatsAppSend via GMailSend via E-Mail,98,Houses_Karachi,2026-08-10,https://www.zameen.com/Property/malir_falcon_complex_new_malir_end_your_search_for_house_here_and_sale_now-54029439-9582-1.html
Ready To Buy A House In Falcon Complex New Malir Karachi,PKR 11.06 Crore,110600000,5,5,500 Sq. Yd,4500.0,24577,House,True,15,super hot151VerifiedShare on FacebookShare on TwitterShare on WhatsAppSend via GMailSend via E-Mail,99,Houses_Karachi,2026-08-10,https://www.zameen.com/Property/malir_falcon_complex_new_malir_ready_to_buy_a_house_in_falcon_complex_new_malir_karachi-54029404-9582-1.html
"152 Sq Yd Corner Iqbal Villa NearGALLERY, Precinct-2 Surrounded By Park, Mosque, Sports Complex & Shopping Gallery. Ideal For Living Or Rental Investment. Call Now!",PKR 1.85 Crore,18500000,3,3,152 Sq. Yd,1368.0,13523,House,True,19,super hot19Share on FacebookShare on TwitterShare on WhatsAppSend via GMailSend via E-Mail,90,Houses_Karachi,2026-08-10,https://www.zameen.com/Property/bahria_town_precinct_2_bahria_homes_-_iqbal_villas_152_sq_yd_corner_iqbal_villa_neargallery_precinct-2_surrounded_by_park_mosque_sports_complex_shopping_gallery_ideal_for_living_or_rental_investment_call_now-54501772-9031-1.html
"500 SQ YD Brand New 5-Bedroom Villa For Sale Precinct-51, Bahria Paradise, Bahria Town Karachi Close to Mosque | All Amenities Nearby | Developed & Ready-to-Move.",PKR 4.6 Crore,46000000,4,5,500 Sq. Yd,4500.0,10222,House,True,12,super hot121Share on FacebookShare on TwitterShare on WhatsAppSend via GMailSend via E-Mail,91,Houses_Karachi,2026-08-10,https://www.zameen.com/Property/bahria_town_karachi_bahria_paradise_500_sq_yd_brand_new_5-bedroom_villa_for_sale_precinct-51_bahria_paradise_bahria_town_karachi_close_to_mosque_all_amenities_nearby_developed_ready-to-move-54251051-11458-1.html
300 Yards Bungalow For Sale,PKR 11 Crore,110000000,5,6,300 Sq. Yd,2700.0,40740,House,True,20,super hot20Share on FacebookShare on TwitterShare on WhatsAppSend via GMailSend via E-Mail,90,Houses_Karachi,2026-08-10,https://www.zameen.com/Property/dha_defence_dha_phase_4_300_yards_bungalow_for_sale-54512634-1481-1.html
Prime Location 400 Square Yards House In DHA Defence Of Karachi Is Available For Sale,PKR 15.5 Crore,155000000,6,6,400 Sq. Yd,3600.0,43055,House,True,39,super hot391VerifiedShare on FacebookShare on TwitterShare on WhatsAppSend via GMailSend via E-Mail,99,Houses_Karachi,2026-08-10,https://www.zameen.com/Property/dha_defence_dha_phase_7_prime_location_400_square_yards_house_in_dha_defence_of_karachi_is_available_for_sale-54576882-1484-1.html
Corner West Open Brigadier House Askari 5 - Sector H For Sale 427 Sq Yrd,PKR 11.25 Crore,112500000,5,6,427 Sq. Yd,3843.0,29274,House,True,9,super hot91VerifiedShare on FacebookShare on TwitterShare on WhatsAppSend via GMailSend via E-Mail,98,Houses_Karachi,2026-08-10,https://www.zameen.com/Property/askari_5_askari_5_-_sector_h_corner_west_open_brigadier_house_askari_5_-_sector_h_for_sale_427_sq_yrd-54482548-12243-1.html
Brigadier House Is Available For Sale 375 Sq Yrs In Askari 5 - Sector H,PKR 10 Crore,100000000,5,6,375 Sq. Yd,3375.0,29629,House,True,8,super hot81VerifiedShare on FacebookShare on TwitterShare on WhatsAppSend via GMailSend via E-Mail,98,Houses_Karachi,2026-08-10,https://www.zameen.com/Property/askari_5_askari_5_-_sector_h_brigadier_house_is_available_for_sale_375_sq_yrs_in_askari_5_-_sector_h-54482549-12243-1.html
375 Sq Yard Brigadier House Available For Sale Brand New Sector 1 Askari 6,PKR 8.45 Crore,84500000,5,6,375 Sq. Yd,3375.0,25037,House,True,18,super hot181VerifiedShare on FacebookShare on TwitterShare on WhatsAppSend via GMailSend via E-Mail,99,Houses_Karachi,2026-08-10,https://www.zameen.com/Property/malir_cantonment_askari_6_375_sq_yard_brigadier_house_available_for_sale_brand_new_sector_1_askari_6-54482393-21109-1.html
Brigadier House Available For Sale In Askari 6 300 Yard Double Storey,PKR 8 Crore,80000000,5,6,300 Sq. Yd,2700.0,29629,House,True,20,super hot201VerifiedShare on FacebookShare on TwitterShare on WhatsAppSend via GMailSend via E-Mail,99,Houses_Karachi,2026-08-10,https://www.zameen.com/Property/malir_cantonment_askari_6_brigadier_house_available_for_sale_in_askari_6_300_yard_double_storey-54482398-21109-1.html
"550 Sq Yd Corner Category Villa For Sale Precinct-4, BTK. A+ Construction | 5 or 6 Beds | Drawing, Dining, Lounge, Modern Kitchen & Greasy Kitchen. Just 3 Min Drive from Main Gate | Near Park, Mosque,",PKR 5.65 Crore,56500000,5,5,550 Sq. Yd,4950.0,11414,House,True,37,hot37Share on FacebookShare on TwitterShare on WhatsAppSend via GMailSend via E-Mail,84,Houses_Karachi,2026-08-10,https://www.zameen.com/Property/bahria_town_karachi_bahria_town_-_precinct_4_550_sq_yd_corner_category_villa_for_sale_precinct-4_btk_a_construction_5_or_6_beds_drawing_dining_lounge_modern_kitchen_greasy_kitchen_just_3_min_drive_from_main_gate_near_park_mosque_midway_commercial_bahria_head_office-54565049-10013-1.html
"152 Sq Yd Villa For Sale Precinct-11A, BTK. 3 Bedrooms | Drawing, Dining, Closed Italian Kitchen & TV Lounge. Near Entrance | Near Murree Point | Huge Greenbelt | Close To Parks, Mosques & Shopping Ga",PKR 1.62 Crore,16200000,1,3,153 Sq. Yd,1377.0,11764,House,True,13,hot13Share on FacebookShare on TwitterShare on WhatsAppSend via GMailSend via E-Mail,84,Houses_Karachi,2026-08-10,https://www.zameen.com/Property/bahria_town_precinct_11_bahria_town_-_precinct_11-a_152_sq_yd_villa_for_sale_precinct-11a_btk_3_bedrooms_drawing_dining_closed_italian_kitchen_tv_lounge_near_entrance_near_murree_point_huge_greenbelt_close_to_parks_mosques_shopping_gallery_just_8_mins_drive_from_main_gate-54558924-10020-1.html
Street 5 West Open 272sq yd Ready to Move Villa in Precinct-1 0.5km from main entrance. A-One Construction Standard 5Bed Drawing Dining Lounge,PKR 3.5 Crore,35000000,3,5,250 Sq. Yd,2250.0,15555,House,False,18,hot18Share on FacebookShare on TwitterShare on WhatsAppSend via GMailSend via E-Mail,84,Houses_Karachi,2026-08-10,https://www.zameen.com/Property/bahria_town_karachi_bahria_town_-_precinct_1_street_5_west_open_272sq_yd_ready_to_move_villa_in_precinct-1_0_5km_from_main_entrance_a-one_construction_standard_5bed_drawing_dining_lounge-54586071-10007-1.html
Prime Location 300 Square Yards House For sale In DHA Phase 4,PKR 12.5 Crore,125000000,4,4,300 Sq. Yd,2700.0,46296,House,False,6,hot6Share on FacebookShare on TwitterShare on WhatsAppSend via GMailSend via E-Mail,83,Houses_Karachi,2026-08-10,https://www.zameen.com/Property/dha_defence_dha_phase_4_prime_location_300_square_yards_house_for_sale_in_dha_phase_4-54588712-1481-1.html
Modern 4-Bedroom Townhouse in Prime Location!,PKR 9 Crore,90000000,9,5,155 Sq. Yd,1395.0,64516,House,False,19,hot19Share on FacebookShare on TwitterShare on WhatsAppSend via GMailSend via E-Mail,84,Houses_Karachi,2026-08-10,https://www.zameen.com/Property/pechs_pechs_block_3_modern_4-bedroom_townhouse_in_prime_location-52645904-6934-1.html
CORNER 300SQU MODERN FALCON COMPLEX NEW MALIR,PKR 9.4 Crore,94000000,5,6,300 Sq. Yd,2700.0,34814,Unknown,False,10,hot10Share on FacebookShare on TwitterShare on WhatsAppSend via GMailSend via E-Mail,84,Houses_Karachi,2026-08-10,https://www.zameen.com/Property/malir_falcon_complex_new_malir_corner_300squ_modern_falcon_complex_new_malir-54473666-9582-1.html
500 Square Yards House For Sale In Falcon Complex New Malir,PKR 11.75 Crore,117500000,5,5,500 Sq. Yd,4500.0,26111,House,False,16,hot16Share on FacebookShare on TwitterShare on WhatsAppSend via GMailSend via E-Mail,84,Houses_Karachi,2026-08-10,https://www.zameen.com/Property/malir_falcon_complex_new_malir_500_square_yards_house_for_sale_in_falcon_complex_new_malir-54194795-9582-1.html
"350 Sq Yd Corner Luxury Villa For Sale Precinct-35, Sports City, BTK Near Rafi Cricket Stadium | 4 Bedrooms, Drawing, Dining, Closed Italian Kitchen & TV Lounge | 100 Sq Yd Backyard Lawn & Huge Greenb",PKR 2.25 Crore,22500000,2,4,350 Sq. Yd,3150.0,7142,House,True,28,28Share on FacebookShare on TwitterShare on WhatsAppSend via GMailSend via E-Mail,81,Houses_Karachi,2026-08-10,https://www.zameen.com/Property/bahria_town_karachi_bahria_sports_city_350_sq_yd_corner_luxury_villa_for_sale_precinct-35_sports_city_btk_near_rafi_cricket_stadium_4_bedrooms_drawing_dining_closed_italian_kitchen_tv_lounge_100_sq_yd_backyard_lawn_huge_greenbelt_15_min_drive_from_main_gate-54591068-10061-1.html
BUNGALOW FOR SALE MOST PRIME LOCATION DHA KARACHI,PKR 17 Crore,170000000,5,6,500 Sq. Yd,4500.0,37777,House,True,10,10Share on FacebookShare on TwitterShare on WhatsAppSend via GMailSend via E-Mail,81,Houses_Karachi,2026-08-10,https://www.zameen.com/Property/dha_defence_dha_phase_6_bungalow_for_sale_most_prime_location_dha_karachi-54591065-1483-1.html
Prominently-Located 120 Square Yards one unit House Available In Scheme 33,PKR 3.9 Crore,39000000,5,6,120 Sq. Yd,1080.0,36111,House,False,28,28VerifiedShare on FacebookShare on TwitterShare on WhatsAppSend via GMailSend via E-Mail,89,Houses_Karachi,2026-08-10,https://www.zameen.com/Property/karachi_scheme_33_prominently-located_120_square_yards_one_unit_house_available_in_scheme_33-54513180-495-1.html
150 Square Yards House For sale In Chapal Sun City Karachi,PKR 3 Crore,30000000,3,3,150 Sq. Yd,1350.0,22222,House,False,13,13Share on FacebookShare on TwitterShare on WhatsAppSend via GMailSend via E-Mail,81,Houses_Karachi,2026-08-10,https://www.zameen.com/Property/scheme_33_chapal_sun_city_150_square_yards_house_for_sale_in_chapal_sun_city_karachi-54568608-15265-1.html
"235sq yd villa FOR SALE in Precinct-27 adjacent to JINNAH AVENUE. One Unit 3 Bedrooms, Drawning, Dining, Closed Italian Kitchen & TV Lounge. All amenities nearby including Parks, Mosques and Gallery. ",PKR 1.7 Crore,17000000,1,3,235 Sq. Yd,2115.0,8037,House,True,19,19Share on FacebookShare on TwitterShare on WhatsAppSend via GMailSend via E-Mail,81,Houses_Karachi,2026-08-10,https://www.zameen.com/Property/bahria_town_karachi_bahria_town_-_precinct_27_235sq_yd_villa_for_sale_in_precinct-27_adjacent_to_jinnah_avenue_one_unit_3_bedrooms_drawning_dining_closed_italian_kitchen_tv_lounge_all_amenities_nearby_including_parks_mosques_and_gallery_10min_drive_from_main_gate_of_bahria_town_karachi-54590973-10040-1.html
House For Sale In PECHS BLOCK 3,PKR 10 Crore,100000000,4,5,240 Sq. Yd,2160.0,46296,House,True,7,7Share on FacebookShare on TwitterShare on WhatsAppSend via GMailSend via E-Mail,80,Houses_Karachi,2026-08-10,https://www.zameen.com/Property/pechs_pechs_block_3_house_for_sale_in_pechs_block_3-53890645-6934-1.html
Bungalow Available For Sale in PECHS BLOCK 2,PKR 16 Crore,160000000,7,7,400 Sq. Yd,3600.0,44444,House,True,9,9Share on FacebookShare on TwitterShare on WhatsAppSend via GMailSend via E-Mail,80,Houses_Karachi,2026-08-10,https://www.zameen.com/Property/pechs_pechs_block_2_bungalow_available_for_sale_in_pechs_block_2-54090637-6933-1.html
"125sq yd LUXURY VILLA FOR SALE, near LONDON BRIDGE & JINNAH AVENUE. A-PLUS Construction. 3/4 Bedrooms, DDL & Americal Kitchen. 10min Drive from Main Gate of BTK. All aminities nearby, inlcuding PARK, ",PKR 1.2 Crore,12000000,1,3,125 Sq. Yd,1125.0,10666,House,True,9,9Share on FacebookShare on TwitterShare on WhatsAppSend via GMailSend via E-Mail,80,Houses_Karachi,2026-08-10,https://www.zameen.com/Property/bahria_town_karachi_bahria_town_-_precinct_27_125sq_yd_luxury_villa_for_sale_near_london_bridge_jinnah_avenue_a-plus_construction_3_4_bedrooms_ddl_americal_kitchen_10min_drive_from_main_gate_of_btk_all_aminities_nearby_inlcuding_park_mosque_schools_fuel_pump_commercial-54590962-10040-1.html
266 Sq. Yd Corner Park Facing House for Sale KDA Overseas Bungalows Block 16-A Gulistan-e-Jauhar,PKR 9 Crore,90000000,4,5,266 Sq. Yd,2394.0,37593,House,True,10,super hot10Share on FacebookShare on TwitterShare on WhatsAppSend via GMailSend via E-Mail,90,Houses_Karachi,2026-08-10,https://www.zameen.com/Property/gulistan_e_jauhar_kda_overseas_bungalows_266_sq_yd_corner_park_facing_house_for_sale_kda_overseas_bungalows_block_16-a_gulistan-e-jauhar-54582854-19647-1.html
Prime Location House Of 120 Square Yards Is Available For Sale In Naya Nazimabad,PKR 4.48 Crore,44800000,2,3,120 Sq. Yd,1080.0,41481,House,True,15,super hot151VerifiedShare on FacebookShare on TwitterShare on WhatsAppSend via GMailSend via E-Mail,99,Houses_Karachi,2026-08-10,https://www.zameen.com/Property/karachi_naya_nazimabad_prime_location_house_of_120_square_yards_is_available_for_sale_in_naya_nazimabad-54563266-10079-1.html
Luxury House For Sale,PKR 16.9 Crore,169000000,5,6,225 Sq. Yd,2025.0,83456,House,True,21,super hot21Share on FacebookShare on TwitterShare on WhatsAppSend via GMailSend via E-Mail,90,Houses_Karachi,2026-08-10,https://www.zameen.com/Property/pechs_pechs_block_2_luxury_house_for_sale-54533534-6933-1.html
Bungalow For Sale 1000 Square Yards In DHA Phase 6,PKR 30 Crore,300000000,6,7,"1,000 Sq. Yd",9000.0,33333,House,True,23,super hot23Share on FacebookShare on TwitterShare on WhatsAppSend via GMailSend via E-Mail,90,Houses_Karachi,2026-08-10,https://www.zameen.com/Property/dha_defence_dha_phase_6_bungalow_for_sale_1000_square_yards_in_dha_phase_6-54504913-1483-1.html
Modern Design 125 Square Yards 3 & 3 Bedrooms Villas Available For Sale in Precinct 12 Bahria Town Karachi,PKR 1.5 Crore,15000000,1,3,125 Sq. Yd,1125.0,13333,House,True,15,super hot15Share on FacebookShare on TwitterShare on WhatsAppSend via GMailSend via E-Mail,90,Houses_Karachi,2026-08-10,https://www.zameen.com/Property/bahria_town_karachi_bahria_town_-_precinct_12_modern_design_125_square_yards_3_3_bedrooms_villas_available_for_sale_in_precinct_12_bahria_town_karachi-54532889-10022-1.html
LUXURY 500 YARDS OWNER-BUILT BUNGALOW | DHA PHASE 5,PKR 15 Crore,150000000,6,6,500 Sq. Yd,4500.0,33333,House,True,11,super hot11Share on FacebookShare on TwitterShare on WhatsAppSend via GMailSend via E-Mail,90,Houses_Karachi,2026-08-10,https://www.zameen.com/Property/dha_defence_dha_phase_5_luxury_500_yards_owner-built_bungalow_dha_phase_5-54588308-1482-1.html
Single Storey Bungalow Available For Sale On Bank Loan Staff Loan Pm Scheme Applicable,PKR 1.67 Crore,16700000,2,3,120 Sq. Yd,1080.0,15462,House,True,12,super hot12Share on FacebookShare on TwitterShare on WhatsAppSend via GMailSend via E-Mail,90,Houses_Karachi,2026-08-10,https://www.zameen.com/Property/saadi_garden_saadi_garden_-_block_2_single_storey_bungalow_available_for_sale_on_bank_loan_staff_loan_pm_scheme_applicable-54588179-9088-1.html
Gulshan-E-Iqbal - Block 4A 240 Square Yards House Up For Sale,PKR 6.25 Crore,62500000,6,6,240 Sq. Yd,2160.0,28935,House,True,15,super hot15VerifiedShare on FacebookShare on TwitterShare on WhatsAppSend via GMailSend via E-Mail,98,Houses_Karachi,2026-08-10,https://www.zameen.com/Property/gulshan_e_iqbal_gulshan-e-iqbal_-_block_4a_gulshan-e-iqbal_-_block_4a_240_square_yards_house_up_for_sale-54571841-6865-1.html
2 Unit House Fully Renovated 3+3 with 2 Kitchens Premium Location Best Price Chane Deal,PKR 17 Crore,170000000,6,6,500 Sq. Yd,4500.0,37777,House,True,19,super hot19Share on FacebookShare on TwitterShare on WhatsAppSend via GMailSend via E-Mail,90,Houses_Karachi,2026-08-10,https://www.zameen.com/Property/dha_defence_dha_phase_8_2_unit_house_fully_renovated_3_3_with_2_kitchens_premium_location_best_price_chane_deal-54588264-1485-1.html
BRAND NEW HOUSE FOR SALE 142 SQUARE YARDS GROUND PLUS 2 IN GULSHAN E IQBAL,PKR 3.5 Crore,35000000,6,6,142 Sq. Yd,1278.0,27386,House,True,14,super hot14Share on FacebookShare on TwitterShare on WhatsAppSend via GMailSend via E-Mail,90,Houses_Karachi,2026-08-10,https://www.zameen.com/Property/gulshan_e_iqbal_gulshan-e-iqbal_-_block_4a_brand_new_house_for_sale_142_square_yards_ground_plus_2_in_gulshan_e_iqbal-54466501-6865-1.html
Fully Renovated Bungalow For Sale - Prime Location Of DHA Phase 4,PKR 13 Crore,130000000,5,6,300 Sq. Yd,2700.0,48148,House,True,9,hot9Share on FacebookShare on TwitterShare on WhatsAppSend via GMailSend via E-Mail,83,Houses_Karachi,2026-08-10,https://www.zameen.com/Property/dha_defence_dha_phase_4_fully_renovated_bungalow_for_sale_-_prime_location_of_dha_phase_4-54568788-1481-1.html
"200 Sq Yd General Villa For Sale Precinct-11A, BTK. 3 Bedrooms",PKR 1.93 Crore,19300000,1,3,200 Sq. Yd,1800.0,10722,House,True,24,hot24Share on FacebookShare on TwitterShare on WhatsAppSend via GMailSend via E-Mail,84,Houses_Karachi,2026-08-10,https://www.zameen.com/Property/bahria_town_precinct_11_bahria_town_-_precinct_11-a_200_sq_yd_general_villa_for_sale_precinct-11a_btk_3_bedrooms-54558854-10020-1.html
Fully Furnished Quaid Villa (200 Sq Yds) For Sale 190 Series Direct Party Meeting,PKR 2.65 Crore,26500000,3,3,200 Sq. Yd,1800.0,14722,House,False,11,hot11Share on FacebookShare on TwitterShare on WhatsAppSend via GMailSend via E-Mail,84,Houses_Karachi,2026-08-10,https://www.zameen.com/Property/bahria_town_precinct_2_bahria_town_-_quaid_villas_fully_furnished_quaid_villa_200_sq_yds_for_sale_190_series_direct_party_meeting-54357720-10011-1.html
Fully Renovated Bungalow For Sale With Dual Entrance,PKR 15 Crore,150000000,5,5,500 Sq. Yd,4500.0,33333,House,False,16,hot16Share on FacebookShare on TwitterShare on WhatsAppSend via GMailSend via E-Mail,84,Houses_Karachi,2026-08-10,https://www.zameen.com/Property/dha_defence_dha_phase_5_fully_renovated_bungalow_for_sale_with_dual_entrance-54427220-1482-1.html
"Stunning Ready-To-Move 500 Sq. Yard Villa For Sale In Bahria Hills, Karachi",PKR 6.6 Crore,66000000,5,6,500 Sq. Yd,4500.0,14666,House,True,50,hot50Share on FacebookShare on TwitterShare on WhatsAppSend via GMailSend via E-Mail,84,Houses_Karachi,2026-08-10,https://www.zameen.com/Property/bahria_town_karachi_bahria_hills_stunning_ready-to-move_500_sq_yard_villa_for_sale_in_bahria_hills_karachi-54474351-13173-1.html
GROUND PLUS 2 WEST OPEN CORNER HOUSE AVAILABLE FOR SALE AT PRIME LOCATION OF NORTH NAZIMABAD,PKR 4.75 Crore,47500000,8,7,200 Sq. Yd,1800.0,26388,House,False,5,hot5Share on FacebookShare on TwitterShare on WhatsAppSend via GMailSend via E-Mail,83,Houses_Karachi,2026-08-10,https://www.zameen.com/Property/north_nazimabad_north_nazimabad_-_block_j_ground_plus_2_west_open_corner_house_available_for_sale_at_prime_location_of_north_nazimabad-54436460-7218-1.html
Newly Constructed Corner/Westopen Family Oriented House,PKR 5.5 Crore,55000000,4,4,260 Sq. Yd,2340.0,23504,House,False,15,15VerifiedShare on FacebookShare on TwitterShare on WhatsAppSend via GMailSend via E-Mail,89,Houses_Karachi,2026-08-10,https://www.zameen.com/Property/scheme_33_sector_35_a_capital_cooperative_housing_society_newly_constructed_corner_westopen_family_oriented_house-54321953-8908-1.html
"Evacue Sociey, Leased, Corner West Open Houses For Sale",PKR 3.75 Crore,37500000,8,6,120 Sq. Yd,1080.0,34722,House,False,5,5VerifiedShare on FacebookShare on TwitterShare on WhatsAppSend via GMailSend via E-Mail,88,Houses_Karachi,2026-08-10,https://www.zameen.com/Property/gulshan_e_iqbal_gulshan-e-iqbal_-_block_10-a_evacue_sociey_leased_corner_west_open_houses_for_sale-54321954-8894-1.html
5 BED TOWN HOUSE FOR SALE MANIYA SOCIETY BLOCK 3,PKR 9 Crore,90000000,9,5,166 Sq. Yd,1494.0,60240,House,False,19,19Share on FacebookShare on TwitterShare on WhatsAppSend via GMailSend via E-Mail,81,Houses_Karachi,2026-08-10,https://www.zameen.com/Property/pechs_pechs_block_3_5_bed_town_house_for_sale_maniya_society_block_3-54590949-6934-1.html
60 Sqyd House Available For Sale Prime Location Of Gulistan E Jauhar Block 15,PKR 1.95 Crore,19500000,2,3,60 Sq. Yd,540.0,36111,House,False,18,18Share on FacebookShare on TwitterShare on WhatsAppSend via GMailSend via E-Mail,81,Houses_Karachi,2026-08-10,https://www.zameen.com/Property/gulistan_e_jauhar_gulistan-e-jauhar_-_block_15_60_sqyd_house_available_for_sale_prime_location_of_gulistan_e_jauhar_block_15-54443858-6839-1.html
Custom Built Having The Comforts Of A Modern Life Style 1000 Yards Bungalow For Sale In Dha Phase 8 Karachi,PKR 55 Crore,550000000,6,7,"1,000 Sq. Yd",9000.0,61111,House,True,6,6Share on FacebookShare on TwitterShare on WhatsAppSend via GMailSend via E-Mail,80,Houses_Karachi,2026-08-10,https://www.zameen.com/Property/dha_defence_dha_phase_8_custom_built_having_the_comforts_of_a_modern_life_style_1000_yards_bungalow_for_sale_in_dha_phase_8_karachi-54284207-1485-1.html
Owner Built Highly Well Planned And Maintained 500 Yards Bungalow For Sale In DHA Phase 6 Karachi,PKR 18 Crore,180000000,4,7,500 Sq. Yd,4500.0,40000,House,True,47,47Share on FacebookShare on TwitterShare on WhatsAppSend via GMailSend via E-Mail,81,Houses_Karachi,2026-08-10,https://www.zameen.com/Property/dha_defence_dha_phase_6_owner_built_highly_well_planned_and_maintained_500_yards_bungalow_for_sale_in_dha_phase_6_karachi-54431905-1483-1.html
Contemporary Elegance Brand New 500 Yards Bungalow For Sale in DHA Phase 8 Karachi,PKR 30.5 Crore,305000000,6,7,500 Sq. Yd,4500.0,67777,House,True,9,9Share on FacebookShare on TwitterShare on WhatsAppSend via GMailSend via E-Mail,80,Houses_Karachi,2026-08-10,https://www.zameen.com/Property/dha_defence_dha_phase_8_contemporary_elegance_brand_new_500_yards_bungalow_for_sale_in_dha_phase_8_karachi-54435401-1485-1.html
Brand New Furnished 500 Yards Bungalow For Sale In Phase 8 DHA Karachi,PKR 26 Crore,260000000,6,7,500 Sq. Yd,4500.0,57777,House,True,50,50Share on FacebookShare on TwitterShare on WhatsAppSend via GMailSend via E-Mail,81,Houses_Karachi,2026-08-10,https://www.zameen.com/Property/dha_defence_dha_phase_8_brand_new_furnished_500_yards_bungalow_for_sale_in_phase_8_dha_karachi-54540475-1485-1.html
Extra Land Bungalow Available For Sale 120 Sq. Yards (133 Sq. Yards ) Block D,PKR 4 Crore,40000000,4,4,120 Sq. Yd,1080.0,37037,House,True,13,super hot13Share on FacebookShare on TwitterShare on WhatsAppSend via GMailSend via E-Mail,90,Houses_Karachi,2026-08-10,https://www.zameen.com/Property/karachi_naya_nazimabad_extra_land_bungalow_available_for_sale_120_sq_yards_133_sq_yards_block_d-54538639-10079-1.html
Modern Design 125 Square Yards 3 & 4 Bedrooms Villas Available For Sale in Precinct-12 Ali Block Bahria Town Karachi,PKR 1.55 Crore,15500000,1,3,125 Sq. Yd,1125.0,13777,House,True,16,super hot16Share on FacebookShare on TwitterShare on WhatsAppSend via GMailSend via E-Mail,90,Houses_Karachi,2026-08-10,https://www.zameen.com/Property/bahria_town_karachi_bahria_town_-_precinct_12_modern_design_125_square_yards_3_4_bedrooms_villas_available_for_sale_in_precinct-12_ali_block_bahria_town_karachi-54538983-10022-1.html
Book A 250 Square Yards House In Bahria Town - Precinct 6,PKR 2.4 Crore,24000000,5,5,250 Sq. Yd,2250.0,10666,House,True,19,super hot19Share on FacebookShare on TwitterShare on WhatsAppSend via GMailSend via E-Mail,90,Houses_Karachi,2026-08-10,https://www.zameen.com/Property/bahria_town_karachi_bahria_town_-_precinct_6_book_a_250_square_yards_house_in_bahria_town_-_precinct_6-54550546-10014-1.html
In Askari 6 House For Sale Sized 266 Square Yards,PKR 7.1 Crore,71000000,4,4,266 Sq. Yd,2394.0,29657,House,True,13,super hot13VerifiedShare on FacebookShare on TwitterShare on WhatsAppSend via GMailSend via E-Mail,98,Houses_Karachi,2026-08-10,https://www.zameen.com/Property/malir_cantonment_askari_6_in_askari_6_house_for_sale_sized_266_square_yards-52596218-21109-1.html
Brand New Owner Built A+ Built Quality 6 Bed DD Villa for sale at Bahria Hills Most Prime location,PKR 9 Crore,90000000,9,6,512 Sq. Yd,4608.0,19531,House,True,18,super hot18Share on FacebookShare on TwitterShare on WhatsAppSend via GMailSend via E-Mail,90,Houses_Karachi,2026-08-10,https://www.zameen.com/Property/bahria_town_karachi_bahria_hills_brand_new_owner_built_a_built_quality_6_bed_dd_villa_for_sale_at_bahria_hills_most_prime_location-54431585-13173-1.html
Get An Attractive Prime Location House In Karachi Under Rs. 115000000,PKR 11.5 Crore,115000000,3,3,665 Sq. Yd,5985.0,19214,House,True,15,super hot15VerifiedShare on FacebookShare on TwitterShare on WhatsAppSend via GMailSend via E-Mail,98,Houses_Karachi,2026-08-10,https://www.zameen.com/Property/dha_defence_dha_phase_1_get_an_attractive_prime_location_house_in_karachi_under_rs_115000000-54384470-1478-1.html
Possession Ready2 Bed Drawing Dining Apartment For Sale | 1250 Sq Ft 2.3 Crore,PKR 2.3 Crore,23000000,2,3,139 Sq. Yd,1251.0,18385,Flat,True,5,super hot5Share on FacebookShare on TwitterShare on WhatsAppSend via GMailSend via E-Mail,89,Houses_Karachi,2026-08-10,https://www.zameen.com/Property/karachi_naya_nazimabad_possession_ready2_bed_drawing_dining_apartment_for_sale_1250_sq_ft_2_3_crore-54588116-10079-1.html
for residential banglow,PKR 13 Crore,130000000,8,6,300 Sq. Yd,2700.0,48148,Unknown,True,5,super hot5Share on FacebookShare on TwitterShare on WhatsAppSend via GMailSend via E-Mail,89,Houses_Karachi,2026-08-10,https://www.zameen.com/Property/pechs_pechs_block_2_for_residential_banglow-54587397-6933-1.html
Prime Location Affordable House For Sale In Bahria Town - Precinct 1,PKR 4 Crore,40000000,5,5,272 Sq. Yd,2448.0,16339,House,True,4,super hot4VerifiedShare on FacebookShare on TwitterShare on WhatsAppSend via GMailSend via E-Mail,97,Houses_Karachi,2026-08-10,https://www.zameen.com/Property/bahria_town_karachi_bahria_town_-_precinct_1_prime_location_affordable_house_for_sale_in_bahria_town_-_precinct_1-54572029-10007-1.html
Prime Location House For Sale,PKR 5 Crore,50000000,5,5,500 Sq. Yd,4500.0,11111,House,True,8,super hot8VerifiedShare on FacebookShare on TwitterShare on WhatsAppSend via GMailSend via E-Mail,97,Houses_Karachi,2026-08-10,https://www.zameen.com/Property/bahria_paradise_bahria_paradise_-_precinct_51_prime_location_house_for_sale-54572034-12070-1.html
Get In Touch Now To Buy A 350 Square Yards House In Falcon Complex New Malir,PKR 9 Crore,90000000,4,4,350 Sq. Yd,3150.0,28571,House,True,16,hot161VerifiedShare on FacebookShare on TwitterShare on WhatsAppSend via GMailSend via E-Mail,93,Houses_Karachi,2026-08-10,https://www.zameen.com/Property/malir_falcon_complex_new_malir_get_in_touch_now_to_buy_a_350_square_yards_house_in_falcon_complex_new_malir-54020978-9582-1.html
A Spacious 500 Square Yards House In Falcon Complex New Malir,PKR 11 Crore,110000000,5,5,500 Sq. Yd,4500.0,24444,House,True,16,hot16VerifiedShare on FacebookShare on TwitterShare on WhatsAppSend via GMailSend via E-Mail,92,Houses_Karachi,2026-08-10,https://www.zameen.com/Property/malir_falcon_complex_new_malir_a_spacious_500_square_yards_house_in_falcon_complex_new_malir-54020977-9582-1.html
"Prime Location 500 Sq. Yds West-Open Renovated Bungalow Main Khayaban-E-Hilal, DHA Phase 6",PKR 17.5 Crore,175000000,5,6,500 Sq. Yd,4500.0,38888,House,False,29,hot29Share on FacebookShare on TwitterShare on WhatsAppSend via GMailSend via E-Mail,84,Houses_Karachi,2026-08-10,https://www.zameen.com/Property/dha_defence_dha_phase_6_prime_location_500_sq_yds_west-open_renovated_bungalow_main_khayaban-e-hilal_dha_phase_6-54576361-1483-1.html
Iqbal Villas 152sq Yd Close To Entrance Of BTK 3Bed One Unit Villas FOR SALE,PKR 2 Crore,20000000,2,3,152 Sq. Yd,1368.0,14619,House,False,36,hot36Share on FacebookShare on TwitterShare on WhatsAppSend via GMailSend via E-Mail,84,Houses_Karachi,2026-08-10,https://www.zameen.com/Property/bahria_town_precinct_2_bahria_homes_-_iqbal_villas_iqbal_villas_152sq_yd_close_to_entrance_of_btk_3bed_one_unit_villas_for_sale-54490010-9031-1.html
"Reasonably-Priced 2000 Square Yards House In PECHS Block 6, Karachi Is Available As Of Now",PKR 53 Crore,530000000,,,"2,000 Sq. Yd",18000.0,29444,House,False,19,hot19Share on FacebookShare on TwitterShare on WhatsAppSend via GMailSend via E-Mail,84,Houses_Karachi,2026-08-10,https://www.zameen.com/Property/pechs_pechs_block_6_reasonably-priced_2000_square_yards_house_in_pechs_block_6_karachi_is_available_as_of_now-53481500-6935-1.html
"125sq yd VILLA FOR SALE, in Precinct-15 opposite to ALI BLOCK. A-PLUS Construction. 3 Bedrooms, Drawing, Dining, TV Lounge & Americal Kitchen. 10min Drive from Main Gate of Bahria Town Karachi.",PKR 1.2 Crore,12000000,1,3,125 Sq. Yd,1125.0,10666,House,False,12,hot12Share on FacebookShare on TwitterShare on WhatsAppSend via GMailSend via E-Mail,84,Houses_Karachi,2026-08-10,https://www.zameen.com/Property/bahria_town_karachi_bahria_town_-_precinct_15_125sq_yd_villa_for_sale_in_precinct-15_opposite_to_ali_block_a-plus_construction_3_bedrooms_drawing_dining_tv_lounge_americal_kitchen_10min_drive_from_main_gate_of_bahria_town_karachi-54541973-10025-1.html
Grand Mosque Facing | Luxury 7 Bedroom Villa with Basement | Bahria Town Karachi,PKR 8.9 Crore,89000000,8,7,500 Sq. Yd,4500.0,19777,House,False,24,hot24Share on FacebookShare on TwitterShare on WhatsAppSend via GMailSend via E-Mail,84,Houses_Karachi,2026-08-10,https://www.zameen.com/Property/bahria_town_karachi_bahria_hills_grand_mosque_facing_luxury_7_bedroom_villa_with_basement_bahria_town_karachi-54468364-13173-1.html
120 YARDS 4 BED D/D CORNER WEST OPEN VIP LOCATION,PKR 2.25 Crore,22500000,2,4,120 Sq. Yd,1080.0,20833,Unknown,False,20,20Share on FacebookShare on TwitterShare on WhatsAppSend via GMailSend via E-Mail,81,Houses_Karachi,2026-08-10,https://www.zameen.com/Property/federal_b_area_federal_b_area_-_block_9_120_yards_4_bed_d_d_corner_west_open_vip_location-54188946-6693-1.html
"300 Yards G+Two 11 Bed House For Sale,",PKR 6.5 Crore,65000000,6,6,300 Sq. Yd,2700.0,24074,House,False,27,27Share on FacebookShare on TwitterShare on WhatsAppSend via GMailSend via E-Mail,81,Houses_Karachi,2026-08-10,https://www.zameen.com/Property/gulshan_e_iqbal_gulshan-e-iqbal_-_block_10-a_300_yards_g_two_11_bed_house_for_sale-50862877-8894-1.html
Luxury Villa for Sale Your Dream Home Awaits!,PKR 4.25 Crore,42500000,3,3,500 Sq. Yd,4500.0,9444,House,False,31,31Share on FacebookShare on TwitterShare on WhatsAppSend via GMailSend via E-Mail,81,Houses_Karachi,2026-08-10,https://www.zameen.com/Property/bahria_town_karachi_bahria_town_-_precinct_17_luxury_villa_for_sale_your_dream_home_awaits-52621315-10028-1.html
Grey Structure Of 500 Square Yards House In Bahria Hills Near Grand Mosque,PKR 4.5 Crore,45000000,6,7,500 Sq. Yd,4500.0,10000,House,False,11,11Share on FacebookShare on TwitterShare on WhatsAppSend via GMailSend via E-Mail,81,Houses_Karachi,2026-08-10,https://www.zameen.com/Property/bahria_town_karachi_bahria_hills_grey_structure_of_500_square_yards_house_in_bahria_hills_near_grand_mosque-53558017-13173-1.html
350 SQUARE YARDS FALCON COMPLEX NEW MALIR HOUSE FOR SALE,PKR 9.4 Crore,94000000,4,5,350 Sq. Yd,3150.0,29841,House,False,23,23Share on FacebookShare on TwitterShare on WhatsAppSend via GMailSend via E-Mail,81,Houses_Karachi,2026-08-10,https://www.zameen.com/Property/malir_falcon_complex_new_malir_350_square_yards_falcon_complex_new_malir_house_for_sale-52638800-9582-1.html
PREMIUM 500 SQ YARDS HOUSE FOR SALE GATED LOCATION!,PKR 12.5 Crore,125000000,5,5,500 Sq. Yd,4500.0,27777,House,True,25,25VerifiedShare on FacebookShare on TwitterShare on WhatsAppSend via GMailSend via E-Mail,89,Houses_Karachi,2026-08-10,https://www.zameen.com/Property/malir_falcon_complex_new_malir_premium_500_sq_yards_house_for_sale_gated_location-52799322-9582-1.html
500 SQ YARDS VILLA FOR SALE IN FALCON LUXURY LIVING!,PKR 10.75 Crore,107500000,5,5,500 Sq. Yd,4500.0,23888,House,False,21,211VerifiedShare on FacebookShare on TwitterShare on WhatsAppSend via GMailSend via E-Mail,90,Houses_Karachi,2026-08-10,https://www.zameen.com/Property/malir_falcon_complex_new_malir_500_sq_yards_villa_for_sale_in_falcon_luxury_living-52799324-9582-1.html
CORNER 500 SQ YARDS VILLA FOR SALE IN FALCON LUXURY LIVING!,PKR 12 Crore,120000000,5,6,500 Sq. Yd,4500.0,26666,House,False,20,20Share on FacebookShare on TwitterShare on WhatsAppSend via GMailSend via E-Mail,81,Houses_Karachi,2026-08-10,https://www.zameen.com/Property/malir_falcon_complex_new_malir_corner_500_sq_yards_villa_for_sale_in_falcon_luxury_living-52909294-9582-1.html
120 SQ Yds Villa For Sale,PKR 3.9 Crore,39000000,3,4,120 Sq. Yd,1080.0,36111,House,True,20,super hot20Share on FacebookShare on TwitterShare on WhatsAppSend via GMailSend via E-Mail,90,Houses_Karachi,2026-08-10,https://www.zameen.com/Property/karachi_naya_nazimabad_120_sq_yds_villa_for_sale-54580582-10079-1.html
"Well-Maintained 500 Sq Yards Bungalow For Sale - DHA Phase 6, Karachi.",PKR 15.9 Crore,159000000,5,6,500 Sq. Yd,4500.0,35333,House,True,18,super hot18Share on FacebookShare on TwitterShare on WhatsAppSend via GMailSend via E-Mail,90,Houses_Karachi,2026-08-10,https://www.zameen.com/Property/dha_defence_dha_phase_6_well-maintained_500_sq_yards_bungalow_for_sale_-_dha_phase_6_karachi-54558033-1483-1.html
A Great Choice For A Prime Location 500 Square Yards House Available In DHA Phase 6,PKR 15.9 Crore,159000000,4,4,500 Sq. Yd,4500.0,35333,House,True,9,super hot91VerifiedShare on FacebookShare on TwitterShare on WhatsAppSend via GMailSend via E-Mail,98,Houses_Karachi,2026-08-10,https://www.zameen.com/Property/dha_defence_dha_phase_6_a_great_choice_for_a_prime_location_500_square_yards_house_available_in_dha_phase_6-54561748-1483-1.html
300 Sq Yards Independent House For Sale | Gulshan-E-Iqbal Block 4 | Investor Rate,PKR 6.7 Crore,67000000,4,5,300 Sq. Yd,2700.0,24814,House,True,30,super hot30Share on FacebookShare on TwitterShare on WhatsAppSend via GMailSend via E-Mail,90,Houses_Karachi,2026-08-10,https://www.zameen.com/Property/gulshan_e_iqbal_gulshan-e-iqbal_-_block_4_300_sq_yards_independent_house_for_sale_gulshan-e-iqbal_block_4_investor_rate-54491504-6864-1.html
235 Square Yard Villas At Precinct-31 Close To Gallery And Mosque Are Available FOR SALE,PKR 1.59 Crore,15900000,3,3,235 Sq. Yd,2115.0,7517,House,True,23,super hot23Share on FacebookShare on TwitterShare on WhatsAppSend via GMailSend via E-Mail,90,Houses_Karachi,2026-08-10,https://www.zameen.com/Property/bahria_town_karachi_bahria_town_-_precinct_31_235_square_yard_villas_at_precinct-31_close_to_gallery_and_mosque_are_available_for_sale-53351745-10045-1.html
240 Sq Yds West Open Corner Fully Furnished One Unit House For Sale,PKR 5.25 Crore,52500000,5,6,240 Sq. Yd,2160.0,24305,House,True,24,super hot24Share on FacebookShare on TwitterShare on WhatsAppSend via GMailSend via E-Mail,90,Houses_Karachi,2026-08-10,https://www.zameen.com/Property/scheme_33_sector_35_a_capital_cooperative_housing_society_240_sq_yds_west_open_corner_fully_furnished_one_unit_house_for_sale-54455848-8908-1.html
400 Sq Yds G+1.5 Leased Fully Furnished 9-Bed House For Sale In Capital Society Scheme 33,PKR 8.5 Crore,85000000,8,7,400 Sq. Yd,3600.0,23611,House,True,37,super hot37Share on FacebookShare on TwitterShare on WhatsAppSend via GMailSend via E-Mail,90,Houses_Karachi,2026-08-10,https://www.zameen.com/Property/scheme_33_sector_35_a_capital_cooperative_housing_society_400_sq_yds_g_1_5_leased_fully_furnished_9-bed_house_for_sale_in_capital_society_scheme_33-54476398-8908-1.html
Fully Furnished 120 Sq Yds Ground Plus 1 West Open House For Sale In Hansa Society Scheme 33,PKR 2.85 Crore,28500000,4,6,120 Sq. Yd,1080.0,26388,House,True,31,super hot31Share on FacebookShare on TwitterShare on WhatsAppSend via GMailSend via E-Mail,90,Houses_Karachi,2026-08-10,https://www.zameen.com/Property/scheme_33_hansa_society_fully_furnished_120_sq_yds_ground_plus_1_west_open_house_for_sale_in_hansa_society_scheme_33-54520554-9217-1.html
160 Sq. Yaed Bungalow Available For Sale In Naya Nazimabad Block D,PKR 4.8 Crore,48000000,4,4,160 Sq. Yd,1440.0,33333,House,True,27,super hot27Share on FacebookShare on TwitterShare on WhatsAppSend via GMailSend via E-Mail,90,Houses_Karachi,2026-08-10,https://www.zameen.com/Property/naya_nazimabad_naya_nazimabad_-_block_d_160_sq_yaed_bungalow_available_for_sale_in_naya_nazimabad_block_d-53529437-14294-1.html
425 Sq. Yd Ground Plus One Luxurious Bunglow For Sale In Gulistan-E-Jauhar Block 14,PKR 11.8 Crore,118000000,6,7,425 Sq. Yd,3825.0,30849,Unknown,True,41,super hot41Share on FacebookShare on TwitterShare on WhatsAppSend via GMailSend via E-Mail,90,Houses_Karachi,2026-08-10,https://www.zameen.com/Property/karachi_gulistan-e-jauhar_425_sq_yd_ground_plus_one_luxurious_bunglow_for_sale_in_gulistan-e-jauhar_block_14-54507787-232-1.html
A 500 Square Yards House Has Landed On Market In Falcon Complex New Malir Of Karachi,PKR 11.08 Crore,110800000,5,5,500 Sq. Yd,4500.0,24622,House,True,15,hot15VerifiedShare on FacebookShare on TwitterShare on WhatsAppSend via GMailSend via E-Mail,92,Houses_Karachi,2026-08-10,https://www.zameen.com/Property/malir_falcon_complex_new_malir_a_500_square_yards_house_has_landed_on_market_in_falcon_complex_new_malir_of_karachi-54029407-9582-1.html
Stunning 500 Square Yards House In Falcon Complex New Malir Available,PKR 11.07 Crore,110700000,5,5,500 Sq. Yd,4500.0,24600,House,True,15,hot15VerifiedShare on FacebookShare on TwitterShare on WhatsAppSend via GMailSend via E-Mail,92,Houses_Karachi,2026-08-10,https://www.zameen.com/Property/malir_falcon_complex_new_malir_stunning_500_square_yards_house_in_falcon_complex_new_malir_available-54029405-9582-1.html
3Bed DDL 125 sq yd Villa FOR SALE at Precicnt-11B (All Amenities Nearby) Heighted Location Investor Rates,PKR 1.1 Crore,11000000,1,3,125 Sq. Yd,1125.0,9777,House,False,14,hot14Share on FacebookShare on TwitterShare on WhatsAppSend via GMailSend via E-Mail,84,Houses_Karachi,2026-08-10,https://www.zameen.com/Property/bahria_town_precinct_11_bahria_town_-_precinct_11-b_3bed_ddl_125_sq_yd_villa_for_sale_at_precicnt-11b_all_amenities_nearby_heighted_location_investor_rates-54467356-10021-1.html
Brigadier House Brand New For Sale Askari 6 300 Yard 5 Bed DD,PKR 7.95 Crore,79500000,7,6,300 Sq. Yd,2700.0,29444,House,False,28,hot28Share on FacebookShare on TwitterShare on WhatsAppSend via GMailSend via E-Mail,84,Houses_Karachi,2026-08-10,https://www.zameen.com/Property/malir_cantonment_askari_6_brigadier_house_brand_new_for_sale_askari_6_300_yard_5_bed_dd-52875843-21109-1.html
Corner Brand New Brigadier House For Sale Askari 6 300 Square Yard Sector 4,PKR 8 Crore,80000000,5,6,300 Sq. Yd,2700.0,29629,House,False,22,hot22VerifiedShare on FacebookShare on TwitterShare on WhatsAppSend via GMailSend via E-Mail,92,Houses_Karachi,2026-08-10,https://www.zameen.com/Property/malir_cantonment_askari_6_corner_brand_new_brigadier_house_for_sale_askari_6_300_square_yard_sector_4-52800756-21109-1.html
Prime Investment Opportunity | Banglow For Sale | Prime Location | Two Side Entrance | Best For Commercial And Residential Use |,PKR 25 Crore,250000000,5,6,780 Sq. Yd,7020.0,35612,Commercial,False,9,hot9Share on FacebookShare on TwitterShare on WhatsAppSend via GMailSend via E-Mail,83,Houses_Karachi,2026-08-10,https://www.zameen.com/Property/karachi_kda_scheme_1_prime_investment_opportunity_banglow_for_sale_prime_location_two_side_entrance_best_for_commercial_and_residential_use-54544868-8292-1.html
240 Sq. Yd House For Sale In Meerut Society Sector 9A Karachi,PKR 4 Crore,40000000,3,3,240 Sq. Yd,2160.0,18518,House,False,19,hot19VerifiedShare on FacebookShare on TwitterShare on WhatsAppSend via GMailSend via E-Mail,92,Houses_Karachi,2026-08-10,https://www.zameen.com/Property/scheme_33_meerut_society_240_sq_yd_house_for_sale_in_meerut_society_sector_9a_karachi-54291634-9078-1.html
350 SQ YARDS HOUSE FOR SALE IN FALCON PRIME LOCATION!,PKR 8.9 Crore,89000000,4,4,350 Sq. Yd,3150.0,28253,House,False,18,18Share on FacebookShare on TwitterShare on WhatsAppSend via GMailSend via E-Mail,81,Houses_Karachi,2026-08-10,https://www.zameen.com/Property/malir_falcon_complex_new_malir_350_sq_yards_house_for_sale_in_falcon_prime_location-52952704-9582-1.html
350 Square Yards House For Sale In Falcon Complex New Malir Karachi,PKR 8.8 Crore,88000000,4,4,350 Sq. Yd,3150.0,27936,House,False,22,22Share on FacebookShare on TwitterShare on WhatsAppSend via GMailSend via E-Mail,81,Houses_Karachi,2026-08-10,https://www.zameen.com/Property/malir_falcon_complex_new_malir_350_square_yards_house_for_sale_in_falcon_complex_new_malir_karachi-52952707-9582-1.html
BRAND NEW 500 SQ YARDS FALCON COMPLEX NEW MALIR,PKR 12.35 Crore,123500000,5,6,500 Sq. Yd,4500.0,27444,Unknown,False,24,24Share on FacebookShare on TwitterShare on WhatsAppSend via GMailSend via E-Mail,81,Houses_Karachi,2026-08-10,https://www.zameen.com/Property/malir_falcon_complex_new_malir_brand_new_500_sq_yards_falcon_complex_new_malir-53084496-9582-1.html
FALCON COMPLEX 350 YARDS HOUSE FOR SALE HOT PROPERTY!,PKR 8.7 Crore,87000000,4,5,350 Sq. Yd,3150.0,27619,House,False,20,20Share on FacebookShare on TwitterShare on WhatsAppSend via GMailSend via E-Mail,81,Houses_Karachi,2026-08-10,https://www.zameen.com/Property/malir_falcon_complex_new_malir_falcon_complex_350_yards_house_for_sale_hot_property-53209155-9582-1.html
350 SQ YARDS HOUSE FOR SALE IN FALCON PRIME LOCATION!,PKR 8.9 Crore,89000000,4,4,350 Sq. Yd,3150.0,28253,House,False,29,29Share on FacebookShare on TwitterShare on WhatsAppSend via GMailSend via E-Mail,81,Houses_Karachi,2026-08-10,https://www.zameen.com/Property/malir_falcon_complex_new_malir_350_sq_yards_house_for_sale_in_falcon_prime_location-53209156-9582-1.html
BUY YOUR DREAM 500 YARDS HOME IN FALCON COMPLEX TODAY,PKR 11.9 Crore,119000000,5,5,500 Sq. Yd,4500.0,26444,Unknown,False,25,25Share on FacebookShare on TwitterShare on WhatsAppSend via GMailSend via E-Mail,81,Houses_Karachi,2026-08-10,https://www.zameen.com/Property/malir_falcon_complex_new_malir_buy_your_dream_500_yards_home_in_falcon_complex_today-53348543-9582-1.html
MAIN ROAD Brand New House Sized 350 Square Yards Available In Falcon Complex New Malir,PKR 8.75 Crore,87500000,4,4,350 Sq. Yd,3150.0,27777,House,False,15,15Share on FacebookShare on TwitterShare on WhatsAppSend via GMailSend via E-Mail,81,Houses_Karachi,2026-08-10,https://www.zameen.com/Property/malir_falcon_complex_new_malir_main_road_brand_new_house_sized_350_square_yards_available_in_falcon_complex_new_malir-53084501-9582-1.html
BRAND NEW 500 SQU YARDS FALCON COMPLEX NEW MALIR,PKR 11.75 Crore,117500000,5,6,500 Sq. Yd,4500.0,26111,Unknown,False,24,24Share on FacebookShare on TwitterShare on WhatsAppSend via GMailSend via E-Mail,81,Houses_Karachi,2026-08-10,https://www.zameen.com/Property/malir_falcon_complex_new_malir_brand_new_500_squ_yards_falcon_complex_new_malir-53084506-9582-1.html
Ready To Buy A Prime Location House In Askari 6 Karachi,PKR 7.5 Crore,75000000,,,270 Sq. Yd,2430.0,30864,House,True,2,super hot2VerifiedShare on FacebookShare on TwitterShare on WhatsAppSend via GMailSend via E-Mail,97,Houses_Karachi,2026-08-10,https://www.zameen.com/Property/malir_cantonment_askari_6_ready_to_buy_a_prime_location_house_in_askari_6_karachi-54481779-21109-1.html
"FOR SALE - 500 Square Yards One Unit Bungalow - Gulshan-E-Iqbal Block 4, Karachi",PKR 12.5 Crore,125000000,6,6,500 Sq. Yd,4500.0,27777,House,True,30,super hot30Share on FacebookShare on TwitterShare on WhatsAppSend via GMailSend via E-Mail,90,Houses_Karachi,2026-08-10,https://www.zameen.com/Property/gulshan_e_iqbal_gulshan-e-iqbal_-_block_4_for_sale_-_500_square_yards_one_unit_bungalow_-_gulshan-e-iqbal_block_4_karachi-54549845-6864-1.html
"600 Sq. Yards Ground + Two Bungalow for Sale Gulshan-e-Iqbal Block 4, Karachi",PKR 12.5 Crore,125000000,6,6,600 Sq. Yd,5400.0,23148,House,True,19,super hot19Share on FacebookShare on TwitterShare on WhatsAppSend via GMailSend via E-Mail,90,Houses_Karachi,2026-08-10,https://www.zameen.com/Property/gulshan_e_iqbal_gulshan-e-iqbal_-_block_4_600_sq_yards_ground_two_bungalow_for_sale_gulshan-e-iqbal_block_4_karachi-54452703-6864-1.html
Bangalow For Sale DHA Phase 8 Main Shujjat,PKR 26 Crore,260000000,6,6,500 Sq. Yd,4500.0,57777,Unknown,True,14,super hot14Share on FacebookShare on TwitterShare on WhatsAppSend via GMailSend via E-Mail,90,Houses_Karachi,2026-08-10,https://www.zameen.com/Property/dha_defence_dha_phase_8_bangalow_for_sale_dha_phase_8_main_shujjat-54487210-1485-1.html
Brand New Corner Bungalow Available For Sale In Naya Nazimabad Block M 120 Sq Yard 20 Sq Yard Extra Land,PKR 3.1 Crore,31000000,5,6,140 Sq. Yd,1260.0,24603,House,True,29,super hot29Share on FacebookShare on TwitterShare on WhatsAppSend via GMailSend via E-Mail,90,Houses_Karachi,2026-08-10,https://www.zameen.com/Property/karachi_naya_nazimabad_brand_new_corner_bungalow_available_for_sale_in_naya_nazimabad_block_m_120_sq_yard_20_sq_yard_extra_land-54341952-10079-1.html
CHANCE DEAL SINGLE STOREY SECTOR R NEAR TO PARK FACE Ideal Location Price Slightly Negotiable,PKR 1.35 Crore,13500000,2,2,120 Sq. Yd,1080.0,12500,Unknown,True,28,super hot28Share on FacebookShare on TwitterShare on WhatsAppSend via GMailSend via E-Mail,90,Houses_Karachi,2026-08-10,https://www.zameen.com/Property/gadap_town_gulshan-e-maymar_chance_deal_single_storey_sector_r_near_to_park_face_ideal_location_price_slightly_negotiable-54076671-680-1.html
120 Gaz | Block C | Bungalow | New | Naya Nazimabad,PKR 4.3 Crore,43000000,4,4,120 Sq. Yd,1080.0,39814,House,True,13,super hot13Share on FacebookShare on TwitterShare on WhatsAppSend via GMailSend via E-Mail,90,Houses_Karachi,2026-08-10,https://www.zameen.com/Property/naya_nazimabad_naya_nazimabad_-_block_c_120_gaz_block_c_bungalow_new_naya_nazimabad-54586279-14293-1.html
1000 Sq. Yards Ultra Luxury Corner Bungalow | Pool | Basement | Home Theatre | DHA Phase 8,PKR 60 Crore,600000000,9,6,"1,000 Sq. Yd",9000.0,66666,House,True,22,super hot22Share on FacebookShare on TwitterShare on WhatsAppSend via GMailSend via E-Mail,90,Houses_Karachi,2026-08-10,https://www.zameen.com/Property/dha_defence_dha_phase_8_1000_sq_yards_ultra_luxury_corner_bungalow_pool_basement_home_theatre_dha_phase_8-54586127-1485-1.html
120 Gaz G+2 West Open Ideal For Big Family & Investment Portion Wise Living in Prime Location! House For Sale in PS CITY 2,PKR 3.3 Crore,33000000,6,6,120 Sq. Yd,1080.0,30555,House,True,20,super hot20Share on FacebookShare on TwitterShare on WhatsAppSend via GMailSend via E-Mail,90,Houses_Karachi,2026-08-10,https://www.zameen.com/Property/scheme_33_sector_31_sector_31_-_punjabi_saudagar_city_phase_2_120_gaz_g_2_west_open_ideal_for_big_family_investment_portion_wise_living_in_prime_location_house_for_sale_in_ps_city_2-54527264-15498-1.html
"3Bed DDL 125sq yd Villa FOR SALE at ALI BLOCK All amenities nearby including MOSQUE, General Store & Parks",PKR 1.2 Crore,12000000,1,3,125 Sq. Yd,1125.0,10666,House,True,13,super hot13Share on FacebookShare on TwitterShare on WhatsAppSend via GMailSend via E-Mail,90,Houses_Karachi,2026-08-10,https://www.zameen.com/Property/bahria_town_precinct_12_bahria_town_-_ali_block_3bed_ddl_125sq_yd_villa_for_sale_at_ali_block_all_amenities_nearby_including_mosque_general_store_parks-54585745-10023-1.html
Good 350 Square Yards House For Sale In Falcon Complex New Malir,PKR 9.04 Crore,90399999,4,4,350 Sq. Yd,3150.0,28698,House,True,14,hot14VerifiedShare on FacebookShare on TwitterShare on WhatsAppSend via GMailSend via E-Mail,92,Houses_Karachi,2026-08-10,https://www.zameen.com/Property/malir_falcon_complex_new_malir_good_350_square_yards_house_for_sale_in_falcon_complex_new_malir-54029432-9582-1.html
Ideally Located Prime Location House Of 375 Square Yards Is Available For sale In Karachi,PKR 8.5 Crore,85000000,5,5,375 Sq. Yd,3375.0,25185,House,True,25,hot25VerifiedShare on FacebookShare on TwitterShare on WhatsAppSend via GMailSend via E-Mail,92,Houses_Karachi,2026-08-10,https://www.zameen.com/Property/malir_cantonment_askari_6_ideally_located_prime_location_house_of_375_square_yards_is_available_for_sale_in_karachi-54480842-21109-1.html
"272sq Yd 4 & 5 Bedrooms Luxury Villa FOR SALE. Adjacent To Jinnah Avenue, Easy Access To Entrance Facing GRAND MOSQUE. All Facilities Nearby And Utilities Present.",PKR 2.5 Crore,25000000,2,5,250 Sq. Yd,2250.0,11111,House,False,13,hot13Share on FacebookShare on TwitterShare on WhatsAppSend via GMailSend via E-Mail,84,Houses_Karachi,2026-08-10,https://www.zameen.com/Property/bahria_town_karachi_bahria_town_-_precinct_16_272sq_yd_4_5_bedrooms_luxury_villa_for_sale_adjacent_to_jinnah_avenue_easy_access_to_entrance_facing_grand_mosque_all_facilities_nearby_and_utilities_present-54541986-10027-1.html
"Ready To Move 250 sq Yd 5 Bedroom DDL Luxury Villa FOR SALE. Only 4km From Main Entrance Of BTK. Near GRAND MOSQUE, A-Plus Quality Construction.",PKR 4.35 Crore,43500000,4,5,250 Sq. Yd,2250.0,19333,House,False,27,hot27Share on FacebookShare on TwitterShare on WhatsAppSend via GMailSend via E-Mail,84,Houses_Karachi,2026-08-10,https://www.zameen.com/Property/bahria_town_karachi_bahria_town_-_precinct_8_ready_to_move_250_sq_yd_5_bedroom_ddl_luxury_villa_for_sale_only_4km_from_main_entrance_of_btk_near_grand_mosque_a-plus_quality_construction-54463259-10016-1.html
House For Sale In Gulistan-E-Jauhar Block-17,PKR 4.35 Crore,43500000,5,5,200 Sq. Yd,1800.0,24166,House,False,20,hot20Share on FacebookShare on TwitterShare on WhatsAppSend via GMailSend via E-Mail,84,Houses_Karachi,2026-08-10,https://www.zameen.com/Property/gulistan_e_jauhar_gulistan-e-jauhar_-_block_17_house_for_sale_in_gulistan-e-jauhar_block-17-53631519-6841-1.html
"3 Bed DD Lounge 200 Square Yard Villa FOR SALE All Amenities Nearby Including Parks, Mosques And Gallery",PKR 1.65 Crore,16500000,1,3,200 Sq. Yd,1800.0,9166,House,False,18,hot18Share on FacebookShare on TwitterShare on WhatsAppSend via GMailSend via E-Mail,84,Houses_Karachi,2026-08-10,https://www.zameen.com/Property/bahria_town_karachi_bahria_town_-_precinct_10-a_3_bed_dd_lounge_200_square_yard_villa_for_sale_all_amenities_nearby_including_parks_mosques_and_gallery-54420315-18125-1.html
500 Sq Yd Luxury Villa FOR SALE. 2km From Entrance Of BTK. 6 Bed DDL 2 Kitchens,PKR 4.5 Crore,45000000,4,6,500 Sq. Yd,4500.0,10000,House,False,32,hot32Share on FacebookShare on TwitterShare on WhatsAppSend via GMailSend via E-Mail,84,Houses_Karachi,2026-08-10,https://www.zameen.com/Property/bahria_town_karachi_bahria_town_-_precinct_4_500_sq_yd_luxury_villa_for_sale_2km_from_entrance_of_btk_6_bed_ddl_2_kitchens-54467343-10013-1.html
350 Square Yards House Available In Falcon Complex New Malir For Sale,PKR 8.6 Crore,86000000,4,4,350 Sq. Yd,3150.0,27301,House,False,23,23Share on FacebookShare on TwitterShare on WhatsAppSend via GMailSend via E-Mail,81,Houses_Karachi,2026-08-10,https://www.zameen.com/Property/malir_falcon_complex_new_malir_350_square_yards_house_available_in_falcon_complex_new_malir_for_sale-53348554-9582-1.html
BUY YOUR DREAM 350 YARDS HOME IN FALCON COMPLEX TODAY!,PKR 9.1 Crore,91000000,4,4,350 Sq. Yd,3150.0,28888,House,False,24,24Share on FacebookShare on TwitterShare on WhatsAppSend via GMailSend via E-Mail,81,Houses_Karachi,2026-08-10,https://www.zameen.com/Property/malir_falcon_complex_new_malir_buy_your_dream_350_yards_home_in_falcon_complex_today-53348555-9582-1.html
CHANCE 350 SQUARE YARD HOME FOR SALE FALCON COMPLEX NEW MALIR KARACHI,PKR 8.4 Crore,84000000,4,5,350 Sq. Yd,3150.0,26666,Unknown,False,13,13Share on FacebookShare on TwitterShare on WhatsAppSend via GMailSend via E-Mail,81,Houses_Karachi,2026-08-10,https://www.zameen.com/Property/malir_falcon_complex_new_malir_chance_350_square_yard_home_for_sale_falcon_complex_new_malir_karachi-53438087-9582-1.html
500 Square Yards House is Available FALCON COMPLEX NEW MALIR,PKR 11.45 Crore,114500000,5,5,500 Sq. Yd,4500.0,25444,House,False,24,24VerifiedShare on FacebookShare on TwitterShare on WhatsAppSend via GMailSend via E-Mail,89,Houses_Karachi,2026-08-10,https://www.zameen.com/Property/malir_falcon_complex_new_malir_500_square_yards_house_is_available_falcon_complex_new_malir-54194750-9582-1.html
350 SQ YARDS HOUSE FOR SALE IN FALCON PRIME LOCATION!,PKR 9.4 Crore,94000000,4,5,350 Sq. Yd,3150.0,29841,House,False,19,19Share on FacebookShare on TwitterShare on WhatsAppSend via GMailSend via E-Mail,81,Houses_Karachi,2026-08-10,https://www.zameen.com/Property/malir_falcon_complex_new_malir_350_sq_yards_house_for_sale_in_falcon_prime_location-54194749-9582-1.html
FALCON COMPLEX 350 YARDS HOUSE FOR SALE HOT PROPERTY,PKR 8.75 Crore,87500000,4,5,350 Sq. Yd,3150.0,27777,House,False,22,22VerifiedShare on FacebookShare on TwitterShare on WhatsAppSend via GMailSend via E-Mail,89,Houses_Karachi,2026-08-10,https://www.zameen.com/Property/malir_falcon_complex_new_malir_falcon_complex_350_yards_house_for_sale_hot_property-54194753-9582-1.html
CORNER BRAND NEW 350 SQUARE YARDS FALCON COMPLEX NEW MALIR,PKR 9 Crore,90000000,4,5,350 Sq. Yd,3150.0,28571,House,False,18,18Share on FacebookShare on TwitterShare on WhatsAppSend via GMailSend via E-Mail,81,Houses_Karachi,2026-08-10,https://www.zameen.com/Property/malir_falcon_complex_new_malir_corner_brand_new_350_square_yards_falcon_complex_new_malir-54194767-9582-1.html
House For Sale In Falcon Complex New Malir Karachi,PKR 8.75 Crore,87500000,4,4,350 Sq. Yd,3150.0,27777,House,False,18,18Share on FacebookShare on TwitterShare on WhatsAppSend via GMailSend via E-Mail,81,Houses_Karachi,2026-08-10,https://www.zameen.com/Property/malir_falcon_complex_new_malir_house_for_sale_in_falcon_complex_new_malir_karachi-53436601-9582-1.html
500 Yards Well Maintained Bungalow,PKR 12.5 Crore,125000000,5,6,500 Sq. Yd,4500.0,27777,House,True,21,super hot21Share on FacebookShare on TwitterShare on WhatsAppSend via GMailSend via E-Mail,90,Houses_Karachi,2026-08-10,https://www.zameen.com/Property/dha_defence_dha_phase_6_500_yards_well_maintained_bungalow-54500471-1483-1.html
100 Yards Just Like New Bungalow With Solar Installed,PKR 6.9 Crore,69000000,3,3,100 Sq. Yd,900.0,76666,House,True,12,super hot12Share on FacebookShare on TwitterShare on WhatsAppSend via GMailSend via E-Mail,90,Houses_Karachi,2026-08-10,https://www.zameen.com/Property/dha_defence_dha_phase_8_100_yards_just_like_new_bungalow_with_solar_installed-54579909-1485-1.html
"Spacious 750 Sq. Yards Well-Maintained House Available For Sale In The Prime Location Of Gulshan-E-Iqbal, Block 7",PKR 13.5 Crore,135000000,6,6,750 Sq. Yd,6750.0,20000,House,True,10,super hot10Share on FacebookShare on TwitterShare on WhatsAppSend via GMailSend via E-Mail,90,Houses_Karachi,2026-08-10,https://www.zameen.com/Property/gulshan_e_iqbal_gulshan-e-iqbal_-_block_7_spacious_750_sq_yards_well-maintained_house_available_for_sale_in_the_prime_location_of_gulshan-e-iqbal_block_7-54452675-6868-1.html
"1500 Sq. Yards Prime House for Sale Gulshan-e-Iqbal Block 7, Karachi",PKR 30 Crore,300000000,11,7,"1,500 Sq. Yd",13500.0,22222,House,True,5,super hot5Share on FacebookShare on TwitterShare on WhatsAppSend via GMailSend via E-Mail,89,Houses_Karachi,2026-08-10,https://www.zameen.com/Property/gulshan_e_iqbal_gulshan-e-iqbal_-_block_7_1500_sq_yards_prime_house_for_sale_gulshan-e-iqbal_block_7_karachi-54452690-6868-1.html
"Investor Deal Urgent Sale 600 Sq. Yards Corner House for Sale in Gulshan-e-Iqbal Block 6, Karachi",PKR 12 Crore,120000000,10,7,600 Sq. Yd,5400.0,22222,House,True,5,super hot5Share on FacebookShare on TwitterShare on WhatsAppSend via GMailSend via E-Mail,89,Houses_Karachi,2026-08-10,https://www.zameen.com/Property/gulshan_e_iqbal_gulshan-e-iqbal_-_block_6_investor_deal_urgent_sale_600_sq_yards_corner_house_for_sale_in_gulshan-e-iqbal_block_6_karachi-54452696-6867-1.html
Maintain House Available For Sale Federal b area Block 11,PKR 9.5 Crore,95000000,6,6,400 Sq. Yd,3600.0,26388,House,True,21,super hot21Share on FacebookShare on TwitterShare on WhatsAppSend via GMailSend via E-Mail,90,Houses_Karachi,2026-08-10,https://www.zameen.com/Property/federal_b_area_federal_b_area_-_block_11_maintain_house_available_for_sale_federal_b_area_block_11-54407654-6695-1.html
400 Square Yards House For Sale In Karachi,PKR 9 Crore,90000000,7,6,400 Sq. Yd,3600.0,25000,House,True,24,super hot241VerifiedShare on FacebookShare on TwitterShare on WhatsAppSend via GMailSend via E-Mail,99,Houses_Karachi,2026-08-10,https://www.zameen.com/Property/scheme_33_sector_35_a_capital_cooperative_housing_society_400_square_yards_house_for_sale_in_karachi-54145490-8908-1.html
550sq. Yards Villa For Sale In Malir Cantt Karachi,PKR 14 Crore,140000000,6,7,550 Sq. Yd,4950.0,28282,House,True,35,super hot351VerifiedShare on FacebookShare on TwitterShare on WhatsAppSend via GMailSend via E-Mail,99,Houses_Karachi,2026-08-10,https://www.zameen.com/Property/malir_cantonment_dohs_phase_1_550sq_yards_villa_for_sale_in_malir_cantt_karachi-54099082-9586-1.html
BRAND NEW HOUSE FOR SALE,PKR 9.5 Crore,95000000,6,6,240 Sq. Yd,2160.0,43981,House,True,5,super hot5Share on FacebookShare on TwitterShare on WhatsAppSend via GMailSend via E-Mail,89,Houses_Karachi,2026-08-10,https://www.zameen.com/Property/north_nazimabad_north_nazimabad_-_block_l_brand_new_house_for_sale-54585248-7220-1.html
Ideally Located Prime Location House For Sale In Al-Falah Society Available,PKR 3.1 Crore,31000000,6,6,150 Sq. Yd,1350.0,22962,House,True,12,super hot12VerifiedShare on FacebookShare on TwitterShare on WhatsAppSend via GMailSend via E-Mail,98,Houses_Karachi,2026-08-10,https://www.zameen.com/Property/shah_faisal_town_al-falah_society_ideally_located_prime_location_house_for_sale_in_al-falah_society_available-54442254-7293-1.html
Prime Location House For Sale In Askari 6,PKR 9 Crore,90000000,5,5,375 Sq. Yd,3375.0,26666,House,True,25,hot25VerifiedShare on FacebookShare on TwitterShare on WhatsAppSend via GMailSend via E-Mail,92,Houses_Karachi,2026-08-10,https://www.zameen.com/Property/malir_cantonment_askari_6_prime_location_house_for_sale_in_askari_6-54480772-21109-1.html
Ideally Located Prime Location House Of 375 Square Yards Is Available For sale In Karachi,PKR 9 Crore,90000000,5,5,375 Sq. Yd,3375.0,26666,House,True,25,hot25VerifiedShare on FacebookShare on TwitterShare on WhatsAppSend via GMailSend via E-Mail,92,Houses_Karachi,2026-08-10,https://www.zameen.com/Property/malir_cantonment_askari_6_ideally_located_prime_location_house_of_375_square_yards_is_available_for_sale_in_karachi-54480781-21109-1.html
House For Sale In Gulistan-E-Jauhar Block-14,PKR 4.25 Crore,42500000,4,4,150 Sq. Yd,1350.0,31481,House,False,20,hot20Share on FacebookShare on TwitterShare on WhatsAppSend via GMailSend via E-Mail,84,Houses_Karachi,2026-08-10,https://www.zameen.com/Property/gulistan_e_jauhar_gulistan-e-jauhar_-_block_14_house_for_sale_in_gulistan-e-jauhar_block-14-54191636-6838-1.html
Brand New Bungalow For Sale 140 SQUARE YARD WEST OPEN CORNER,PKR 4.25 Crore,42500000,6,6,140 Sq. Yd,1260.0,33730,House,False,38,hot38Share on FacebookShare on TwitterShare on WhatsAppSend via GMailSend via E-Mail,84,Houses_Karachi,2026-08-10,https://www.zameen.com/Property/naya_nazimabad_naya_nazimabad_-_block_d_brand_new_bungalow_for_sale_140_square_yard_west_open_corner-53997417-14294-1.html
Tile Flooring Well Maintained House For Sale In Karachi,PKR 5.75 Crore,57500000,3,3,100 Sq. Yd,900.0,63888,House,False,10,hot10Share on FacebookShare on TwitterShare on WhatsAppSend via GMailSend via E-Mail,84,Houses_Karachi,2026-08-10,https://www.zameen.com/Property/dha_defence_dha_phase_7_extension_tile_flooring_well_maintained_house_for_sale_in_karachi-54442658-1674-1.html
Idyllic House Available In Falcon Complex New Malir For Sale,PKR 9.4 Crore,94000000,4,4,350 Sq. Yd,3150.0,29841,House,False,18,hot18VerifiedShare on FacebookShare on TwitterShare on WhatsAppSend via GMailSend via E-Mail,92,Houses_Karachi,2026-08-10,https://www.zameen.com/Property/malir_falcon_complex_new_malir_idyllic_house_available_in_falcon_complex_new_malir_for_sale-54562131-9582-1.html
Book House Today In Falcon Complex New Malir For Sale,PKR 11 Crore,110000000,5,5,500 Sq. Yd,4500.0,24444,House,False,12,hot12VerifiedShare on FacebookShare on TwitterShare on WhatsAppSend via GMailSend via E-Mail,92,Houses_Karachi,2026-08-10,https://www.zameen.com/Property/malir_falcon_complex_new_malir_book_house_today_in_falcon_complex_new_malir_for_sale-54562132-9582-1.html
West Open House For Sale  Ground Plus One 30 ft Wide Road,PKR 2.85 Crore,28500000,4,5,120 Sq. Yd,1080.0,26388,House,False,9,9Share on FacebookShare on TwitterShare on WhatsAppSend via GMailSend via E-Mail,80,Houses_Karachi,2026-08-10,https://www.zameen.com/Property/scheme_33_sector_50_punjabi_saudagar_society_phase_2_west_open_house_for_sale_ground_plus_one_30_ft_wide_road-54576395-12712-1.html
350sq yd 4Bed DDL Sports Villas with 100sq yd BackYard LAWN at LOWEST RATE of MARKET,PKR 1.7 Crore,17000000,1,4,350 Sq. Yd,3150.0,5396,House,False,26,26Share on FacebookShare on TwitterShare on WhatsAppSend via GMailSend via E-Mail,81,Houses_Karachi,2026-08-10,https://www.zameen.com/Property/bahria_town_karachi_bahria_sports_city_350sq_yd_4bed_ddl_sports_villas_with_100sq_yd_backyard_lawn_at_lowest_rate_of_market-54490076-10061-1.html
Brand New Bungalow Available For Sale In Naya Nazimabad Block A 120 Sq Yard Single Belt,PKR 4.35 Crore,43500000,3,3,120 Sq. Yd,1080.0,40277,House,True,21,21Share on FacebookShare on TwitterShare on WhatsAppSend via GMailSend via E-Mail,81,Houses_Karachi,2026-08-10,https://www.zameen.com/Property/karachi_naya_nazimabad_brand_new_bungalow_available_for_sale_in_naya_nazimabad_block_a_120_sq_yard_single_belt-54141983-10079-1.html
Naya Nazimabad Block C 120 Sq Yard Beautiful Bungalow Available For Sale,PKR 3.75 Crore,37500000,4,4,120 Sq. Yd,1080.0,34722,House,True,30,30Share on FacebookShare on TwitterShare on WhatsAppSend via GMailSend via E-Mail,81,Houses_Karachi,2026-08-10,https://www.zameen.com/Property/karachi_naya_nazimabad_naya_nazimabad_block_c_120_sq_yard_beautiful_bungalow_available_for_sale-54315046-10079-1.html
Premium 666 Square Yards House Is Available For sale In Karachi,PKR 33 Crore,330000000,6,6,666 Sq. Yd,5994.0,55055,House,True,25,25VerifiedShare on FacebookShare on TwitterShare on WhatsAppSend via GMailSend via E-Mail,89,Houses_Karachi,2026-08-10,https://www.zameen.com/Property/dha_phase_8_dha_phase_8_-_zone_a_premium_666_square_yards_house_is_available_for_sale_in_karachi-53646325-6677-1.html
235sq Yd Villas At Precinct-31 Close To Gallery And Mosque Are Available FOR SALE,PKR 1.5 Crore,15000000,3,3,235 Sq. Yd,2115.0,7092,House,False,33,33Share on FacebookShare on TwitterShare on WhatsAppSend via GMailSend via E-Mail,81,Houses_Karachi,2026-08-10,https://www.zameen.com/Property/bahria_town_karachi_bahria_town_-_precinct_31_235sq_yd_villas_at_precinct-31_close_to_gallery_and_mosque_are_available_for_sale-54472259-10045-1.html
House For Sale,PKR 8.2 Crore,82000000,6,6,400 Sq. Yd,3600.0,22777,House,False,14,14Share on FacebookShare on TwitterShare on WhatsAppSend via GMailSend via E-Mail,81,Houses_Karachi,2026-08-10,https://www.zameen.com/Property/gulistan_e_jauhar_gulistan-e-jauhar_-_block_14_house_for_sale-54136953-6838-1.html
272sq yd Ready to Move Villa in Precinct-1 0.5km from main entrance. A-One Construction Standard 5Bed Drawing Dining Lounge,PKR 3.4 Crore,34000000,3,5,272 Sq. Yd,2448.0,13888,House,False,18,18Share on FacebookShare on TwitterShare on WhatsAppSend via GMailSend via E-Mail,81,Houses_Karachi,2026-08-10,https://www.zameen.com/Property/bahria_town_karachi_bahria_town_-_precinct_1_272sq_yd_ready_to_move_villa_in_precinct-1_0_5km_from_main_entrance_a-one_construction_standard_5bed_drawing_dining_lounge-54452899-10007-1.html
Beutifull Brand New House For Sale,PKR 12 Crore,120000000,6,6,1 Kanal,4500.0,26666,House,True,49,super hot49Share on FacebookShare on TwitterShare on WhatsAppSend via GMailSend via E-Mail,90,Houses_Rawalpindi,2026-08-10,https://www.zameen.com/Property/rawalpindi_top_city-1_beutifull_brand_new_house_for_sale-54568466-10910-1.html
Good Location 7 Marla House For sale In Gulshan Abad Sector 3,PKR 2.55 Crore,25500000,6,,7 Marla,1575.0,16190,House,True,46,super hot461VerifiedShare on FacebookShare on TwitterShare on WhatsAppSend via GMailSend via E-Mail,99,Houses_Rawalpindi,2026-08-10,https://www.zameen.com/Property/gulshan_abad_gulshan_abad_sector_3_good_location_7_marla_house_for_sale_in_gulshan_abad_sector_3-53844526-14741-1.html
5 Marla Brand New House For Sale In Bahria Town Phase 8 Rawalpindi,PKR 2.2 Crore,22000000,3,4,5 Marla,1125.0,19555,House,True,19,super hot19Share on FacebookShare on TwitterShare on WhatsAppSend via GMailSend via E-Mail,90,Houses_Rawalpindi,2026-08-10,https://www.zameen.com/Property/bahria_town_rawalpindi_bahria_town_phase_8_5_marla_brand_new_house_for_sale_in_bahria_town_phase_8_rawalpindi-54554358-3048-1.html
On Excellent Location House For Sale,PKR 12.9 Crore,129000000,5,6,1.6 Kanal,7200.0,17916,House,True,49,super hot491VerifiedShare on FacebookShare on TwitterShare on WhatsAppSend via GMailSend via E-Mail,99,Houses_Rawalpindi,2026-08-10,https://www.zameen.com/Property/bahria_greens_overseas_enclave_bahria_greens_-_overseas_enclave_-_sector_5_on_excellent_location_house_for_sale-54476874-8304-1.html
Elegant 10 Marla House | Premium Finishing | Bahria Town,PKR 5.5 Crore,55000000,5,6,10 Marla,2250.0,24444,House,True,32,super hot32Share on FacebookShare on TwitterShare on WhatsAppSend via GMailSend via E-Mail,90,Houses_Rawalpindi,2026-08-10,https://www.zameen.com/Property/bahria_greens_overseas_enclave_bahria_greens_-_overseas_enclave_-_sector_5_elegant_10_marla_house_premium_finishing_bahria_town-54567420-8304-1.html
5 Marla Brand New Designer House A+ Construction,PKR 2.6 Crore,26000000,3,4,5 Marla,1125.0,23111,House,True,40,super hot40Share on FacebookShare on TwitterShare on WhatsAppSend via GMailSend via E-Mail,90,Houses_Rawalpindi,2026-08-10,https://www.zameen.com/Property/bahria_town_phase_8_bahria_town_phase_8_-_rafi_block_5_marla_brand_new_designer_house_a_construction-54582483-3071-1.html
12 Marla House In Bahria Greens - Overseas Enclave - Sector 6 Is Available,PKR 5.5 Crore,55000000,5,5,12 Marla,2700.0,20370,House,True,14,super hot14VerifiedShare on FacebookShare on TwitterShare on WhatsAppSend via GMailSend via E-Mail,98,Houses_Rawalpindi,2026-08-10,https://www.zameen.com/Property/bahria_greens_overseas_enclave_bahria_greens_-_overseas_enclave_-_sector_6_12_marla_house_in_bahria_greens_-_overseas_enclave_-_sector_6_is_available-54457918-8305-1.html
BRAND NEW 10 MARLA House,PKR 3.5 Crore,35000000,5,6,10 Marla,2250.0,15555,House,True,21,super hot21Share on FacebookShare on TwitterShare on WhatsAppSend via GMailSend via E-Mail,90,Houses_Rawalpindi,2026-08-10,https://www.zameen.com/Property/bahria_town_phase_8_bahria_town_phase_8_-_block_d_brand_new_10_marla_house-54591294-3052-1.html
On Excellent Location Bahria Town Phase 8 - Rafi Block House Sized 5 Marla,PKR 2.4 Crore,24000000,3,4,5 Marla,1125.0,21333,House,True,34,super hot34VerifiedShare on FacebookShare on TwitterShare on WhatsAppSend via GMailSend via E-Mail,98,Houses_Rawalpindi,2026-08-10,https://www.zameen.com/Property/bahria_town_phase_8_bahria_town_phase_8_-_rafi_block_on_excellent_location_bahria_town_phase_8_-_rafi_block_house_sized_5_marla-54588939-3071-1.html
Fully Furnished 272 Square Yards House For Sale In Bahria Town Phase 8 - Block A Rawalpindi,PKR 4.25 Crore,42500000,5,6,10.9 Marla,2452.5,17329,House,True,44,super hot44VerifiedShare on FacebookShare on TwitterShare on WhatsAppSend via GMailSend via E-Mail,98,Houses_Rawalpindi,2026-08-10,https://www.zameen.com/Property/bahria_town_phase_8_bahria_town_phase_8_-_block_a_fully_furnished_272_square_yards_house_for_sale_in_bahria_town_phase_8_-_block_a_rawalpindi-54588938-3049-1.html
7 Marla brand new double story house available for sale.,PKR 2.6 Crore,26000000,6,6,7 Marla,1575.0,16507,House,True,40,hot40Share on FacebookShare on TwitterShare on WhatsAppSend via GMailSend via E-Mail,84,Houses_Rawalpindi,2026-08-10,https://www.zameen.com/Property/rawalpindi_gulshan_abad_7_marla_brand_new_double_story_house_available_for_sale-54583475-1058-1.html
5 Marla double story double unit house available for sale.,PKR 1.8 Crore,18000000,4,6,5 Marla,1125.0,16000,House,True,31,hot31Share on FacebookShare on TwitterShare on WhatsAppSend via GMailSend via E-Mail,84,Houses_Rawalpindi,2026-08-10,https://www.zameen.com/Property/gulshan_abad_gulshan_abad_sector_3_5_marla_double_story_double_unit_house_available_for_sale-54583437-14741-1.html
10 Marla Grey Structure House,PKR 2.45 Crore,24500000,6,6,10 Marla,2250.0,10888,House,False,10,hot10Share on FacebookShare on TwitterShare on WhatsAppSend via GMailSend via E-Mail,84,Houses_Rawalpindi,2026-08-10,https://www.zameen.com/Property/bahria_town_phase_8_bahria_town_phase_8_-_sector_f-1_10_marla_grey_structure_house-54500667-3095-1.html
Premium 1 Kanal House Is Available For Sale In Adiala Road,PKR 4.3 Crore,43000000,4,,1 Kanal,4500.0,9555,House,True,9,hot9VerifiedShare on FacebookShare on TwitterShare on WhatsAppSend via GMailSend via E-Mail,91,Houses_Rawalpindi,2026-08-10,https://www.zameen.com/Property/rawalpindi_adiala_road_premium_1_kanal_house_is_available_for_sale_in_adiala_road-54295096-478-1.html
"23 Marla Owner Built Decent Elevation Back Open House For Sale in Overseas Block, Phase 8, Bahria Town, Rawalpindi",PKR 9.25 Crore,92500000,5,6,1.2 Kanal,5400.0,17129,House,False,20,hot20Share on FacebookShare on TwitterShare on WhatsAppSend via GMailSend via E-Mail,84,Houses_Rawalpindi,2026-08-10,https://www.zameen.com/Property/bahria_town_phase_8_bahria_greens_-_overseas_enclave_23_marla_owner_built_decent_elevation_back_open_house_for_sale_in_overseas_block_phase_8_bahria_town_rawalpindi-54472834-3081-1.html
Usman Block 7 Marla House For Sale,PKR 2.6 Crore,26000000,6,6,7 Marla,1575.0,16507,House,False,23,hot23Share on FacebookShare on TwitterShare on WhatsAppSend via GMailSend via E-Mail,84,Houses_Rawalpindi,2026-08-10,https://www.zameen.com/Property/bahria_town_phase_8_safari_valley_bahria_town_phase_8_-_usman_block_usman_block_7_marla_house_for_sale-53742670-3068-1.html
M block 5 Marla brand new Designer house For sale,PKR 2.3 Crore,23000000,3,5,5 Marla,1125.0,20444,House,False,21,hot21Share on FacebookShare on TwitterShare on WhatsAppSend via GMailSend via E-Mail,84,Houses_Rawalpindi,2026-08-10,https://www.zameen.com/Property/bahria_town_phase_8_bahria_town_phase_8_-_block_m_m_block_5_marla_brand_new_designer_house_for_sale-54377845-3062-1.html
7 Marla Brand New Designer Double Unit owner built House For Sale| Prime Location |,PKR 3.3 Crore,33000000,5,6,7 Marla,1575.0,20952,House,False,,Share on FacebookShare on TwitterShare on WhatsAppSend via GMailSend via E-Mail,79,Houses_Rawalpindi,2026-08-10,https://www.zameen.com/Property/bahria_town_phase_8_safari_valley_bahria_town_phase_8_-_umer_block_7_marla_brand_new_designer_double_unit_owner_built_house_for_sale_prime_location-54591508-3067-1.html
5 Marla Proper Double Unit House For Sale Prime Location Near Mosque & Park,PKR 2.4 Crore,24000000,3,4,5 Marla,1125.0,21333,House,False,16,16Share on FacebookShare on TwitterShare on WhatsAppSend via GMailSend via E-Mail,81,Houses_Rawalpindi,2026-08-10,https://www.zameen.com/Property/bahria_town_phase_8_bahria_town_phase_8_-_rafi_block_5_marla_proper_double_unit_house_for_sale_prime_location_near_mosque_park-54162714-3071-1.html
Ultra Luxury 5 Marla House for Sale | Premium Design & Elegant Living,PKR 2.4 Crore,24000000,3,4,5 Marla,1125.0,21333,House,True,21,21Share on FacebookShare on TwitterShare on WhatsAppSend via GMailSend via E-Mail,81,Houses_Rawalpindi,2026-08-10,https://www.zameen.com/Property/bahria_town_rawalpindi_bahria_town_phase_8_ultra_luxury_5_marla_house_for_sale_premium_design_elegant_living-54271159-3048-1.html
5 Marla Beautiful Used House For Sale | Like Brand New | Prime Location | Registry Available,PKR 2 Crore,20000000,4,4,5 Marla,1125.0,17777,House,False,14,14Share on FacebookShare on TwitterShare on WhatsAppSend via GMailSend via E-Mail,81,Houses_Rawalpindi,2026-08-10,https://www.zameen.com/Property/bahria_town_phase_8_bahria_town_phase_8_-_safari_valley_5_marla_beautiful_used_house_for_sale_like_brand_new_prime_location_registry_available-54569192-3074-1.html
26 Marla Ultra Luxury Designer House | Massive Front & Inner Lawn | Prime Location | 6 Master Bedrooms,PKR 8.95 Crore,89500000,8,6,1.3 Kanal,5850.0,15299,House,False,31,31Share on FacebookShare on TwitterShare on WhatsAppSend via GMailSend via E-Mail,81,Houses_Rawalpindi,2026-08-10,https://www.zameen.com/Property/bahria_town_rawalpindi_bahria_town_phase_8_26_marla_ultra_luxury_designer_house_massive_front_inner_lawn_prime_location_6_master_bedrooms-54579273-3048-1.html
1 Kanal Signature Luxury Residence | Registry + Bahria Transfer Available,PKR 12.85 Crore,128500000,5,6,1 Kanal,4500.0,28555,Unknown,False,19,19Share on FacebookShare on TwitterShare on WhatsAppSend via GMailSend via E-Mail,81,Houses_Rawalpindi,2026-08-10,https://www.zameen.com/Property/bahria_town_phase_8_bahria_greens_-_overseas_enclave_1_kanal_signature_luxury_residence_registry_bahria_transfer_available-54273598-3081-1.html
10 Marla Ultra-Modern Designer House | In Best Price Available For Sale,PKR 3.85 Crore,38500000,5,6,10 Marla,2250.0,17111,House,False,13,13Share on FacebookShare on TwitterShare on WhatsAppSend via GMailSend via E-Mail,81,Houses_Rawalpindi,2026-08-10,https://www.zameen.com/Property/bahria_town_rawalpindi_bahria_town_phase_8_10_marla_ultra-modern_designer_house_in_best_price_available_for_sale-54472417-3048-1.html
22 Marla Ultra Luxury Modern House for Sale | Home Cinema | 5 Master Bedrooms | Double Height Lobby | Bahria Town Phase 8 Rawalpindi,PKR 12.5 Crore,125000000,12,6,1.1 Kanal,4950.0,25252,House,False,40,40Share on FacebookShare on TwitterShare on WhatsAppSend via GMailSend via E-Mail,81,Houses_Rawalpindi,2026-08-10,https://www.zameen.com/Property/bahria_town_phase_8_bahria_greens_-_overseas_enclave_22_marla_ultra_luxury_modern_house_for_sale_home_cinema_5_master_bedrooms_double_height_lobby_bahria_town_phase_8_rawalpindi-54504954-3081-1.html
High Quality 5 Marla House For Sale In Bahria Town Rawalpindi,PKR 2.45 Crore,24500000,3,4,5 Marla,1125.0,21777,House,True,14,super hot14Share on FacebookShare on TwitterShare on WhatsAppSend via GMailSend via E-Mail,90,Houses_Rawalpindi,2026-08-10,https://www.zameen.com/Property/bahria_town_phase_8_bahria_town_phase_8_-_block_m_high_quality_5_marla_house_for_sale_in_bahria_town_rawalpindi-54568252-3062-1.html
Modern Design Height Location 1 Kanal Luxury House,PKR 12.5 Crore,125000000,6,7,1 Kanal,4500.0,27777,House,True,34,super hot34Share on FacebookShare on TwitterShare on WhatsAppSend via GMailSend via E-Mail,90,Houses_Rawalpindi,2026-08-10,https://www.zameen.com/Property/bahria_town_phase_8_bahria_greens_-_overseas_enclave_modern_design_height_location_1_kanal_luxury_house-54315653-3081-1.html
Luxurious 15 Marla House In Bahria Overseas,PKR 4.9 Crore,49000000,5,6,15 Marla,3375.0,14518,House,True,20,super hot20Share on FacebookShare on TwitterShare on WhatsAppSend via GMailSend via E-Mail,90,Houses_Rawalpindi,2026-08-10,https://www.zameen.com/Property/bahria_greens_overseas_enclave_bahria_greens_-_overseas_enclave_-_sector_2_luxurious_15_marla_house_in_bahria_overseas-53181419-8301-1.html
Elegant 10 Marla House For Sale In Phase 8,PKR 4.25 Crore,42500000,5,6,10 Marla,2250.0,18888,House,True,16,super hot16Share on FacebookShare on TwitterShare on WhatsAppSend via GMailSend via E-Mail,90,Houses_Rawalpindi,2026-08-10,https://www.zameen.com/Property/bahria_town_phase_8_bahria_town_phase_8_-_block_c_elegant_10_marla_house_for_sale_in_phase_8-54523290-3051-1.html
14 Marla Brand New Luxury House For Sale Bahria Town Phase 8 Rawalpindi,PKR 4.75 Crore,47500000,4,5,14 Marla,3150.0,15079,House,True,13,super hot13Share on FacebookShare on TwitterShare on WhatsAppSend via GMailSend via E-Mail,90,Houses_Rawalpindi,2026-08-10,https://www.zameen.com/Property/bahria_town_rawalpindi_bahria_town_phase_8_14_marla_brand_new_luxury_house_for_sale_bahria_town_phase_8_rawalpindi-54554139-3048-1.html
Your Dream Fully Furnished 10 Marla House Is Available In Bahria Town Phase 8 - Sector F-1,PKR 4 Crore,40000000,5,6,10 Marla,2250.0,17777,House,True,32,super hot32VerifiedShare on FacebookShare on TwitterShare on WhatsAppSend via GMailSend via E-Mail,98,Houses_Rawalpindi,2026-08-10,https://www.zameen.com/Property/bahria_town_phase_8_bahria_town_phase_8_-_sector_f-1_your_dream_fully_furnished_10_marla_house_is_available_in_bahria_town_phase_8_-_sector_f-1-54588937-3095-1.html
House For Sale In Overseas Sector 2,PKR 3.3 Crore,33000000,5,6,9 Marla,2025.0,16296,House,True,11,super hot11Share on FacebookShare on TwitterShare on WhatsAppSend via GMailSend via E-Mail,90,Houses_Rawalpindi,2026-08-10,https://www.zameen.com/Property/bahria_greens_overseas_enclave_bahria_greens_-_overseas_enclave_-_sector_2_house_for_sale_in_overseas_sector_2-53885579-8301-1.html
Luxury House Available For Sale,PKR 16 Crore,160000000,7,7,1.2 Kanal,5400.0,29629,House,True,46,super hot46Share on FacebookShare on TwitterShare on WhatsAppSend via GMailSend via E-Mail,90,Houses_Rawalpindi,2026-08-10,https://www.zameen.com/Property/rawalpindi_fazaia_housing_scheme_luxury_house_available_for_sale-54045777-516-1.html
Affordable Corner House Of 1200 Square Feet Is Available For Sale,PKR 7.9 Crore,79000000,5,6,1.2 Kanal,5400.0,14629,House,True,48,super hot481VerifiedShare on FacebookShare on TwitterShare on WhatsAppSend via GMailSend via E-Mail,99,Houses_Rawalpindi,2026-08-10,https://www.zameen.com/Property/bahria_greens_overseas_enclave_bahria_greens_-_overseas_enclave_-_sector_5_affordable_corner_house_of_1200_square_feet_is_available_for_sale-53790186-8304-1.html
On Excellent Location Bahria Town Phase 8,PKR 5.9 Crore,59000000,5,6,12 Marla,2700.0,21851,House,True,43,super hot431Share on FacebookShare on TwitterShare on WhatsAppSend via GMailSend via E-Mail,91,Houses_Rawalpindi,2026-08-10,https://www.zameen.com/Property/bahria_town_phase_8_bahria_town_phase_8_-_block_c_on_excellent_location_bahria_town_phase_8-54476035-3051-1.html
Corner 1 Kanal 5 Bed House With Massive Lawn,PKR 6 Crore,60000000,6,6,1 Kanal,4500.0,13333,House,True,11,hot11Share on FacebookShare on TwitterShare on WhatsAppSend via GMailSend via E-Mail,84,Houses_Rawalpindi,2026-08-10,https://www.zameen.com/Property/bahria_town_rawalpindi_bahria_town_phase_8_corner_1_kanal_5_bed_house_with_massive_lawn-54578125-3048-1.html
Corner 22 Marla Park Face House For Sale,PKR 8.95 Crore,89500000,6,7,1 Kanal,4500.0,19888,House,True,11,hot11Share on FacebookShare on TwitterShare on WhatsAppSend via GMailSend via E-Mail,84,Houses_Rawalpindi,2026-08-10,https://www.zameen.com/Property/bahria_town_rawalpindi_bahria_town_phase_3_corner_22_marla_park_face_house_for_sale-54523799-3036-1.html
Ali Block 5Marla Brand New Designer House For Sale,PKR 2.35 Crore,23500000,4,5,5 Marla,1125.0,20888,House,False,25,hot25Share on FacebookShare on TwitterShare on WhatsAppSend via GMailSend via E-Mail,84,Houses_Rawalpindi,2026-08-10,https://www.zameen.com/Property/bahria_town_phase_8_safari_valley_bahria_town_phase_8_-_ali_block_ali_block_5marla_brand_new_designer_house_for_sale-54562785-3070-1.html
Perfect 5 Marla House In Bahria Town Phase 8 - Block M For sale,PKR 2.5 Crore,25000000,,,5 Marla,1125.0,22222,House,False,5,hot5VerifiedShare on FacebookShare on TwitterShare on WhatsAppSend via GMailSend via E-Mail,91,Houses_Rawalpindi,2026-08-10,https://www.zameen.com/Property/bahria_town_phase_8_bahria_town_phase_8_-_block_m_perfect_5_marla_house_in_bahria_town_phase_8_-_block_m_for_sale-54581770-3062-1.html
5 Marla House In Bahria Town Phase 8 - Ali Block,PKR 1.9 Crore,19000000,,,5 Marla,1125.0,16888,House,False,6,hot6VerifiedShare on FacebookShare on TwitterShare on WhatsAppSend via GMailSend via E-Mail,91,Houses_Rawalpindi,2026-08-10,https://www.zameen.com/Property/bahria_town_phase_8_safari_valley_bahria_town_phase_8_-_ali_block_5_marla_house_in_bahria_town_phase_8_-_ali_block-54581773-3070-1.html
"10 Marla Beautiful House For Sale In Main Scheme 3, Rawalpindi",PKR 4.5 Crore,45000000,5,6,10 Marla,2250.0,20000,House,False,9,hot9Share on FacebookShare on TwitterShare on WhatsAppSend via GMailSend via E-Mail,83,Houses_Rawalpindi,2026-08-10,https://www.zameen.com/Property/chaklala_scheme_chaklala_scheme_3_10_marla_beautiful_house_for_sale_in_main_scheme_3_rawalpindi-54182442-1312-1.html
Gulraiz 5 Marla House For Urgent Sale Near Car Chowk Rawalpindi Safari,PKR 2.45 Crore,24500000,3,3,5 Marla,1125.0,21777,House,False,18,hot18Share on FacebookShare on TwitterShare on WhatsAppSend via GMailSend via E-Mail,84,Houses_Rawalpindi,2026-08-10,https://www.zameen.com/Property/rawalpindi_gulraiz_housing_scheme_gulraiz_5_marla_house_for_urgent_sale_near_car_chowk_rawalpindi_safari-54506707-438-1.html
Brand New 5 Marla House with Mezzanine Floor | 50-Foot Wide Street | Prime Location,PKR 2.4 Crore,24000000,4,5,5 Marla,1125.0,21333,House,False,15,15Share on FacebookShare on TwitterShare on WhatsAppSend via GMailSend via E-Mail,81,Houses_Rawalpindi,2026-08-10,https://www.zameen.com/Property/bahria_town_phase_8_bahria_town_phase_8_-_block_m_brand_new_5_marla_house_with_mezzanine_floor_50-foot_wide_street_prime_location-54569223-3062-1.html
7.5 Marla Corner Luxury House for Sale | Prime Location | 50 Ft Wide Street,PKR 3.3 Crore,33000000,5,6,7 Marla,1575.0,20952,House,False,12,12Share on FacebookShare on TwitterShare on WhatsAppSend via GMailSend via E-Mail,81,Houses_Rawalpindi,2026-08-10,https://www.zameen.com/Property/bahria_town_rawalpindi_bahria_town_phase_8_7_5_marla_corner_luxury_house_for_sale_prime_location_50_ft_wide_street-54573713-3048-1.html
"Ultra-Luxury 45 Marla Designer House with Swimming Pool for Sale | Bahria Town Phase 8, Rawalpindi",PKR 25 Crore,250000000,6,6,2.3 Kanal,10350.0,24154,House,False,13,13Share on FacebookShare on TwitterShare on WhatsAppSend via GMailSend via E-Mail,81,Houses_Rawalpindi,2026-08-10,https://www.zameen.com/Property/bahria_town_rawalpindi_bahria_town_phase_8_ultra-luxury_45_marla_designer_house_with_swimming_pool_for_sale_bahria_town_phase_8_rawalpindi-54582342-3048-1.html
Single Storey Safari Home For Sale Prime Location,PKR 1.2 Crore,12000000,2,2,5 Marla,1125.0,10666,Unknown,False,8,8Share on FacebookShare on TwitterShare on WhatsAppSend via GMailSend via E-Mail,80,Houses_Rawalpindi,2026-08-10,https://www.zameen.com/Property/bahria_town_phase_8_bahria_town_phase_8_-_safari_homes_single_storey_safari_home_for_sale_prime_location-54583093-10610-1.html
On Excellent Location 5 Marla House In Bahria Town Rawalpindi Of Rawalpindi Is Available For sale,PKR 1.85 Crore,18500000,3,4,5 Marla,1125.0,16444,House,False,26,261VerifiedShare on FacebookShare on TwitterShare on WhatsAppSend via GMailSend via E-Mail,90,Houses_Rawalpindi,2026-08-10,https://www.zameen.com/Property/bahria_town_phase_8_bahria_town_phase_8_-_block_m_on_excellent_location_5_marla_house_in_bahria_town_rawalpindi_of_rawalpindi_is_available_for_sale-54216472-3062-1.html
BEAUTIFULL 1 KANAL HOUSE AVAILABLE FOR SALE IN BARIA TOWN PHASE 6,PKR 13 Crore,130000000,,,1 Kanal,4500.0,28888,House,False,22,22Share on FacebookShare on TwitterShare on WhatsAppSend via GMailSend via E-Mail,81,Houses_Rawalpindi,2026-08-10,https://www.zameen.com/Property/bahria_town_rawalpindi_bahria_town_phase_6_beautifull_1_kanal_house_available_for_sale_in_baria_town_phase_6-54415786-3046-1.html
10 Marla Designer House For Sale,PKR 5.1 Crore,51000000,5,6,10 Marla,2250.0,22666,House,False,,Share on FacebookShare on TwitterShare on WhatsAppSend via GMailSend via E-Mail,79,Houses_Rawalpindi,2026-08-10,https://www.zameen.com/Property/bahria_town_rawalpindi_bahria_town_phase_8_10_marla_designer_house_for_sale-54591343-3048-1.html
4.2 Marla Family House For Sale Near Main IJP Road | Prime Location In Khayaban-E-Sir Syed,PKR 2.8 Crore,28000000,4,2,4.2 Marla,945.0,29629,House,False,11,11Share on FacebookShare on TwitterShare on WhatsAppSend via GMailSend via E-Mail,81,Houses_Rawalpindi,2026-08-10,https://www.zameen.com/Property/rawalpindi_khayaban-e-sir_syed_4_2_marla_family_house_for_sale_near_main_ijp_road_prime_location_in_khayaban-e-sir_syed-54179959-587-1.html
10 Marla 5 Bedroom Double Unit House Supreme Location,PKR 4.6 Crore,46000000,4,6,10 Marla,2250.0,20444,House,True,29,super hot29Share on FacebookShare on TwitterShare on WhatsAppSend via GMailSend via E-Mail,90,Houses_Rawalpindi,2026-08-10,https://www.zameen.com/Property/bahria_town_rawalpindi_bahria_town_phase_6_10_marla_5_bedroom_double_unit_house_supreme_location-54504594-3046-1.html
REGISTERY HOUSE 10 Marla Beautiful Designer 5 Bedroom Double Unit House,PKR 5.95 Crore,59500000,5,6,10 Marla,2250.0,26444,House,True,25,super hot251Share on FacebookShare on TwitterShare on WhatsAppSend via GMailSend via E-Mail,91,Houses_Rawalpindi,2026-08-10,https://www.zameen.com/Property/bahria_town_rawalpindi_bahria_town_phase_2_registery_house_10_marla_beautiful_designer_5_bedroom_double_unit_house-54528497-3035-1.html
1 Kanal Double Storey Double Unit House Available For Sale In Gulshan Abad,PKR 5.15 Crore,51500000,8,,1 Kanal,4500.0,11444,House,True,46,super hot46Share on FacebookShare on TwitterShare on WhatsAppSend via GMailSend via E-Mail,90,Houses_Rawalpindi,2026-08-10,https://www.zameen.com/Property/rawalpindi_gulshan_abad_1_kanal_double_storey_double_unit_house_available_for_sale_in_gulshan_abad-49318909-1058-1.html
10 marla used house,PKR 3.5 Crore,35000000,5,5,10 Marla,2250.0,15555,House,True,18,super hot18Share on FacebookShare on TwitterShare on WhatsAppSend via GMailSend via E-Mail,90,Houses_Rawalpindi,2026-08-10,https://www.zameen.com/Property/bahria_town_rawalpindi_bahria_town_phase_3_10_marla_used_house-54586876-3036-1.html
10 Marla Double Storey Double Unit Brand New House Available For Sale.,PKR 3.45 Crore,34500000,6,6,10 Marla,2250.0,15333,House,True,45,super hot45Share on FacebookShare on TwitterShare on WhatsAppSend via GMailSend via E-Mail,90,Houses_Rawalpindi,2026-08-10,https://www.zameen.com/Property/gulshan_abad_gulshan_abad_sector_2_10_marla_double_storey_double_unit_brand_new_house_available_for_sale-54301097-14739-1.html
9 Bedroom Brand New 16 Marla House,PKR 4.6 Crore,46000000,4,6,16 Marla,3600.0,12777,House,True,45,super hot45Share on FacebookShare on TwitterShare on WhatsAppSend via GMailSend via E-Mail,90,Houses_Rawalpindi,2026-08-10,https://www.zameen.com/Property/bahria_town_phase_8_bahria_town_phase_8_-_block_l_9_bedroom_brand_new_16_marla_house-54182248-3061-1.html
Beautiful House For Sale On Prime Location,PKR 2.3 Crore,23000000,5,6,7 Marla,1575.0,14603,House,True,8,super hot8Share on FacebookShare on TwitterShare on WhatsAppSend via GMailSend via E-Mail,89,Houses_Rawalpindi,2026-08-10,https://www.zameen.com/Property/bahria_town_phase_8_safari_valley_bahria_town_phase_8_-_umer_block_beautiful_house_for_sale_on_prime_location-54100091-3067-1.html
10 Marla House For sale in media town Block A modren house Brand New,PKR 6.5 Crore,65000000,6,6,10 Marla,2250.0,28888,House,True,50,super hot50Share on FacebookShare on TwitterShare on WhatsAppSend via GMailSend via E-Mail,90,Houses_Rawalpindi,2026-08-10,https://www.zameen.com/Property/rawalpindi_media_town_10_marla_house_for_sale_in_media_town_block_a_modren_house_brand_new-54588068-8157-1.html
SD House 5 Bedroom Available In Askari 14 Sector C,PKR 6.5 Crore,65000000,6,6,10 Marla,2250.0,28888,House,True,17,super hot17Share on FacebookShare on TwitterShare on WhatsAppSend via GMailSend via E-Mail,90,Houses_Rawalpindi,2026-08-10,https://www.zameen.com/Property/rawalpindi_askari_14_sd_house_5_bedroom_available_in_askari_14_sector_c-48803893-1504-1.html
Best Options For On Excellent Location House Is Available For Sale In Bahria Town Phase 8 - Block L,PKR 4 Crore,40000000,5,6,10 Marla,2250.0,17777,House,True,39,super hot391VerifiedShare on FacebookShare on TwitterShare on WhatsAppSend via GMailSend via E-Mail,99,Houses_Rawalpindi,2026-08-10,https://www.zameen.com/Property/bahria_town_phase_8_bahria_town_phase_8_-_block_l_best_options_for_on_excellent_location_house_is_available_for_sale_in_bahria_town_phase_8_-_block_l-54566988-3061-1.html
10 Marla Double Storey Double Unit Brand New House Available For Sale In Gulshan Abad,PKR 3.4 Crore,34000000,6,6,10 Marla,2250.0,15111,House,True,43,hot43Share on FacebookShare on TwitterShare on WhatsAppSend via GMailSend via E-Mail,84,Houses_Rawalpindi,2026-08-10,https://www.zameen.com/Property/rawalpindi_gulshan_abad_10_marla_double_storey_double_unit_brand_new_house_available_for_sale_in_gulshan_abad-49319644-1058-1.html
10 Marla Brand New Double Storey Double Unit House Available For Sale.,PKR 3.35 Crore,33500000,6,6,10 Marla,2250.0,14888,House,True,49,hot49Share on FacebookShare on TwitterShare on WhatsAppSend via GMailSend via E-Mail,84,Houses_Rawalpindi,2026-08-10,https://www.zameen.com/Property/gulshan_abad_gulshan_abad_sector_2_10_marla_brand_new_double_storey_double_unit_house_available_for_sale-53536011-14739-1.html
5 Marla Brand New House In Bahria Town,PKR 2 Crore,20000000,3,4,5 Marla,1125.0,17777,House,False,11,hot11Share on FacebookShare on TwitterShare on WhatsAppSend via GMailSend via E-Mail,84,Houses_Rawalpindi,2026-08-10,https://www.zameen.com/Property/bahria_greens_overseas_enclave_bahria_greens_-_overseas_enclave_-_sector_5_5_marla_brand_new_house_in_bahria_town-54156396-8304-1.html
Brand New 8 Marla House For Sale In Abu Bakar Block,PKR 2.55 Crore,25500000,5,6,7 Marla,1575.0,16190,House,False,9,hot9Share on FacebookShare on TwitterShare on WhatsAppSend via GMailSend via E-Mail,83,Houses_Rawalpindi,2026-08-10,https://www.zameen.com/Property/bahria_town_phase_8_safari_valley_bahria_town_phase_8_-_abu_bakar_block_brand_new_8_marla_house_for_sale_in_abu_bakar_block-54197074-3069-1.html
House Is Avaialble Media Town Main Double Road,PKR 7 Crore,70000000,7,6,12 Marla,2700.0,25925,House,False,24,hot24Share on FacebookShare on TwitterShare on WhatsAppSend via GMailSend via E-Mail,84,Houses_Rawalpindi,2026-08-10,https://www.zameen.com/Property/rawalpindi_media_town_house_is_avaialble_media_town_main_double_road-54141612-8157-1.html
6 Marla Triple Story 6 Bed House Available For Sale Near Scheme 3,PKR 2.8 Crore,28000000,2,6,6 Marla,1350.0,20740,House,False,16,hot16Share on FacebookShare on TwitterShare on WhatsAppSend via GMailSend via E-Mail,84,Houses_Rawalpindi,2026-08-10,https://www.zameen.com/Property/chaklala_scheme_chaklala_scheme_3_6_marla_triple_story_6_bed_house_available_for_sale_near_scheme_3-54456005-1312-1.html
10 Marla Corner House Extension Chaklala Scheme 3,PKR 4.8 Crore,48000000,5,5,10 Marla,2250.0,21333,House,False,15,hot15Share on FacebookShare on TwitterShare on WhatsAppSend via GMailSend via E-Mail,84,Houses_Rawalpindi,2026-08-10,https://www.zameen.com/Property/chaklala_scheme_chaklala_scheme_3_10_marla_corner_house_extension_chaklala_scheme_3-54509955-1312-1.html
Usman Block 7 Marla Corner Brand New Designer House For Sale,PKR 2.7 Crore,27000000,4,5,7 Marla,1575.0,17142,House,False,37,37Share on FacebookShare on TwitterShare on WhatsAppSend via GMailSend via E-Mail,81,Houses_Rawalpindi,2026-08-10,https://www.zameen.com/Property/bahria_town_phase_8_safari_valley_bahria_town_phase_8_-_usman_block_usman_block_7_marla_corner_brand_new_designer_house_for_sale-51760772-3068-1.html
Awami Villa 1 Fiber For Sale,PKR 98 Lakh,9800000,2,1,5 Marla,1125.0,8711,House,False,12,12Share on FacebookShare on TwitterShare on WhatsAppSend via GMailSend via E-Mail,81,Houses_Rawalpindi,2026-08-10,https://www.zameen.com/Property/bahria_town_phase_8_bahria_town_phase_8_-_awami_villas_1_awami_villa_1_fiber_for_sale-52619517-8206-1.html
A Block Kanal Brand New Designer House For Sale,PKR 8.65 Crore,86500000,5,6,1 Kanal,4500.0,19222,House,False,49,491VerifiedShare on FacebookShare on TwitterShare on WhatsAppSend via GMailSend via E-Mail,90,Houses_Rawalpindi,2026-08-10,https://www.zameen.com/Property/bahria_town_phase_8_bahria_town_phase_8_-_block_a_a_block_kanal_brand_new_designer_house_for_sale-53992938-3049-1.html
Abubakar Block 7 Marla Brand New House For Sale,PKR 3.1 Crore,31000000,5,6,7 Marla,1575.0,19682,House,False,31,31Share on FacebookShare on TwitterShare on WhatsAppSend via GMailSend via E-Mail,81,Houses_Rawalpindi,2026-08-10,https://www.zameen.com/Property/bahria_town_phase_8_safari_valley_bahria_town_phase_8_-_abu_bakar_block_abubakar_block_7_marla_brand_new_house_for_sale-54413936-3069-1.html
Rafi Block 5 Marla Brand New House For Sale,PKR 2.2 Crore,22000000,3,4,5 Marla,1125.0,19555,House,False,15,15Share on FacebookShare on TwitterShare on WhatsAppSend via GMailSend via E-Mail,81,Houses_Rawalpindi,2026-08-10,https://www.zameen.com/Property/bahria_town_phase_8_bahria_town_phase_8_-_rafi_block_rafi_block_5_marla_brand_new_house_for_sale-54414085-3071-1.html
Rafi Block 5 Marla Brand New Designer House For Sale,PKR 2.4 Crore,24000000,4,5,5 Marla,1125.0,21333,House,False,32,32Share on FacebookShare on TwitterShare on WhatsAppSend via GMailSend via E-Mail,81,Houses_Rawalpindi,2026-08-10,https://www.zameen.com/Property/bahria_town_phase_8_bahria_town_phase_8_-_rafi_block_rafi_block_5_marla_brand_new_designer_house_for_sale-54414268-3071-1.html
Ali Block 5Marla Corner + Basement House For Sale,PKR 2.1 Crore,21000000,4,5,5 Marla,1125.0,18666,House,False,8,8Share on FacebookShare on TwitterShare on WhatsAppSend via GMailSend via E-Mail,80,Houses_Rawalpindi,2026-08-10,https://www.zameen.com/Property/bahria_town_phase_8_safari_valley_bahria_town_phase_8_-_ali_block_ali_block_5marla_corner_basement_house_for_sale-54414332-3070-1.html
7Marla Brand New Designer House For Sale,PKR 3 Crore,30000000,6,6,7 Marla,1575.0,19047,House,False,42,42Share on FacebookShare on TwitterShare on WhatsAppSend via GMailSend via E-Mail,81,Houses_Rawalpindi,2026-08-10,https://www.zameen.com/Property/bahria_town_phase_8_safari_valley_bahria_town_phase_8_-_usman_block_7marla_brand_new_designer_house_for_sale-54463206-3068-1.html
22 Marla Luxury House With Gas,PKR 11.25 Crore,112500000,6,6,1.1 Kanal,4950.0,22727,House,True,18,super hot18Share on FacebookShare on TwitterShare on WhatsAppSend via GMailSend via E-Mail,90,Houses_Rawalpindi,2026-08-10,https://www.zameen.com/Property/bahria_town_phase_8_bahria_town_phase_8_-_block_a_22_marla_luxury_house_with_gas-54477634-3049-1.html
Luxurious Modern Designer House,PKR 12.5 Crore,125000000,5,6,1 Kanal,4500.0,27777,House,True,50,super hot50Share on FacebookShare on TwitterShare on WhatsAppSend via GMailSend via E-Mail,90,Houses_Rawalpindi,2026-08-10,https://www.zameen.com/Property/bahria_greens_overseas_enclave_bahria_greens_-_overseas_enclave_-_sector_5_luxurious_modern_designer_house-54499271-8304-1.html
Kanal House For Sale In Phaee 5 Bahria Town Rawalpindi,PKR 9 Crore,90000000,5,6,1 Kanal,4500.0,20000,House,True,22,super hot22Share on FacebookShare on TwitterShare on WhatsAppSend via GMailSend via E-Mail,90,Houses_Rawalpindi,2026-08-10,https://www.zameen.com/Property/bahria_town_rawalpindi_bahria_town_phase_5_kanal_house_for_sale_in_phaee_5_bahria_town_rawalpindi-54462757-3045-1.html
"High Quality 24 Marla Spacious Villa,Prime Location In Phase 8 Bahria Town",PKR 9.65 Crore,96500000,6,7,1 Kanal,4500.0,21444,House,True,13,super hot13Share on FacebookShare on TwitterShare on WhatsAppSend via GMailSend via E-Mail,90,Houses_Rawalpindi,2026-08-10,https://www.zameen.com/Property/bahria_town_rawalpindi_bahria_town_phase_8_high_quality_24_marla_spacious_villa_prime_location_in_phase_8_bahria_town-54547904-3048-1.html
Low Price 10 Marla House For Sale In Phase 8,PKR 3.7 Crore,37000000,5,6,10 Marla,2250.0,16444,House,True,9,super hot9Share on FacebookShare on TwitterShare on WhatsAppSend via GMailSend via E-Mail,89,Houses_Rawalpindi,2026-08-10,https://www.zameen.com/Property/bahria_town_phase_8_bahria_town_phase_8_-_block_h_low_price_10_marla_house_for_sale_in_phase_8-54523335-3056-1.html
Get In Touch Now To Buy A Prime Location House In Airport Housing Society - Sector 4,PKR 2.5 Crore,25000000,4,4,6 Marla,1350.0,18518,House,True,23,super hot231VerifiedShare on FacebookShare on TwitterShare on WhatsAppSend via GMailSend via E-Mail,99,Houses_Rawalpindi,2026-08-10,https://www.zameen.com/Property/airport_housing_society_airport_housing_society_-_sector_4_get_in_touch_now_to_buy_a_prime_location_house_in_airport_housing_society_-_sector_4-54535773-9155-1.html
Prime Location 5 Marla House Is Available For Sale In Gulraiz Housing Society Phase 2,PKR 2.3 Crore,23000000,4,4,5 Marla,1125.0,20444,House,True,23,super hot231VerifiedShare on FacebookShare on TwitterShare on WhatsAppSend via GMailSend via E-Mail,99,Houses_Rawalpindi,2026-08-10,https://www.zameen.com/Property/gulraiz_housing_scheme_gulraiz_housing_society_phase_2_prime_location_5_marla_house_is_available_for_sale_in_gulraiz_housing_society_phase_2-54530766-14971-1.html
On Excellent Location 10 Marla House In Bahria Town Phase 2 Is Available For Sale,PKR 5.95 Crore,59500000,5,6,10 Marla,2250.0,26444,House,True,38,super hot381VerifiedShare on FacebookShare on TwitterShare on WhatsAppSend via GMailSend via E-Mail,99,Houses_Rawalpindi,2026-08-10,https://www.zameen.com/Property/bahria_town_rawalpindi_bahria_town_phase_2_on_excellent_location_10_marla_house_in_bahria_town_phase_2_is_available_for_sale-54546222-3035-1.html
1 Kanal Brand New Designer House Available For Sale In Bahria Town Phase 8 Islamabad,PKR 8.75 Crore,87500000,7,7,1 Kanal,4500.0,19444,House,True,33,super hot331Share on FacebookShare on TwitterShare on WhatsAppSend via GMailSend via E-Mail,91,Houses_Rawalpindi,2026-08-10,https://www.zameen.com/Property/bahria_town_rawalpindi_bahria_town_phase_8_1_kanal_brand_new_designer_house_available_for_sale_in_bahria_town_phase_8_islamabad-53501171-3048-1.html
Prime Location Designer House For Sale,PKR 2.3 Crore,23000000,4,4,5 Marla,1125.0,20444,House,True,13,super hot13Share on FacebookShare on TwitterShare on WhatsAppSend via GMailSend via E-Mail,90,Houses_Rawalpindi,2026-08-10,https://www.zameen.com/Property/bahria_town_phase_8_bahria_town_phase_8_-_rafi_block_prime_location_designer_house_for_sale-54519314-3071-1.html
10 Marla Brand New Double Story Double Unit House Available For Sale,PKR 3.8 Crore,38000000,7,7,10 Marla,2250.0,16888,House,True,27,hot27Share on FacebookShare on TwitterShare on WhatsAppSend via GMailSend via E-Mail,84,Houses_Rawalpindi,2026-08-10,https://www.zameen.com/Property/rawalpindi_gulshan_abad_10_marla_brand_new_double_story_double_unit_house_available_for_sale-53544092-1058-1.html
10 Marla Double Storey Double Unit Brand New House Available For Sale.,PKR 3.45 Crore,34500000,6,6,10 Marla,2250.0,15333,House,True,28,hot28Share on FacebookShare on TwitterShare on WhatsAppSend via GMailSend via E-Mail,84,Houses_Rawalpindi,2026-08-10,https://www.zameen.com/Property/rawalpindi_gulshan_abad_10_marla_double_storey_double_unit_brand_new_house_available_for_sale-54307204-1058-1.html
"10 Marla Double Storey Owner-Built House For Sale Ayub Colony, Near Chaklala Scheme 3",PKR 3.8 Crore,38000000,5,6,10 Marla,2250.0,16888,House,False,23,hot23Share on FacebookShare on TwitterShare on WhatsAppSend via GMailSend via E-Mail,84,Houses_Rawalpindi,2026-08-10,https://www.zameen.com/Property/chaklala_scheme_chaklala_scheme_3_10_marla_double_storey_owner-built_house_for_sale_ayub_colony_near_chaklala_scheme_3-54515522-1312-1.html
9 Marla Semi Brand-New Double Unit House for Sale Gulraiz Housing Scheme Phase 2 (Near Chaklala Scheme 3 & Bahria Town),PKR 3.55 Crore,35500000,4,6,9 Marla,2025.0,17530,House,False,22,hot22Share on FacebookShare on TwitterShare on WhatsAppSend via GMailSend via E-Mail,84,Houses_Rawalpindi,2026-08-10,https://www.zameen.com/Property/chaklala_scheme_chaklala_scheme_3_9_marla_semi_brand-new_double_unit_house_for_sale_gulraiz_housing_scheme_phase_2_near_chaklala_scheme_3_bahria_town-54518721-1312-1.html
8 Marla House For Sale Is Available In Bahria Town Phase 8 - Rafi Block,PKR 2.78 Crore,27799999,5,5,8 Marla,1800.0,15444,House,False,6,hot6VerifiedShare on FacebookShare on TwitterShare on WhatsAppSend via GMailSend via E-Mail,91,Houses_Rawalpindi,2026-08-10,https://www.zameen.com/Property/bahria_town_phase_8_bahria_town_phase_8_-_rafi_block_8_marla_house_for_sale_is_available_in_bahria_town_phase_8_-_rafi_block-54470716-3071-1.html
7 Marla House For sale In Bahria Town Rawalpindi,PKR 2.77 Crore,27700000,5,5,7 Marla,1575.0,17587,House,False,5,hot5VerifiedShare on FacebookShare on TwitterShare on WhatsAppSend via GMailSend via E-Mail,91,Houses_Rawalpindi,2026-08-10,https://www.zameen.com/Property/bahria_town_phase_8_safari_valley_bahria_town_phase_8_-_usman_block_7_marla_house_for_sale_in_bahria_town_rawalpindi-54470723-3068-1.html
7 Marla House,PKR 2.85 Crore,28500000,5,5,7 Marla,1575.0,18095,House,False,5,hot5VerifiedShare on FacebookShare on TwitterShare on WhatsAppSend via GMailSend via E-Mail,91,Houses_Rawalpindi,2026-08-10,https://www.zameen.com/Property/bahria_town_phase_8_bahria_town_phase_8_-_safari_valley_7_marla_house-54470725-3074-1.html
Kanal House For Sale Phase 3,PKR 8 Crore,80000000,7,6,1 Kanal,4500.0,17777,House,False,19,19Share on FacebookShare on TwitterShare on WhatsAppSend via GMailSend via E-Mail,81,Houses_Rawalpindi,2026-08-10,https://www.zameen.com/Property/bahria_town_rawalpindi_bahria_town_phase_3_kanal_house_for_sale_phase_3-54499692-3036-1.html
5marla house available for sale in Bahria Town ph8,PKR 2.5 Crore,25000000,4,5,5 Marla,1125.0,22222,House,False,11,11Share on FacebookShare on TwitterShare on WhatsAppSend via GMailSend via E-Mail,81,Houses_Rawalpindi,2026-08-10,https://www.zameen.com/Property/bahria_town_phase_8_safari_valley_bahria_town_phase_8_-_ali_block_5marla_house_available_for_sale_in_bahria_town_ph8-54591025-3070-1.html
5marla house available In Bahria Town Ali block,PKR 2.35 Crore,23500000,3,5,5 Marla,1125.0,20888,House,False,18,18Share on FacebookShare on TwitterShare on WhatsAppSend via GMailSend via E-Mail,81,Houses_Rawalpindi,2026-08-10,https://www.zameen.com/Property/bahria_town_phase_8_safari_valley_bahria_town_phase_8_-_ali_block_5marla_house_available_in_bahria_town_ali_block-54591010-3070-1.html
3.25 Marla 1.5 Storey House For Sale In Snober City Near Market Masjid Only Cash Deal No Bank,PKR 97 Lakh,9700000,3,3,3.6 Marla,810.0,11975,House,False,15,15Share on FacebookShare on TwitterShare on WhatsAppSend via GMailSend via E-Mail,81,Houses_Rawalpindi,2026-08-10,https://www.zameen.com/Property/adiala_road_snober_city_3_25_marla_1_5_storey_house_for_sale_in_snober_city_near_market_masjid_only_cash_deal_no_bank-54473433-11748-1.html
14 Marla Fully Furnished House For Sale At Bahria Town Phase 2 Rawalpindi,PKR 5.5 Crore,55000000,3,4,14 Marla,3150.0,17460,House,False,20,20Share on FacebookShare on TwitterShare on WhatsAppSend via GMailSend via E-Mail,81,Houses_Rawalpindi,2026-08-10,https://www.zameen.com/Property/bahria_town_rawalpindi_bahria_town_phase_2_14_marla_fully_furnished_house_for_sale_at_bahria_town_phase_2_rawalpindi-53417747-3035-1.html
12 Marla like A Brand New House For Sale in Media town Rawalpindi.,PKR 5.1 Crore,51000000,6,6,12 Marla,2700.0,18888,House,True,14,14Share on FacebookShare on TwitterShare on WhatsAppSend via GMailSend via E-Mail,81,Houses_Rawalpindi,2026-08-10,https://www.zameen.com/Property/rawalpindi_media_town_12_marla_like_a_brand_new_house_for_sale_in_media_town_rawalpindi-54590604-8157-1.html
Prime Location 2 Marla House In Shalley Valley Is Available For Sale,PKR 1.3 Crore,13000000,3,3,2 Marla,450.0,28888,House,False,5,5VerifiedShare on FacebookShare on TwitterShare on WhatsAppSend via GMailSend via E-Mail,88,Houses_Rawalpindi,2026-08-10,https://www.zameen.com/Property/rawalpindi_shalley_valley_prime_location_2_marla_house_in_shalley_valley_is_available_for_sale-54590428-1404-1.html
Ideal Prime Location House Is Available For Sale In PIA Colony,PKR 5 Crore,50000000,6,6,10 Marla,2250.0,22222,House,False,22,22VerifiedShare on FacebookShare on TwitterShare on WhatsAppSend via GMailSend via E-Mail,89,Houses_Rawalpindi,2026-08-10,https://www.zameen.com/Property/rawalpindi_pia_colony_ideal_prime_location_house_is_available_for_sale_in_pia_colony-54590439-9165-1.html
High Quality 5 Marla House For Sale In Bahria Town Rawalpindi,PKR 2.3 Crore,23000000,4,5,5 Marla,1125.0,20444,House,True,13,super hot13Share on FacebookShare on TwitterShare on WhatsAppSend via GMailSend via E-Mail,90,Houses_Rawalpindi,2026-08-10,https://www.zameen.com/Property/bahria_town_phase_8_bahria_town_phase_8_-_block_m_high_quality_5_marla_house_for_sale_in_bahria_town_rawalpindi-54351626-3062-1.html
Luxurious Corner House With Two-Side Elevation,PKR 16.5 Crore,165000000,5,6,2 Kanal,9000.0,18333,House,True,50,super hot50Share on FacebookShare on TwitterShare on WhatsAppSend via GMailSend via E-Mail,90,Houses_Rawalpindi,2026-08-10,https://www.zameen.com/Property/bahria_town_phase_8_bahria_town_phase_8_-_block_a_luxurious_corner_house_with_two-side_elevation-51914137-3049-1.html
10 Marla Double Unit Overseas 5 Double-Heighted TV Lounge,PKR 5.75 Crore,57500000,5,5,10 Marla,2250.0,25555,House,True,40,super hot40Share on FacebookShare on TwitterShare on WhatsAppSend via GMailSend via E-Mail,90,Houses_Rawalpindi,2026-08-10,https://www.zameen.com/Property/bahria_greens_overseas_enclave_bahria_greens_-_overseas_enclave_-_sector_5_10_marla_double_unit_overseas_5_double-heighted_tv_lounge-52456241-8304-1.html
"23 Marla House A Block, Bahria Town Rawalpindi",PKR 9.65 Crore,96500000,5,6,1.2 Kanal,5400.0,17870,House,True,48,super hot48Share on FacebookShare on TwitterShare on WhatsAppSend via GMailSend via E-Mail,90,Houses_Rawalpindi,2026-08-10,https://www.zameen.com/Property/bahria_town_phase_8_bahria_town_phase_8_-_block_a_23_marla_house_a_block_bahria_town_rawalpindi-53831766-3049-1.html
Luxury Designer House with Home Theatre & 15 kVA Solar,PKR 12.5 Crore,125000000,5,6,1 Kanal,4500.0,27777,House,True,50,super hot50Share on FacebookShare on TwitterShare on WhatsAppSend via GMailSend via E-Mail,90,Houses_Rawalpindi,2026-08-10,https://www.zameen.com/Property/bahria_greens_overseas_enclave_bahria_greens_-_overseas_enclave_-_sector_5_luxury_designer_house_with_home_theatre_15_kva_solar-54463554-8304-1.html
5 Marla Brand New Furnished House For Sale Bahria Town phase 08 Rawalpindi!,PKR 2.25 Crore,22500000,3,4,5 Marla,1125.0,20000,House,True,16,super hot16Share on FacebookShare on TwitterShare on WhatsAppSend via GMailSend via E-Mail,90,Houses_Rawalpindi,2026-08-10,https://www.zameen.com/Property/bahria_town_rawalpindi_bahria_town_phase_8_5_marla_brand_new_furnished_house_for_sale_bahria_town_phase_08_rawalpindi-54568123-3048-1.html
10 Marla Double Unit House Is Available For Sale In Bahria Town Phase 3 Rawalpindi,PKR 4.4 Crore,44000000,5,5,10 Marla,2250.0,19555,House,True,33,super hot331VerifiedShare on FacebookShare on TwitterShare on WhatsAppSend via GMailSend via E-Mail,99,Houses_Rawalpindi,2026-08-10,https://www.zameen.com/Property/bahria_town_rawalpindi_bahria_town_phase_3_10_marla_double_unit_house_is_available_for_sale_in_bahria_town_phase_3_rawalpindi-53640586-3036-1.html
5 Marla House Situated In Bahria Town Phase 8 - Ali Block For sale,PKR 2.09 Crore,20900000,3,3,5 Marla,1125.0,18577,House,True,9,super hot9Share on FacebookShare on TwitterShare on WhatsAppSend via GMailSend via E-Mail,89,Houses_Rawalpindi,2026-08-10,https://www.zameen.com/Property/bahria_town_phase_8_safari_valley_bahria_town_phase_8_-_ali_block_5_marla_house_situated_in_bahria_town_phase_8_-_ali_block_for_sale-54222048-3070-1.html
7 Marla Full House Available For sale in Bahria town phase 8 Rawalpindi,PKR 2.55 Crore,25500000,5,6,7 Marla,1575.0,16190,House,True,12,super hot12Share on FacebookShare on TwitterShare on WhatsAppSend via GMailSend via E-Mail,90,Houses_Rawalpindi,2026-08-10,https://www.zameen.com/Property/bahria_town_rawalpindi_bahria_town_phase_8_7_marla_full_house_available_for_sale_in_bahria_town_phase_8_rawalpindi-54352645-3048-1.html
Lowest Price Deal 5 Marla Double Storey House For Sale In Rafi Block,PKR 1.75 Crore,17500000,3,4,5 Marla,1125.0,15555,House,True,9,super hot9Share on FacebookShare on TwitterShare on WhatsAppSend via GMailSend via E-Mail,89,Houses_Rawalpindi,2026-08-10,https://www.zameen.com/Property/bahria_town_phase_8_bahria_town_phase_8_-_rafi_block_lowest_price_deal_5_marla_double_storey_house_for_sale_in_rafi_block-54168204-3071-1.html
7 Marla Brande New House Available For Sale.,PKR 2.68 Crore,26800000,4,4,7 Marla,1575.0,17015,House,True,46,hot46Share on FacebookShare on TwitterShare on WhatsAppSend via GMailSend via E-Mail,84,Houses_Rawalpindi,2026-08-10,https://www.zameen.com/Property/rawalpindi_punjab_government_servant_housing_foundation_pgshf_7_marla_brande_new_house_available_for_sale-54332699-10424-1.html
10 Marla Single Story Brand New House Available For Sale.,PKR 2.25 Crore,22500000,3,4,10 Marla,2250.0,10000,House,True,40,hot40Share on FacebookShare on TwitterShare on WhatsAppSend via GMailSend via E-Mail,84,Houses_Rawalpindi,2026-08-10,https://www.zameen.com/Property/gulshan_abad_gulshan_abad_sector_3_10_marla_single_story_brand_new_house_available_for_sale-54442080-14741-1.html
Bahria Town Brand New 5 Bed House For Sale,PKR 4.5 Crore,45000000,4,6,10 Marla,2250.0,20000,House,False,18,hot18Share on FacebookShare on TwitterShare on WhatsAppSend via GMailSend via E-Mail,84,Houses_Rawalpindi,2026-08-10,https://www.zameen.com/Property/bahria_town_phase_8_bahria_town_phase_8_-_block_a_bahria_town_brand_new_5_bed_house_for_sale-53123488-3049-1.html
On Excellent Location House For sale Is Readily Available In Prime Location Of Bahria Town Phase 3,PKR 11 Crore,110000000,5,6,1 Kanal,4500.0,24444,House,False,46,hot461VerifiedShare on FacebookShare on TwitterShare on WhatsAppSend via GMailSend via E-Mail,93,Houses_Rawalpindi,2026-08-10,https://www.zameen.com/Property/bahria_town_rawalpindi_bahria_town_phase_3_on_excellent_location_house_for_sale_is_readily_available_in_prime_location_of_bahria_town_phase_3-54240754-3036-1.html
Usman Block 7 Marla House for sale,PKR 2 Crore,20000000,,,7 Marla,1575.0,12698,House,False,6,hot6Share on FacebookShare on TwitterShare on WhatsAppSend via GMailSend via E-Mail,83,Houses_Rawalpindi,2026-08-10,https://www.zameen.com/Property/bahria_town_phase_8_safari_valley_bahria_town_phase_8_-_usman_block_usman_block_7_marla_house_for_sale-53458837-3068-1.html
Best Location Designer House,PKR 10 Crore,100000000,5,6,1 Kanal,4500.0,22222,House,False,10,hot101Share on FacebookShare on TwitterShare on WhatsAppSend via GMailSend via E-Mail,85,Houses_Rawalpindi,2026-08-10,https://www.zameen.com/Property/bahria_town_rawalpindi_bahria_town_phase_7_best_location_designer_house-53589365-3047-1.html
8 Marla Double Storey House For Sale Airport Housing Society Rawalpindi,PKR 2.8 Crore,28000000,7,6,8 Marla,1800.0,15555,House,False,23,hot23Share on FacebookShare on TwitterShare on WhatsAppSend via GMailSend via E-Mail,84,Houses_Rawalpindi,2026-08-10,https://www.zameen.com/Property/airport_housing_society_airport_housing_society_-_sector_4_8_marla_double_storey_house_for_sale_airport_housing_society_rawalpindi-54130972-9155-1.html
Highly-Desirable Prime Location House Available In Afshan Colony For sale,PKR 3.5 Crore,35000000,5,6,7 Marla,1575.0,22222,House,False,5,5VerifiedShare on FacebookShare on TwitterShare on WhatsAppSend via GMailSend via E-Mail,88,Houses_Rawalpindi,2026-08-10,https://www.zameen.com/Property/rawalpindi_afshan_colony_highly-desirable_prime_location_house_available_in_afshan_colony_for_sale-54590441-1387-1.html
In PIA Colony You Can Find The Perfect Prime Location House For Sale,PKR 2.5 Crore,25000000,4,4,5 Marla,1125.0,22222,House,False,18,18VerifiedShare on FacebookShare on TwitterShare on WhatsAppSend via GMailSend via E-Mail,89,Houses_Rawalpindi,2026-08-10,https://www.zameen.com/Property/rawalpindi_pia_colony_in_pia_colony_you_can_find_the_perfect_prime_location_house_for_sale-54590431-9165-1.html
Prime Location 6 Marla House In Beautiful Location Of Peshawar Road In Peshawar Road,PKR 3.25 Crore,32500000,4,4,6 Marla,1350.0,24074,House,False,39,39VerifiedShare on FacebookShare on TwitterShare on WhatsAppSend via GMailSend via E-Mail,89,Houses_Rawalpindi,2026-08-10,https://www.zameen.com/Property/rawalpindi_peshawar_road_prime_location_6_marla_house_in_beautiful_location_of_peshawar_road_in_peshawar_road-54590447-517-1.html
Prime Location In Afshan Colony 6 Marla House For Sale,PKR 2.9 Crore,29000000,4,6,6 Marla,1350.0,21481,House,False,5,5VerifiedShare on FacebookShare on TwitterShare on WhatsAppSend via GMailSend via E-Mail,88,Houses_Rawalpindi,2026-08-10,https://www.zameen.com/Property/rawalpindi_afshan_colony_prime_location_in_afshan_colony_6_marla_house_for_sale-54590433-1387-1.html
Double Storey 4 Marla House Available In Gulnar Colony For Sale,PKR 3 Crore,30000000,4,6,4 Marla,900.0,33333,House,False,5,5VerifiedShare on FacebookShare on TwitterShare on WhatsAppSend via GMailSend via E-Mail,88,Houses_Rawalpindi,2026-08-10,https://www.zameen.com/Property/rawalpindi_gulnar_colony_double_storey_4_marla_house_available_in_gulnar_colony_for_sale-54590437-19459-1.html
Prime Location 9 Marla House Is Available In Gulnar Colony,PKR 5.5 Crore,55000000,5,5,9 Marla,2025.0,27160,House,False,5,5VerifiedShare on FacebookShare on TwitterShare on WhatsAppSend via GMailSend via E-Mail,88,Houses_Rawalpindi,2026-08-10,https://www.zameen.com/Property/rawalpindi_gulnar_colony_prime_location_9_marla_house_is_available_in_gulnar_colony-54590436-19459-1.html
Looking For A Prime Location House In Shalley Valley For Sale,PKR 2.7 Crore,27000000,4,4,5.2 Marla,1170.0,23076,House,False,5,5VerifiedShare on FacebookShare on TwitterShare on WhatsAppSend via GMailSend via E-Mail,88,Houses_Rawalpindi,2026-08-10,https://www.zameen.com/Property/rawalpindi_shalley_valley_looking_for_a_prime_location_house_in_shalley_valley_for_sale-54590432-1404-1.html
Prime Location Range Road House Sized 1 Kanal,PKR 8 Crore,80000000,6,6,1 Kanal,4500.0,17777,House,False,5,5VerifiedShare on FacebookShare on TwitterShare on WhatsAppSend via GMailSend via E-Mail,88,Houses_Rawalpindi,2026-08-10,https://www.zameen.com/Property/rawalpindi_range_road_prime_location_range_road_house_sized_1_kanal-54590429-8129-1.html
Slightly Used Designer House At Investor Price,PKR 9.5 Crore,95000000,5,6,1 Kanal,4500.0,21111,House,True,49,super hot49Share on FacebookShare on TwitterShare on WhatsAppSend via GMailSend via E-Mail,90,Houses_Rawalpindi,2026-08-10,https://www.zameen.com/Property/bahria_town_rawalpindi_bahria_town_phase_3_slightly_used_designer_house_at_investor_price-47465238-3036-1.html
"Special Area, Phase 2 Bahria Town Brand New Designer 5-Bed Double-Unit House For Sale At A Prime Location",PKR 14.9 Crore,149000000,14,6,1 Kanal,4500.0,33111,House,True,50,super hot50Share on FacebookShare on TwitterShare on WhatsAppSend via GMailSend via E-Mail,90,Houses_Rawalpindi,2026-08-10,https://www.zameen.com/Property/bahria_town_rawalpindi_bahria_town_phase_2_special_area_phase_2_bahria_town_brand_new_designer_5-bed_double-unit_house_for_sale_at_a_prime_location-52364728-3035-1.html
10 Marla Brand New House Available For Sale.,PKR 3.75 Crore,37500000,7,,10 Marla,2250.0,16666,House,True,48,super hot481Share on FacebookShare on TwitterShare on WhatsAppSend via GMailSend via E-Mail,91,Houses_Rawalpindi,2026-08-10,https://www.zameen.com/Property/rawalpindi_gulshan_abad_10_marla_brand_new_house_available_for_sale-53941994-1058-1.html
Beautiful Designer House With Registry For Sale,PKR 6.1 Crore,61000000,5,6,13 Marla,2925.0,20854,House,True,15,super hot15Share on FacebookShare on TwitterShare on WhatsAppSend via GMailSend via E-Mail,90,Houses_Rawalpindi,2026-08-10,https://www.zameen.com/Property/bahria_town_phase_8_bahria_town_phase_8_-_block_c_beautiful_designer_house_with_registry_for_sale-54499717-3051-1.html
Luxurious Designer House available For Sale,PKR 6.3 Crore,63000000,5,6,10 Marla,2250.0,28000,House,True,50,super hot50Share on FacebookShare on TwitterShare on WhatsAppSend via GMailSend via E-Mail,90,Houses_Rawalpindi,2026-08-10,https://www.zameen.com/Property/bahria_greens_overseas_enclave_bahria_greens_-_overseas_enclave_-_sector_2_luxurious_designer_house_available_for_sale-54499804-8301-1.html
"Beautiful 6 Marla Double Story House for sale in Airport housing Society sector 4 rawalpindi , with all facilities",PKR 2.25 Crore,22500000,4,6,6 Marla,1350.0,16666,House,True,21,super hot211Share on FacebookShare on TwitterShare on WhatsAppSend via GMailSend via E-Mail,91,Houses_Rawalpindi,2026-08-10,https://www.zameen.com/Property/airport_housing_society_airport_housing_society_-_sector_4_beautiful_6_marla_double_story_house_for_sale_in_airport_housing_society_sector_4_rawalpindi_with_all_facilities-54212342-9155-1.html
Beautiful 8 Marla Double Storey House For Sale In Airport Housing Society Sector 4 Rawalpindi,PKR 3.7 Crore,37000000,6,6,8 Marla,1800.0,20555,House,True,23,super hot23Share on FacebookShare on TwitterShare on WhatsAppSend via GMailSend via E-Mail,90,Houses_Rawalpindi,2026-08-10,https://www.zameen.com/Property/airport_housing_society_airport_housing_society_-_sector_4_beautiful_8_marla_double_storey_house_for_sale_in_airport_housing_society_sector_4_rawalpindi-54489277-9155-1.html
10 Marla Brand New House For Sale In Bahria Town Phase 2 Rawalpindi.,PKR 5.9 Crore,59000000,5,6,10 Marla,2250.0,26222,House,True,12,super hot121Share on FacebookShare on TwitterShare on WhatsAppSend via GMailSend via E-Mail,91,Houses_Rawalpindi,2026-08-10,https://www.zameen.com/Property/bahria_town_rawalpindi_bahria_town_phase_2_10_marla_brand_new_house_for_sale_in_bahria_town_phase_2_rawalpindi-54507983-3035-1.html
2 Marla Single Story Independent House For Sale,PKR 58 Lakh,5800000,2,2,2 Marla,450.0,12888,House,True,21,super hot21Share on FacebookShare on TwitterShare on WhatsAppSend via GMailSend via E-Mail,90,Houses_Rawalpindi,2026-08-10,https://www.zameen.com/Property/islamabad_highway_wakeel_colony_2_marla_single_story_independent_house_for_sale-54579271-12264-1.html
15 Marla Brand New House in Bahria Town ph 7 Rawalpindi.,PKR 6 Crore,60000000,,5,15 Marla,3375.0,17777,House,True,10,super hot10Share on FacebookShare on TwitterShare on WhatsAppSend via GMailSend via E-Mail,90,Houses_Rawalpindi,2026-08-10,https://www.zameen.com/Property/bahria_town_rawalpindi_bahria_town_phase_7_15_marla_brand_new_house_in_bahria_town_ph_7_rawalpindi-54521731-3047-1.html
5 Marla Single StorEy House Available For Sale.,PKR 1.1 Crore,11000000,2,3,5 Marla,1125.0,9777,House,True,18,hot18Share on FacebookShare on TwitterShare on WhatsAppSend via GMailSend via E-Mail,84,Houses_Rawalpindi,2026-08-10,https://www.zameen.com/Property/adiala_road_snober_city_5_marla_single_storey_house_available_for_sale-54472397-11748-1.html
7 Marla Double Storey House For Sale Bahria Town Phase 8 Rawalpindi,PKR 3.55 Crore,35500000,5,6,7 Marla,1575.0,22539,House,True,24,hot24Share on FacebookShare on TwitterShare on WhatsAppSend via GMailSend via E-Mail,84,Houses_Rawalpindi,2026-08-10,https://www.zameen.com/Property/bahria_town_rawalpindi_bahria_town_phase_8_7_marla_double_storey_house_for_sale_bahria_town_phase_8_rawalpindi-53034506-3048-1.html
7 Marla New House For Sale Bahria Town,PKR 2.9 Crore,29000000,5,5,7 Marla,1575.0,18412,House,False,17,hot17Share on FacebookShare on TwitterShare on WhatsAppSend via GMailSend via E-Mail,84,Houses_Rawalpindi,2026-08-10,https://www.zameen.com/Property/bahria_town_phase_8_safari_valley_bahria_town_phase_8_-_usman_block_7_marla_new_house_for_sale_bahria_town-54221405-3068-1.html
12 Marla Fully Luxury Designer House For Sale,PKR 5.25 Crore,52500000,5,7,10 Marla,2250.0,23333,House,False,21,hot21Share on FacebookShare on TwitterShare on WhatsAppSend via GMailSend via E-Mail,84,Houses_Rawalpindi,2026-08-10,https://www.zameen.com/Property/bahria_town_phase_8_safari_valley_bahria_safari_valley_-_sector_c_12_marla_fully_luxury_designer_house_for_sale-54588099-16293-1.html
Investor Rate 10 Marla Top Class Location House For Sale Near Masjid Park & Commercial,PKR 3.75 Crore,37500000,5,6,10 Marla,2250.0,16666,House,False,20,hot20Share on FacebookShare on TwitterShare on WhatsAppSend via GMailSend via E-Mail,84,Houses_Rawalpindi,2026-08-10,https://www.zameen.com/Property/bahria_town_rawalpindi_bahria_town_phase_4_investor_rate_10_marla_top_class_location_house_for_sale_near_masjid_park_commercial-49978976-3041-1.html
Brand New House Is Available For Sale In Media Town,PKR 7.1 Crore,71000000,7,6,10 Marla,2250.0,31555,House,False,39,hot39Share on FacebookShare on TwitterShare on WhatsAppSend via GMailSend via E-Mail,84,Houses_Rawalpindi,2026-08-10,https://www.zameen.com/Property/media_town_media_town_-_block_a_brand_new_house_is_available_for_sale_in_media_town-54556211-16390-1.html
10 MARLA HOUSE FOR SALE MUNAWAR COLONEY,PKR 2.18 Crore,21800000,3,3,10 Marla,2250.0,9688,House,False,41,hot41Share on FacebookShare on TwitterShare on WhatsAppSend via GMailSend via E-Mail,84,Houses_Rawalpindi,2026-08-10,https://www.zameen.com/Property/rawalpindi_adiala_road_10_marla_house_for_sale_munawar_coloney-54386607-478-1.html
This Is Your Chance To Buy House In Rawalpindi,PKR 5.3 Crore,53000000,5,6,14 Marla,3150.0,16825,House,True,16,16VerifiedShare on FacebookShare on TwitterShare on WhatsAppSend via GMailSend via E-Mail,89,Houses_Rawalpindi,2026-08-10,https://www.zameen.com/Property/bahria_town_phase_8_bahria_town_phase_8_-_block_h_this_is_your_chance_to_buy_house_in_rawalpindi-54590328-3056-1.html
Modern Design House Available For Sale On Prime Location,PKR 10 Crore,100000000,6,6,1 Kanal,4500.0,22222,House,False,32,32Share on FacebookShare on TwitterShare on WhatsAppSend via GMailSend via E-Mail,81,Houses_Rawalpindi,2026-08-10,https://www.zameen.com/Property/bahria_town_rawalpindi_bahria_town_phase_1_modern_design_house_available_for_sale_on_prime_location-52485404-3033-1.html
10 Marla Double Storey House Available For Sale In Gulraiz 1 Near Scheme 3,PKR 3.25 Crore,32500000,6,6,10 Marla,2250.0,14444,House,False,14,14Share on FacebookShare on TwitterShare on WhatsAppSend via GMailSend via E-Mail,81,Houses_Rawalpindi,2026-08-10,https://www.zameen.com/Property/chaklala_scheme_chaklala_scheme_3_10_marla_double_storey_house_available_for_sale_in_gulraiz_1_near_scheme_3-54590250-1312-1.html
5 Marla House For Sale,PKR 3 Crore,30000000,6,4,5 Marla,1125.0,26666,House,False,20,20Share on FacebookShare on TwitterShare on WhatsAppSend via GMailSend via E-Mail,81,Houses_Rawalpindi,2026-08-10,https://www.zameen.com/Property/rawalpindi_muslim_town_5_marla_house_for_sale-54580219-1033-1.html
House For Sale Premium Corner Property,PKR 5 Crore,50000000,5,6,14 Marla,3150.0,15873,House,True,32,32Share on FacebookShare on TwitterShare on WhatsAppSend via GMailSend via E-Mail,81,Houses_Rawalpindi,2026-08-10,https://www.zameen.com/Property/bahria_town_rawalpindi_bahria_town_phase_8_house_for_sale_premium_corner_property-54433885-3048-1.html
7 Marla House Available In Bahria Town Phase 8 - Umer Block For Sale,PKR 3.65 Crore,36500000,4,5,7 Marla,1575.0,23174,House,True,18,18VerifiedShare on FacebookShare on TwitterShare on WhatsAppSend via GMailSend via E-Mail,89,Houses_Rawalpindi,2026-08-10,https://www.zameen.com/Property/bahria_town_phase_8_safari_valley_bahria_town_phase_8_-_umer_block_7_marla_house_available_in_bahria_town_phase_8_-_umer_block_for_sale-54590222-3067-1.html
Double Storey 10 Marla House For sale In Bahria Town Phase 8 - Block C Rawalpindi,PKR 5.15 Crore,51500000,5,6,10 Marla,2250.0,22888,House,True,12,12VerifiedShare on FacebookShare on TwitterShare on WhatsAppSend via GMailSend via E-Mail,89,Houses_Rawalpindi,2026-08-10,https://www.zameen.com/Property/bahria_town_phase_8_bahria_town_phase_8_-_block_c_double_storey_10_marla_house_for_sale_in_bahria_town_phase_8_-_block_c_rawalpindi-54590223-3051-1.html
Double Storey 10 Marla House For sale In Bahria Town Phase 8 - Block E Rawalpindi,PKR 4.25 Crore,42500000,5,6,10 Marla,2250.0,18888,House,True,6,6VerifiedShare on FacebookShare on TwitterShare on WhatsAppSend via GMailSend via E-Mail,88,Houses_Rawalpindi,2026-08-10,https://www.zameen.com/Property/bahria_town_phase_8_bahria_town_phase_8_-_block_e_double_storey_10_marla_house_for_sale_in_bahria_town_phase_8_-_block_e_rawalpindi-54590221-3053-1.html
5 Marla Brand New Designer House For Sale In M Block Phase 8,PKR 2.44 Crore,24400000,3,4,5 Marla,1125.0,21688,House,True,16,super hot16Share on FacebookShare on TwitterShare on WhatsAppSend via GMailSend via E-Mail,90,Houses_Rawalpindi,2026-08-10,https://www.zameen.com/Property/bahria_town_phase_8_bahria_town_phase_8_-_block_m_5_marla_brand_new_designer_house_for_sale_in_m_block_phase_8-54568542-3062-1.html
Very Low Price | 10 Marla Brand New Owner-Built House For Sale | Bahria Town Phase 8 Rawalpindi,PKR 3.65 Crore,36500000,5,6,10 Marla,2250.0,16222,House,True,22,super hot221Share on FacebookShare on TwitterShare on WhatsAppSend via GMailSend via E-Mail,91,Houses_Rawalpindi,2026-08-10,https://www.zameen.com/Property/bahria_town_phase_8_bahria_town_phase_8_-_sector_f-1_very_low_price_10_marla_brand_new_owner-built_house_for_sale_bahria_town_phase_8_rawalpindi-54553221-3095-1.html
7 Marla Slightly Us House For Sale With Register Intkal,PKR 2.6 Crore,26000000,5,6,7 Marla,1575.0,16507,House,True,18,super hot18Share on FacebookShare on TwitterShare on WhatsAppSend via GMailSend via E-Mail,90,Houses_Rawalpindi,2026-08-10,https://www.zameen.com/Property/bahria_town_phase_8_safari_valley_bahria_town_phase_8_-_abu_bakar_block_7_marla_slightly_us_house_for_sale_with_register_intkal-54563361-3069-1.html
House For Sale In Bahria Town Rawalpindi Punjab,PKR 2.95 Crore,29500000,5,6,7 Marla,1575.0,18730,House,True,24,super hot24Share on FacebookShare on TwitterShare on WhatsAppSend via GMailSend via E-Mail,90,Houses_Rawalpindi,2026-08-10,https://www.zameen.com/Property/bahria_town_phase_8_safari_valley_bahria_town_phase_8_-_usman_block_house_for_sale_in_bahria_town_rawalpindi_punjab-54165885-3068-1.html
Designer Luxury House Available For Sale,PKR 5.3 Crore,53000000,4,6,10 Marla,2250.0,23555,House,True,35,super hot35Share on FacebookShare on TwitterShare on WhatsAppSend via GMailSend via E-Mail,90,Houses_Rawalpindi,2026-08-10,https://www.zameen.com/Property/bahria_town_rawalpindi_bahria_town_phase_7_designer_luxury_house_available_for_sale-54499117-3047-1.html
10 MARLA OWNER BUILT BEAUTIFUL HOUSE,PKR 5.25 Crore,52500000,5,6,10 Marla,2250.0,23333,House,True,16,super hot16Share on FacebookShare on TwitterShare on WhatsAppSend via GMailSend via E-Mail,90,Houses_Rawalpindi,2026-08-10,https://www.zameen.com/Property/bahria_town_rawalpindi_bahria_town_phase_7_10_marla_owner_built_beautiful_house-47305951-3047-1.html
"Fully Furnished House With Swimming Pool, Lift, Media Room, Gym Roof Top Garden Suana",PKR 39 Crore,390000000,6,6,2 Kanal,9000.0,43333,House,True,50,super hot501Share on FacebookShare on TwitterShare on WhatsAppSend via GMailSend via E-Mail,91,Houses_Rawalpindi,2026-08-10,https://www.zameen.com/Property/bahria_town_rawalpindi_bahria_intellectual_village_fully_furnished_house_with_swimming_pool_lift_media_room_gym_roof_top_garden_suana-47942076-8256-1.html
Bahria Town Phase 8 Ali Block,PKR 2 Crore,20000000,3,3,5 Marla,1125.0,17777,House,True,23,super hot23Share on FacebookShare on TwitterShare on WhatsAppSend via GMailSend via E-Mail,90,Houses_Rawalpindi,2026-08-10,https://www.zameen.com/Property/bahria_town_phase_8_safari_valley_bahria_town_phase_8_-_ali_block_bahria_town_phase_8_ali_block-54543693-3070-1.html
Airport Housing Society Sector 4 6 Marla Double Storey House For Sell,PKR 2.3 Crore,23000000,4,6,6 Marla,1350.0,17037,House,True,16,super hot16Share on FacebookShare on TwitterShare on WhatsAppSend via GMailSend via E-Mail,90,Houses_Rawalpindi,2026-08-10,https://www.zameen.com/Property/airport_housing_society_airport_housing_society_-_sector_4_airport_housing_society_sector_4_6_marla_double_storey_house_for_sell-54530727-9155-1.html
Airport housing society sector3 12marla double story house for sell,PKR 5.5 Crore,55000000,6,6,12 Marla,2700.0,20370,House,True,10,super hot101Share on FacebookShare on TwitterShare on WhatsAppSend via GMailSend via E-Mail,91,Houses_Rawalpindi,2026-08-10,https://www.zameen.com/Property/airport_housing_society_airport_housing_society_-_sector_3_airport_housing_society_sector3_12marla_double_story_house_for_sell-54550563-9154-1.html
10 Marla Double Storey House For SALE Is Available Bahria town Phase 8 Rawalpindi,PKR 4.1 Crore,41000000,5,6,10 Marla,2250.0,18222,House,True,42,hot42Share on FacebookShare on TwitterShare on WhatsAppSend via GMailSend via E-Mail,84,Houses_Rawalpindi,2026-08-10,https://www.zameen.com/Property/bahria_town_rawalpindi_bahria_town_phase_8_10_marla_double_storey_house_for_sale_is_available_bahria_town_phase_8_rawalpindi-52920538-3048-1.html
Elegant 1 Kanal White House For Sale At Investor Price,PKR 7.95 Crore,79500000,5,6,1 Kanal,4500.0,17666,House,True,18,hot18Share on FacebookShare on TwitterShare on WhatsAppSend via GMailSend via E-Mail,84,Houses_Rawalpindi,2026-08-10,https://www.zameen.com/Property/bahria_town_phase_8_bahria_greens_-_overseas_enclave_elegant_1_kanal_white_house_for_sale_at_investor_price-54507873-3081-1.html
House In Bahria Town Phase 8,PKR 11.25 Crore,112500000,6,6,1.1 Kanal,4950.0,22727,House,False,50,hot50Share on FacebookShare on TwitterShare on WhatsAppSend via GMailSend via E-Mail,84,Houses_Rawalpindi,2026-08-10,https://www.zameen.com/Property/bahria_town_rawalpindi_bahria_town_phase_8_house_in_bahria_town_phase_8-54523627-3048-1.html
5 Marla Slightly Used House Available For Sale In Bahria Town Phase 8 Rawalpindi,PKR 1.85 Crore,18500000,4,4,5 Marla,1125.0,16444,House,False,14,hot14Share on FacebookShare on TwitterShare on WhatsAppSend via GMailSend via E-Mail,84,Houses_Rawalpindi,2026-08-10,https://www.zameen.com/Property/bahria_town_rawalpindi_bahria_town_phase_8_5_marla_slightly_used_house_available_for_sale_in_bahria_town_phase_8_rawalpindi-54408916-3048-1.html
6 Marla Stylish Brand New Double Storey House Sector 4 With Water Bore,PKR 2.4 Crore,24000000,4,6,6 Marla,1350.0,17777,House,False,32,hot32Share on FacebookShare on TwitterShare on WhatsAppSend via GMailSend via E-Mail,84,Houses_Rawalpindi,2026-08-10,https://www.zameen.com/Property/airport_housing_society_airport_housing_society_-_sector_4_6_marla_stylish_brand_new_double_storey_house_sector_4_with_water_bore-54546883-9155-1.html
5 Marla House For Sale New Bahria Town,PKR 2.13 Crore,21300000,4,3,5 Marla,1125.0,18933,House,False,11,hot11Share on FacebookShare on TwitterShare on WhatsAppSend via GMailSend via E-Mail,84,Houses_Rawalpindi,2026-08-10,https://www.zameen.com/Property/bahria_town_phase_8_safari_valley_bahria_town_phase_8_-_ali_block_5_marla_house_for_sale_new_bahria_town-54057080-3070-1.html
Safari Home Sector C For Sale,PKR 1.2 Crore,12000000,2,2,5 Marla,1125.0,10666,Unknown,False,5,hot5Share on FacebookShare on TwitterShare on WhatsAppSend via GMailSend via E-Mail,83,Houses_Rawalpindi,2026-08-10,https://www.zameen.com/Property/bahria_town_phase_8_safari_valley_bahria_safari_valley_-_sector_c_safari_home_sector_c_for_sale-54094947-16293-1.html
14 Marla House For Sale Media Town Block D Rawalpindi,PKR 5.75 Crore,57500000,7,7,14 Marla,3150.0,18253,House,False,14,14Share on FacebookShare on TwitterShare on WhatsAppSend via GMailSend via E-Mail,81,Houses_Rawalpindi,2026-08-10,https://www.zameen.com/Property/media_town_media_town_-_block_d_14_marla_house_for_sale_media_town_block_d_rawalpindi-53812089-16393-1.html
10 Marla New Condition Double Unit 5 Bedrooms House Available For Sale,PKR 4.5 Crore,45000000,4,6,10 Marla,2250.0,20000,House,True,28,28Share on FacebookShare on TwitterShare on WhatsAppSend via GMailSend via E-Mail,81,Houses_Rawalpindi,2026-08-10,https://www.zameen.com/Property/bahria_town_rawalpindi_bahria_town_phase_3_10_marla_new_condition_double_unit_5_bedrooms_house_available_for_sale-54444409-3036-1.html
7 Marla House Ideally Situated In Bahria Town Phase 8 - Ali Block,PKR 2.6 Crore,26000000,5,5,7 Marla,1575.0,16507,House,False,5,5VerifiedShare on FacebookShare on TwitterShare on WhatsAppSend via GMailSend via E-Mail,88,Houses_Rawalpindi,2026-08-10,https://www.zameen.com/Property/bahria_town_phase_8_safari_valley_bahria_town_phase_8_-_ali_block_7_marla_house_ideally_situated_in_bahria_town_phase_8_-_ali_block-54470720-3070-1.html
Bahria Town Phase 8 - Rafi Block House Sized 8 Marla For Sale,PKR 2.83 Crore,28300000,5,5,8 Marla,1800.0,15722,House,False,6,6VerifiedShare on FacebookShare on TwitterShare on WhatsAppSend via GMailSend via E-Mail,88,Houses_Rawalpindi,2026-08-10,https://www.zameen.com/Property/bahria_town_phase_8_bahria_town_phase_8_-_rafi_block_bahria_town_phase_8_-_rafi_block_house_sized_8_marla_for_sale-54470717-3071-1.html
Stunning 6 Marla House In Bahria Town Phase 8 - Sector E-1 Available,PKR 2.67 Crore,26700000,4,4,6 Marla,1350.0,19777,House,False,5,5VerifiedShare on FacebookShare on TwitterShare on WhatsAppSend via GMailSend via E-Mail,88,Houses_Rawalpindi,2026-08-10,https://www.zameen.com/Property/bahria_town_phase_8_bahria_town_phase_8_-_sector_e-1_stunning_6_marla_house_in_bahria_town_phase_8_-_sector_e-1_available-54470718-8360-1.html
This Is Your Chance To Buy House In Bahria Town Phase 8 - Sector E-1 Rawalpindi,PKR 2.75 Crore,27500000,4,4,6 Marla,1350.0,20370,House,False,6,6VerifiedShare on FacebookShare on TwitterShare on WhatsAppSend via GMailSend via E-Mail,88,Houses_Rawalpindi,2026-08-10,https://www.zameen.com/Property/bahria_town_phase_8_bahria_town_phase_8_-_sector_e-1_this_is_your_chance_to_buy_house_in_bahria_town_phase_8_-_sector_e-1_rawalpindi-54470719-8360-1.html
Reserve A House Of 7 Marla Now In Bahria Town Phase 8 - Umer Block,PKR 2.7 Crore,27000000,5,5,7 Marla,1575.0,17142,House,False,5,5VerifiedShare on FacebookShare on TwitterShare on WhatsAppSend via GMailSend via E-Mail,88,Houses_Rawalpindi,2026-08-10,https://www.zameen.com/Property/bahria_town_phase_8_safari_valley_bahria_town_phase_8_-_umer_block_reserve_a_house_of_7_marla_now_in_bahria_town_phase_8_-_umer_block-54470722-3067-1.html
House For Sale In Rs. 28000000,PKR 2.8 Crore,28000000,5,5,7 Marla,1575.0,17777,House,False,5,5VerifiedShare on FacebookShare on TwitterShare on WhatsAppSend via GMailSend via E-Mail,88,Houses_Rawalpindi,2026-08-10,https://www.zameen.com/Property/bahria_town_rawalpindi_bahria_town_phase_8_house_for_sale_in_rs_28000000-54470724-3048-1.html
1 Kanal House For Sale,PKR 6.5 Crore,65000000,5,6,1 Kanal,4500.0,14444,House,True,32,super hot32Share on FacebookShare on TwitterShare on WhatsAppSend via GMailSend via E-Mail,90,Houses_Rawalpindi,2026-08-10,https://www.zameen.com/Property/bahria_town_rawalpindi_bahria_town_phase_6_1_kanal_house_for_sale-54499007-3046-1.html
10 Marla Designer House For Sale on 80 FT Road,PKR 4.2 Crore,42000000,5,7,10 Marla,2250.0,18666,House,True,27,super hot27Share on FacebookShare on TwitterShare on WhatsAppSend via GMailSend via E-Mail,90,Houses_Rawalpindi,2026-08-10,https://www.zameen.com/Property/bahria_town_phase_8_bahria_town_phase_8_-_block_e_10_marla_designer_house_for_sale_on_80_ft_road-54253207-3053-1.html
10 Marla Brand New Corner House For Sale Bahria Town Phase 8 Block E Rawalpindi,PKR 3.8 Crore,38000000,5,6,10 Marla,2250.0,16888,House,True,23,super hot23Share on FacebookShare on TwitterShare on WhatsAppSend via GMailSend via E-Mail,90,Houses_Rawalpindi,2026-08-10,https://www.zameen.com/Property/bahria_town_phase_8_bahria_town_phase_8_-_block_e_10_marla_brand_new_corner_house_for_sale_bahria_town_phase_8_block_e_rawalpindi-54338785-3053-1.html
Very Low Price 10 KWA Solar Installed 10 Marla Brand New House For Sale Bahria Town Rawalpindi,PKR 3.7 Crore,37000000,5,6,10 Marla,2250.0,16444,House,True,15,super hot15Share on FacebookShare on TwitterShare on WhatsAppSend via GMailSend via E-Mail,90,Houses_Rawalpindi,2026-08-10,https://www.zameen.com/Property/bahria_town_phase_8_bahria_town_phase_8_-_block_i_very_low_price_10_kwa_solar_installed_10_marla_brand_new_house_for_sale_bahria_town_rawalpindi-54419286-3057-1.html
Investor Rate Brand New House Back Open,PKR 4.25 Crore,42500000,5,6,12 Marla,2700.0,15740,House,True,46,super hot46Share on FacebookShare on TwitterShare on WhatsAppSend via GMailSend via E-Mail,90,Houses_Rawalpindi,2026-08-10,https://www.zameen.com/Property/bahria_town_phase_8_bahria_town_phase_8_-_block_c_investor_rate_brand_new_house_back_open-54357034-3051-1.html
1 Kanal House For Sale In Bahria Town Rawalpindi.,PKR 8.5 Crore,85000000,5,6,1 Kanal,4500.0,18888,House,True,10,super hot10Share on FacebookShare on TwitterShare on WhatsAppSend via GMailSend via E-Mail,90,Houses_Rawalpindi,2026-08-10,https://www.zameen.com/Property/bahria_town_rawalpindi_bahria_town_phase_4_1_kanal_house_for_sale_in_bahria_town_rawalpindi-54565133-3041-1.html
Triple Storey 1 Kanal House For Sale In Bahria Town Phase 4 Rawalpindi,PKR 7 Crore,70000000,10,,1 Kanal,4500.0,15555,House,True,45,super hot451VerifiedShare on FacebookShare on TwitterShare on WhatsAppSend via GMailSend via E-Mail,99,Houses_Rawalpindi,2026-08-10,https://www.zameen.com/Property/bahria_town_rawalpindi_bahria_town_phase_4_triple_storey_1_kanal_house_for_sale_in_bahria_town_phase_4_rawalpindi-53934686-3041-1.html
Rawalpindi Bahria Town Phase 8 5 Marla Slightly Used House Available For Sale,PKR 1.98 Crore,19800000,4,4,5 Marla,1125.0,17600,House,True,50,super hot50Share on FacebookShare on TwitterShare on WhatsAppSend via GMailSend via E-Mail,90,Houses_Rawalpindi,2026-08-10,https://www.zameen.com/Property/bahria_town_rawalpindi_bahria_town_phase_8_rawalpindi_bahria_town_phase_8_5_marla_slightly_used_house_available_for_sale-54116125-3048-1.html
12 Marla Park Face Corner House For Sale,PKR 9 Crore,90000000,6,5,12 Marla,2700.0,33333,House,True,32,super hot321VerifiedShare on FacebookShare on TwitterShare on WhatsAppSend via GMailSend via E-Mail,99,Houses_Rawalpindi,2026-08-10,https://www.zameen.com/Property/rawalpindi_khayaban-e-sir_syed_12_marla_park_face_corner_house_for_sale-53145448-587-1.html
6 Marla Brand New Luxury House For Sale,PKR 1.35 Crore,13500000,3,3,6 Marla,1350.0,10000,House,True,26,super hot26Share on FacebookShare on TwitterShare on WhatsAppSend via GMailSend via E-Mail,90,Houses_Rawalpindi,2026-08-10,https://www.zameen.com/Property/rawalpindi_adiala_road_6_marla_brand_new_luxury_house_for_sale-54457696-478-1.html
Boulevard Corner 24 Marla 7 Bed Investor Rate House For Sale,PKR 9.25 Crore,92500000,9,7,1.2 Kanal,5400.0,17129,House,True,14,hot14Share on FacebookShare on TwitterShare on WhatsAppSend via GMailSend via E-Mail,84,Houses_Rawalpindi,2026-08-10,https://www.zameen.com/Property/bahria_town_rawalpindi_bahria_town_phase_3_boulevard_corner_24_marla_7_bed_investor_rate_house_for_sale-54511208-3036-1.html
Furnished 2 Kanal Corner House With Pool And Solar For Sale,PKR 16 Crore,160000000,6,7,2 Kanal,9000.0,17777,House,True,41,hot41Share on FacebookShare on TwitterShare on WhatsAppSend via GMailSend via E-Mail,84,Houses_Rawalpindi,2026-08-10,https://www.zameen.com/Property/bahria_greens_overseas_enclave_bahria_greens_-_overseas_enclave_-_sector_5_furnished_2_kanal_corner_house_with_pool_and_solar_for_sale-54545718-8304-1.html
Investor price 7 Marla Brand New Deisgner Double Unit House For Sale In Bahria Town Islamabad,PKR 2.65 Crore,26500000,5,6,7 Marla,1575.0,16825,House,False,23,hot23Share on FacebookShare on TwitterShare on WhatsAppSend via GMailSend via E-Mail,84,Houses_Rawalpindi,2026-08-10,https://www.zameen.com/Property/bahria_town_rawalpindi_bahria_town_phase_8_investor_price_7_marla_brand_new_deisgner_double_unit_house_for_sale_in_bahria_town_islamabad-54466171-3048-1.html
10Marla House For Sale In Bahria Town Phase 4 Rawalpindi.,PKR 4.5 Crore,45000000,5,6,10 Marla,2250.0,20000,House,False,9,hot9Share on FacebookShare on TwitterShare on WhatsAppSend via GMailSend via E-Mail,83,Houses_Rawalpindi,2026-08-10,https://www.zameen.com/Property/bahria_town_rawalpindi_bahria_town_phase_4_10marla_house_for_sale_in_bahria_town_phase_4_rawalpindi-54530755-3041-1.html
1 Kanal Brand New House Available For Sale,PKR 12.25 Crore,122500000,5,6,1 Kanal,4500.0,27222,House,False,34,hot34Share on FacebookShare on TwitterShare on WhatsAppSend via GMailSend via E-Mail,84,Houses_Rawalpindi,2026-08-10,https://www.zameen.com/Property/bahria_town_rawalpindi_bahria_town_phase_3_1_kanal_brand_new_house_available_for_sale-54404192-3036-1.html
10 Marla basement house available for sale on investor price,PKR 4.35 Crore,43500000,6,7,10 Marla,2250.0,19333,House,False,13,hot13Share on FacebookShare on TwitterShare on WhatsAppSend via GMailSend via E-Mail,84,Houses_Rawalpindi,2026-08-10,https://www.zameen.com/Property/bahria_town_rawalpindi_bahria_town_phase_4_10_marla_basement_house_available_for_sale_on_investor_price-54585819-3041-1.html
Brig House Available For Sale In Askari 14 Sector A,PKR 9.5 Crore,95000000,4,5,16 Marla,3600.0,26388,House,False,50,hot50Share on FacebookShare on TwitterShare on WhatsAppSend via GMailSend via E-Mail,84,Houses_Rawalpindi,2026-08-10,https://www.zameen.com/Property/rawalpindi_askari_14_brig_house_available_for_sale_in_askari_14_sector_a-46925947-1504-1.html
5 Marla House Ideally Situated In Bahria Town Phase 8 - Block M,PKR 2.05 Crore,20500000,3,3,5 Marla,1125.0,18222,House,False,6,6VerifiedShare on FacebookShare on TwitterShare on WhatsAppSend via GMailSend via E-Mail,88,Houses_Rawalpindi,2026-08-10,https://www.zameen.com/Property/bahria_town_phase_8_bahria_town_phase_8_-_block_m_5_marla_house_ideally_situated_in_bahria_town_phase_8_-_block_m-54357682-3062-1.html
House For Sale In Bahria Town Phase 8 - Ali Block,PKR 1.98 Crore,19800000,3,3,5 Marla,1125.0,17600,House,False,6,6VerifiedShare on FacebookShare on TwitterShare on WhatsAppSend via GMailSend via E-Mail,88,Houses_Rawalpindi,2026-08-10,https://www.zameen.com/Property/bahria_town_phase_8_safari_valley_bahria_town_phase_8_-_ali_block_house_for_sale_in_bahria_town_phase_8_-_ali_block-54357683-3070-1.html
House Available For sale In Bahria Town Phase 8 - Rafi Block,PKR 1.85 Crore,18500000,3,3,5 Marla,1125.0,16444,House,False,5,5VerifiedShare on FacebookShare on TwitterShare on WhatsAppSend via GMailSend via E-Mail,88,Houses_Rawalpindi,2026-08-10,https://www.zameen.com/Property/bahria_town_phase_8_bahria_town_phase_8_-_rafi_block_house_available_for_sale_in_bahria_town_phase_8_-_rafi_block-54357684-3071-1.html
House In Bahria Town Phase 8 - Ali Block For sale,PKR 1.9 Crore,19000000,3,3,5 Marla,1125.0,16888,House,False,5,5VerifiedShare on FacebookShare on TwitterShare on WhatsAppSend via GMailSend via E-Mail,88,Houses_Rawalpindi,2026-08-10,https://www.zameen.com/Property/bahria_town_phase_8_safari_valley_bahria_town_phase_8_-_ali_block_house_in_bahria_town_phase_8_-_ali_block_for_sale-54357686-3070-1.html
Book House Today In Bahria Town Phase 8 - Block M,PKR 1.98 Crore,19800000,3,3,5 Marla,1125.0,17600,House,False,5,5VerifiedShare on FacebookShare on TwitterShare on WhatsAppSend via GMailSend via E-Mail,88,Houses_Rawalpindi,2026-08-10,https://www.zameen.com/Property/bahria_town_phase_8_bahria_town_phase_8_-_block_m_book_house_today_in_bahria_town_phase_8_-_block_m-54357687-3062-1.html
Prominently-Located 5 Marla House Available In Bahria Town Phase 8 - Ali Block,PKR 1.95 Crore,19500000,3,3,5 Marla,1125.0,17333,House,False,5,5VerifiedShare on FacebookShare on TwitterShare on WhatsAppSend via GMailSend via E-Mail,88,Houses_Rawalpindi,2026-08-10,https://www.zameen.com/Property/bahria_town_phase_8_safari_valley_bahria_town_phase_8_-_ali_block_prominently-located_5_marla_house_available_in_bahria_town_phase_8_-_ali_block-54357688-3070-1.html
Stunning House Is Available For Sale In Bahria Town Phase 8 - Rafi Block,PKR 2.73 Crore,27300000,5,5,8 Marla,1800.0,15166,House,False,6,6VerifiedShare on FacebookShare on TwitterShare on WhatsAppSend via GMailSend via E-Mail,88,Houses_Rawalpindi,2026-08-10,https://www.zameen.com/Property/bahria_town_phase_8_bahria_town_phase_8_-_rafi_block_stunning_house_is_available_for_sale_in_bahria_town_phase_8_-_rafi_block-54470715-3071-1.html
Affordable On Excellent Location House For Sale In Bahria Greens - Overseas Enclave - Sector 5,PKR 5.6 Crore,56000000,5,6,10 Marla,2250.0,24888,House,False,39,391VerifiedShare on FacebookShare on TwitterShare on WhatsAppSend via GMailSend via E-Mail,90,Houses_Rawalpindi,2026-08-10,https://www.zameen.com/Property/bahria_greens_overseas_enclave_bahria_greens_-_overseas_enclave_-_sector_5_affordable_on_excellent_location_house_for_sale_in_bahria_greens_-_overseas_enclave_-_sector_5-52579243-8304-1.html
Designer House 7 Bedroom Investor Rate,PKR 7.95 Crore,79500000,7,6,1 Kanal,4500.0,17666,House,True,35,super hot35Share on FacebookShare on TwitterShare on WhatsAppSend via GMailSend via E-Mail,90,Houses_Rawalpindi,2026-08-10,https://www.zameen.com/Property/bahria_greens_overseas_enclave_bahria_greens_-_overseas_enclave_-_sector_5_designer_house_7_bedroom_investor_rate-54498943-8304-1.html
1 KANAL BRAND NEW FULLY FURNISHED HOUSE WITH 15 KV SOLAR INSTALLED,PKR 14.5 Crore,145000000,5,6,1 Kanal,4500.0,32222,House,True,38,super hot381Share on FacebookShare on TwitterShare on WhatsAppSend via GMailSend via E-Mail,91,Houses_Rawalpindi,2026-08-10,https://www.zameen.com/Property/bahria_town_rawalpindi_bahria_town_phase_2_1_kanal_brand_new_fully_furnished_house_with_15_kv_solar_installed-51952543-3035-1.html
1 Kanal House For Sale In Bahria Town Rawalpindi,PKR 16.25 Crore,162500000,6,6,1 Kanal,4500.0,36111,House,True,48,super hot48Share on FacebookShare on TwitterShare on WhatsAppSend via GMailSend via E-Mail,90,Houses_Rawalpindi,2026-08-10,https://www.zameen.com/Property/bahria_town_rawalpindi_bahria_town_phase_5_1_kanal_house_for_sale_in_bahria_town_rawalpindi-54357513-3045-1.html
Most Reasonable Condition Tile Flooring Used House Available In The Market Right Now.,PKR 3.99 Crore,39900000,5,6,10 Marla,2250.0,17733,House,True,26,super hot26Share on FacebookShare on TwitterShare on WhatsAppSend via GMailSend via E-Mail,90,Houses_Rawalpindi,2026-08-10,https://www.zameen.com/Property/bahria_town_rawalpindi_bahria_town_phase_3_most_reasonable_condition_tile_flooring_used_house_available_in_the_market_right_now-54538279-3036-1.html
Cheapest House In The Market,PKR 3.5 Crore,35000000,5,5,10 Marla,2250.0,15555,House,True,17,super hot17Share on FacebookShare on TwitterShare on WhatsAppSend via GMailSend via E-Mail,90,Houses_Rawalpindi,2026-08-10,https://www.zameen.com/Property/bahria_town_rawalpindi_bahria_town_phase_4_cheapest_house_in_the_market-54542492-3041-1.html
Main Double Road House For Sale Situated In Media Town - Block C,PKR 7 Crore,70000000,6,6,12.4 Marla,2790.0,25089,House,True,31,super hot311VerifiedShare on FacebookShare on TwitterShare on WhatsAppSend via GMailSend via E-Mail,99,Houses_Rawalpindi,2026-08-10,https://www.zameen.com/Property/media_town_media_town_-_block_c_main_double_road_house_for_sale_situated_in_media_town_-_block_c-54513181-16392-1.html
Fully Furnished Designer House For Sale,PKR 5.5 Crore,55000000,3,4,12 Marla,2700.0,20370,House,True,43,super hot43Share on FacebookShare on TwitterShare on WhatsAppSend via GMailSend via E-Mail,90,Houses_Rawalpindi,2026-08-10,https://www.zameen.com/Property/bahria_town_rawalpindi_bahria_town_phase_2_fully_furnished_designer_house_for_sale-54139012-3035-1.html
5 Marla Designer House Available For Sale In M Sector,PKR 2.2 Crore,22000000,3,4,5 Marla,1125.0,19555,House,True,14,super hot14Share on FacebookShare on TwitterShare on WhatsAppSend via GMailSend via E-Mail,90,Houses_Rawalpindi,2026-08-10,https://www.zameen.com/Property/bahria_town_rawalpindi_bahria_town_phase_8_5_marla_designer_house_available_for_sale_in_m_sector-54008107-3048-1.html
Prime Location 6 Marla House In Central Airport Housing Society For Sale,PKR 2.2 Crore,22000000,4,4,6 Marla,1350.0,16296,House,True,26,super hot261VerifiedShare on FacebookShare on TwitterShare on WhatsAppSend via GMailSend via E-Mail,99,Houses_Rawalpindi,2026-08-10,https://www.zameen.com/Property/rawalpindi_airport_housing_society_prime_location_6_marla_house_in_central_airport_housing_society_for_sale-54540918-426-1.html
Buy A Centrally Located Prime Location 5 Marla House In Airport Housing Society,PKR 1.9 Crore,19000000,2,2,5 Marla,1125.0,16888,House,True,18,super hot181VerifiedShare on FacebookShare on TwitterShare on WhatsAppSend via GMailSend via E-Mail,99,Houses_Rawalpindi,2026-08-10,https://www.zameen.com/Property/rawalpindi_airport_housing_society_buy_a_centrally_located_prime_location_5_marla_house_in_airport_housing_society-54540919-426-1.html
Double Storey 6 Marla House Available In Bahria Town Phase 8 - Sector E-1 For Sale,PKR 2.8 Crore,28000000,3,4,6 Marla,1350.0,20740,House,True,17,hot17Share on FacebookShare on TwitterShare on WhatsAppSend via GMailSend via E-Mail,84,Houses_Rawalpindi,2026-08-10,https://www.zameen.com/Property/bahria_town_phase_8_bahria_town_phase_8_-_sector_e-1_double_storey_6_marla_house_available_in_bahria_town_phase_8_-_sector_e-1_for_sale-54568042-8360-1.html
Brand New 10 Marla Designer House | Bahria Town | Ready to Move,PKR 4.5 Crore,45000000,5,6,10 Marla,2250.0,20000,House,True,28,hot28Share on FacebookShare on TwitterShare on WhatsAppSend via GMailSend via E-Mail,84,Houses_Rawalpindi,2026-08-10,https://www.zameen.com/Property/bahria_town_rawalpindi_bahria_town_phase_8_brand_new_10_marla_designer_house_bahria_town_ready_to_move-54567312-3048-1.html
SD House 5 Bedroom At Prime Location In Askari 14,PKR 6.6 Crore,66000000,6,6,10 Marla,2250.0,29333,House,False,19,hot19Share on FacebookShare on TwitterShare on WhatsAppSend via GMailSend via E-Mail,84,Houses_Rawalpindi,2026-08-10,https://www.zameen.com/Property/rawalpindi_askari_14_sd_house_5_bedroom_at_prime_location_in_askari_14-54280580-1504-1.html
Special House 5 Bedroom With Lift Available In Askari 14 Rawalpindi,PKR 11 Crore,110000000,11,6,1 Kanal,4500.0,24444,House,False,30,hot30Share on FacebookShare on TwitterShare on WhatsAppSend via GMailSend via E-Mail,84,Houses_Rawalpindi,2026-08-10,https://www.zameen.com/Property/rawalpindi_askari_14_special_house_5_bedroom_with_lift_available_in_askari_14_rawalpindi-53425847-1504-1.html
Full Colonel Renovated House Available for Sale in Askari 14 Rawalpindi,PKR 7.6 Crore,76000000,5,6,12 Marla,2700.0,28148,House,False,34,hot341VerifiedShare on FacebookShare on TwitterShare on WhatsAppSend via GMailSend via E-Mail,93,Houses_Rawalpindi,2026-08-10,https://www.zameen.com/Property/rawalpindi_askari_14_full_colonel_renovated_house_available_for_sale_in_askari_14_rawalpindi-53719226-1504-1.html
10 Marla 4 Bedroom House Available For Sale In Sector A Askari 14 Rawalpindi,PKR 6 Crore,60000000,6,4,10 Marla,2250.0,26666,House,False,30,hot30Share on FacebookShare on TwitterShare on WhatsAppSend via GMailSend via E-Mail,84,Houses_Rawalpindi,2026-08-10,https://www.zameen.com/Property/rawalpindi_askari_14_10_marla_4_bedroom_house_available_for_sale_in_sector_a_askari_14_rawalpindi-53768135-1504-1.html
Stunning and affordable House available for sale in Bahria Safari Valley - Sector B,PKR 2.6 Crore,26000000,3,4,8 Marla,1800.0,14444,House,False,34,hot34Share on FacebookShare on TwitterShare on WhatsAppSend via GMailSend via E-Mail,84,Houses_Rawalpindi,2026-08-10,https://www.zameen.com/Property/bahria_town_phase_8_safari_valley_bahria_safari_valley_-_sector_b_stunning_and_affordable_house_available_for_sale_in_bahria_safari_valley_-_sector_b-54583416-16292-1.html
On Excellent Location 10 Marla House For Sale In Bahria Town Phase 8 - Block A Rawalpindi In Only Rs. 45000000,PKR 4.5 Crore,45000000,5,6,10 Marla,2250.0,20000,House,False,40,401VerifiedShare on FacebookShare on TwitterShare on WhatsAppSend via GMailSend via E-Mail,90,Houses_Rawalpindi,2026-08-10,https://www.zameen.com/Property/bahria_town_phase_8_bahria_town_phase_8_-_block_a_on_excellent_location_10_marla_house_for_sale_in_bahria_town_phase_8_-_block_a_rawalpindi_in_only_rs_45000000-53665432-3049-1.html
On Excellent Location In Bahria Town Phase 8 - Block M 5 Marla House For sale,PKR 2.3 Crore,23000000,3,4,5 Marla,1125.0,20444,House,False,34,341VerifiedShare on FacebookShare on TwitterShare on WhatsAppSend via GMailSend via E-Mail,90,Houses_Rawalpindi,2026-08-10,https://www.zameen.com/Property/bahria_town_phase_8_bahria_town_phase_8_-_block_m_on_excellent_location_in_bahria_town_phase_8_-_block_m_5_marla_house_for_sale-54195117-3062-1.html
5 Marla Designer House With A+ Construction Is Available For Sale,PKR 6.7 Crore,67000000,4,5,5 Marla,1125.0,59555,House,False,50,501VerifiedShare on FacebookShare on TwitterShare on WhatsAppSend via GMailSend via E-Mail,90,Houses_Rawalpindi,2026-08-10,https://www.zameen.com/Property/satellite_town_satellite_town_-_block_e_5_marla_designer_house_with_a_construction_is_available_for_sale-54284927-10239-1.html
installments house 5 Marla Solar Installed Double Single Storey Also Available,PKR 2.2 Crore,22000000,3,4,5 Marla,1125.0,19555,House,False,50,501Share on FacebookShare on TwitterShare on WhatsAppSend via GMailSend via E-Mail,82,Houses_Rawalpindi,2026-08-10,https://www.zameen.com/Property/bahria_town_phase_8_bahria_town_phase_8_-_block_l_installments_house_5_marla_solar_installed_double_single_storey_also_available-53779110-3061-1.html
5.5 Marla House With 3 Marla C Category Lawn,PKR 2.5 Crore,25000000,3,4,5.5 Marla,1237.5,20202,House,False,39,39Share on FacebookShare on TwitterShare on WhatsAppSend via GMailSend via E-Mail,81,Houses_Rawalpindi,2026-08-10,https://www.zameen.com/Property/bahria_greens_overseas_enclave_bahria_greens_-_overseas_enclave_-_sector_5_5_5_marla_house_with_3_marla_c_category_lawn-54144789-8304-1.html
5 Marla Designer Solar Brand New L Block,PKR 1.95 Crore,19500000,3,4,5 Marla,1125.0,17333,House,False,23,231Share on FacebookShare on TwitterShare on WhatsAppSend via GMailSend via E-Mail,82,Houses_Rawalpindi,2026-08-10,https://www.zameen.com/Property/bahria_town_phase_8_bahria_town_phase_8_-_block_l_5_marla_designer_solar_brand_new_l_block-53871929-3061-1.html
Your Dream Fully Furnished 24 Marla House Is Available In Bahria Town Phase 8 - Usman D Block,PKR 17 Crore,170000000,5,5,1.2 Kanal,5400.0,31481,House,False,27,27Share on FacebookShare on TwitterShare on WhatsAppSend via GMailSend via E-Mail,81,Houses_Rawalpindi,2026-08-10,https://www.zameen.com/Property/bahria_town_phase_8_safari_valley_bahria_town_phase_8_-_usman_d_block_your_dream_fully_furnished_24_marla_house_is_available_in_bahria_town_phase_8_-_usman_d_block-54311955-12179-1.html
Double Storey 5 Marla House Available In Bahria Town Phase 8 - Rafi Block For Sale,PKR 1.85 Crore,18500000,3,3,5 Marla,1125.0,16444,House,False,16,16Share on FacebookShare on TwitterShare on WhatsAppSend via GMailSend via E-Mail,81,Houses_Rawalpindi,2026-08-10,https://www.zameen.com/Property/bahria_town_phase_8_bahria_town_phase_8_-_rafi_block_double_storey_5_marla_house_available_in_bahria_town_phase_8_-_rafi_block_for_sale-54311956-3071-1.html
1 Kanal House For Sale In Bahria Town Rawalpindi,PKR 8 Crore,80000000,8,6,1 Kanal,4500.0,17777,House,True,48,super hot48Share on FacebookShare on TwitterShare on WhatsAppSend via GMailSend via E-Mail,90,Houses_Rawalpindi,2026-08-10,https://www.zameen.com/Property/bahria_town_rawalpindi_bahria_town_phase_5_1_kanal_house_for_sale_in_bahria_town_rawalpindi-49763694-3045-1.html
Amazing House is Available For sale,PKR 6.9 Crore,69000000,6,6,12 Marla,2700.0,25555,House,True,31,super hot311Share on FacebookShare on TwitterShare on WhatsAppSend via GMailSend via E-Mail,91,Houses_Rawalpindi,2026-08-10,https://www.zameen.com/Property/media_town_media_town_-_block_d_amazing_house_is_available_for_sale-54456463-16393-1.html
Amazing House Is Available For Sale,PKR 5.45 Crore,54500000,6,6,12 Marla,2700.0,20185,House,True,25,super hot25Share on FacebookShare on TwitterShare on WhatsAppSend via GMailSend via E-Mail,90,Houses_Rawalpindi,2026-08-10,https://www.zameen.com/Property/media_town_media_town_-_block_c_amazing_house_is_available_for_sale-54457996-16392-1.html
Beautiful House Is Available For Sale,PKR 4.15 Crore,41500000,3,3,6 Marla,1350.0,30740,House,True,47,super hot47Share on FacebookShare on TwitterShare on WhatsAppSend via GMailSend via E-Mail,90,Houses_Rawalpindi,2026-08-10,https://www.zameen.com/Property/media_town_media_town_-_block_a_beautiful_house_is_available_for_sale-54518760-16390-1.html
10 Marla Tripple Storey Used House Is Available For Sale In Bahria town Phase 2 Islamabad /RWP,PKR 4.35 Crore,43500000,5,6,10 Marla,2250.0,19333,House,True,30,super hot30Share on FacebookShare on TwitterShare on WhatsAppSend via GMailSend via E-Mail,90,Houses_Rawalpindi,2026-08-10,https://www.zameen.com/Property/bahria_town_rawalpindi_bahria_town_phase_2_10_marla_tripple_storey_used_house_is_available_for_sale_in_bahria_town_phase_2_islamabad_rwp-53942725-3035-1.html
A Prime Location House Of 6 Marla In Rs. 21500000,PKR 2.15 Crore,21500000,6,6,6 Marla,1350.0,15925,House,True,21,super hot211VerifiedShare on FacebookShare on TwitterShare on WhatsAppSend via GMailSend via E-Mail,99,Houses_Rawalpindi,2026-08-10,https://www.zameen.com/Property/rawalpindi_airport_housing_society_a_prime_location_house_of_6_marla_in_rs_21500000-54561668-426-1.html
Dubble Story House For Sale In Airport Housing Society,PKR 1.9 Crore,19000000,4,5,5 Marla,1125.0,16888,House,True,50,super hot50Share on FacebookShare on TwitterShare on WhatsAppSend via GMailSend via E-Mail,90,Houses_Rawalpindi,2026-08-10,https://www.zameen.com/Property/rawalpindi_airport_housing_society_dubble_story_house_for_sale_in_airport_housing_society-54559634-426-1.html
Fazal Town Phase 1 House Sized 7 Marla,PKR 2.1 Crore,21000000,7,6,7 Marla,1575.0,13333,House,True,11,super hot11Share on FacebookShare on TwitterShare on WhatsAppSend via GMailSend via E-Mail,90,Houses_Rawalpindi,2026-08-10,https://www.zameen.com/Property/fazal_town_fazal_town_phase_1_fazal_town_phase_1_house_sized_7_marla-54559558-6013-1.html
Solar Powered Brig House for Sale in Askari 14,PKR 9.25 Crore,92500000,4,5,1 Kanal,4500.0,20555,House,True,11,super hot11Share on FacebookShare on TwitterShare on WhatsAppSend via GMailSend via E-Mail,90,Houses_Rawalpindi,2026-08-10,https://www.zameen.com/Property/rawalpindi_askari_14_solar_powered_brig_house_for_sale_in_askari_14-54289724-1504-1.html
Designer House Available For Sale In Bahria Town,PKR 2.85 Crore,28500000,5,5,6 Marla,1350.0,21111,House,True,20,super hot20Share on FacebookShare on TwitterShare on WhatsAppSend via GMailSend via E-Mail,90,Houses_Rawalpindi,2026-08-10,https://www.zameen.com/Property/bahria_town_rawalpindi_bahria_town_phase_8_designer_house_available_for_sale_in_bahria_town-54517676-3048-1.html
Beautiful 10 Marla Modern House For Sale | Bahria Town Islamabad,PKR 4.95 Crore,49500000,5,6,10 Marla,2250.0,22000,House,True,36,hot36Share on FacebookShare on TwitterShare on WhatsAppSend via GMailSend via E-Mail,84,Houses_Rawalpindi,2026-08-10,https://www.zameen.com/Property/bahria_town_rawalpindi_bahria_town_phase_8_beautiful_10_marla_modern_house_for_sale_bahria_town_islamabad-54567674-3048-1.html
House Of 5 Marla Is Available For Sale In Bahria Town Phase 8 - Block M,PKR 2.5 Crore,25000000,4,4,5 Marla,1125.0,22222,House,True,13,hot13Share on FacebookShare on TwitterShare on WhatsAppSend via GMailSend via E-Mail,84,Houses_Rawalpindi,2026-08-10,https://www.zameen.com/Property/bahria_town_phase_8_bahria_town_phase_8_-_block_m_house_of_5_marla_is_available_for_sale_in_bahria_town_phase_8_-_block_m-54568938-3062-1.html
Affordable Prime Location House Available For Sale In Airport Housing Society - Sector 3,PKR 5.5 Crore,55000000,6,6,12 Marla,2700.0,20370,House,False,23,hot231VerifiedShare on FacebookShare on TwitterShare on WhatsAppSend via GMailSend via E-Mail,93,Houses_Rawalpindi,2026-08-10,https://www.zameen.com/Property/airport_housing_society_airport_housing_society_-_sector_3_affordable_prime_location_house_available_for_sale_in_airport_housing_society_-_sector_3-54353538-9154-1.html
6 MARLA 1.7 STORY HOUSE IN MAIN ROAD PRIME LOCATION Best Opportunity In Rawalpindi,PKR 1.84 Crore,18400000,3,3,6 Marla,1350.0,13629,House,False,27,hot27Share on FacebookShare on TwitterShare on WhatsAppSend via GMailSend via E-Mail,84,Houses_Rawalpindi,2026-08-10,https://www.zameen.com/Property/airport_housing_society_airport_housing_society_-_sector_4_6_marla_1_7_story_house_in_main_road_prime_location_best_opportunity_in_rawalpindi-54523018-9155-1.html
5 MARLA BRAND NEW LUSH DOUBLE STORY HOUSE FOR SELL AT AIRPORT HOUSING SOCIETY RAWALPINDI,PKR 2.4 Crore,24000000,5,6,5 Marla,1125.0,21333,House,False,46,hot46Share on FacebookShare on TwitterShare on WhatsAppSend via GMailSend via E-Mail,84,Houses_Rawalpindi,2026-08-10,https://www.zameen.com/Property/airport_housing_society_airport_housing_society_-_sector_4_5_marla_brand_new_lush_double_story_house_for_sell_at_airport_housing_society_rawalpindi-54523511-9155-1.html
5 MARLA DOUBLE STOREY HOME AVILIBLE FOR SALE AT PRIME LOCATION OF AIRPORT HOUSSING SOCIETY SECTOR 4 RAWALPINDI,PKR 2.2 Crore,22000000,4,5,5 Marla,1125.0,19555,Unknown,False,26,hot26Share on FacebookShare on TwitterShare on WhatsAppSend via GMailSend via E-Mail,84,Houses_Rawalpindi,2026-08-10,https://www.zameen.com/Property/airport_housing_society_airport_housing_society_-_sector_4_5_marla_double_storey_home_avilible_for_sale_at_prime_location_of_airport_houssing_society_sector_4_rawalpindi-54528293-9155-1.html
5 MARLA BRAND NEE LUSH DOUBLE STORY HOUSE FOR SELL AT BAIRPORT HOUSING SOCIETY RAWALPINDI,PKR 2.1 Crore,21000000,4,5,5 Marla,1125.0,18666,House,False,27,hot27Share on FacebookShare on TwitterShare on WhatsAppSend via GMailSend via E-Mail,84,Houses_Rawalpindi,2026-08-10,https://www.zameen.com/Property/airport_housing_society_airport_housing_society_-_sector_4_5_marla_brand_nee_lush_double_story_house_for_sell_at_bairport_housing_society_rawalpindi-54535089-9155-1.html
Brand New 5 Marla House For Sale In Bahria Town Phase 8 - Ali Block Rawalpindi,PKR 2.5 Crore,25000000,4,4,5 Marla,1125.0,22222,House,False,20,20Share on FacebookShare on TwitterShare on WhatsAppSend via GMailSend via E-Mail,81,Houses_Rawalpindi,2026-08-10,https://www.zameen.com/Property/bahria_town_phase_8_safari_valley_bahria_town_phase_8_-_ali_block_brand_new_5_marla_house_for_sale_in_bahria_town_phase_8_-_ali_block_rawalpindi-54322133-3070-1.html
Back Open View Luxury House For Sale,PKR 7.75 Crore,77500000,6,7,1 Kanal,4500.0,17222,House,False,33,33Share on FacebookShare on TwitterShare on WhatsAppSend via GMailSend via E-Mail,81,Houses_Rawalpindi,2026-08-10,https://www.zameen.com/Property/bahria_town_rawalpindi_bahria_town_phase_8_back_open_view_luxury_house_for_sale-52374848-3048-1.html
Brand New Designer House Up For Sale In Bahria Town Phase 8 Rawalpindi,PKR 2.25 Crore,22500000,4,5,5 Marla,1125.0,20000,House,False,18,18Share on FacebookShare on TwitterShare on WhatsAppSend via GMailSend via E-Mail,81,Houses_Rawalpindi,2026-08-10,https://www.zameen.com/Property/bahria_town_phase_8_bahria_town_phase_8_-_block_i_brand_new_designer_house_up_for_sale_in_bahria_town_phase_8_rawalpindi-52396707-3057-1.html
Brand New 5 Marla Designer House Up For Sale In Bahria Town Phase 8 Rawalpindi,PKR 2 Crore,20000000,3,5,5 Marla,1125.0,17777,House,False,19,19Share on FacebookShare on TwitterShare on WhatsAppSend via GMailSend via E-Mail,81,Houses_Rawalpindi,2026-08-10,https://www.zameen.com/Property/bahria_town_phase_8_bahria_town_phase_8_-_block_m_brand_new_5_marla_designer_house_up_for_sale_in_bahria_town_phase_8_rawalpindi-52526891-3062-1.html
1 Kanal House Is Available For Sale In A Block,PKR 7 Crore,70000000,6,6,1 Kanal,4500.0,15555,House,False,6,6Share on FacebookShare on TwitterShare on WhatsAppSend via GMailSend via E-Mail,80,Houses_Rawalpindi,2026-08-10,https://www.zameen.com/Property/bahria_town_phase_8_bahria_town_phase_8_-_block_a_1_kanal_house_is_available_for_sale_in_a_block-53733556-3049-1.html
Bahria Town Beautiful 5 Marla Safari Home For Sale,PKR 1.2 Crore,12000000,2,2,5 Marla,1125.0,10666,Unknown,True,13,13Share on FacebookShare on TwitterShare on WhatsAppSend via GMailSend via E-Mail,81,Houses_Rawalpindi,2026-08-10,https://www.zameen.com/Property/bahria_town_phase_8_bahria_town_phase_8_-_safari_homes_bahria_town_beautiful_5_marla_safari_home_for_sale-54349657-10610-1.html
7 Marla Brand New Luxury House For Sale Bahria Town Phase 8 Rawalpindi,PKR 2.5 Crore,25000000,5,6,7 Marla,1575.0,15873,House,True,33,33Share on FacebookShare on TwitterShare on WhatsAppSend via GMailSend via E-Mail,81,Houses_Rawalpindi,2026-08-10,https://www.zameen.com/Property/bahria_town_rawalpindi_bahria_town_phase_8_7_marla_brand_new_luxury_house_for_sale_bahria_town_phase_8_rawalpindi-53486873-3048-1.html
5 Marla House Is Available For Sale,PKR 2.5 Crore,25000000,3,4,5 Marla,1125.0,22222,House,True,16,super hot161VerifiedShare on FacebookShare on TwitterShare on WhatsAppSend via GMailSend via E-Mail,99,Houses_Faisalabad,2026-08-10,https://www.zameen.com/Property/faisalabad_eden_valley_5_marla_house_is_available_for_sale-54497804-8917-1.html
10 Marla Brand New East Open Wireless Park House For Sale,PKR 4.6 Crore,46000000,5,6,10 Marla,2250.0,20444,House,True,9,super hot9Share on FacebookShare on TwitterShare on WhatsAppSend via GMailSend via E-Mail,89,Houses_Faisalabad,2026-08-10,https://www.zameen.com/Property/wapda_city_wapda_city_-_block_k_10_marla_brand_new_east_open_wireless_park_house_for_sale-54571527-5075-1.html
10 Marla Brand New Luxury House For Sale In Wapda City M Block Near To School Near To Park Near To Gate,PKR 4.75 Crore,47500000,5,6,10 Marla,2250.0,21111,House,True,7,super hot7VerifiedShare on FacebookShare on TwitterShare on WhatsAppSend via GMailSend via E-Mail,97,Houses_Faisalabad,2026-08-10,https://www.zameen.com/Property/wapda_city_wapda_city_-_block_m_10_marla_brand_new_luxury_house_for_sale_in_wapda_city_m_block_near_to_school_near_to_park_near_to_gate-54581736-5077-1.html
Spacious House Is Available For Sale In Ideal Location Of Wapda City - Block M,PKR 4.9 Crore,49000000,5,6,10 Marla,2250.0,21777,House,True,4,super hot4Share on FacebookShare on TwitterShare on WhatsAppSend via GMailSend via E-Mail,89,Houses_Faisalabad,2026-08-10,https://www.zameen.com/Property/wapda_city_wapda_city_-_block_m_spacious_house_is_available_for_sale_in_ideal_location_of_wapda_city_-_block_m-54491096-5077-1.html
4 Marla Brand New House For Sale,PKR 1.35 Crore,13500000,4,4,4 Marla,900.0,15000,House,True,12,super hot12Share on FacebookShare on TwitterShare on WhatsAppSend via GMailSend via E-Mail,90,Houses_Faisalabad,2026-08-10,https://www.zameen.com/Property/lower_canal_road_green_orchard_4_marla_brand_new_house_for_sale-53959991-15298-1.html
Park Facing Home Citi Housing Samundri road,PKR 1.9 Crore,19000000,5,6,5 Marla,1125.0,16888,Unknown,True,7,super hot7Share on FacebookShare on TwitterShare on WhatsAppSend via GMailSend via E-Mail,89,Houses_Faisalabad,2026-08-10,https://www.zameen.com/Property/citi_housing_citi_housing_samundri_road_park_facing_home_citi_housing_samundri_road-54586856-11230-1.html
"""Prime Opportunity: Block C, University Town Sargodha Road """,PKR 5.95 Crore,59500000,6,6,1 Kanal,4500.0,13222,House,True,5,super hot5Share on FacebookShare on TwitterShare on WhatsAppSend via GMailSend via E-Mail,89,Houses_Faisalabad,2026-08-10,https://www.zameen.com/Property/faisalabad_university_town_prime_opportunity_block_c_university_town_sargodha_road-54585788-5063-1.html
5 Marla House Available For Sale In Citi Housing Sargodha Road,PKR 1.7 Crore,17000000,3,4,5 Marla,1125.0,15111,House,True,39,super hot39Share on FacebookShare on TwitterShare on WhatsAppSend via GMailSend via E-Mail,90,Houses_Faisalabad,2026-08-10,https://www.zameen.com/Property/citi_housing_citi_housing_sargodha_road_5_marla_house_available_for_sale_in_citi_housing_sargodha_road-53958683-11229-1.html
4 Marla Brand New Luxurious Home For Sale,PKR 1.95 Crore,19500000,3,4,4 Marla,900.0,21666,Unknown,True,24,super hot24Share on FacebookShare on TwitterShare on WhatsAppSend via GMailSend via E-Mail,90,Houses_Faisalabad,2026-08-10,https://www.zameen.com/Property/eden_gardens_eden_executive_4_marla_brand_new_luxurious_home_for_sale-54479529-10765-1.html
5 Marla Beautiful & Lavish House for Sale,PKR 2.7 Crore,27000000,3,4,5 Marla,1125.0,24000,House,True,18,super hot18Share on FacebookShare on TwitterShare on WhatsAppSend via GMailSend via E-Mail,90,Houses_Faisalabad,2026-08-10,https://www.zameen.com/Property/faisalabad_eden_orchard_5_marla_beautiful_lavish_house_for_sale-54575043-11162-1.html
2.5 Marla Brand New House For Sale,PKR 95 Lakh,9500000,3,4,2.5 Marla,562.5,16888,House,True,16,hot16Share on FacebookShare on TwitterShare on WhatsAppSend via GMailSend via E-Mail,84,Houses_Faisalabad,2026-08-10,https://www.zameen.com/Property/faisalabad_gulberg_valley_2_5_marla_brand_new_house_for_sale-54586516-10823-1.html
3 Marla Nearest Park Good Location Plot For Sale,PKR 1.1 Crore,11000000,3,4,3 Marla,675.0,16296,Plot,True,17,hot17Share on FacebookShare on TwitterShare on WhatsAppSend via GMailSend via E-Mail,84,Houses_Faisalabad,2026-08-10,https://www.zameen.com/Property/faisalabad_gulberg_valley_3_marla_nearest_park_good_location_plot_for_sale-54586496-10823-1.html
Affordable House For sale In Eden Executive,PKR 2.5 Crore,25000000,,,5 Marla,1125.0,22222,House,False,18,hot18VerifiedShare on FacebookShare on TwitterShare on WhatsAppSend via GMailSend via E-Mail,92,Houses_Faisalabad,2026-08-10,https://www.zameen.com/Property/eden_gardens_eden_executive_affordable_house_for_sale_in_eden_executive-54591128-10765-1.html
Centrally Located House In Citi Housing Sargodha Road - Block C Is Available For sale,PKR 1.95 Crore,19500000,,,5 Marla,1125.0,17333,House,False,17,hot17VerifiedShare on FacebookShare on TwitterShare on WhatsAppSend via GMailSend via E-Mail,92,Houses_Faisalabad,2026-08-10,https://www.zameen.com/Property/citi_housing_sargodha_road_citi_housing_sargodha_road_-_block_c_centrally_located_house_in_citi_housing_sargodha_road_-_block_c_is_available_for_sale-54500333-14611-1.html
20 Marla New House For Sale In Eden Orchard Sarghodha Road Faisalabad,PKR 8 Crore,80000000,6,6,1 Kanal,4500.0,17777,House,False,11,hot11VerifiedShare on FacebookShare on TwitterShare on WhatsAppSend via GMailSend via E-Mail,92,Houses_Faisalabad,2026-08-10,https://www.zameen.com/Property/faisalabad_eden_orchard_20_marla_new_house_for_sale_in_eden_orchard_sarghodha_road_faisalabad-54391153-11162-1.html
6.3 Marla Luxury House For Sale In Hassan Block Khyaban Gardens Sarghodha Road Faisalabad,PKR 2.6 Crore,26000000,4,5,6.3 Marla,1417.5,18342,House,False,23,hot23VerifiedShare on FacebookShare on TwitterShare on WhatsAppSend via GMailSend via E-Mail,92,Houses_Faisalabad,2026-08-10,https://www.zameen.com/Property/faisalabad_khayaban_gardens_6_3_marla_luxury_house_for_sale_in_hassan_block_khyaban_gardens_sarghodha_road_faisalabad-54427948-4981-1.html
5 Marla Luxury House For Sale,PKR 2.85 Crore,28500000,4,5,5 Marla,1125.0,25333,House,False,26,hot26Share on FacebookShare on TwitterShare on WhatsAppSend via GMailSend via E-Mail,84,Houses_Faisalabad,2026-08-10,https://www.zameen.com/Property/faisalabad_eden_valley_5_marla_luxury_house_for_sale-54527814-8917-1.html
Your Search Ends Right Here With The Beautiful House In Citi Housing - Phase 1 At Affordable Price Of Pkr Rs. 30000000,PKR 2.7 Crore,27000000,,,10 Marla,2250.0,12000,House,False,14,14VerifiedShare on FacebookShare on TwitterShare on WhatsAppSend via GMailSend via E-Mail,89,Houses_Faisalabad,2026-08-10,https://www.zameen.com/Property/citi_housing_citi_housing_sargodha_road_your_search_ends_right_here_with_the_beautiful_house_in_citi_housing_-_phase_1_at_affordable_price_of_pkr_rs_30000000-54485515-11229-1.html
Brand New Beautiful House Available For Sale In C Block,PKR 1.65 Crore,16500000,3,4,5 Marla,1125.0,14666,House,False,21,21VerifiedShare on FacebookShare on TwitterShare on WhatsAppSend via GMailSend via E-Mail,89,Houses_Faisalabad,2026-08-10,https://www.zameen.com/Property/citi_housing_citi_housing_sargodha_road_brand_new_beautiful_house_available_for_sale_in_c_block-54485514-11229-1.html
A Prime Location 5 Marla House Is Up For Grabs In Four Season Housing,PKR 2.5 Crore,25000000,,,5 Marla,1125.0,22222,House,False,7,7VerifiedShare on FacebookShare on TwitterShare on WhatsAppSend via GMailSend via E-Mail,88,Houses_Faisalabad,2026-08-10,https://www.zameen.com/Property/faisalabad_four_season_housing_a_prime_location_5_marla_house_is_up_for_grabs_in_four_season_housing-54467717-4945-1.html
Prime Location Four Season Housing 5 Marla House Up For sale,PKR 1.9 Crore,19000000,,,5 Marla,1125.0,16888,House,False,7,7VerifiedShare on FacebookShare on TwitterShare on WhatsAppSend via GMailSend via E-Mail,88,Houses_Faisalabad,2026-08-10,https://www.zameen.com/Property/faisalabad_four_season_housing_prime_location_four_season_housing_5_marla_house_up_for_sale-54467718-4945-1.html
A Prime Location 5 Marla House Has Landed On Market In Four Season Housing Of Four Season Housing,PKR 2.25 Crore,22500000,,,5 Marla,1125.0,20000,House,False,6,6VerifiedShare on FacebookShare on TwitterShare on WhatsAppSend via GMailSend via E-Mail,88,Houses_Faisalabad,2026-08-10,https://www.zameen.com/Property/faisalabad_four_season_housing_a_prime_location_5_marla_house_has_landed_on_market_in_four_season_housing_of_four_season_housing-54467719-4945-1.html
Prime Location Four Season Housing House Sized 7 Marla Is Available,PKR 3.65 Crore,36500000,,,7 Marla,1575.0,23174,House,False,6,6VerifiedShare on FacebookShare on TwitterShare on WhatsAppSend via GMailSend via E-Mail,88,Houses_Faisalabad,2026-08-10,https://www.zameen.com/Property/faisalabad_four_season_housing_prime_location_four_season_housing_house_sized_7_marla_is_available-54467720-4945-1.html
Prime Location 6 Marla House For Sale,PKR 3.4 Crore,34000000,,,6 Marla,1350.0,25185,House,False,5,5VerifiedShare on FacebookShare on TwitterShare on WhatsAppSend via GMailSend via E-Mail,88,Houses_Faisalabad,2026-08-10,https://www.zameen.com/Property/faisalabad_four_season_housing_prime_location_6_marla_house_for_sale-54467721-4945-1.html
10 Marla House On Reasonable Price,PKR 2.75 Crore,27500000,5,5,10 Marla,2250.0,12222,House,False,19,19VerifiedShare on FacebookShare on TwitterShare on WhatsAppSend via GMailSend via E-Mail,89,Houses_Faisalabad,2026-08-10,https://www.zameen.com/Property/citi_housing_sargodha_road_citi_housing_sargodha_road_-_block_c_10_marla_house_on_reasonable_price-54590016-14611-1.html
7 Marla House Available In Eden Valley For Sale,PKR 4 Crore,40000000,4,5,7 Marla,1575.0,25396,House,True,40,super hot401Share on FacebookShare on TwitterShare on WhatsAppSend via GMailSend via E-Mail,91,Houses_Faisalabad,2026-08-10,https://www.zameen.com/Property/faisalabad_eden_valley_7_marla_house_available_in_eden_valley_for_sale-54497802-8917-1.html
7. Marla House Eden Valley You Can Find The Perfect House For Sale,PKR 4.25 Crore,42500000,5,6,7 Marla,1575.0,26984,House,True,31,super hot311Share on FacebookShare on TwitterShare on WhatsAppSend via GMailSend via E-Mail,91,Houses_Faisalabad,2026-08-10,https://www.zameen.com/Property/faisalabad_eden_valley_7_marla_house_eden_valley_you_can_find_the_perfect_house_for_sale-54497801-8917-1.html
5 Marla House Available In Eden Valley For Sale,PKR 2.7 Crore,27000000,3,4,5 Marla,1125.0,24000,House,True,14,super hot141Share on FacebookShare on TwitterShare on WhatsAppSend via GMailSend via E-Mail,91,Houses_Faisalabad,2026-08-10,https://www.zameen.com/Property/faisalabad_eden_valley_5_marla_house_available_in_eden_valley_for_sale-54497803-8917-1.html
Fair-Priced 5 Marla House Available In Wapda City - Block L,PKR 2 Crore,20000000,,,5 Marla,1125.0,17777,House,True,10,super hot10VerifiedShare on FacebookShare on TwitterShare on WhatsAppSend via GMailSend via E-Mail,98,Houses_Faisalabad,2026-08-10,https://www.zameen.com/Property/wapda_city_wapda_city_-_block_l_fair-priced_5_marla_house_available_in_wapda_city_-_block_l-54487554-5076-1.html
3 Marla Brand New Good Location House For Sale,PKR 1.3 Crore,13000000,3,3,3 Marla,675.0,19259,House,True,21,super hot21Share on FacebookShare on TwitterShare on WhatsAppSend via GMailSend via E-Mail,90,Houses_Faisalabad,2026-08-10,https://www.zameen.com/Property/faisalabad_al_noor_garden_3_marla_brand_new_good_location_house_for_sale-54485968-8916-1.html
5 Marla Brand New Luxurious House For Sale,PKR 2.85 Crore,28500000,4,5,5 Marla,1125.0,25333,House,True,26,super hot26Share on FacebookShare on TwitterShare on WhatsAppSend via GMailSend via E-Mail,90,Houses_Faisalabad,2026-08-10,https://www.zameen.com/Property/faisalabad_eden_valley_5_marla_brand_new_luxurious_house_for_sale-54525085-8917-1.html
"ULTRA MODERN, 10 MARLA BRAND NEW LUXURY HOUSE FOR SALE",PKR 4.75 Crore,47500000,4,5,10 Marla,2250.0,21111,House,True,15,super hot15Share on FacebookShare on TwitterShare on WhatsAppSend via GMailSend via E-Mail,90,Houses_Faisalabad,2026-08-10,https://www.zameen.com/Property/wapda_city_wapda_city_-_block_m_ultra_modern_10_marla_brand_new_luxury_house_for_sale-54584764-5077-1.html
Newly Constructed 5 Marla House for Sale C Block Citi Housing Sargodha Road Faisalabad,PKR 1.8 Crore,18000000,3,4,5 Marla,1125.0,16000,House,True,48,super hot481Share on FacebookShare on TwitterShare on WhatsAppSend via GMailSend via E-Mail,91,Houses_Faisalabad,2026-08-10,https://www.zameen.com/Property/citi_housing_citi_housing_sargodha_road_newly_constructed_5_marla_house_for_sale_c_block_citi_housing_sargodha_road_faisalabad-53491169-11229-1.html
1 Kanal Corner Brand New House For Sale Wapda City,PKR 8 Crore,80000000,6,6,1.1 Kanal,4950.0,16161,House,True,15,super hot15VerifiedShare on FacebookShare on TwitterShare on WhatsAppSend via GMailSend via E-Mail,98,Houses_Faisalabad,2026-08-10,https://www.zameen.com/Property/wapda_city_wapda_city_-_block_f_1_kanal_corner_brand_new_house_for_sale_wapda_city-54206646-5071-1.html
5 Marla Used House For Sale In Eden Velly,PKR 2.25 Crore,22500000,3,4,5 Marla,1125.0,20000,House,True,16,super hot16Share on FacebookShare on TwitterShare on WhatsAppSend via GMailSend via E-Mail,90,Houses_Faisalabad,2026-08-10,https://www.zameen.com/Property/faisalabad_eden_valley_5_marla_used_house_for_sale_in_eden_velly-54419138-8917-1.html
Luxurious 4 Kanal Modern State Of The Art Bungalow For Sale In Abdullah Garden Faisalabad,PKR 45 Crore,450000000,6,7,4 Kanal,18000.0,25000,House,True,10,hot101Share on FacebookShare on TwitterShare on WhatsAppSend via GMailSend via E-Mail,85,Houses_Faisalabad,2026-08-10,https://www.zameen.com/Property/east_canal_road_abdullah_gardens_luxurious_4_kanal_modern_state_of_the_art_bungalow_for_sale_in_abdullah_garden_faisalabad-52047039-4890-1.html
Furnished Corner 13.5 Marla House For Sale In Wadie Sitara Faisalabad,PKR 8 Crore,80000000,4,5,13 Marla,2925.0,27350,House,True,22,hot221Share on FacebookShare on TwitterShare on WhatsAppSend via GMailSend via E-Mail,85,Houses_Faisalabad,2026-08-10,https://www.zameen.com/Property/lahore_sheikhupura_faisalabad_road_wadi-e-sitara_furnished_corner_13_5_marla_house_for_sale_in_wadie_sitara_faisalabad-53434038-12441-1.html
7 Marla Conner Beautiful & Lavish House For Sale,PKR 2.5 Crore,25000000,3,4,7 Marla,1575.0,15873,House,False,19,hot19Share on FacebookShare on TwitterShare on WhatsAppSend via GMailSend via E-Mail,84,Houses_Faisalabad,2026-08-10,https://www.zameen.com/Property/faisalabad_canal_road_7_marla_conner_beautiful_lavish_house_for_sale-53876022-1140-1.html
20 Marla Beautiful Furnished & Lavish House For Sale,PKR 14 Crore,140000000,5,7,1 Kanal,4500.0,31111,House,False,27,hot27Share on FacebookShare on TwitterShare on WhatsAppSend via GMailSend via E-Mail,84,Houses_Faisalabad,2026-08-10,https://www.zameen.com/Property/east_canal_road_abdullah_gardens_20_marla_beautiful_furnished_lavish_house_for_sale-54496692-4890-1.html
"Beautifu 5 Marla l Finished House, Just Behind Chiniot hospital",PKR 1.7 Crore,17000000,4,5,5 Marla,1125.0,15111,House,False,11,hot11Share on FacebookShare on TwitterShare on WhatsAppSend via GMailSend via E-Mail,84,Houses_Faisalabad,2026-08-10,https://www.zameen.com/Property/faisalabad_sargodha_road_beautifu_5_marla_l_finished_house_just_behind_chiniot_hospital-54582267-768-1.html
Brand New House,PKR 1.15 Crore,11500000,3,4,3 Marla,675.0,17037,House,False,7,hot7Share on FacebookShare on TwitterShare on WhatsAppSend via GMailSend via E-Mail,83,Houses_Faisalabad,2026-08-10,https://www.zameen.com/Property/ismail_valley_ismail_valley_-_block_a_brand_new_house-54540576-22349-1.html
House Available For Sale,PKR 2.3 Crore,23000000,5,4,5 Marla,1125.0,20444,House,False,3,hot3Share on FacebookShare on TwitterShare on WhatsAppSend via GMailSend via E-Mail,83,Houses_Faisalabad,2026-08-10,https://www.zameen.com/Property/faisalabad_gulistan_colony_no_1_house_available_for_sale-54451624-1073-1.html
House For Sale In Eden Executive,PKR 3.8 Crore,38000000,,,7 Marla,1575.0,24126,House,False,7,7VerifiedShare on FacebookShare on TwitterShare on WhatsAppSend via GMailSend via E-Mail,88,Houses_Faisalabad,2026-08-10,https://www.zameen.com/Property/eden_gardens_eden_executive_house_for_sale_in_eden_executive-54589929-10765-1.html
3 Marla 3 Bed Attached Bathroom Tv Lunch Kitchen Near Park Market Masjid,PKR 1.15 Crore,11500000,1,1,3.1 Marla,697.5,16487,Unknown,False,15,15VerifiedShare on FacebookShare on TwitterShare on WhatsAppSend via GMailSend via E-Mail,89,Houses_Faisalabad,2026-08-10,https://www.zameen.com/Property/faisalabad_madina_green_valley_3_marla_3_bed_attached_bathroom_tv_lunch_kitchen_near_park_market_masjid-54589928-13205-1.html
This Is Your Chance To Buy House In Faisalabad,PKR 1.4 Crore,14000000,,,3 Marla,675.0,20740,House,False,4,4VerifiedShare on FacebookShare on TwitterShare on WhatsAppSend via GMailSend via E-Mail,88,Houses_Faisalabad,2026-08-10,https://www.zameen.com/Property/canal_road_model_city_1_this_is_your_chance_to_buy_house_in_faisalabad-54589922-8590-1.html
Model City 1 5 Marla House Up For Sale,PKR 1.2 Crore,12000000,,,5 Marla,1125.0,10666,House,False,5,5VerifiedShare on FacebookShare on TwitterShare on WhatsAppSend via GMailSend via E-Mail,88,Houses_Faisalabad,2026-08-10,https://www.zameen.com/Property/canal_road_model_city_1_model_city_1_5_marla_house_up_for_sale-54589923-8590-1.html
A House Of 5 Marla In Model City 1,PKR 1.2 Crore,12000000,,,5 Marla,1125.0,10666,House,False,5,5VerifiedShare on FacebookShare on TwitterShare on WhatsAppSend via GMailSend via E-Mail,88,Houses_Faisalabad,2026-08-10,https://www.zameen.com/Property/canal_road_model_city_1_a_house_of_5_marla_in_model_city_1-54589920-8590-1.html
Model City 1 House Sized 5 Marla Is Available,PKR 1.8 Crore,18000000,,,5 Marla,1125.0,16000,House,False,4,4VerifiedShare on FacebookShare on TwitterShare on WhatsAppSend via GMailSend via E-Mail,88,Houses_Faisalabad,2026-08-10,https://www.zameen.com/Property/canal_road_model_city_1_model_city_1_house_sized_5_marla_is_available-54589916-8590-1.html
A Spacious 5 Marla House In Model City 1,PKR 2.2 Crore,22000000,,,5 Marla,1125.0,19555,House,False,19,19VerifiedShare on FacebookShare on TwitterShare on WhatsAppSend via GMailSend via E-Mail,89,Houses_Faisalabad,2026-08-10,https://www.zameen.com/Property/canal_road_model_city_1_a_spacious_5_marla_house_in_model_city_1-54589919-8590-1.html
A Spacious 5 Marla House In Model City 1,PKR 2.2 Crore,22000000,,,5 Marla,1125.0,19555,House,False,17,17VerifiedShare on FacebookShare on TwitterShare on WhatsAppSend via GMailSend via E-Mail,89,Houses_Faisalabad,2026-08-10,https://www.zameen.com/Property/canal_road_model_city_1_a_spacious_5_marla_house_in_model_city_1-54589918-8590-1.html
10 Marla Brand New House For Sale B Block Wapda City,PKR 3.8 Crore,38000000,5,6,10 Marla,2250.0,16888,House,True,16,super hot16Share on FacebookShare on TwitterShare on WhatsAppSend via GMailSend via E-Mail,90,Houses_Faisalabad,2026-08-10,https://www.zameen.com/Property/wapda_city_wapda_city_-_block_b_10_marla_brand_new_house_for_sale_b_block_wapda_city-54459035-5067-1.html
Corner House For Sale In Beautiful Wapda City - Block C,PKR 3.95 Crore,39500000,4,5,15 Marla,3375.0,11703,House,True,7,super hot7VerifiedShare on FacebookShare on TwitterShare on WhatsAppSend via GMailSend via E-Mail,97,Houses_Faisalabad,2026-08-10,https://www.zameen.com/Property/wapda_city_wapda_city_-_block_c_corner_house_for_sale_in_beautiful_wapda_city_-_block_c-54471768-5068-1.html
4 Marla Barnd New House In Eden Executive,PKR 1.95 Crore,19500000,3,4,4 Marla,900.0,21666,House,True,17,super hot17Share on FacebookShare on TwitterShare on WhatsAppSend via GMailSend via E-Mail,90,Houses_Faisalabad,2026-08-10,https://www.zameen.com/Property/eden_gardens_eden_executive_4_marla_barnd_new_house_in_eden_executive-54491231-10765-1.html
5 Marla Double Story House For Sale,PKR 1.9 Crore,19000000,5,4,5 Marla,1125.0,16888,House,True,16,super hot16Share on FacebookShare on TwitterShare on WhatsAppSend via GMailSend via E-Mail,90,Houses_Faisalabad,2026-08-10,https://www.zameen.com/Property/faisalabad_al_najaf_colony_5_marla_double_story_house_for_sale-54571839-4902-1.html
Divine Enclave House,PKR 6.5 Crore,65000000,5,5,13 Marla,2925.0,22222,House,True,10,super hot10Share on FacebookShare on TwitterShare on WhatsAppSend via GMailSend via E-Mail,90,Houses_Faisalabad,2026-08-10,https://www.zameen.com/Property/canal_road_divine_enclave_divine_enclave_house-54571147-21698-1.html
5 Marla Brand New Double Storey Double Height House Available For Sale,PKR 2.6 Crore,26000000,3,5,5 Marla,1125.0,23111,House,True,21,super hot21VerifiedShare on FacebookShare on TwitterShare on WhatsAppSend via GMailSend via E-Mail,98,Houses_Faisalabad,2026-08-10,https://www.zameen.com/Property/faisalabad_eden_orchard_5_marla_brand_new_double_storey_double_height_house_available_for_sale-54494648-11162-1.html
This Is Your Chance To Buy House In Faisalabad,PKR 8 Crore,80000000,,,15 Marla,3375.0,23703,House,True,35,super hot351VerifiedShare on FacebookShare on TwitterShare on WhatsAppSend via GMailSend via E-Mail,99,Houses_Faisalabad,2026-08-10,https://www.zameen.com/Property/wapda_city_wapda_city_-_block_c_this_is_your_chance_to_buy_house_in_faisalabad-54563138-5068-1.html
Eden Orchard 5 Marla Brand New Double Story House For Sale Prime Location,PKR 2.8 Crore,28000000,3,4,5 Marla,1125.0,24888,House,True,24,super hot24Share on FacebookShare on TwitterShare on WhatsAppSend via GMailSend via E-Mail,90,Houses_Faisalabad,2026-08-10,https://www.zameen.com/Property/eden_orchard_eden_orchard_block_y_eden_orchard_5_marla_brand_new_double_story_house_for_sale_prime_location-54350345-14658-1.html
"11.50 Marla Luxury Brand New House In Divine Enclave East Canal Road, Best Option To Purchase in Faisalabad",PKR 8 Crore,80000000,5,6,11.5 Marla,2587.5,30917,House,True,11,super hot11Share on FacebookShare on TwitterShare on WhatsAppSend via GMailSend via E-Mail,90,Houses_Faisalabad,2026-08-10,https://www.zameen.com/Property/canal_road_divine_enclave_11_50_marla_luxury_brand_new_house_in_divine_enclave_east_canal_road_best_option_to_purchase_in_faisalabad-52946396-21698-1.html
Brand 5 Marla House For Sale Facing Tarfalgar Park Double Hight,PKR 2 Crore,20000000,3,4,5 Marla,1125.0,17777,House,True,10,super hot10Share on FacebookShare on TwitterShare on WhatsAppSend via GMailSend via E-Mail,90,Houses_Faisalabad,2026-08-10,https://www.zameen.com/Property/citi_housing_citi_housing_samundri_road_brand_5_marla_house_for_sale_facing_tarfalgar_park_double_hight-54506621-11230-1.html
Ultra Luxury 4 Marla Brand New House For Sale,PKR 1.4 Crore,14000000,3,3,4 Marla,900.0,15555,House,True,18,hot18Share on FacebookShare on TwitterShare on WhatsAppSend via GMailSend via E-Mail,84,Houses_Faisalabad,2026-08-10,https://www.zameen.com/Property/lower_canal_road_oasis_one_ultra_luxury_4_marla_brand_new_house_for_sale-54586004-19684-1.html
1 Kanal Luxury House For Sale In Judicial Housing Society Faisalabad,PKR 5.5 Crore,55000000,4,5,1 Kanal,4500.0,12222,House,True,9,hot9Share on FacebookShare on TwitterShare on WhatsAppSend via GMailSend via E-Mail,83,Houses_Faisalabad,2026-08-10,https://www.zameen.com/Property/faisalabad_judicial_employees_coop_housing_society_1_kanal_luxury_house_for_sale_in_judicial_housing_society_faisalabad-53886789-4969-1.html
5 Marla Victorian Style House Available For Sale In CITI HOUSING Sargodha Road Faisalabad,PKR 1.7 Crore,17000000,3,4,5 Marla,1125.0,15111,House,False,30,hot30VerifiedShare on FacebookShare on TwitterShare on WhatsAppSend via GMailSend via E-Mail,92,Houses_Faisalabad,2026-08-10,https://www.zameen.com/Property/citi_housing_citi_housing_sargodha_road_5_marla_victorian_style_house_available_for_sale_in_citi_housing_sargodha_road_faisalabad-53918986-11229-1.html
5 Marla Brand New Luxury House For Sale In Eden Orchard Lasani Pulli Sarghodha Road Faisalabad,PKR 2.5 Crore,25000000,3,4,5 Marla,1125.0,22222,House,False,25,hot25VerifiedShare on FacebookShare on TwitterShare on WhatsAppSend via GMailSend via E-Mail,92,Houses_Faisalabad,2026-08-10,https://www.zameen.com/Property/faisalabad_eden_orchard_5_marla_brand_new_luxury_house_for_sale_in_eden_orchard_lasani_pulli_sarghodha_road_faisalabad-54427950-11162-1.html
Prime Location House For Sale In Four Season Housing Four Season Housing,PKR 3.6 Crore,36000000,,,7 Marla,1575.0,22857,House,False,5,hot5VerifiedShare on FacebookShare on TwitterShare on WhatsAppSend via GMailSend via E-Mail,91,Houses_Faisalabad,2026-08-10,https://www.zameen.com/Property/faisalabad_four_season_housing_prime_location_house_for_sale_in_four_season_housing_four_season_housing-54476161-4945-1.html
5 Marla House Is Available For Sale,PKR 2.55 Crore,25500000,4,5,5 Marla,1125.0,22666,House,False,2,hot2Share on FacebookShare on TwitterShare on WhatsAppSend via GMailSend via E-Mail,83,Houses_Faisalabad,2026-08-10,https://www.zameen.com/Property/faisalabad_wapda_city_5_marla_house_is_available_for_sale-54428116-501-1.html
4 Marla brand new luxurious home for sale,PKR 2.1 Crore,21000000,3,3,4 Marla,900.0,23333,Unknown,False,23,hot23Share on FacebookShare on TwitterShare on WhatsAppSend via GMailSend via E-Mail,84,Houses_Faisalabad,2026-08-10,https://www.zameen.com/Property/faisalabad_eden_valley_4_marla_brand_new_luxurious_home_for_sale-54584821-8917-1.html
House In Eden Valley For Sale,PKR 2 Crore,20000000,,,5 Marla,1125.0,17777,House,False,6,6VerifiedShare on FacebookShare on TwitterShare on WhatsAppSend via GMailSend via E-Mail,88,Houses_Faisalabad,2026-08-10,https://www.zameen.com/Property/faisalabad_eden_valley_house_in_eden_valley_for_sale-54589913-8917-1.html
A 5 Marla House Is Up For Grabs In Eden Gardens,PKR 1.7 Crore,17000000,,,5 Marla,1125.0,15111,House,False,6,6VerifiedShare on FacebookShare on TwitterShare on WhatsAppSend via GMailSend via E-Mail,88,Houses_Faisalabad,2026-08-10,https://www.zameen.com/Property/eden_gardens_eden_executive_a_5_marla_house_is_up_for_grabs_in_eden_gardens-54589917-10765-1.html
Near To Park Model City 1 House Sized 5 Marla For Sale,PKR 1.8 Crore,18000000,,,5 Marla,1125.0,16000,House,False,5,5VerifiedShare on FacebookShare on TwitterShare on WhatsAppSend via GMailSend via E-Mail,88,Houses_Faisalabad,2026-08-10,https://www.zameen.com/Property/canal_road_model_city_1_near_to_park_model_city_1_house_sized_5_marla_for_sale-54589915-8590-1.html
Looking For A House In Ghalib City,PKR 4.5 Crore,45000000,,,10 Marla,2250.0,20000,House,False,15,15VerifiedShare on FacebookShare on TwitterShare on WhatsAppSend via GMailSend via E-Mail,89,Houses_Faisalabad,2026-08-10,https://www.zameen.com/Property/faisalabad_ghalib_city_looking_for_a_house_in_ghalib_city-54589914-10165-1.html
Prominently-Located 5 Marla House Available In Model City 1,PKR 1.75 Crore,17500000,,,5 Marla,1125.0,15555,House,False,5,5VerifiedShare on FacebookShare on TwitterShare on WhatsAppSend via GMailSend via E-Mail,88,Houses_Faisalabad,2026-08-10,https://www.zameen.com/Property/canal_road_model_city_1_prominently-located_5_marla_house_available_in_model_city_1-54589912-8590-1.html
5 Marla Beautiful House For Sale,PKR 1.55 Crore,15500000,3,4,5 Marla,1125.0,13777,House,False,6,6VerifiedShare on FacebookShare on TwitterShare on WhatsAppSend via GMailSend via E-Mail,88,Houses_Faisalabad,2026-08-10,https://www.zameen.com/Property/citi_housing_citi_housing_sargodha_road_5_marla_beautiful_house_for_sale-54589734-11229-1.html
5 Marla House In Central FDA City - Block F1 For Sale,PKR 70 Lakh,7000000,,,5 Marla,1125.0,6222,House,False,5,5VerifiedShare on FacebookShare on TwitterShare on WhatsAppSend via GMailSend via E-Mail,88,Houses_Faisalabad,2026-08-10,https://www.zameen.com/Property/fda_city_fda_city_-_block_f1_5_marla_house_in_central_fda_city_-_block_f1_for_sale-54589689-14171-1.html
Stunning House Is Available For sale In FDA City - Block A4,PKR 3 Crore,30000000,,,10 Marla,2250.0,13333,House,False,6,6VerifiedShare on FacebookShare on TwitterShare on WhatsAppSend via GMailSend via E-Mail,88,Houses_Faisalabad,2026-08-10,https://www.zameen.com/Property/fda_city_fda_city_-_block_a4_stunning_house_is_available_for_sale_in_fda_city_-_block_a4-54589662-14149-1.html
Brand New Spanish House,PKR 1.85 Crore,18500000,3,4,5 Marla,1125.0,16444,House,True,17,super hot171Share on FacebookShare on TwitterShare on WhatsAppSend via GMailSend via E-Mail,91,Houses_Faisalabad,2026-08-10,https://www.zameen.com/Property/citi_housing_sargodha_road_citi_housing_sargodha_road_-_block_c_brand_new_spanish_house-53046349-14611-1.html
A Palatial Residence For Prime Location Sale,PKR 9 Crore,90000000,,,2.4 Kanal,10800.0,8333,Unknown,True,50,super hot501VerifiedShare on FacebookShare on TwitterShare on WhatsAppSend via GMailSend via E-Mail,99,Houses_Faisalabad,2026-08-10,https://www.zameen.com/Property/faisalabad_khayaban_colony_2_a_palatial_residence_for_prime_location_sale-54526119-9475-1.html
5.10 Marla Main Boulevard Building,PKR 6 Crore,60000000,,,5.1 Marla,1147.5,52287,Unknown,True,7,super hot7Share on FacebookShare on TwitterShare on WhatsAppSend via GMailSend via E-Mail,89,Houses_Faisalabad,2026-08-10,https://www.zameen.com/Property/faisalabad_samanabad_road_5_10_marla_main_boulevard_building-54453755-12756-1.html
20 Marla Double Storey House Newly Constructed House,PKR 4.15 Crore,41500000,5,5,1 Kanal,4500.0,9222,House,True,13,super hot13Share on FacebookShare on TwitterShare on WhatsAppSend via GMailSend via E-Mail,90,Houses_Faisalabad,2026-08-10,https://www.zameen.com/Property/faisalabad_peoples_colony_no_1_20_marla_double_storey_house_newly_constructed_house-54530589-535-1.html
HOTDEAL-10Marla-Full Furnished Luxury House for Sale in Abdullah Garden,PKR 7.5 Crore,75000000,5,6,10 Marla,2250.0,33333,House,True,50,super hot50Share on FacebookShare on TwitterShare on WhatsAppSend via GMailSend via E-Mail,90,Houses_Faisalabad,2026-08-10,https://www.zameen.com/Property/east_canal_road_abdullah_gardens_hotdeal-10marla-full_furnished_luxury_house_for_sale_in_abdullah_garden-54519313-4890-1.html
1 KANAL BRAND NEW LUXURY HOUSE AVAILABLE FOR SALE IN AYESHA BLOCK ABDULLAH GARDEN EAST CANAL ROAD FAISALABAD,PKR 16 Crore,160000000,5,6,1 Kanal,4500.0,35555,House,True,10,super hot10Share on FacebookShare on TwitterShare on WhatsAppSend via GMailSend via E-Mail,90,Houses_Faisalabad,2026-08-10,https://www.zameen.com/Property/east_canal_road_abdullah_gardens_1_kanal_brand_new_luxury_house_available_for_sale_in_ayesha_block_abdullah_garden_east_canal_road_faisalabad-53442482-4890-1.html
Looking For A House In Eden Orchard,PKR 5.7 Crore,57000000,6,6,11 Marla,2475.0,23030,House,True,18,super hot18Share on FacebookShare on TwitterShare on WhatsAppSend via GMailSend via E-Mail,90,Houses_Faisalabad,2026-08-10,https://www.zameen.com/Property/faisalabad_eden_orchard_looking_for_a_house_in_eden_orchard-54490064-11162-1.html
10 Marla Brand New Luxury House For Sale In Eden Orchard Sarghodha Road Faisalabad,PKR 5.25 Crore,52500000,5,6,10 Marla,2250.0,23333,House,True,44,super hot44Share on FacebookShare on TwitterShare on WhatsAppSend via GMailSend via E-Mail,90,Houses_Faisalabad,2026-08-10,https://www.zameen.com/Property/faisalabad_eden_orchard_10_marla_brand_new_luxury_house_for_sale_in_eden_orchard_sarghodha_road_faisalabad-54176884-11162-1.html
3.3 Marla Eden Executive,PKR 1.6 Crore,16000000,3,4,3.3 Marla,742.5,21548,House,True,16,super hot16Share on FacebookShare on TwitterShare on WhatsAppSend via GMailSend via E-Mail,90,Houses_Faisalabad,2026-08-10,https://www.zameen.com/Property/eden_gardens_eden_executive_3_3_marla_eden_executive-54496249-10765-1.html
Its 3 Marla Wrongly Written 5 Marla Cant Change A Month Ago Butt Its Actuall 3 Marla,PKR 1.3 Crore,13000000,3,4,5 Marla,1125.0,11555,Unknown,True,14,super hot14Share on FacebookShare on TwitterShare on WhatsAppSend via GMailSend via E-Mail,90,Houses_Faisalabad,2026-08-10,https://www.zameen.com/Property/canal_road_model_city_1_its_3_marla_wrongly_written_5_marla_cant_change_a_month_ago_butt_its_actuall_3_marla-54491955-8590-1.html
Luxury 10 Marla Magnificent House For Sale In Wapda City Canal Expressway Faisalabad,PKR 4.75 Crore,47500000,4,4,10 Marla,2250.0,21111,House,True,19,hot191Share on FacebookShare on TwitterShare on WhatsAppSend via GMailSend via E-Mail,85,Houses_Faisalabad,2026-08-10,https://www.zameen.com/Property/faisalabad_wapda_city_luxury_10_marla_magnificent_house_for_sale_in_wapda_city_canal_expressway_faisalabad-53885901-501-1.html
Brand New Corner Furnished 13.5 Marla House For Sale in Wadie Sitara Faisalabad,PKR 8 Crore,80000000,4,5,13 Marla,2925.0,27350,House,True,32,hot321Share on FacebookShare on TwitterShare on WhatsAppSend via GMailSend via E-Mail,85,Houses_Faisalabad,2026-08-10,https://www.zameen.com/Property/faisalabad_canal_road_brand_new_corner_furnished_13_5_marla_house_for_sale_in_wadie_sitara_faisalabad-53874404-1140-1.html
House Of 20 Marla In Wapda City - Block F For sale,PKR 11 Crore,110000000,6,6,1 Kanal,4500.0,24444,House,False,8,hot8VerifiedShare on FacebookShare on TwitterShare on WhatsAppSend via GMailSend via E-Mail,91,Houses_Faisalabad,2026-08-10,https://www.zameen.com/Property/wapda_city_wapda_city_-_block_f_house_of_20_marla_in_wapda_city_-_block_f_for_sale-54280708-5071-1.html
3 Marla Brand New House For Sale,PKR 1.3 Crore,13000000,3,3,3 Marla,675.0,19259,House,False,13,hot13Share on FacebookShare on TwitterShare on WhatsAppSend via GMailSend via E-Mail,84,Houses_Faisalabad,2026-08-10,https://www.zameen.com/Property/faisalabad_al_noor_garden_3_marla_brand_new_house_for_sale-54576408-8916-1.html
10-Marla Brand New House For Sale,PKR 3.75 Crore,37500000,5,5,10 Marla,2250.0,16666,House,False,15,hot15Share on FacebookShare on TwitterShare on WhatsAppSend via GMailSend via E-Mail,84,Houses_Faisalabad,2026-08-10,https://www.zameen.com/Property/faisalabad_wapda_city_10-marla_brand_new_house_for_sale-53799953-501-1.html
11 Marla Brand New Luxurious House Available For Sale In Eden Orchard Lasani Pulli Sargodha Road,PKR 6 Crore,60000000,5,6,11 Marla,2475.0,24242,House,False,13,hot13Share on FacebookShare on TwitterShare on WhatsAppSend via GMailSend via E-Mail,84,Houses_Faisalabad,2026-08-10,https://www.zameen.com/Property/faisalabad_eden_orchard_11_marla_brand_new_luxurious_house_available_for_sale_in_eden_orchard_lasani_pulli_sargodha_road-54545939-11162-1.html
4 Marla Park Facing Good Condition House For Sale,PKR 1.7 Crore,17000000,3,4,4 Marla,900.0,18888,House,False,17,hot17Share on FacebookShare on TwitterShare on WhatsAppSend via GMailSend via E-Mail,84,Houses_Faisalabad,2026-08-10,https://www.zameen.com/Property/faisalabad_ghalib_city_4_marla_park_facing_good_condition_house_for_sale-54510271-10165-1.html
House Of 20 Marla Available In FDA City - Block A3,PKR 4.5 Crore,45000000,,,1 Kanal,4500.0,10000,House,False,7,7VerifiedShare on FacebookShare on TwitterShare on WhatsAppSend via GMailSend via E-Mail,88,Houses_Faisalabad,2026-08-10,https://www.zameen.com/Property/fda_city_fda_city_-_block_a3_house_of_20_marla_available_in_fda_city_-_block_a3-54589660-14148-1.html
Stunning House Is Available For sale In FDA City - Block A4,PKR 3 Crore,30000000,,,10 Marla,2250.0,13333,House,False,6,6VerifiedShare on FacebookShare on TwitterShare on WhatsAppSend via GMailSend via E-Mail,88,Houses_Faisalabad,2026-08-10,https://www.zameen.com/Property/fda_city_fda_city_-_block_a4_stunning_house_is_available_for_sale_in_fda_city_-_block_a4-54589659-14149-1.html
House Of 20 Marla Available In FDA City - Block A3,PKR 4.5 Crore,45000000,,,1 Kanal,4500.0,10000,House,False,7,7VerifiedShare on FacebookShare on TwitterShare on WhatsAppSend via GMailSend via E-Mail,88,Houses_Faisalabad,2026-08-10,https://www.zameen.com/Property/fda_city_fda_city_-_block_a3_house_of_20_marla_available_in_fda_city_-_block_a3-54589658-14148-1.html
Stunning House Is Available For sale In FDA City - Block A4,PKR 3 Crore,30000000,,,10 Marla,2250.0,13333,House,False,6,6VerifiedShare on FacebookShare on TwitterShare on WhatsAppSend via GMailSend via E-Mail,88,Houses_Faisalabad,2026-08-10,https://www.zameen.com/Property/fda_city_fda_city_-_block_a4_stunning_house_is_available_for_sale_in_fda_city_-_block_a4-54589657-14149-1.html
Prime Location FDA City - Block A2 House Sized 10 Marla,PKR 1.9 Crore,19000000,9,,10 Marla,2250.0,8444,House,False,6,6VerifiedShare on FacebookShare on TwitterShare on WhatsAppSend via GMailSend via E-Mail,88,Houses_Faisalabad,2026-08-10,https://www.zameen.com/Property/fda_city_fda_city_-_block_a2_prime_location_fda_city_-_block_a2_house_sized_10_marla-54589656-14147-1.html
Prime Location FDA City - Block A2 House Sized 10 Marla,PKR 1.9 Crore,19000000,9,,10 Marla,2250.0,8444,House,False,6,6VerifiedShare on FacebookShare on TwitterShare on WhatsAppSend via GMailSend via E-Mail,88,Houses_Faisalabad,2026-08-10,https://www.zameen.com/Property/fda_city_fda_city_-_block_a2_prime_location_fda_city_-_block_a2_house_sized_10_marla-54589655-14147-1.html
House Of 20 Marla Available In FDA City - Block A3,PKR 4.5 Crore,45000000,,,1 Kanal,4500.0,10000,House,False,7,7VerifiedShare on FacebookShare on TwitterShare on WhatsAppSend via GMailSend via E-Mail,88,Houses_Faisalabad,2026-08-10,https://www.zameen.com/Property/fda_city_fda_city_-_block_a3_house_of_20_marla_available_in_fda_city_-_block_a3-54589654-14148-1.html
House Of 20 Marla Available In FDA City - Block A3,PKR 4.5 Crore,45000000,,,1 Kanal,4500.0,10000,House,False,7,7VerifiedShare on FacebookShare on TwitterShare on WhatsAppSend via GMailSend via E-Mail,88,Houses_Faisalabad,2026-08-10,https://www.zameen.com/Property/fda_city_fda_city_-_block_a3_house_of_20_marla_available_in_fda_city_-_block_a3-54589653-14148-1.html
12 Marla East Open Real Beauty Brand New House Available For Sale In Divine Enclave Canal Road Faisalabad,PKR 8 Crore,80000000,5,6,12 Marla,2700.0,29629,House,True,40,super hot40Share on FacebookShare on TwitterShare on WhatsAppSend via GMailSend via E-Mail,90,Houses_Faisalabad,2026-08-10,https://www.zameen.com/Property/canal_road_divine_enclave_12_marla_east_open_real_beauty_brand_new_house_available_for_sale_in_divine_enclave_canal_road_faisalabad-54330784-21698-1.html
A House Of 5 Marla For Sale,PKR 2.25 Crore,22500000,,,5 Marla,1125.0,20000,House,True,25,super hot25Share on FacebookShare on TwitterShare on WhatsAppSend via GMailSend via E-Mail,90,Houses_Faisalabad,2026-08-10,https://www.zameen.com/Property/canal_road_model_city_1_a_house_of_5_marla_for_sale-54442149-8590-1.html
5 Marla House For Sale Available In Eden Gardens,PKR 2.25 Crore,22500000,,,5 Marla,1125.0,20000,House,True,6,super hot6VerifiedShare on FacebookShare on TwitterShare on WhatsAppSend via GMailSend via E-Mail,97,Houses_Faisalabad,2026-08-10,https://www.zameen.com/Property/eden_gardens_eden_executive_5_marla_house_for_sale_available_in_eden_gardens-54442146-10765-1.html
17 Marla Construction 17 Marla Registry Price Triple Storey House Available For Sale In New Garden Block,PKR 7 Crore,70000000,5,6,17 Marla,3825.0,18300,House,True,40,super hot40Share on FacebookShare on TwitterShare on WhatsAppSend via GMailSend via E-Mail,90,Houses_Faisalabad,2026-08-10,https://www.zameen.com/Property/saeed_colony_saeed_colony_-_new_garden_block_17_marla_construction_17_marla_registry_price_triple_storey_house_available_for_sale_in_new_garden_block-53938292-11202-1.html
LUXURY HOUSE FOR SALE,PKR 9 Crore,90000000,7,7,1 Kanal,4500.0,20000,House,True,19,super hot19Share on FacebookShare on TwitterShare on WhatsAppSend via GMailSend via E-Mail,90,Houses_Faisalabad,2026-08-10,https://www.zameen.com/Property/canal_road_east_canal_road_luxury_house_for_sale-54496762-9506-1.html
7 Marla Luxury House Available For Sale,PKR 4.4 Crore,44000000,4,5,7 Marla,1575.0,27936,House,True,46,super hot46VerifiedShare on FacebookShare on TwitterShare on WhatsAppSend via GMailSend via E-Mail,98,Houses_Faisalabad,2026-08-10,https://www.zameen.com/Property/canal_road_divine_enclave_7_marla_luxury_house_available_for_sale-53199013-21698-1.html
11.25 Marla Beautiful Double Height House Available For Sale,PKR 4.45 Crore,44500000,5,6,11.4 Marla,2565.0,17348,House,True,28,super hot28VerifiedShare on FacebookShare on TwitterShare on WhatsAppSend via GMailSend via E-Mail,98,Houses_Faisalabad,2026-08-10,https://www.zameen.com/Property/faisalabad_khayaban_gardens_11_25_marla_beautiful_double_height_house_available_for_sale-53877745-4981-1.html
10 MARLA HOUSE AVAILABLE FOR SALE,PKR 3.25 Crore,32500000,5,6,10 Marla,2250.0,14444,House,True,21,super hot21Share on FacebookShare on TwitterShare on WhatsAppSend via GMailSend via E-Mail,90,Houses_Faisalabad,2026-08-10,https://www.zameen.com/Property/wapda_city_wapda_city_-_block_a_10_marla_house_available_for_sale-54309400-5066-1.html
A 10 Marla House Located In Wapda City Is Available For Sale.,PKR 3.65 Crore,36500000,,,10 Marla,2250.0,16222,House,True,22,super hot22VerifiedShare on FacebookShare on TwitterShare on WhatsAppSend via GMailSend via E-Mail,98,Houses_Faisalabad,2026-08-10,https://www.zameen.com/Property/faisalabad_wapda_city_a_10_marla_house_located_in_wapda_city_is_available_for_sale-54428141-501-1.html
6 Marla 5 Bed House For Sale In Eden Valley,PKR 3.6 Crore,36000000,3,6,6 Marla,1350.0,26666,House,True,39,hot39Share on FacebookShare on TwitterShare on WhatsAppSend via GMailSend via E-Mail,84,Houses_Faisalabad,2026-08-10,https://www.zameen.com/Property/faisalabad_eden_valley_6_marla_5_bed_house_for_sale_in_eden_valley-54318366-8917-1.html
10 Marla East Open Wireless Near Park House For Sale In K Block,PKR 4.6 Crore,46000000,5,6,10 Marla,2250.0,20444,House,True,16,hot16Share on FacebookShare on TwitterShare on WhatsAppSend via GMailSend via E-Mail,84,Houses_Faisalabad,2026-08-10,https://www.zameen.com/Property/wapda_city_wapda_city_-_block_k_10_marla_east_open_wireless_near_park_house_for_sale_in_k_block-54491087-5075-1.html
7 Marla Beautiful House Slightly Used Available In Eden Executive Prime Location,PKR 3.15 Crore,31500000,4,5,7 Marla,1575.0,20000,House,True,8,hot8Share on FacebookShare on TwitterShare on WhatsAppSend via GMailSend via E-Mail,83,Houses_Faisalabad,2026-08-10,https://www.zameen.com/Property/faisalabad_canal_road_7_marla_beautiful_house_slightly_used_available_in_eden_executive_prime_location-54553507-1140-1.html
5 Marla House Good Condition For Sale,PKR 2.3 Crore,23000000,3,4,5 Marla,1125.0,20444,House,False,20,hot20Share on FacebookShare on TwitterShare on WhatsAppSend via GMailSend via E-Mail,84,Houses_Faisalabad,2026-08-10,https://www.zameen.com/Property/eden_gardens_eden_executive_5_marla_house_good_condition_for_sale-54529388-10765-1.html
5 Marla Brand New Luxurious House For Sale,PKR 2.35 Crore,23500000,3,4,5 Marla,1125.0,20888,House,False,22,hot22Share on FacebookShare on TwitterShare on WhatsAppSend via GMailSend via E-Mail,84,Houses_Faisalabad,2026-08-10,https://www.zameen.com/Property/eden_gardens_eden_executive_5_marla_brand_new_luxurious_house_for_sale-54529697-10765-1.html
2.5 Marla Beautiful Corner House In Galib City,PKR 1.18 Crore,11800000,3,3,2.5 Marla,562.5,20977,House,False,12,hot12Share on FacebookShare on TwitterShare on WhatsAppSend via GMailSend via E-Mail,84,Houses_Faisalabad,2026-08-10,https://www.zameen.com/Property/faisalabad_ghalib_city_2_5_marla_beautiful_corner_house_in_galib_city-54575119-10165-1.html
Brand New 5 Marla House For Sale In Citi Housing Faisalabad Prime Location | Modern Design | Ready To Move,PKR 1.85 Crore,18500000,3,4,5 Marla,1125.0,16444,House,False,5,hot5Share on FacebookShare on TwitterShare on WhatsAppSend via GMailSend via E-Mail,83,Houses_Faisalabad,2026-08-10,https://www.zameen.com/Property/citi_housing_citi_housing_sargodha_road_brand_new_5_marla_house_for_sale_in_citi_housing_faisalabad_prime_location_modern_design_ready_to_move-54563006-11229-1.html
7.5 Marla Beautiful House In Abdullah Gardens For Sale,PKR 4 Crore,40000000,4,5,7.5 Marla,1687.5,23703,House,False,10,hot10Share on FacebookShare on TwitterShare on WhatsAppSend via GMailSend via E-Mail,84,Houses_Faisalabad,2026-08-10,https://www.zameen.com/Property/east_canal_road_abdullah_gardens_7_5_marla_beautiful_house_in_abdullah_gardens_for_sale-54271744-4890-1.html
House For Sale In Citi Housing Sargodha Road,PKR 10 Crore,100000000,,,1 Kanal,4500.0,22222,House,False,6,6VerifiedShare on FacebookShare on TwitterShare on WhatsAppSend via GMailSend via E-Mail,88,Houses_Faisalabad,2026-08-10,https://www.zameen.com/Property/citi_housing_citi_housing_sargodha_road_house_for_sale_in_citi_housing_sargodha_road-54588991-11229-1.html
5 Marla House In Beautiful Location Of Citi Housing Sargodha Road In Faisalabad,PKR 1.55 Crore,15500000,,,5 Marla,1125.0,13777,House,False,10,10VerifiedShare on FacebookShare on TwitterShare on WhatsAppSend via GMailSend via E-Mail,89,Houses_Faisalabad,2026-08-10,https://www.zameen.com/Property/citi_housing_citi_housing_sargodha_road_5_marla_house_in_beautiful_location_of_citi_housing_sargodha_road_in_faisalabad-54588990-11229-1.html
House For Sale Is Readily Available In Prime Location Of Citi Housing Sargodha Road,PKR 7.5 Crore,75000000,,,1 Kanal,4500.0,16666,House,False,6,6VerifiedShare on FacebookShare on TwitterShare on WhatsAppSend via GMailSend via E-Mail,88,Houses_Faisalabad,2026-08-10,https://www.zameen.com/Property/citi_housing_citi_housing_sargodha_road_house_for_sale_is_readily_available_in_prime_location_of_citi_housing_sargodha_road-54588989-11229-1.html
Centrally Located House Available In Citi Housing Phase 1 - Block B For sale,PKR 9.9 Crore,99000000,6,7,2.1 Kanal,9450.0,10476,House,False,12,12VerifiedShare on FacebookShare on TwitterShare on WhatsAppSend via GMailSend via E-Mail,89,Houses_Faisalabad,2026-08-10,https://www.zameen.com/Property/citi_housing_sargodha_road_citi_housing_sargodha_road_-_block_b_centrally_located_house_available_in_citi_housing_phase_1_-_block_b_for_sale-54588988-14610-1.html
A Stunning House Is Up For Grabs In Citi Housing Citi Housing,PKR 1.35 Crore,13500000,,,5 Marla,1125.0,12000,House,False,5,5VerifiedShare on FacebookShare on TwitterShare on WhatsAppSend via GMailSend via E-Mail,88,Houses_Faisalabad,2026-08-10,https://www.zameen.com/Property/faisalabad_citi_housing_a_stunning_house_is_up_for_grabs_in_citi_housing_citi_housing-54588986-8358-1.html
A Stunning House Is Up For Grabs In Citi Housing,PKR 3 Crore,30000000,,,10 Marla,2250.0,13333,House,False,6,6VerifiedShare on FacebookShare on TwitterShare on WhatsAppSend via GMailSend via E-Mail,88,Houses_Faisalabad,2026-08-10,https://www.zameen.com/Property/faisalabad_citi_housing_a_stunning_house_is_up_for_grabs_in_citi_housing-54588985-8358-1.html
10 Marla House In Stunning Citi Housing Is Available For sale,PKR 3.35 Crore,33500000,,,10 Marla,2250.0,14888,House,False,7,7VerifiedShare on FacebookShare on TwitterShare on WhatsAppSend via GMailSend via E-Mail,88,Houses_Faisalabad,2026-08-10,https://www.zameen.com/Property/faisalabad_citi_housing_10_marla_house_in_stunning_citi_housing_is_available_for_sale-54588956-8358-1.html
Reserve A Prime Location House Now In Green Valley,PKR 2.5 Crore,25000000,,,5 Marla,1125.0,22222,House,False,8,8VerifiedShare on FacebookShare on TwitterShare on WhatsAppSend via GMailSend via E-Mail,88,Houses_Faisalabad,2026-08-10,https://www.zameen.com/Property/samundari_road_green_valley_reserve_a_prime_location_house_now_in_green_valley-54556957-11199-1.html
15 Marla east open corner double road grey structure house for sale,PKR 4.5 Crore,45000000,5,6,15 Marla,3375.0,13333,House,True,4,hot4Share on FacebookShare on TwitterShare on WhatsAppSend via GMailSend via E-Mail,83,Houses_Faisalabad,2026-08-10,https://www.zameen.com/Property/wapda_city_wapda_city_-_block_c_15_marla_east_open_corner_double_road_grey_structure_house_for_sale-54575245-5068-1.html
9 Marla Double Story House Khyaban 2,PKR 2.7 Crore,27000000,4,5,9 Marla,2025.0,13333,House,True,,hotShare on FacebookShare on TwitterShare on WhatsAppSend via GMailSend via E-Mail,82,Houses_Faisalabad,2026-08-10,https://www.zameen.com/Property/faisalabad_khayaban_colony_2_9_marla_double_story_house_khyaban_2-54485161-9475-1.html
Get An Attractive House In Faisalabad Under Rs. 41000000,PKR 4.1 Crore,41000000,5,7,10 Marla,2250.0,18222,House,True,19,hot19VerifiedShare on FacebookShare on TwitterShare on WhatsAppSend via GMailSend via E-Mail,92,Houses_Faisalabad,2026-08-10,https://www.zameen.com/Property/wapda_city_wapda_city_-_block_b_get_an_attractive_house_in_faisalabad_under_rs_41000000-54447223-5067-1.html
Get A 15 Marla House For Sale In Wapda City - Block D,PKR 5.15 Crore,51500000,,,15 Marla,3375.0,15259,House,True,30,hot30VerifiedShare on FacebookShare on TwitterShare on WhatsAppSend via GMailSend via E-Mail,92,Houses_Faisalabad,2026-08-10,https://www.zameen.com/Property/wapda_city_wapda_city_-_block_d_get_a_15_marla_house_for_sale_in_wapda_city_-_block_d-54561205-5069-1.html
Wapda City - Block B House Sized 10 Marla Is Available,PKR 4.1 Crore,41000000,5,7,10 Marla,2250.0,18222,House,True,26,hot26VerifiedShare on FacebookShare on TwitterShare on WhatsAppSend via GMailSend via E-Mail,92,Houses_Faisalabad,2026-08-10,https://www.zameen.com/Property/wapda_city_wapda_city_-_block_b_wapda_city_-_block_b_house_sized_10_marla_is_available-54459696-5067-1.html
Eden Executive 7 Marla House For Sale,PKR 2.75 Crore,27500000,4,5,7 Marla,1575.0,17460,House,True,7,hot7Share on FacebookShare on TwitterShare on WhatsAppSend via GMailSend via E-Mail,83,Houses_Faisalabad,2026-08-10,https://www.zameen.com/Property/eden_gardens_eden_executive_eden_executive_7_marla_house_for_sale-54554089-10765-1.html
7 Marla Brand new House Model city 1 For Sale,PKR 3.5 Crore,35000000,4,5,7 Marla,1575.0,22222,House,True,17,hot17Share on FacebookShare on TwitterShare on WhatsAppSend via GMailSend via E-Mail,84,Houses_Faisalabad,2026-08-10,https://www.zameen.com/Property/canal_road_model_city_1_7_marla_brand_new_house_model_city_1_for_sale-54306077-8590-1.html
20 Marla House 5 Bedrooms,PKR 6.5 Crore,65000000,6,6,1 Kanal,4500.0,14444,House,True,,hotShare on FacebookShare on TwitterShare on WhatsAppSend via GMailSend via E-Mail,82,Houses_Faisalabad,2026-08-10,https://www.zameen.com/Property/faisalabad_canal_road_20_marla_house_5_bedrooms-54161223-1140-1.html
10 Marla Modern Brand New House For Sale In Canal Garden Main Canal Road Faisalabad,PKR 5.15 Crore,51500000,4,5,10 Marla,2250.0,22888,House,True,14,hot14VerifiedShare on FacebookShare on TwitterShare on WhatsAppSend via GMailSend via E-Mail,92,Houses_Faisalabad,2026-08-10,https://www.zameen.com/Property/faisalabad_canal_road_10_marla_modern_brand_new_house_for_sale_in_canal_garden_main_canal_road_faisalabad-53482339-1140-1.html
7 Marla Brand New Stylish & Solid House,PKR 4.1 Crore,41000000,5,6,7 Marla,1575.0,26031,House,True,40,hot40Share on FacebookShare on TwitterShare on WhatsAppSend via GMailSend via E-Mail,84,Houses_Faisalabad,2026-08-10,https://www.zameen.com/Property/faisalabad_canal_road_7_marla_brand_new_stylish_solid_house-53938934-1140-1.html
Canal Road Brand New House Sized 6 Marla Is Available For Sale,PKR 3.6 Crore,36000000,5,6,6 Marla,1350.0,26666,House,True,39,hot39Share on FacebookShare on TwitterShare on WhatsAppSend via GMailSend via E-Mail,84,Houses_Faisalabad,2026-08-10,https://www.zameen.com/Property/faisalabad_canal_road_canal_road_brand_new_house_sized_6_marla_is_available_for_sale-54233339-1140-1.html
House For Sale In Fatima Block Divine Enclave,PKR 5 Crore,50000000,4,5,8 Marla,1800.0,27777,House,True,23,hot23Share on FacebookShare on TwitterShare on WhatsAppSend via GMailSend via E-Mail,84,Houses_Faisalabad,2026-08-10,https://www.zameen.com/Property/canal_road_divine_enclave_house_for_sale_in_fatima_block_divine_enclave-54302143-21698-1.html
3.5 Marla Beautiful House In Galib City,PKR 1.35 Crore,13500000,3,4,3 Marla,675.0,20000,House,False,18,hot18Share on FacebookShare on TwitterShare on WhatsAppSend via GMailSend via E-Mail,84,Houses_Faisalabad,2026-08-10,https://www.zameen.com/Property/faisalabad_ghalib_city_3_5_marla_beautiful_house_in_galib_city-54488423-10165-1.html
Model City House Is For Sale,PKR 1.28 Crore,12800000,3,4,3 Marla,675.0,18962,House,False,6,hot6Share on FacebookShare on TwitterShare on WhatsAppSend via GMailSend via E-Mail,83,Houses_Faisalabad,2026-08-10,https://www.zameen.com/Property/canal_road_model_city_1_model_city_house_is_for_sale-54571133-8590-1.html
Eden Executive House,PKR 2.1 Crore,21000000,3,4,5 Marla,1125.0,18666,House,False,6,hot6Share on FacebookShare on TwitterShare on WhatsAppSend via GMailSend via E-Mail,83,Houses_Faisalabad,2026-08-10,https://www.zameen.com/Property/eden_gardens_eden_executive_eden_executive_house-54571121-10765-1.html
Newly Constructed House For Sale,PKR 1.8 Crore,18000000,3,4,5 Marla,1125.0,16000,House,False,9,hot9Share on FacebookShare on TwitterShare on WhatsAppSend via GMailSend via E-Mail,83,Houses_Faisalabad,2026-08-10,https://www.zameen.com/Property/jaranwala_road_sitara_park_city_newly_constructed_house_for_sale-54570307-12464-1.html
Double Storey House For Sale,PKR 5 Crore,50000000,6,6,7.5 Marla,1687.5,29629,House,False,22,hot22Share on FacebookShare on TwitterShare on WhatsAppSend via GMailSend via E-Mail,84,Houses_Faisalabad,2026-08-10,https://www.zameen.com/Property/peoples_colony_no_1_peoples_colony_-_block_b_double_storey_house_for_sale-54577386-11504-1.html
Prime Location House Sized 5 Marla Is Available For Sale In Green Valley,PKR 2.5 Crore,25000000,,,5 Marla,1125.0,22222,House,False,7,7VerifiedShare on FacebookShare on TwitterShare on WhatsAppSend via GMailSend via E-Mail,88,Houses_Faisalabad,2026-08-10,https://www.zameen.com/Property/samundari_road_green_valley_prime_location_house_sized_5_marla_is_available_for_sale_in_green_valley-54556956-11199-1.html
A Great Choice For A Prime Location 5 Marla House Available In Green Valley,PKR 1.7 Crore,17000000,,,5 Marla,1125.0,15111,House,False,7,7VerifiedShare on FacebookShare on TwitterShare on WhatsAppSend via GMailSend via E-Mail,88,Houses_Faisalabad,2026-08-10,https://www.zameen.com/Property/samundari_road_green_valley_a_great_choice_for_a_prime_location_5_marla_house_available_in_green_valley-54556958-11199-1.html
Good Prime Location 4 Marla House For Sale In Green Valley,PKR 1.35 Crore,13500000,,,4 Marla,900.0,15000,House,False,7,7VerifiedShare on FacebookShare on TwitterShare on WhatsAppSend via GMailSend via E-Mail,88,Houses_Faisalabad,2026-08-10,https://www.zameen.com/Property/samundari_road_green_valley_good_prime_location_4_marla_house_for_sale_in_green_valley-54556960-11199-1.html
Prime Location House In Green Valley Sized 5 Marla Is Available,PKR 2.55 Crore,25500000,,,5 Marla,1125.0,22666,House,False,6,6VerifiedShare on FacebookShare on TwitterShare on WhatsAppSend via GMailSend via E-Mail,88,Houses_Faisalabad,2026-08-10,https://www.zameen.com/Property/samundari_road_green_valley_prime_location_house_in_green_valley_sized_5_marla_is_available-54556959-11199-1.html
Prime Location Sale A House In Faisalabad Prime Location,PKR 1.45 Crore,14500000,,,4 Marla,900.0,16111,House,False,6,6VerifiedShare on FacebookShare on TwitterShare on WhatsAppSend via GMailSend via E-Mail,88,Houses_Faisalabad,2026-08-10,https://www.zameen.com/Property/samundari_road_green_valley_prime_location_sale_a_house_in_faisalabad_prime_location-54556961-11199-1.html
Highly-Coveted Prime Location 5 Marla House Is Available In Green Valley For Sale,PKR 2.55 Crore,25500000,,,5 Marla,1125.0,22666,House,False,7,7VerifiedShare on FacebookShare on TwitterShare on WhatsAppSend via GMailSend via E-Mail,88,Houses_Faisalabad,2026-08-10,https://www.zameen.com/Property/samundari_road_green_valley_highly-coveted_prime_location_5_marla_house_is_available_in_green_valley_for_sale-54556962-11199-1.html
Perfect Prime Location 5 Marla House In Green Valley For sale,PKR 2.53 Crore,25299999,,,5 Marla,1125.0,22488,House,False,7,7VerifiedShare on FacebookShare on TwitterShare on WhatsAppSend via GMailSend via E-Mail,88,Houses_Faisalabad,2026-08-10,https://www.zameen.com/Property/samundari_road_green_valley_perfect_prime_location_5_marla_house_in_green_valley_for_sale-54556963-11199-1.html
Prime Location Oasis Orchard House Sized 4 Marla Is Available,PKR 1.85 Crore,18500000,,,4 Marla,900.0,20555,House,False,7,7VerifiedShare on FacebookShare on TwitterShare on WhatsAppSend via GMailSend via E-Mail,88,Houses_Faisalabad,2026-08-10,https://www.zameen.com/Property/samundari_road_oasis_orchard_prime_location_oasis_orchard_house_sized_4_marla_is_available-54556967-17896-1.html
1 Kanal Luxury House for Sale in Sitara Sapna City,PKR 16 Crore,160000000,7,6,1 Kanal,4500.0,35555,House,True,26,hot26Share on FacebookShare on TwitterShare on WhatsAppSend via GMailSend via E-Mail,84,Houses_Faisalabad,2026-08-10,https://www.zameen.com/Property/faisalabad_sitara_sapna_city_1_kanal_luxury_house_for_sale_in_sitara_sapna_city-54516608-1211-1.html
Luxury 4 Marla Brand New House For Sale,PKR 1.58 Crore,15800000,3,3,4 Marla,900.0,17555,House,True,16,hot16Share on FacebookShare on TwitterShare on WhatsAppSend via GMailSend via E-Mail,84,Houses_Faisalabad,2026-08-10,https://www.zameen.com/Property/lower_canal_road_green_orchard_luxury_4_marla_brand_new_house_for_sale-54333361-15298-1.html
7 Marla Brand New House,PKR 4.1 Crore,41000000,5,6,7 Marla,1575.0,26031,House,True,40,hot40Share on FacebookShare on TwitterShare on WhatsAppSend via GMailSend via E-Mail,84,Houses_Faisalabad,2026-08-10,https://www.zameen.com/Property/faisalabad_eden_valley_7_marla_brand_new_house-53938787-8917-1.html
5 Marla Eden Valley Brand New House,PKR 2.65 Crore,26500000,3,4,5 Marla,1125.0,23555,House,True,19,hot19Share on FacebookShare on TwitterShare on WhatsAppSend via GMailSend via E-Mail,84,Houses_Faisalabad,2026-08-10,https://www.zameen.com/Property/faisalabad_eden_valley_5_marla_eden_valley_brand_new_house-53938992-8917-1.html
7 Marla Brand New House Divine Enclave,PKR 4 Crore,40000000,4,5,7 Marla,1575.0,25396,House,True,11,hot11Share on FacebookShare on TwitterShare on WhatsAppSend via GMailSend via E-Mail,84,Houses_Faisalabad,2026-08-10,https://www.zameen.com/Property/faisalabad_canal_road_7_marla_brand_new_house_divine_enclave-53993481-1140-1.html
Eden Valley 7 Marla Brand New House For Sale,PKR 3.5 Crore,35000000,4,6,7 Marla,1575.0,22222,House,True,39,hot39Share on FacebookShare on TwitterShare on WhatsAppSend via GMailSend via E-Mail,84,Houses_Faisalabad,2026-08-10,https://www.zameen.com/Property/faisalabad_eden_valley_eden_valley_7_marla_brand_new_house_for_sale-53198898-8917-1.html
Model City 10 Marla House,PKR 5.5 Crore,55000000,5,6,10 Marla,2250.0,24444,House,True,1,hot1Share on FacebookShare on TwitterShare on WhatsAppSend via GMailSend via E-Mail,83,Houses_Faisalabad,2026-08-10,https://www.zameen.com/Property/faisalabad_eden_valley_model_city_10_marla_house-53012405-8917-1.html
20 Marla Fully Furnished Modern House For Sale In Abdullah Garden Main Canal Road,PKR 14 Crore,140000000,5,6,1 Kanal,4500.0,31111,House,True,18,hot18VerifiedShare on FacebookShare on TwitterShare on WhatsAppSend via GMailSend via E-Mail,92,Houses_Faisalabad,2026-08-10,https://www.zameen.com/Property/faisalabad_abdullah_garden_20_marla_fully_furnished_modern_house_for_sale_in_abdullah_garden_main_canal_road-53482264-15268-1.html
5 Marla House 208 Chak Societies,PKR 2.25 Crore,22500000,3,4,5 Marla,1125.0,20000,House,True,1,hot1Share on FacebookShare on TwitterShare on WhatsAppSend via GMailSend via E-Mail,83,Houses_Faisalabad,2026-08-10,https://www.zameen.com/Property/faisalabad_canal_road_5_marla_house_208_chak_societies-53938897-1140-1.html
5 Marla House In Iqbal Town,PKR 1.35 Crore,13500000,4,4,5 Marla,1125.0,12000,House,False,19,hot19Share on FacebookShare on TwitterShare on WhatsAppSend via GMailSend via E-Mail,84,Houses_Faisalabad,2026-08-10,https://www.zameen.com/Property/faisalabad_millat_town_5_marla_house_in_iqbal_town-54566108-645-1.html
Eden Valley House For Sale,PKR 2.9 Crore,29000000,4,5,6 Marla,1350.0,21481,House,False,8,hot8Share on FacebookShare on TwitterShare on WhatsAppSend via GMailSend via E-Mail,83,Houses_Faisalabad,2026-08-10,https://www.zameen.com/Property/faisalabad_eden_valley_eden_valley_house_for_sale-54576371-8917-1.html
11 Marla Double Storey New Brand Luxury House For Sale In Eden Orchard Sargodha,PKR 5 Crore,50000000,3,5,11 Marla,2475.0,20202,House,False,48,hot48Share on FacebookShare on TwitterShare on WhatsAppSend via GMailSend via E-Mail,84,Houses_Faisalabad,2026-08-10,https://www.zameen.com/Property/faisalabad_eden_orchard_11_marla_double_storey_new_brand_luxury_house_for_sale_in_eden_orchard_sargodha-54508741-11162-1.html
5 Marla Brand New Luxurious House Available For Sale In Eden Orchard,PKR 2.4 Crore,24000000,3,4,5 Marla,1125.0,21333,House,False,27,hot27Share on FacebookShare on TwitterShare on WhatsAppSend via GMailSend via E-Mail,84,Houses_Faisalabad,2026-08-10,https://www.zameen.com/Property/faisalabad_eden_orchard_5_marla_brand_new_luxurious_house_available_for_sale_in_eden_orchard-54391163-11162-1.html
9 MARLA LUXURY HOUSE FOR SALE IN DIVINE ENCLAVE EAST CANAL ROAD FAISALABAD,PKR 5.75 Crore,57500000,5,6,9 Marla,2025.0,28395,House,False,8,hot8Share on FacebookShare on TwitterShare on WhatsAppSend via GMailSend via E-Mail,83,Houses_Faisalabad,2026-08-10,https://www.zameen.com/Property/canal_road_east_canal_road_9_marla_luxury_house_for_sale_in_divine_enclave_east_canal_road_faisalabad-53961624-9506-1.html
7 Marla Luxury Brand New House For Sale,PKR 4.25 Crore,42500000,5,6,7 Marla,1575.0,26984,House,False,29,hot29VerifiedShare on FacebookShare on TwitterShare on WhatsAppSend via GMailSend via E-Mail,92,Houses_Faisalabad,2026-08-10,https://www.zameen.com/Property/faisalabad_eden_valley_7_marla_luxury_brand_new_house_for_sale-54531628-8917-1.html
4 Kanal Luxury House Available For Sale In Abdullah Garden Ayesha Block East Canal Road Faisalabad,PKR 47 Crore,470000000,6,6,4 Kanal,18000.0,26111,House,False,7,hot7Share on FacebookShare on TwitterShare on WhatsAppSend via GMailSend via E-Mail,83,Houses_Faisalabad,2026-08-10,https://www.zameen.com/Property/east_canal_road_abdullah_gardens_4_kanal_luxury_house_available_for_sale_in_abdullah_garden_ayesha_block_east_canal_road_faisalabad-54364788-4890-1.html
Full Furnished House in Eden Valley Available For Sale 208 chak Road FSD,PKR 6.1 Crore,61000000,5,6,8.6 Marla,1935.0,31524,House,False,22,hot22Share on FacebookShare on TwitterShare on WhatsAppSend via GMailSend via E-Mail,84,Houses_Faisalabad,2026-08-10,https://www.zameen.com/Property/faisalabad_eden_valley_full_furnished_house_in_eden_valley_available_for_sale_208_chak_road_fsd-54365019-8917-1.html
7 Marla Brand New House For Sale Sargodha Road Faisalabad,PKR 3.25 Crore,32500000,4,5,7 Marla,1575.0,20634,House,False,26,26VerifiedShare on FacebookShare on TwitterShare on WhatsAppSend via GMailSend via E-Mail,89,Houses_Faisalabad,2026-08-10,https://www.zameen.com/Property/faisalabad_eden_orchard_7_marla_brand_new_house_for_sale_sargodha_road_faisalabad-54391154-11162-1.html
11 Marla Brand New House For Sale Sarghodha Road Eden Orchard,PKR 5.3 Crore,53000000,5,6,11 Marla,2475.0,21414,House,False,28,28VerifiedShare on FacebookShare on TwitterShare on WhatsAppSend via GMailSend via E-Mail,89,Houses_Faisalabad,2026-08-10,https://www.zameen.com/Property/faisalabad_eden_orchard_11_marla_brand_new_house_for_sale_sarghodha_road_eden_orchard-54391155-11162-1.html
5 Marla Brand New Luxury House For Sale In Eden Orchard Lasani Pulli Sarghodha Road Faisalabad,PKR 2.6 Crore,26000000,3,4,5 Marla,1125.0,23111,House,False,21,21Share on FacebookShare on TwitterShare on WhatsAppSend via GMailSend via E-Mail,81,Houses_Faisalabad,2026-08-10,https://www.zameen.com/Property/faisalabad_eden_orchard_5_marla_brand_new_luxury_house_for_sale_in_eden_orchard_lasani_pulli_sarghodha_road_faisalabad-54419057-11162-1.html
11 Marla House For Sale In Eden Orchard Sarghodha Road Faisalabad,PKR 5 Crore,50000000,5,6,11 Marla,2475.0,20202,House,False,20,20VerifiedShare on FacebookShare on TwitterShare on WhatsAppSend via GMailSend via E-Mail,89,Houses_Faisalabad,2026-08-10,https://www.zameen.com/Property/faisalabad_eden_orchard_11_marla_house_for_sale_in_eden_orchard_sarghodha_road_faisalabad-54427951-11162-1.html
7 Marla New House For Sale In Sargodha Road Eden Orchard,PKR 3 Crore,30000000,5,6,7 Marla,1575.0,19047,House,False,19,19VerifiedShare on FacebookShare on TwitterShare on WhatsAppSend via GMailSend via E-Mail,89,Houses_Faisalabad,2026-08-10,https://www.zameen.com/Property/faisalabad_eden_orchard_7_marla_new_house_for_sale_in_sargodha_road_eden_orchard-54427952-11162-1.html
5.65 Marla House For Sale In Khayaban Gardens Sarghodha Road Fsd,PKR 2.75 Crore,27500000,4,5,5.6 Marla,1260.0,21825,House,False,18,18VerifiedShare on FacebookShare on TwitterShare on WhatsAppSend via GMailSend via E-Mail,89,Houses_Faisalabad,2026-08-10,https://www.zameen.com/Property/faisalabad_khayaban_gardens_5_65_marla_house_for_sale_in_khayaban_gardens_sarghodha_road_fsd-54529700-4981-1.html
6 Marla House For Sale In Khayaban Gardens,PKR 2.35 Crore,23500000,5,5,6 Marla,1350.0,17407,House,False,19,19VerifiedShare on FacebookShare on TwitterShare on WhatsAppSend via GMailSend via E-Mail,89,Houses_Faisalabad,2026-08-10,https://www.zameen.com/Property/faisalabad_khayaban_gardens_6_marla_house_for_sale_in_khayaban_gardens-54529702-4981-1.html
Best Location 32 Marla House Available For Sale In Abdullah Gardens,PKR 20 Crore,200000000,10,7,1.6 Kanal,7200.0,27777,House,True,7,7VerifiedShare on FacebookShare on TwitterShare on WhatsAppSend via GMailSend via E-Mail,88,Houses_Faisalabad,2026-08-10,https://www.zameen.com/Property/east_canal_road_abdullah_gardens_best_location_32_marla_house_available_for_sale_in_abdullah_gardens-53325548-4890-1.html
11 Marla Brand New Corner House For Sale In Ayesha Block Abdullah Gardens Canal Road Faisalabad,PKR 6.75 Crore,67500000,5,5,11 Marla,2475.0,27272,House,False,6,hot6Share on FacebookShare on TwitterShare on WhatsAppSend via GMailSend via E-Mail,83,Houses_Faisalabad,2026-08-10,https://www.zameen.com/Property/east_canal_road_abdullah_gardens_11_marla_brand_new_corner_house_for_sale_in_ayesha_block_abdullah_gardens_canal_road_faisalabad-54549434-4890-1.html
5 Marla Brand New Double Story House For Sale Eden Orchard East Open Solid Constraction,PKR 2.15 Crore,21500000,3,4,5 Marla,1125.0,19111,House,False,16,hot16Share on FacebookShare on TwitterShare on WhatsAppSend via GMailSend via E-Mail,84,Houses_Faisalabad,2026-08-10,https://www.zameen.com/Property/faisalabad_eden_orchard_5_marla_brand_new_double_story_house_for_sale_eden_orchard_east_open_solid_constraction-54565894-11162-1.html
1.5-Kanal House with Beautiful Garden Near Lassani pulli,PKR 7.5 Crore,75000000,4,5,1.5 Kanal,6750.0,11111,House,False,17,hot17Share on FacebookShare on TwitterShare on WhatsAppSend via GMailSend via E-Mail,84,Houses_Faisalabad,2026-08-10,https://www.zameen.com/Property/faisalabad_sargodha_road_1_5-kanal_house_with_beautiful_garden_near_lassani_pulli-54476649-768-1.html
Ideal House For Sale In Khayaban Colony 2,PKR 4.85 Crore,48500000,6,7,14.5 Marla,3262.5,14865,House,False,17,hot17Share on FacebookShare on TwitterShare on WhatsAppSend via GMailSend via E-Mail,84,Houses_Faisalabad,2026-08-10,https://www.zameen.com/Property/faisalabad_khayaban_colony_2_ideal_house_for_sale_in_khayaban_colony_2-54562048-9475-1.html
Ideal House For Sale In Wapda City,PKR 2.5 Crore,25000000,5,5,5 Marla,1125.0,22222,House,False,2,hot2Share on FacebookShare on TwitterShare on WhatsAppSend via GMailSend via E-Mail,83,Houses_Faisalabad,2026-08-10,https://www.zameen.com/Property/faisalabad_wapda_city_ideal_house_for_sale_in_wapda_city-53902263-501-1.html
10 Marla Brand New House Is Available For Sale In Devine Enlave,PKR 5 Crore,50000000,5,6,10 Marla,2250.0,22222,House,False,14,hot14Share on FacebookShare on TwitterShare on WhatsAppSend via GMailSend via E-Mail,84,Houses_Faisalabad,2026-08-10,https://www.zameen.com/Property/canal_road_divine_enclave_10_marla_brand_new_house_is_available_for_sale_in_devine_enlave-54401617-21698-1.html
11 Marla Brand New Cornor House For Sale In Ayesha Block Abdullah Gardens Canal Road Faisalabad,PKR 6.75 Crore,67500000,5,5,11 Marla,2475.0,27272,House,False,6,hot6Share on FacebookShare on TwitterShare on WhatsAppSend via GMailSend via E-Mail,83,Houses_Faisalabad,2026-08-10,https://www.zameen.com/Property/east_canal_road_abdullah_gardens_11_marla_brand_new_cornor_house_for_sale_in_ayesha_block_abdullah_gardens_canal_road_faisalabad-54549555-4890-1.html
"Ideal 5 Marla House Available In Eden Valley - Block C, Faisalabad For Sale",PKR 2.35 Crore,23500000,3,4,5 Marla,1125.0,20888,House,False,26,hot26VerifiedShare on FacebookShare on TwitterShare on WhatsAppSend via GMailSend via E-Mail,92,Houses_Faisalabad,2026-08-10,https://www.zameen.com/Property/eden_valley_eden_valley_-_block_c_ideal_5_marla_house_available_in_eden_valley_-_block_c_faisalabad_for_sale-54498504-19078-1.html
5 MARLA ULTRA MODERN NEW HOUSE AVAILABLE FOR SALE,PKR 2.5 Crore,25000000,3,4,5 Marla,1125.0,22222,House,False,23,hot23Share on FacebookShare on TwitterShare on WhatsAppSend via GMailSend via E-Mail,84,Houses_Faisalabad,2026-08-10,https://www.zameen.com/Property/wapda_city_wapda_city_-_block_l_5_marla_ultra_modern_new_house_available_for_sale-54290807-5076-1.html
"10 MARLA BRAND NEW ULTRA MODERN, LUXURY HOUSE FOR SALE",PKR 4.7 Crore,47000000,4,5,10 Marla,2250.0,20888,House,False,15,hot15Share on FacebookShare on TwitterShare on WhatsAppSend via GMailSend via E-Mail,84,Houses_Faisalabad,2026-08-10,https://www.zameen.com/Property/faisalabad_wapda_city_10_marla_brand_new_ultra_modern_luxury_house_for_sale-54297349-501-1.html
1.5-Kanal House With Beautiful Garden Near Lassani Pulli,PKR 7.5 Crore,75000000,4,5,1.5 Kanal,6750.0,11111,House,False,17,hot17Share on FacebookShare on TwitterShare on WhatsAppSend via GMailSend via E-Mail,84,Houses_Faisalabad,2026-08-10,https://www.zameen.com/Property/faisalabad_muslim_town_1_5-kanal_house_with_beautiful_garden_near_lassani_pulli-54509451-1156-1.html
"Urgent Sale 2 Marla House In Millat Chowk, Faisalabad",PKR 27 Lakh,2700000,3,1,2 Marla,450.0,6000,House,False,,hotShare on FacebookShare on TwitterShare on WhatsAppSend via GMailSend via E-Mail,82,Houses_Faisalabad,2026-08-10,https://www.zameen.com/Property/faisalabad_millat_chowk_urgent_sale_2_marla_house_in_millat_chowk_faisalabad-54548492-11865-1.html
5 Marla Brand New House Available For Sale,PKR 2.65 Crore,26500000,4,5,5 Marla,1125.0,23555,House,False,43,hot43Share on FacebookShare on TwitterShare on WhatsAppSend via GMailSend via E-Mail,84,Houses_Faisalabad,2026-08-10,https://www.zameen.com/Property/faisalabad_eden_orchard_5_marla_brand_new_house_available_for_sale-54426382-11162-1.html
7 Marla Brand New House For Sale In Eden Valley At Very Resonable Price Its Limited Time Offer,PKR 3.6 Crore,36000000,4,5,7 Marla,1575.0,22857,House,False,46,hot46Share on FacebookShare on TwitterShare on WhatsAppSend via GMailSend via E-Mail,84,Houses_Faisalabad,2026-08-10,https://www.zameen.com/Property/faisalabad_eden_valley_7_marla_brand_new_house_for_sale_in_eden_valley_at_very_resonable_price_its_limited_time_offer-53493139-8917-1.html
5 Marla House For Sale In Beautiful Eden Valley,PKR 2.8 Crore,28000000,3,4,5 Marla,1125.0,24888,House,False,12,hot12Share on FacebookShare on TwitterShare on WhatsAppSend via GMailSend via E-Mail,84,Houses_Faisalabad,2026-08-10,https://www.zameen.com/Property/faisalabad_eden_valley_5_marla_house_for_sale_in_beautiful_eden_valley-54227864-8917-1.html
5 Marla House For Sale Is Available In Model City 1,PKR 2.35 Crore,23500000,3,4,5 Marla,1125.0,20888,House,False,29,hot29Share on FacebookShare on TwitterShare on WhatsAppSend via GMailSend via E-Mail,84,Houses_Faisalabad,2026-08-10,https://www.zameen.com/Property/canal_road_model_city_1_5_marla_house_for_sale_is_available_in_model_city_1-54517933-8590-1.html
7 Marla Brand New House For Sake In Eden Valley,PKR 4.1 Crore,41000000,4,5,8 Marla,1800.0,22777,House,False,18,hot18Share on FacebookShare on TwitterShare on WhatsAppSend via GMailSend via E-Mail,84,Houses_Faisalabad,2026-08-10,https://www.zameen.com/Property/faisalabad_eden_valley_7_marla_brand_new_house_for_sake_in_eden_valley-54525267-8917-1.html
"Luxurious 2 Kanal Designer House For Sale In Lyallpur Villas, Faisalabad Modern Architecture, Prime Location & Premium Living",PKR 25 Crore,250000000,5,6,2 Kanal,9000.0,27777,House,True,8,8Share on FacebookShare on TwitterShare on WhatsAppSend via GMailSend via E-Mail,80,Houses_Faisalabad,2026-08-10,https://www.zameen.com/Property/canal_expressway_lyallpur_villas_luxurious_2_kanal_designer_house_for_sale_in_lyallpur_villas_faisalabad_modern_architecture_prime_location_premium_living-53434018-12546-1.html
7 Marla House Prime Location House In Divine Enclave Faisalabad,PKR 4.25 Crore,42500000,4,4,7 Marla,1575.0,26984,House,True,5,5Share on FacebookShare on TwitterShare on WhatsAppSend via GMailSend via E-Mail,80,Houses_Faisalabad,2026-08-10,https://www.zameen.com/Property/canal_road_divine_enclave_7_marla_house_prime_location_house_in_divine_enclave_faisalabad-53939481-21698-1.html
Fine 10 Marla House For Sale in Wapda City Canal Expressway Faisalabad,PKR 3.8 Crore,38000000,4,4,10 Marla,2250.0,16888,House,True,5,5Share on FacebookShare on TwitterShare on WhatsAppSend via GMailSend via E-Mail,80,Houses_Faisalabad,2026-08-10,https://www.zameen.com/Property/faisalabad_wapda_city_fine_10_marla_house_for_sale_in_wapda_city_canal_expressway_faisalabad-53938206-501-1.html
Executive 10 Marla House For Sale In Wapda City Canal Expressway Faisalabad,PKR 4.15 Crore,41500000,4,4,10 Marla,2250.0,18444,House,True,8,8Share on FacebookShare on TwitterShare on WhatsAppSend via GMailSend via E-Mail,80,Houses_Faisalabad,2026-08-10,https://www.zameen.com/Property/faisalabad_wapda_city_executive_10_marla_house_for_sale_in_wapda_city_canal_expressway_faisalabad-53938202-501-1.html
Corner 45 Marla Brand New House For Sale in Wapda City Canal Road Faisalabad,PKR 30 Crore,300000000,6,7,2.3 Kanal,10350.0,28985,House,True,13,13Share on FacebookShare on TwitterShare on WhatsAppSend via GMailSend via E-Mail,81,Houses_Faisalabad,2026-08-10,https://www.zameen.com/Property/faisalabad_wapda_city_corner_45_marla_brand_new_house_for_sale_in_wapda_city_canal_road_faisalabad-53938188-501-1.html
"Premium 25 Marla Home For Sale In Wapda City Canal Expressway Elegant Layout, Modern Interiors & Best Investment Opportunity",PKR 18.5 Crore,185000000,5,5,1.2 Kanal,5400.0,34259,House,True,10,10Share on FacebookShare on TwitterShare on WhatsAppSend via GMailSend via E-Mail,81,Houses_Faisalabad,2026-08-10,https://www.zameen.com/Property/faisalabad_wapda_city_premium_25_marla_home_for_sale_in_wapda_city_canal_expressway_elegant_layout_modern_interiors_best_investment_opportunity-53938130-501-1.html
Newly 10 Marla House For Sale In Wapda City Canal Expressway Faisalabad,PKR 4.95 Crore,49500000,4,4,10 Marla,2250.0,22000,House,True,9,91Share on FacebookShare on TwitterShare on WhatsAppSend via GMailSend via E-Mail,81,Houses_Faisalabad,2026-08-10,https://www.zameen.com/Property/faisalabad_wapda_city_newly_10_marla_house_for_sale_in_wapda_city_canal_expressway_faisalabad-53938121-501-1.html
Modern 10 Marla Luxury House For Sale In Wapda City Canal Expressway Faisalabad,PKR 4.4 Crore,44000000,4,4,10 Marla,2250.0,19555,House,True,11,111Share on FacebookShare on TwitterShare on WhatsAppSend via GMailSend via E-Mail,82,Houses_Faisalabad,2026-08-10,https://www.zameen.com/Property/faisalabad_wapda_city_modern_10_marla_luxury_house_for_sale_in_wapda_city_canal_expressway_faisalabad-53938111-501-1.html
5 Marla Brand New House For Sale In Eden Valley,PKR 2.65 Crore,26500000,3,4,5 Marla,1125.0,23555,House,False,6,hot6Share on FacebookShare on TwitterShare on WhatsAppSend via GMailSend via E-Mail,83,Houses_Faisalabad,2026-08-10,https://www.zameen.com/Property/faisalabad_eden_valley_5_marla_brand_new_house_for_sale_in_eden_valley-54280009-8917-1.html
"10 MARLA ULTRA MODERN, NEW HOUSE AVAILABLE FOR SALE",PKR 4.75 Crore,47500000,4,5,10 Marla,2250.0,21111,House,False,32,hot32Share on FacebookShare on TwitterShare on WhatsAppSend via GMailSend via E-Mail,84,Houses_Faisalabad,2026-08-10,https://www.zameen.com/Property/faisalabad_wapda_city_10_marla_ultra_modern_new_house_available_for_sale-54470253-501-1.html
Brand New 11 Marla ultra Modren Luxury House For Sale East Open Prime Location Solid Consutraction,PKR 6 Crore,60000000,5,5,11 Marla,2475.0,24242,House,False,26,hot26Share on FacebookShare on TwitterShare on WhatsAppSend via GMailSend via E-Mail,84,Houses_Faisalabad,2026-08-10,https://www.zameen.com/Property/faisalabad_eden_orchard_brand_new_11_marla_ultra_modren_luxury_house_for_sale_east_open_prime_location_solid_consutraction-54524928-11162-1.html
1 Kanal Beautiful And Maintained House For Sale In University Town,PKR 6.6 Crore,66000000,6,6,1 Kanal,4500.0,14666,House,False,6,hot6Share on FacebookShare on TwitterShare on WhatsAppSend via GMailSend via E-Mail,83,Houses_Faisalabad,2026-08-10,https://www.zameen.com/Property/faisalabad_university_town_1_kanal_beautiful_and_maintained_house_for_sale_in_university_town-54488770-5063-1.html
Luxury Brand New House Available For Sale,PKR 1.75 Crore,17500000,3,4,3 Marla,675.0,25925,House,False,9,hot9VerifiedShare on FacebookShare on TwitterShare on WhatsAppSend via GMailSend via E-Mail,91,Houses_Faisalabad,2026-08-10,https://www.zameen.com/Property/faisalabad_gulistan_colony_no_1_luxury_brand_new_house_available_for_sale-54313919-1073-1.html
"B BLOCK, 10 MARLA BRAND ULTRA MODERN HOUSE FOR SALE",PKR 4.15 Crore,41500000,4,5,10 Marla,2250.0,18444,House,False,38,hot38Share on FacebookShare on TwitterShare on WhatsAppSend via GMailSend via E-Mail,84,Houses_Faisalabad,2026-08-10,https://www.zameen.com/Property/faisalabad_wapda_city_b_block_10_marla_brand_ultra_modern_house_for_sale-54125220-501-1.html
15 MARLA BRAND NEW LUXURY HOUSE FOR SALE,PKR 6.5 Crore,65000000,5,6,15 Marla,3375.0,19259,House,False,48,hot48Share on FacebookShare on TwitterShare on WhatsAppSend via GMailSend via E-Mail,84,Houses_Faisalabad,2026-08-10,https://www.zameen.com/Property/wapda_city_wapda_city_-_block_c_15_marla_brand_new_luxury_house_for_sale-54190895-5068-1.html
Beautiful New House For Sale,PKR 3.85 Crore,38500000,5,6,10 Marla,2250.0,17111,House,False,21,hot21Share on FacebookShare on TwitterShare on WhatsAppSend via GMailSend via E-Mail,84,Houses_Faisalabad,2026-08-10,https://www.zameen.com/Property/faisalabad_wapda_city_beautiful_new_house_for_sale-54239031-501-1.html
7 Marla 2 Storey Brand New House For Sale In Sitara Gold City Satyana Road Faisalabad,PKR 3.45 Crore,34500000,5,5,7 Marla,1575.0,21904,House,False,10,hot10Share on FacebookShare on TwitterShare on WhatsAppSend via GMailSend via E-Mail,84,Houses_Faisalabad,2026-08-10,https://www.zameen.com/Property/satiana_road_sitara_gold_city_7_marla_2_storey_brand_new_house_for_sale_in_sitara_gold_city_satyana_road_faisalabad-53549520-10822-1.html
5 Marla Double Storey House,PKR 1.65 Crore,16500000,,,5 Marla,1125.0,14666,House,False,17,hot17Share on FacebookShare on TwitterShare on WhatsAppSend via GMailSend via E-Mail,84,Houses_Faisalabad,2026-08-10,https://www.zameen.com/Property/lower_canal_road_green_orchard_5_marla_double_storey_house-54546800-15298-1.html
East Open Beautiful House,PKR 4.8 Crore,48000000,5,6,10 Marla,2250.0,21333,House,False,27,hot27Share on FacebookShare on TwitterShare on WhatsAppSend via GMailSend via E-Mail,84,Houses_Faisalabad,2026-08-10,https://www.zameen.com/Property/faisalabad_wapda_city_east_open_beautiful_house-54552366-501-1.html
5 Marla Like Brand New House Available For Sale In Eden Orchard Lassani Pulli Sargodha Road,PKR 2.6 Crore,26000000,3,4,5 Marla,1125.0,23111,House,False,25,hot25Share on FacebookShare on TwitterShare on WhatsAppSend via GMailSend via E-Mail,84,Houses_Faisalabad,2026-08-10,https://www.zameen.com/Property/faisalabad_eden_orchard_5_marla_like_brand_new_house_available_for_sale_in_eden_orchard_lassani_pulli_sargodha_road-54444126-11162-1.html
3.33 Marla Corner House,PKR 1.35 Crore,13500000,,,3 Marla,675.0,20000,House,False,3,hot3Share on FacebookShare on TwitterShare on WhatsAppSend via GMailSend via E-Mail,83,Houses_Faisalabad,2026-08-10,https://www.zameen.com/Property/jaranwala_road_sitara_park_city_3_33_marla_corner_house-54079772-12464-1.html
5 A 2 Story Brand New House For Sale In Sitara Gold City Satyana Road Faisalabad,PKR 2.68 Crore,26800000,4,4,5 Marla,1125.0,23822,House,False,1,hot1Share on FacebookShare on TwitterShare on WhatsAppSend via GMailSend via E-Mail,83,Houses_Faisalabad,2026-08-10,https://www.zameen.com/Property/faisalabad_satiana_road_5_a_2_story_brand_new_house_for_sale_in_sitara_gold_city_satyana_road_faisalabad-53865746-534-1.html
6.1 Marla 2 story house for sale in Muhammad Abad Satyana Road Faisalabad,PKR 2.45 Crore,24500000,5,5,6 Marla,1350.0,18148,House,False,1,hot1Share on FacebookShare on TwitterShare on WhatsAppSend via GMailSend via E-Mail,83,Houses_Faisalabad,2026-08-10,https://www.zameen.com/Property/faisalabad_satiana_road_6_1_marla_2_story_house_for_sale_in_muhammad_abad_satyana_road_faisalabad-54072204-534-1.html
6 Marla Brand New House For Sale In Eden Velley,PKR 3.5 Crore,35000000,5,6,6 Marla,1350.0,25925,House,False,26,hot26Share on FacebookShare on TwitterShare on WhatsAppSend via GMailSend via E-Mail,84,Houses_Faisalabad,2026-08-10,https://www.zameen.com/Property/faisalabad_eden_valley_6_marla_brand_new_house_for_sale_in_eden_velley-54538889-8917-1.html
Khayaban Green 10 Marla East Open Double Story House For Sale Ideal Location,PKR 2.6 Crore,26000000,4,4,10 Marla,2250.0,11555,House,False,16,hot16Share on FacebookShare on TwitterShare on WhatsAppSend via GMailSend via E-Mail,84,Houses_Faisalabad,2026-08-10,https://www.zameen.com/Property/satiana_road_khayaban-e-green_khayaban_green_10_marla_east_open_double_story_house_for_sale_ideal_location-54529147-11518-1.html
3.75 Marla House For Sale In Canal Garden Canal Road Faisalabad,PKR 2 Crore,20000000,3,3,3.7 Marla,832.5,24024,House,True,13,13Share on FacebookShare on TwitterShare on WhatsAppSend via GMailSend via E-Mail,81,Houses_Faisalabad,2026-08-10,https://www.zameen.com/Property/faisalabad_canal_garden_3_75_marla_house_for_sale_in_canal_garden_canal_road_faisalabad-53938025-8588-1.html
5.5 Marla House For Sale In Zee Garden Faisalabad,PKR 2.45 Crore,24500000,3,3,5.5 Marla,1237.5,19797,House,True,6,61Share on FacebookShare on TwitterShare on WhatsAppSend via GMailSend via E-Mail,81,Houses_Faisalabad,2026-08-10,https://www.zameen.com/Property/canal_expressway_zee_garden_5_5_marla_house_for_sale_in_zee_garden_faisalabad-53942274-10732-1.html
EXECUTIVE 44 Marla GRAY STRUCTURE HOUSE FOR SALE IN SITARA VILLAS MAIN EXPRESSWAY FAISALABAD,PKR 16 Crore,160000000,6,6,2.2 Kanal,9900.0,16161,House,True,5,5Share on FacebookShare on TwitterShare on WhatsAppSend via GMailSend via E-Mail,80,Houses_Faisalabad,2026-08-10,https://www.zameen.com/Property/faisalabad_sitara_villas_executive_44_marla_gray_structure_house_for_sale_in_sitara_villas_main_expressway_faisalabad-52412201-11131-1.html
10 MARLA BRAND NEW LUXURY HOUSE FOR SALE,PKR 4.75 Crore,47500000,5,7,10 Marla,2250.0,21111,House,False,41,41Share on FacebookShare on TwitterShare on WhatsAppSend via GMailSend via E-Mail,81,Houses_Faisalabad,2026-08-10,https://www.zameen.com/Property/wapda_city_wapda_city_-_block_m_10_marla_brand_new_luxury_house_for_sale-54286541-5077-1.html
5 Marla Beautiful & Lavish House For Sale,PKR 2.5 Crore,25000000,3,5,5 Marla,1125.0,22222,House,False,30,30Share on FacebookShare on TwitterShare on WhatsAppSend via GMailSend via E-Mail,81,Houses_Faisalabad,2026-08-10,https://www.zameen.com/Property/eden_gardens_eden_executive_5_marla_beautiful_lavish_house_for_sale-53876177-10765-1.html
5 Marla Beautiful & Lavish House for Sale,PKR 2.7 Crore,27000000,3,4,5 Marla,1125.0,24000,House,False,20,20Share on FacebookShare on TwitterShare on WhatsAppSend via GMailSend via E-Mail,81,Houses_Faisalabad,2026-08-10,https://www.zameen.com/Property/faisalabad_eden_valley_5_marla_beautiful_lavish_house_for_sale-53875933-8917-1.html
5 Marla Beautiful & Lavish House for Sale,PKR 2.25 Crore,22500000,3,4,5 Marla,1125.0,20000,House,False,35,35Share on FacebookShare on TwitterShare on WhatsAppSend via GMailSend via E-Mail,81,Houses_Faisalabad,2026-08-10,https://www.zameen.com/Property/eden_gardens_eden_executive_5_marla_beautiful_lavish_house_for_sale-54542582-10765-1.html
Brand New Modern House,PKR 3.5 Crore,35000000,4,5,6 Marla,1350.0,25925,House,False,28,28Share on FacebookShare on TwitterShare on WhatsAppSend via GMailSend via E-Mail,81,Houses_Faisalabad,2026-08-10,https://www.zameen.com/Property/riaz_ul_jannah_riaz_ul_jannah_-_umer_block_brand_new_modern_house-54171490-18504-1.html
"""City Housing Society 5 Marla VIP House For Sale""۔",PKR 1.6 Crore,16000000,4,3,5 Marla,1125.0,14222,House,False,,hotShare on FacebookShare on TwitterShare on WhatsAppSend via GMailSend via E-Mail,82,Houses_Faisalabad,2026-08-10,https://www.zameen.com/Property/faisalabad_sargodha_road_city_housing_society_5_marla_vip_house_for_sale-52979960-768-1.html
Ready To Buy A House In Gulistan Colony No 1 Gulistan Colony No 1,PKR 1.25 Crore,12500000,4,4,4 Marla,900.0,13888,House,False,6,hot6Share on FacebookShare on TwitterShare on WhatsAppSend via GMailSend via E-Mail,83,Houses_Faisalabad,2026-08-10,https://www.zameen.com/Property/faisalabad_gulistan_colony_no_1_ready_to_buy_a_house_in_gulistan_colony_no_1_gulistan_colony_no_1-52998461-1073-1.html
House For Sale In Ismail Valley,PKR 3.1 Crore,31000000,,,8 Marla,1800.0,17222,House,False,24,hot24VerifiedShare on FacebookShare on TwitterShare on WhatsAppSend via GMailSend via E-Mail,92,Houses_Faisalabad,2026-08-10,https://www.zameen.com/Property/faisalabad_ismail_valley_house_for_sale_in_ismail_valley-53970555-10709-1.html
10 Marla House Is Available For Sale,PKR 2.45 Crore,24500000,4,4,10 Marla,2250.0,10888,House,False,17,hot17VerifiedShare on FacebookShare on TwitterShare on WhatsAppSend via GMailSend via E-Mail,92,Houses_Faisalabad,2026-08-10,https://www.zameen.com/Property/faisalabad_millat_town_10_marla_house_is_available_for_sale-53142414-645-1.html
1 kanal House Available For Sale officer colony no 2,PKR 5 Crore,50000000,5,6,1 Kanal,4500.0,11111,House,False,,hotShare on FacebookShare on TwitterShare on WhatsAppSend via GMailSend via E-Mail,82,Houses_Faisalabad,2026-08-10,https://www.zameen.com/Property/faisalabad_officers_colony_2_1_kanal_house_available_for_sale_officer_colony_no_2-54502353-15304-1.html
1 Kanal House Tech Town For Sale,PKR 4.75 Crore,47500000,,,1 Kanal,4500.0,10555,House,False,15,hot15Share on FacebookShare on TwitterShare on WhatsAppSend via GMailSend via E-Mail,84,Houses_Faisalabad,2026-08-10,https://www.zameen.com/Property/satiana_road_tech_town_tnt_colony_1_kanal_house_tech_town_for_sale-54453712-419-1.html
5 MARLA FURNISHED HOUSE FOR SALE,PKR 1.7 Crore,17000000,3,4,5 Marla,1125.0,15111,House,False,16,hot16Share on FacebookShare on TwitterShare on WhatsAppSend via GMailSend via E-Mail,84,Houses_Faisalabad,2026-08-10,https://www.zameen.com/Property/citi_housing_citi_housing_sargodha_road_5_marla_furnished_house_for_sale-54532416-11229-1.html
11 Marla Luxurious House Available For Sale in Eden Orchard lasani Pulli sargodha road,PKR 4.75 Crore,47500000,3,4,11 Marla,2475.0,19191,House,False,8,hot8VerifiedShare on FacebookShare on TwitterShare on WhatsAppSend via GMailSend via E-Mail,91,Houses_Faisalabad,2026-08-10,https://www.zameen.com/Property/faisalabad_eden_orchard_11_marla_luxurious_house_available_for_sale_in_eden_orchard_lasani_pulli_sargodha_road-53436683-11162-1.html
Gulshan e Madina Phase One Sargodha Road 11.5 Marla used House For Sale Near Main Gate,PKR 4.5 Crore,45000000,5,5,11.5 Marla,2587.5,17391,House,False,17,hot17Share on FacebookShare on TwitterShare on WhatsAppSend via GMailSend via E-Mail,84,Houses_Faisalabad,2026-08-10,https://www.zameen.com/Property/gulshan_e_madina_gulshan_e_madina_phase_1_gulshan_e_madina_phase_one_sargodha_road_11_5_marla_used_house_for_sale_near_main_gate-54529054-18300-1.html
LUXURY HOUSE FOR SALE,PKR 3.5 Crore,35000000,4,7,6 Marla,1350.0,25925,House,False,13,hot13Share on FacebookShare on TwitterShare on WhatsAppSend via GMailSend via E-Mail,84,Houses_Faisalabad,2026-08-10,https://www.zameen.com/Property/east_canal_road_abdullah_gardens_luxury_house_for_sale-54528185-4890-1.html
House For Sale In City Villas,PKR 1.92 Crore,19200000,4,5,7 Marla,1575.0,12190,House,False,,hotShare on FacebookShare on TwitterShare on WhatsAppSend via GMailSend via E-Mail,82,Houses_Faisalabad,2026-08-10,https://www.zameen.com/Property/samundari_road_city_villas_housing_scheme_house_for_sale_in_city_villas-54525587-11567-1.html
1 KANAL LUXURY FURNISH HOUSE AVAILABLE FOR SALE,PKR 12.5 Crore,125000000,5,6,1 Kanal,4500.0,27777,House,False,49,hot49Share on FacebookShare on TwitterShare on WhatsAppSend via GMailSend via E-Mail,84,Houses_Faisalabad,2026-08-10,https://www.zameen.com/Property/wapda_city_wapda_city_-_block_f_1_kanal_luxury_furnish_house_available_for_sale-54512869-5071-1.html
21 Marla House For Sale Madina Town Near Susan Road,PKR 6.5 Crore,65000000,6,7,1 Kanal,4500.0,14444,House,False,49,hot49Share on FacebookShare on TwitterShare on WhatsAppSend via GMailSend via E-Mail,84,Houses_Faisalabad,2026-08-10,https://www.zameen.com/Property/faisalabad_madina_town_21_marla_house_for_sale_madina_town_near_susan_road-54235475-533-1.html
Your Ideal 4 Marla House Has Just Become Available In Oasis Orchard,PKR 1.75 Crore,17500000,,,4 Marla,900.0,19444,House,False,5,hot5VerifiedShare on FacebookShare on TwitterShare on WhatsAppSend via GMailSend via E-Mail,91,Houses_Faisalabad,2026-08-10,https://www.zameen.com/Property/samundari_road_oasis_orchard_your_ideal_4_marla_house_has_just_become_available_in_oasis_orchard-54433541-17896-1.html
5 Marla Double Storey NEW Brand House Available For Sale In Eden Orchard Sargodha Road,PKR 2.2 Crore,22000000,3,5,5 Marla,1125.0,19555,House,False,15,hot15VerifiedShare on FacebookShare on TwitterShare on WhatsAppSend via GMailSend via E-Mail,92,Houses_Faisalabad,2026-08-10,https://www.zameen.com/Property/faisalabad_eden_orchard_5_marla_double_storey_new_brand_house_available_for_sale_in_eden_orchard_sargodha_road-54280797-11162-1.html
10 Marla Brand New Double Storey House Available For Sale In Gulshan E Madina Phase 1 Sargodha Road,PKR 4.4 Crore,44000000,5,6,10 Marla,2250.0,19555,House,False,12,hot12VerifiedShare on FacebookShare on TwitterShare on WhatsAppSend via GMailSend via E-Mail,92,Houses_Faisalabad,2026-08-10,https://www.zameen.com/Property/gulshan_e_madina_gulshan_e_madina_phase_1_10_marla_brand_new_double_storey_house_available_for_sale_in_gulshan_e_madina_phase_1_sargodha_road-54280801-18300-1.html
2.75 Marla Brand New House For Sale For In Eden Executive Golden Chance To Purchase This House,PKR 1.25 Crore,12500000,3,4,2.7 Marla,607.5,20576,House,False,12,hot12Share on FacebookShare on TwitterShare on WhatsAppSend via GMailSend via E-Mail,84,Houses_Faisalabad,2026-08-10,https://www.zameen.com/Property/eden_gardens_eden_executive_2_75_marla_brand_new_house_for_sale_for_in_eden_executive_golden_chance_to_purchase_this_house-54227860-10765-1.html
Brand New house,PKR 1.25 Crore,12500000,4,4,3 Marla,675.0,18518,House,False,18,18Share on FacebookShare on TwitterShare on WhatsAppSend via GMailSend via E-Mail,81,Houses_Faisalabad,2026-08-10,https://www.zameen.com/Property/faisalabad_kareem_city_brand_new_house-54066974-9452-1.html
New house,PKR 5.5 Crore,55000000,6,7,9 Marla,2025.0,27160,House,False,34,34Share on FacebookShare on TwitterShare on WhatsAppSend via GMailSend via E-Mail,81,Houses_Faisalabad,2026-08-10,https://www.zameen.com/Property/riaz_ul_jannah_riaz_ul_jannah_-_umer_block_new_house-53848307-18504-1.html
Brand New House Is Available For Sale,PKR 2.85 Crore,28500000,5,6,6 Marla,1350.0,21111,House,False,16,16Share on FacebookShare on TwitterShare on WhatsAppSend via GMailSend via E-Mail,81,Houses_Faisalabad,2026-08-10,https://www.zameen.com/Property/riaz_ul_jannah_riaz_ul_jannah_-_umer_block_brand_new_house_is_available_for_sale-53826993-18504-1.html
4.7 Marla 1.5 Storey House For Sale In Shoaib Block Near Muslim Town,PKR 1.5 Crore,15000000,3,4,4.7 Marla,1057.5,14184,House,False,8,8Share on FacebookShare on TwitterShare on WhatsAppSend via GMailSend via E-Mail,80,Houses_Faisalabad,2026-08-10,https://www.zameen.com/Property/faisalabad_muslim_town_4_7_marla_1_5_storey_house_for_sale_in_shoaib_block_near_muslim_town-54053339-1156-1.html
Highly-Coveted Prime Location 3 Marla House Is Available In Four Season Housing For Sale,PKR 1.8 Crore,18000000,,,3 Marla,675.0,26666,House,False,6,6VerifiedShare on FacebookShare on TwitterShare on WhatsAppSend via GMailSend via E-Mail,88,Houses_Faisalabad,2026-08-10,https://www.zameen.com/Property/faisalabad_four_season_housing_highly-coveted_prime_location_3_marla_house_is_available_in_four_season_housing_for_sale-54557012-4945-1.html
8.6 Marla 2 Storey Corner House For Sale In Sitara Gold City Satyana Road Faisalabad,PKR 5.55 Crore,55500000,4,4,8.6 Marla,1935.0,28682,House,False,9,9Share on FacebookShare on TwitterShare on WhatsAppSend via GMailSend via E-Mail,80,Houses_Faisalabad,2026-08-10,https://www.zameen.com/Property/faisalabad_satiana_road_8_6_marla_2_storey_corner_house_for_sale_in_sitara_gold_city_satyana_road_faisalabad-54549714-534-1.html
Brand New corner house,PKR 3.4 Crore,34000000,4,5,6 Marla,1350.0,25185,House,False,14,14Share on FacebookShare on TwitterShare on WhatsAppSend via GMailSend via E-Mail,81,Houses_Faisalabad,2026-08-10,https://www.zameen.com/Property/riaz_ul_jannah_riaz_ul_jannah_-_umer_block_brand_new_corner_house-54588174-18504-1.html
7 Marla New Brand House For Sale In Muslim Town No 1,PKR 2.75 Crore,27500000,4,5,7 Marla,1575.0,17460,House,False,50,50Share on FacebookShare on TwitterShare on WhatsAppSend via GMailSend via E-Mail,81,Houses_Faisalabad,2026-08-10,https://www.zameen.com/Property/faisalabad_muslim_town_7_marla_new_brand_house_for_sale_in_muslim_town_no_1-54288996-1156-1.html
A Well Designed House Is Up For Sale In An Ideal Location In Multan,PKR 2.35 Crore,23500000,3,4,6 Marla,1350.0,17407,House,True,7,super hot7VerifiedShare on FacebookShare on TwitterShare on WhatsAppSend via GMailSend via E-Mail,97,Houses_Multan,2026-08-10,https://www.zameen.com/Property/dha_defence_askari_3_a_well_designed_house_is_up_for_sale_in_an_ideal_location_in_multan-54389599-17156-1.html
House For Sale In Mda Coporative Phase 2,PKR 5.3 Crore,53000000,5,6,1 Kanal,4500.0,11777,House,True,37,super hot37Share on FacebookShare on TwitterShare on WhatsAppSend via GMailSend via E-Mail,90,Houses_Multan,2026-08-10,https://www.zameen.com/Property/multan_mda_co-operative_housing_scheme_house_for_sale_in_mda_coporative_phase_2-54472050-1400-1.html
10 Marla Ultra-Modern & Most Elegant House For Sale In Royal Orchard Multan,PKR 3.9 Crore,39000000,5,6,10 Marla,2250.0,17333,House,True,12,super hot12Share on FacebookShare on TwitterShare on WhatsAppSend via GMailSend via E-Mail,90,Houses_Multan,2026-08-10,https://www.zameen.com/Property/multan_public_school_road_royal_orchard_10_marla_ultra-modern_most_elegant_house_for_sale_in_royal_orchard_multan-54175150-9492-1.html
20 Marla Brand New Luxury House For Sale | Royal Orchard Multan (Prime Location) 5 Spacious Bedrooms with attached luxury washrooms,PKR 7.15 Crore,71500000,7,7,1 Kanal,4500.0,15888,House,True,38,super hot381Share on FacebookShare on TwitterShare on WhatsAppSend via GMailSend via E-Mail,91,Houses_Multan,2026-08-10,https://www.zameen.com/Property/multan_public_school_road_royal_orchard_20_marla_brand_new_luxury_house_for_sale_royal_orchard_multan_prime_location_5_spacious_bedrooms_with_attached_luxury_washrooms-54405238-9492-1.html
4 Marla Designer New House For Sale IN GHAGRA VILLAS MULTAN,PKR 1.45 Crore,14500000,3,4,4 Marla,900.0,16111,House,True,22,super hot22Share on FacebookShare on TwitterShare on WhatsAppSend via GMailSend via E-Mail,90,Houses_Multan,2026-08-10,https://www.zameen.com/Property/multan_public_school_road_ghagra_villas_4_marla_designer_new_house_for_sale_in_ghagra_villas_multan-54524649-14255-1.html
Prime Location 6 Marla House For Sale In Serene Villas Multan,PKR 2.1 Crore,21000000,4,4,6 Marla,1350.0,15555,House,True,14,super hot14Share on FacebookShare on TwitterShare on WhatsAppSend via GMailSend via E-Mail,90,Houses_Multan,2026-08-10,https://www.zameen.com/Property/jinnah_avenue_serene_villas_prime_location_6_marla_house_for_sale_in_serene_villas_multan-54562596-22097-1.html
"6 Marla Prestige Villa For Sale In DHA Phase 1 - Sector C, Multan Is Available On Installment",PKR 2.25 Crore,22500000,4,4,6 Marla,1350.0,16666,House,True,16,super hot16Share on FacebookShare on TwitterShare on WhatsAppSend via GMailSend via E-Mail,90,Houses_Multan,2026-08-10,https://www.zameen.com/Property/dha_phase_1_dha_phase_1_-_sector_c_6_marla_prestige_villa_for_sale_in_dha_phase_1_-_sector_c_multan_is_available_on_installment-54536005-14302-1.html
11.50 Marla The Signature House Available For Sale Buch Executive Villas Multan,PKR 4.9 Crore,49000000,5,6,11.5 Marla,2587.5,18937,House,True,22,super hot22Share on FacebookShare on TwitterShare on WhatsAppSend via GMailSend via E-Mail,90,Houses_Multan,2026-08-10,https://www.zameen.com/Property/buch_executive_villas_buch_executive_villas_-_phase_1_11_50_marla_the_signature_house_available_for_sale_buch_executive_villas_multan-54583813-19719-1.html
"10 Marla Brand New Triple Storey Luxury House For Sale In Buch Villas, Multan",PKR 3.85 Crore,38500000,6,6,10 Marla,2250.0,17111,House,True,28,super hot281Share on FacebookShare on TwitterShare on WhatsAppSend via GMailSend via E-Mail,91,Houses_Multan,2026-08-10,https://www.zameen.com/Property/buch_executive_villas_buch_executive_villas_-_phase_2_10_marla_brand_new_triple_storey_luxury_house_for_sale_in_buch_villas_multan-54503702-19720-1.html
Luxury 11.78 Marla Double Storey House For Sale Buch Villas Multan,PKR 4.88 Crore,48800000,5,6,12 Marla,2700.0,18074,House,True,25,super hot25Share on FacebookShare on TwitterShare on WhatsAppSend via GMailSend via E-Mail,90,Houses_Multan,2026-08-10,https://www.zameen.com/Property/buch_executive_villas_buch_executive_villas_-_phase_1_luxury_11_78_marla_double_storey_house_for_sale_buch_villas_multan-54568633-19719-1.html
Brand New 10 Marla House For Sale In DHA Phase 1 - Sector B1 Multan,PKR 3.3 Crore,33000000,5,6,10 Marla,2250.0,14666,House,True,14,hot14VerifiedShare on FacebookShare on TwitterShare on WhatsAppSend via GMailSend via E-Mail,92,Houses_Multan,2026-08-10,https://www.zameen.com/Property/dha_phase_1_dha_phase_1_-_sector_b1_brand_new_10_marla_house_for_sale_in_dha_phase_1_-_sector_b1_multan-54543376-14300-1.html
Brand New 10 Marla House For Sale In DHA Phase 1 - Sector B1 Multan,PKR 3.5 Crore,35000000,5,6,10 Marla,2250.0,15555,House,True,12,hot12VerifiedShare on FacebookShare on TwitterShare on WhatsAppSend via GMailSend via E-Mail,92,Houses_Multan,2026-08-10,https://www.zameen.com/Property/dha_phase_1_dha_phase_1_-_sector_b1_brand_new_10_marla_house_for_sale_in_dha_phase_1_-_sector_b1_multan-54543377-14300-1.html
Spacious Prime Location House Is Available In Buch Villas Phase 2 - Manik Block For Sale,PKR 2.3 Crore,23000000,4,4,5 Marla,1125.0,20444,House,False,24,hot24Share on FacebookShare on TwitterShare on WhatsAppSend via GMailSend via E-Mail,84,Houses_Multan,2026-08-10,https://www.zameen.com/Property/buch_executive_villas_phase_2_buch_villas_phase_2_-_manik_block_spacious_prime_location_house_is_available_in_buch_villas_phase_2_-_manik_block_for_sale-54427412-22186-1.html
Double Storey 20 Marla House Available In Jail Road For sale,PKR 5.7 Crore,57000000,5,5,1 Kanal,4500.0,12666,House,False,10,hot10VerifiedShare on FacebookShare on TwitterShare on WhatsAppSend via GMailSend via E-Mail,92,Houses_Multan,2026-08-10,https://www.zameen.com/Property/multan_jail_road_double_storey_20_marla_house_available_in_jail_road_for_sale-54502576-8722-1.html
Well-Constructed Brand New House Available For Sale In Shalimar Colony,PKR 3.2 Crore,32000000,5,6,10 Marla,2250.0,14222,House,False,23,hot23VerifiedShare on FacebookShare on TwitterShare on WhatsAppSend via GMailSend via E-Mail,92,Houses_Multan,2026-08-10,https://www.zameen.com/Property/multan_shalimar_colony_well-constructed_brand_new_house_available_for_sale_in_shalimar_colony-54502684-346-1.html
Prime Location 8 Marla House For Sale In Rs. 37000000 Only,PKR 3.6 Crore,36000000,6,6,8 Marla,1800.0,20000,House,False,20,hot20Share on FacebookShare on TwitterShare on WhatsAppSend via GMailSend via E-Mail,84,Houses_Multan,2026-08-10,https://www.zameen.com/Property/buch_executive_villas_phase_2_buch_villas_phase_2_-_manik_block_prime_location_8_marla_house_for_sale_in_rs_37000000_only-54195439-22186-1.html
Best Options For Prime Location House Is Available For Sale In Buch Executive Villas,PKR 3.4 Crore,34000000,5,5,10 Marla,2250.0,15111,House,False,18,hot18Share on FacebookShare on TwitterShare on WhatsAppSend via GMailSend via E-Mail,84,Houses_Multan,2026-08-10,https://www.zameen.com/Property/multan_buch_executive_villas_best_options_for_prime_location_house_is_available_for_sale_in_buch_executive_villas-54274521-8627-1.html
Tripple Storey 5 Marla House Available In Buch Villas Phase 2 - Manik Block For sale,PKR 2.2 Crore,22000000,4,4,5 Marla,1125.0,19555,House,False,15,15Share on FacebookShare on TwitterShare on WhatsAppSend via GMailSend via E-Mail,81,Houses_Multan,2026-08-10,https://www.zameen.com/Property/buch_executive_villas_phase_2_buch_villas_phase_2_-_manik_block_tripple_storey_5_marla_house_available_in_buch_villas_phase_2_-_manik_block_for_sale-53998563-22186-1.html
Prime Location 5 Marla House For Sale In The Perfect Location Of Buch Villas Phase 2 - Manik Block,PKR 2.2 Crore,22000000,4,4,5 Marla,1125.0,19555,House,False,17,17Share on FacebookShare on TwitterShare on WhatsAppSend via GMailSend via E-Mail,81,Houses_Multan,2026-08-10,https://www.zameen.com/Property/buch_executive_villas_phase_2_buch_villas_phase_2_-_manik_block_prime_location_5_marla_house_for_sale_in_the_perfect_location_of_buch_villas_phase_2_-_manik_block-54200315-22186-1.html
Book A Prime Location House Of 8 Marla In Buch Executive Villas Buch Executive Villas,PKR 1.8 Crore,18000000,2,2,8 Marla,1800.0,10000,House,False,10,10Share on FacebookShare on TwitterShare on WhatsAppSend via GMailSend via E-Mail,81,Houses_Multan,2026-08-10,https://www.zameen.com/Property/multan_buch_executive_villas_book_a_prime_location_house_of_8_marla_in_buch_executive_villas_buch_executive_villas-54200316-8627-1.html
Ready To Buy A Prime Location House In Wapda Town Phase 2 - Block R Multan,PKR 3.9 Crore,39000000,5,5,10 Marla,2250.0,17333,House,False,26,26Share on FacebookShare on TwitterShare on WhatsAppSend via GMailSend via E-Mail,81,Houses_Multan,2026-08-10,https://www.zameen.com/Property/wapda_town_phase_2_wapda_town_phase_2_-_block_r_ready_to_buy_a_prime_location_house_in_wapda_town_phase_2_-_block_r_multan-54280062-14209-1.html
5.33 Marla Modern Elevation House For Sale Buch Villas Multan,PKR 2.35 Crore,23500000,5,6,5.3 Marla,1192.5,19706,House,False,10,10Share on FacebookShare on TwitterShare on WhatsAppSend via GMailSend via E-Mail,81,Houses_Multan,2026-08-10,https://www.zameen.com/Property/multan_buch_executive_villas_5_33_marla_modern_elevation_house_for_sale_buch_villas_multan-54385488-8627-1.html
Ideal Prime Location House In Buch Executive Villas Available,PKR 5.9 Crore,59000000,5,5,17 Marla,3825.0,15424,House,False,24,24VerifiedShare on FacebookShare on TwitterShare on WhatsAppSend via GMailSend via E-Mail,89,Houses_Multan,2026-08-10,https://www.zameen.com/Property/multan_buch_executive_villas_ideal_prime_location_house_in_buch_executive_villas_available-54407339-8627-1.html
Get An Attractive Prime Location House In Multan Under Rs. 33500000,PKR 3.35 Crore,33500000,5,5,8.7 Marla,1957.4999999999998,17113,House,False,20,20VerifiedShare on FacebookShare on TwitterShare on WhatsAppSend via GMailSend via E-Mail,89,Houses_Multan,2026-08-10,https://www.zameen.com/Property/buch_executive_villas_phase_2_buch_villas_phase_2_-_afzal_block_get_an_attractive_prime_location_house_in_multan_under_rs_33500000-54407340-22190-1.html
Prime Location 7 Marla House For Sale In Buch Executive Villas,PKR 2.5 Crore,25000000,3,3,7 Marla,1575.0,15873,House,False,22,22Share on FacebookShare on TwitterShare on WhatsAppSend via GMailSend via E-Mail,81,Houses_Multan,2026-08-10,https://www.zameen.com/Property/multan_buch_executive_villas_prime_location_7_marla_house_for_sale_in_buch_executive_villas-54427411-8627-1.html
Prime Location House For Grabs In 5 Marla Multan,PKR 2.1 Crore,21000000,4,4,5 Marla,1125.0,18666,House,True,24,super hot24VerifiedShare on FacebookShare on TwitterShare on WhatsAppSend via GMailSend via E-Mail,98,Houses_Multan,2026-08-10,https://www.zameen.com/Property/buch_executive_villas_phase_2_buch_villas_phase_2_-_manik_block_prime_location_house_for_grabs_in_5_marla_multan-54313944-22186-1.html
Looking For A Prime Location House In Buch Villas Phase 2 - Manik Block,PKR 4.25 Crore,42500000,6,6,10 Marla,2250.0,18888,House,True,23,super hot231VerifiedShare on FacebookShare on TwitterShare on WhatsAppSend via GMailSend via E-Mail,99,Houses_Multan,2026-08-10,https://www.zameen.com/Property/buch_executive_villas_phase_2_buch_villas_phase_2_-_manik_block_looking_for_a_prime_location_house_in_buch_villas_phase_2_-_manik_block-54248143-22186-1.html
Your Dream Prime Location 3 Marla House Is Available In Buch Villas Phase 2 - Manik Block,PKR 1.6 Crore,16000000,4,4,3 Marla,675.0,23703,House,True,21,super hot21Share on FacebookShare on TwitterShare on WhatsAppSend via GMailSend via E-Mail,90,Houses_Multan,2026-08-10,https://www.zameen.com/Property/buch_executive_villas_phase_2_buch_villas_phase_2_-_manik_block_your_dream_prime_location_3_marla_house_is_available_in_buch_villas_phase_2_-_manik_block-54513910-22186-1.html
Prime Location 12 Marla House For sale In Rumanza View Villas Multan,PKR 5 Crore,50000000,5,5,12 Marla,2700.0,18518,House,True,,super hotVerifiedShare on FacebookShare on TwitterShare on WhatsAppSend via GMailSend via E-Mail,96,Houses_Multan,2026-08-10,https://www.zameen.com/Property/dha_rumanza_golf_community_rumanza_view_villas_prime_location_12_marla_house_for_sale_in_rumanza_view_villas_multan-54354336-22543-1.html
Corner 10 Marla House For Sale In Beautiful DHA Phase 1 - Sector B1,PKR 3.5 Crore,35000000,5,6,10 Marla,2250.0,15555,House,True,13,super hot13VerifiedShare on FacebookShare on TwitterShare on WhatsAppSend via GMailSend via E-Mail,98,Houses_Multan,2026-08-10,https://www.zameen.com/Property/dha_phase_1_dha_phase_1_-_sector_b1_corner_10_marla_house_for_sale_in_beautiful_dha_phase_1_-_sector_b1-54575123-14300-1.html
"9 Marla Prestige Villa For Sale In DHA Phase 1 - Sector C, Multan Is Available On Installment",PKR 3.25 Crore,32500000,5,5,9 Marla,2025.0,16049,House,True,7,super hot7Share on FacebookShare on TwitterShare on WhatsAppSend via GMailSend via E-Mail,89,Houses_Multan,2026-08-10,https://www.zameen.com/Property/dha_phase_1_dha_phase_1_-_sector_c_9_marla_prestige_villa_for_sale_in_dha_phase_1_-_sector_c_multan_is_available_on_installment-54536006-14302-1.html
10 Marla Brand New House For Sale In Royal Orchard Multan | Demand 3.80 Crore*,PKR 3.8 Crore,38000000,5,6,10 Marla,2250.0,16888,House,True,33,super hot33Share on FacebookShare on TwitterShare on WhatsAppSend via GMailSend via E-Mail,90,Houses_Multan,2026-08-10,https://www.zameen.com/Property/multan_public_school_road_royal_orchard_10_marla_brand_new_house_for_sale_in_royal_orchard_multan_demand_3_80_crore-54504680-9492-1.html
Brand New House* *Royal Orchard Multan* ki behtareen location par *10 Marla brand new luxury house* for sale hai.,PKR 3.8 Crore,38000000,5,6,10 Marla,2250.0,16888,House,True,40,super hot40Share on FacebookShare on TwitterShare on WhatsAppSend via GMailSend via E-Mail,90,Houses_Multan,2026-08-10,https://www.zameen.com/Property/multan_multan_public_school_road_brand_new_house_royal_orchard_multan_ki_behtareen_location_par_10_marla_brand_new_luxury_house_for_sale_hai-54508262-8902-1.html
"10 Marla Brand New Spanish Elevation House For Sale In Sector M, DHA Multan | Prime Location | Luxury Living",PKR 4.7 Crore,47000000,5,6,10 Marla,2250.0,20888,House,True,44,super hot44Share on FacebookShare on TwitterShare on WhatsAppSend via GMailSend via E-Mail,90,Houses_Multan,2026-08-10,https://www.zameen.com/Property/dha_phase_1_dha_phase_1_-_sector_m_10_marla_brand_new_spanish_elevation_house_for_sale_in_sector_m_dha_multan_prime_location_luxury_living-54359065-14312-1.html
Prime Location House Of 10 Marla Is Available In Contemporary Neighborhood Of Mujtaba Canal View,PKR 1.1 Crore,11000000,3,4,10 Marla,2250.0,4888,House,True,16,super hot16Share on FacebookShare on TwitterShare on WhatsAppSend via GMailSend via E-Mail,90,Houses_Multan,2026-08-10,https://www.zameen.com/Property/multan_mujtaba_canal_view_prime_location_house_of_10_marla_is_available_in_contemporary_neighborhood_of_mujtaba_canal_view-54572176-21567-1.html
10 Marla House Available For Sale In Buch Vilas Multan,PKR 3.6 Crore,36000000,6,6,10 Marla,2250.0,16000,House,True,31,hot31Share on FacebookShare on TwitterShare on WhatsAppSend via GMailSend via E-Mail,84,Houses_Multan,2026-08-10,https://www.zameen.com/Property/multan_buch_executive_villas_10_marla_house_available_for_sale_in_buch_vilas_multan-53381928-8627-1.html
9 Marla House Avaliable For Sale,PKR 3.4 Crore,34000000,5,6,9 Marla,2025.0,16790,House,True,31,hot31Share on FacebookShare on TwitterShare on WhatsAppSend via GMailSend via E-Mail,84,Houses_Multan,2026-08-10,https://www.zameen.com/Property/multan_buch_executive_villas_9_marla_house_avaliable_for_sale-54468079-8627-1.html
End Your Search For Prime Location House Here And Sale Now,PKR 3.95 Crore,39500000,6,6,10 Marla,2250.0,17555,House,False,25,hot25Share on FacebookShare on TwitterShare on WhatsAppSend via GMailSend via E-Mail,84,Houses_Multan,2026-08-10,https://www.zameen.com/Property/buch_executive_villas_phase_2_buch_villas_phase_2_-_manik_block_end_your_search_for_prime_location_house_here_and_sale_now-54481093-22186-1.html
Aesthetic Prime Location House Of 7 Marla For Sale Is Available,PKR 3.25 Crore,32500000,5,5,7 Marla,1575.0,20634,House,False,23,hot23Share on FacebookShare on TwitterShare on WhatsAppSend via GMailSend via E-Mail,84,Houses_Multan,2026-08-10,https://www.zameen.com/Property/multan_buch_executive_villas_aesthetic_prime_location_house_of_7_marla_for_sale_is_available-54492362-8627-1.html
Prime Location House Of 5 Marla For Sale In Buch Villas Phase 2 - Manik Block,PKR 2.3 Crore,23000000,4,4,5 Marla,1125.0,20444,House,False,,hotShare on FacebookShare on TwitterShare on WhatsAppSend via GMailSend via E-Mail,82,Houses_Multan,2026-08-10,https://www.zameen.com/Property/buch_executive_villas_phase_2_buch_villas_phase_2_-_manik_block_prime_location_house_of_5_marla_for_sale_in_buch_villas_phase_2_-_manik_block-54566975-22186-1.html
1 Kanal Brand New Spanish Elevation House For Sale Luxury Living,PKR 5.25 Crore,52500000,5,6,1 Kanal,4500.0,11666,House,False,46,hot461Share on FacebookShare on TwitterShare on WhatsAppSend via GMailSend via E-Mail,85,Houses_Multan,2026-08-10,https://www.zameen.com/Property/dha_phase_1_dha_phase_1_-_sector_h_1_kanal_brand_new_spanish_elevation_house_for_sale_luxury_living-54341077-14307-1.html
5 Marla Brand New House,PKR 1.49 Crore,14900000,4,5,5 Marla,1125.0,13244,House,False,8,hot8Share on FacebookShare on TwitterShare on WhatsAppSend via GMailSend via E-Mail,83,Houses_Multan,2026-08-10,https://www.zameen.com/Property/citi_housing_citi_housing_phase_1_5_marla_brand_new_house-54563649-21449-1.html
Prime Location House Of 10 Marla Is Available For Sale In Buch Executive Villas,PKR 2.95 Crore,29500000,5,5,10 Marla,2250.0,13111,House,False,23,23Share on FacebookShare on TwitterShare on WhatsAppSend via GMailSend via E-Mail,81,Houses_Multan,2026-08-10,https://www.zameen.com/Property/multan_buch_executive_villas_prime_location_house_of_10_marla_is_available_for_sale_in_buch_executive_villas-54439059-8627-1.html
A Palatial Residence For Prime Location Sale In Buch Villas Phase 2 - Manik Block Multan,PKR 4.15 Crore,41500000,6,6,10 Marla,2250.0,18444,House,False,28,28Share on FacebookShare on TwitterShare on WhatsAppSend via GMailSend via E-Mail,81,Houses_Multan,2026-08-10,https://www.zameen.com/Property/buch_executive_villas_phase_2_buch_villas_phase_2_-_manik_block_a_palatial_residence_for_prime_location_sale_in_buch_villas_phase_2_-_manik_block_multan-54448945-22186-1.html
Fully Furnished 12.70 Marla House Available In Buch Executive Villas For Sale,PKR 6.5 Crore,65000000,5,5,12.7 Marla,2857.5,22747,House,False,17,17Share on FacebookShare on TwitterShare on WhatsAppSend via GMailSend via E-Mail,81,Houses_Multan,2026-08-10,https://www.zameen.com/Property/multan_buch_executive_villas_fully_furnished_12_70_marla_house_available_in_buch_executive_villas_for_sale-54448946-8627-1.html
Prime Location House For Sale In Rs. 41500000,PKR 4.15 Crore,41500000,5,5,10 Marla,2250.0,18444,House,False,14,14Share on FacebookShare on TwitterShare on WhatsAppSend via GMailSend via E-Mail,81,Houses_Multan,2026-08-10,https://www.zameen.com/Property/buch_executive_villas_phase_2_buch_villas_phase_2_-_manik_block_prime_location_house_for_sale_in_rs_41500000-54449000-22186-1.html
Ideal Prime Location House In Buch Executive Villas Available For Rs. 18000000,PKR 1.8 Crore,18000000,4,4,5 Marla,1125.0,16000,House,False,14,14Share on FacebookShare on TwitterShare on WhatsAppSend via GMailSend via E-Mail,81,Houses_Multan,2026-08-10,https://www.zameen.com/Property/multan_buch_executive_villas_ideal_prime_location_house_in_buch_executive_villas_available_for_rs_18000000-54460514-8627-1.html
Aesthetic Prime Location House Of 10 Marla For Sale,PKR 3.5 Crore,35000000,5,5,10 Marla,2250.0,15555,House,False,17,17VerifiedShare on FacebookShare on TwitterShare on WhatsAppSend via GMailSend via E-Mail,89,Houses_Multan,2026-08-10,https://www.zameen.com/Property/multan_buch_executive_villas_aesthetic_prime_location_house_of_10_marla_for_sale-54460545-8627-1.html
Prime Location Buch Executive Villas House Sized 7 Marla Is Available,PKR 3.15 Crore,31500000,5,5,7 Marla,1575.0,20000,House,False,22,22Share on FacebookShare on TwitterShare on WhatsAppSend via GMailSend via E-Mail,81,Houses_Multan,2026-08-10,https://www.zameen.com/Property/multan_buch_executive_villas_prime_location_buch_executive_villas_house_sized_7_marla_is_available-54514066-8627-1.html
Investors Should Sale This Prime Location House Located Ideally In Buch Executive Villas,PKR 1.7 Crore,17000000,4,4,5 Marla,1125.0,15111,House,False,14,14Share on FacebookShare on TwitterShare on WhatsAppSend via GMailSend via E-Mail,81,Houses_Multan,2026-08-10,https://www.zameen.com/Property/buch_executive_villas_buch_executive_villas_-_phase_2_investors_should_sale_this_prime_location_house_located_ideally_in_buch_executive_villas-54541445-19720-1.html
Brand-New Premium Ultra-Modern 5 Marla House | 3 Storeys | 4 Bedrooms | B Block,PKR 1.3 Crore,13000000,1,5,5 Marla,1125.0,11555,House,True,15,super hot15Share on FacebookShare on TwitterShare on WhatsAppSend via GMailSend via E-Mail,90,Houses_Multan,2026-08-10,https://www.zameen.com/Property/citi_housing_phase_1_citi_housing_-_block_b_brand-new_premium_ultra-modern_5_marla_house_3_storeys_4_bedrooms_b_block-54574032-17368-1.html
Double Storey 10 Marla House For Sale In Royal Orchard - Block E Multan,PKR 2.5 Crore,25000000,5,6,10 Marla,2250.0,11111,House,True,29,super hot29Share on FacebookShare on TwitterShare on WhatsAppSend via GMailSend via E-Mail,90,Houses_Multan,2026-08-10,https://www.zameen.com/Property/royal_orchard_royal_orchard_-_block_e_double_storey_10_marla_house_for_sale_in_royal_orchard_-_block_e_multan-54562571-9497-1.html
Brand New 10 Marla House For Sale In Royal Orchard - Block E Multan,PKR 3.2 Crore,32000000,5,6,10 Marla,2250.0,14222,House,True,24,super hot24Share on FacebookShare on TwitterShare on WhatsAppSend via GMailSend via E-Mail,90,Houses_Multan,2026-08-10,https://www.zameen.com/Property/royal_orchard_royal_orchard_-_block_e_brand_new_10_marla_house_for_sale_in_royal_orchard_-_block_e_multan-54562610-9497-1.html
1 Kanal Fully Luxury Modern House for Sale DHA Multan,PKR 4.5 Crore,45000000,5,6,1 Kanal,4500.0,10000,House,True,14,super hot14Share on FacebookShare on TwitterShare on WhatsAppSend via GMailSend via E-Mail,90,Houses_Multan,2026-08-10,https://www.zameen.com/Property/dha_defence_dha_phase_1_1_kanal_fully_luxury_modern_house_for_sale_dha_multan-54568821-15631-1.html
1 Kanal Fully Luxury Modern House For Sale DHA Multan,PKR 5.5 Crore,55000000,5,6,1 Kanal,4500.0,12222,House,True,10,super hot10Share on FacebookShare on TwitterShare on WhatsAppSend via GMailSend via E-Mail,90,Houses_Multan,2026-08-10,https://www.zameen.com/Property/multan_dha_defence_1_kanal_fully_luxury_modern_house_for_sale_dha_multan-54568798-8581-1.html
,PKR 1.5 Crore,15000000,,,5 Marla,1125.0,13333,House,True,1,super hot1Share on FacebookShare on TwitterShare on WhatsAppSend via GMailSend via E-Mail,89,Houses_Multan,2026-08-10,https://www.zameen.com/new-projects/platinum_homes_dha_multan-2173.html
Reserve A Prime Location House Of 10 Marla Now In Askari 3,PKR 3.1 Crore,31000000,5,5,10 Marla,2250.0,13777,House,True,11,super hot11Share on FacebookShare on TwitterShare on WhatsAppSend via GMailSend via E-Mail,90,Houses_Multan,2026-08-10,https://www.zameen.com/Property/dha_defence_askari_3_reserve_a_prime_location_house_of_10_marla_now_in_askari_3-54571905-17156-1.html
Buch Villas Manik Block 5 Marla Trepal Story Luxury House Available For Sale,PKR 2.2 Crore,22000000,4,4,5 Marla,1125.0,19555,House,True,17,super hot17Share on FacebookShare on TwitterShare on WhatsAppSend via GMailSend via E-Mail,90,Houses_Multan,2026-08-10,https://www.zameen.com/Property/multan_buch_executive_villas_buch_villas_manik_block_5_marla_trepal_story_luxury_house_available_for_sale-54548113-8627-1.html
11.5 Marla Brand New House Available In Buch Executive Villas For sale,PKR 4.9 Crore,49000000,5,6,10.5 Marla,2362.5,20740,House,True,18,super hot18VerifiedShare on FacebookShare on TwitterShare on WhatsAppSend via GMailSend via E-Mail,98,Houses_Multan,2026-08-10,https://www.zameen.com/Property/multan_buch_executive_villas_11_5_marla_brand_new_house_available_in_buch_executive_villas_for_sale-54563883-8627-1.html
Shalimar colony,PKR 1.25 Crore,12500000,4,4,5 Marla,1125.0,11111,House,True,19,hot19Share on FacebookShare on TwitterShare on WhatsAppSend via GMailSend via E-Mail,84,Houses_Multan,2026-08-10,https://www.zameen.com/Property/multan_shalimar_colony_shalimar_colony-54590596-346-1.html
Facing Park Askari 3 House For Sale Sized 12 Marla,PKR 3.75 Crore,37500000,4,4,12 Marla,2700.0,13888,House,True,8,hot8VerifiedShare on FacebookShare on TwitterShare on WhatsAppSend via GMailSend via E-Mail,91,Houses_Multan,2026-08-10,https://www.zameen.com/Property/dha_defence_askari_3_facing_park_askari_3_house_for_sale_sized_12_marla-54466182-17156-1.html
Prime Location House Of 20 Marla Is Available For Sale,PKR 5 Crore,50000000,6,6,1 Kanal,4500.0,11111,House,False,10,hot10Share on FacebookShare on TwitterShare on WhatsAppSend via GMailSend via E-Mail,84,Houses_Multan,2026-08-10,https://www.zameen.com/Property/dha_defence_askari_3_prime_location_house_of_20_marla_is_available_for_sale-54571907-17156-1.html
7 Marla Hot Location In Serene Villas,PKR 2.95 Crore,29500000,4,4,7 Marla,1575.0,18730,House,False,24,hot24VerifiedShare on FacebookShare on TwitterShare on WhatsAppSend via GMailSend via E-Mail,92,Houses_Multan,2026-08-10,https://www.zameen.com/Property/dha_phase_1_dha_phase_1_-_sector_c_7_marla_hot_location_in_serene_villas-54581924-14302-1.html
Beautiful house 1 kanal,PKR 5.75 Crore,57500000,5,6,1 Kanal,4500.0,12777,House,False,23,hot23Share on FacebookShare on TwitterShare on WhatsAppSend via GMailSend via E-Mail,84,Houses_Multan,2026-08-10,https://www.zameen.com/Property/multan_mda_co-operative_housing_scheme_beautiful_house_1_kanal-54582781-1400-1.html
One Kanal Luxurious House For Sale In Dha Multan Sector M,PKR 6.25 Crore,62500000,5,6,1 Kanal,4500.0,13888,House,False,21,hot21Share on FacebookShare on TwitterShare on WhatsAppSend via GMailSend via E-Mail,84,Houses_Multan,2026-08-10,https://www.zameen.com/Property/dha_phase_1_dha_phase_1_-_sector_m_one_kanal_luxurious_house_for_sale_in_dha_multan_sector_m-54491557-14312-1.html
Buch Villas Manik Block 5 Marla Trepal Story Luxury House Available 4 Bed Attach Bath,PKR 2.22 Crore,22200000,2,2,5 Marla,1125.0,19733,House,False,39,hot39Share on FacebookShare on TwitterShare on WhatsAppSend via GMailSend via E-Mail,84,Houses_Multan,2026-08-10,https://www.zameen.com/Property/multan_buch_executive_villas_buch_villas_manik_block_5_marla_trepal_story_luxury_house_available_4_bed_attach_bath-54579290-8627-1.html
2.5 Marla Double Storey Brand New House For Sale In Ma Jinnah Road Salamat Chowk,PKR 65 Lakh,6500000,4,2,2.5 Marla,562.5,11555,House,False,10,10Share on FacebookShare on TwitterShare on WhatsAppSend via GMailSend via E-Mail,81,Houses_Multan,2026-08-10,https://www.zameen.com/Property/multan_ma_jinnah_road_2_5_marla_double_storey_brand_new_house_for_sale_in_ma_jinnah_road_salamat_chowk-53543898-10426-1.html
3.5 Marla Double Storey Brand New House For Sale In Ma Jinnah Salamat Chowk,PKR 78 Lakh,7800000,3,4,3.5 Marla,787.5,9904,House,False,26,26Share on FacebookShare on TwitterShare on WhatsAppSend via GMailSend via E-Mail,81,Houses_Multan,2026-08-10,https://www.zameen.com/Property/multan_ma_jinnah_road_3_5_marla_double_storey_brand_new_house_for_sale_in_ma_jinnah_salamat_chowk-53725206-10426-1.html
3.33 Marla Double Storey Brand New House For Sale In Ma Jinnah Near Nigana Chowk,PKR 91 Lakh,9100000,3,3,3.3 Marla,742.5,12255,House,False,16,16Share on FacebookShare on TwitterShare on WhatsAppSend via GMailSend via E-Mail,81,Houses_Multan,2026-08-10,https://www.zameen.com/Property/multan_ma_jinnah_road_3_33_marla_double_storey_brand_new_house_for_sale_in_ma_jinnah_near_nigana_chowk-54008702-10426-1.html
Prime Location In Citi Housing - Block C 5 Marla House For Sale,PKR 1.15 Crore,11500000,4,4,5 Marla,1125.0,10222,House,False,16,16Share on FacebookShare on TwitterShare on WhatsAppSend via GMailSend via E-Mail,81,Houses_Multan,2026-08-10,https://www.zameen.com/Property/citi_housing_phase_1_citi_housing_-_block_c_prime_location_in_citi_housing_-_block_c_5_marla_house_for_sale-54546278-17369-1.html
4.5 Marla Brand New Double Storey House Available For Sale,PKR 1.35 Crore,13500000,3,4,4.5 Marla,1012.5,13333,House,False,25,25Share on FacebookShare on TwitterShare on WhatsAppSend via GMailSend via E-Mail,81,Houses_Multan,2026-08-10,https://www.zameen.com/Property/multan_bosan_road_4_5_marla_brand_new_double_storey_house_available_for_sale-54441627-5705-1.html
Green Lane 8 Marla Gray Stucther Available For Sale,PKR 1.6 Crore,16000000,4,4,8 Marla,1800.0,8888,Unknown,True,8,8Share on FacebookShare on TwitterShare on WhatsAppSend via GMailSend via E-Mail,80,Houses_Multan,2026-08-10,https://www.zameen.com/Property/askari_bypass_green_lane_palm_residences_green_lane_8_marla_gray_stucther_available_for_sale-54378904-12942-1.html
Your Dream Brand New 12 Marla House Is Available In Askari 3,PKR 3.35 Crore,33500000,4,4,12 Marla,2700.0,12407,House,True,8,8VerifiedShare on FacebookShare on TwitterShare on WhatsAppSend via GMailSend via E-Mail,88,Houses_Multan,2026-08-10,https://www.zameen.com/Property/dha_defence_askari_3_your_dream_brand_new_12_marla_house_is_available_in_askari_3-54466183-17156-1.html
Near to Park House 12 Marla For sale In Askari 3,PKR 3.6 Crore,36000000,4,4,12 Marla,2700.0,13333,House,True,8,8VerifiedShare on FacebookShare on TwitterShare on WhatsAppSend via GMailSend via E-Mail,88,Houses_Multan,2026-08-10,https://www.zameen.com/Property/dha_defence_askari_3_near_to_park_house_12_marla_for_sale_in_askari_3-54466185-17156-1.html
5 Marla Luxury House for Sale in Buch Executive Villas Multan | 4 Bed Beautiful Home,PKR 1.7 Crore,17000000,1,5,5 Marla,1125.0,15111,House,True,50,super hot50Share on FacebookShare on TwitterShare on WhatsAppSend via GMailSend via E-Mail,90,Houses_Multan,2026-08-10,https://www.zameen.com/Property/multan_buch_executive_villas_5_marla_luxury_house_for_sale_in_buch_executive_villas_multan_4_bed_beautiful_home-54460093-8627-1.html
10 MARLA MODERN HOUSE FOR SALE Nearest To Zoo Developed Area Location Buch Villas Phase 1 Demand 350 Size 10 Marla ( Type Double),PKR 3.3 Crore,33000000,7,6,10 Marla,2250.0,14666,House,True,37,super hot37Share on FacebookShare on TwitterShare on WhatsAppSend via GMailSend via E-Mail,90,Houses_Multan,2026-08-10,https://www.zameen.com/Property/multan_buch_executive_villas_10_marla_modern_house_for_sale_nearest_to_zoo_developed_area_location_buch_villas_phase_1_demand_350_size_10_marla_type_double-53303441-8627-1.html
1 Kanal Fully Furnished House For Sale In D H A Multan,PKR 8.5 Crore,85000000,7,6,1 Kanal,4500.0,18888,House,True,10,super hot101Share on FacebookShare on TwitterShare on WhatsAppSend via GMailSend via E-Mail,91,Houses_Multan,2026-08-10,https://www.zameen.com/Property/dha_phase_1_dha_phase_1_-_sector_m_1_kanal_fully_furnished_house_for_sale_in_d_h_a_multan-53847089-14312-1.html
"Royal Orchard, Multan. 20 Marla House For Sale",PKR 7.65 Crore,76500000,7,6,1 Kanal,4500.0,17000,House,True,40,super hot401Share on FacebookShare on TwitterShare on WhatsAppSend via GMailSend via E-Mail,91,Houses_Multan,2026-08-10,https://www.zameen.com/Property/multan_public_school_road_royal_orchard_royal_orchard_multan_20_marla_house_for_sale-54373079-9492-1.html
Hamid Block Buch Villas Owner Build Spanish House,PKR 3.4 Crore,34000000,5,6,10 Marla,2250.0,15111,House,True,16,super hot16Share on FacebookShare on TwitterShare on WhatsAppSend via GMailSend via E-Mail,90,Houses_Multan,2026-08-10,https://www.zameen.com/Property/multan_buch_executive_villas_hamid_block_buch_villas_owner_build_spanish_house-54418535-8627-1.html
Well-Constructed Brand New House Available For Sale In DHA Phase 1 - Sector H,PKR 5.5 Crore,55000000,5,6,1 Kanal,4500.0,12222,House,True,28,super hot28Share on FacebookShare on TwitterShare on WhatsAppSend via GMailSend via E-Mail,90,Houses_Multan,2026-08-10,https://www.zameen.com/Property/dha_phase_1_dha_phase_1_-_sector_h_well-constructed_brand_new_house_available_for_sale_in_dha_phase_1_-_sector_h-54476668-14307-1.html
12 Marla Prestige Villa For Sale On Installment In DHA Sector C,PKR 4.25 Crore,42500000,6,6,12 Marla,2700.0,15740,House,True,5,super hot5Share on FacebookShare on TwitterShare on WhatsAppSend via GMailSend via E-Mail,89,Houses_Multan,2026-08-10,https://www.zameen.com/Property/dha_phase_1_dha_phase_1_-_sector_c_12_marla_prestige_villa_for_sale_on_installment_in_dha_sector_c-54536007-14302-1.html
Brand New 5 Marla House For sale In Royal Orchard - Block F Multan,PKR 1.95 Crore,19500000,3,4,5 Marla,1125.0,17333,House,True,15,super hot15VerifiedShare on FacebookShare on TwitterShare on WhatsAppSend via GMailSend via E-Mail,98,Houses_Multan,2026-08-10,https://www.zameen.com/Property/royal_orchard_royal_orchard_-_block_f_brand_new_5_marla_house_for_sale_in_royal_orchard_-_block_f_multan-54562183-9499-1.html
10 Marla Brand New Corner House for Sale in DHA Multan Sector B1 | 80 Ft Road | Wide Front | Modern Design | Prime Location,PKR 3.5 Crore,35000000,5,6,10 Marla,2250.0,15555,House,True,12,super hot12Share on FacebookShare on TwitterShare on WhatsAppSend via GMailSend via E-Mail,90,Houses_Multan,2026-08-10,https://www.zameen.com/Property/dha_phase_1_dha_phase_1_-_sector_b1_10_marla_brand_new_corner_house_for_sale_in_dha_multan_sector_b1_80_ft_road_wide_front_modern_design_prime_location-54557967-14300-1.html
Your Dream Brand New 3 Marla House Is Available In Multan Public School Road,PKR 1.1 Crore,11000000,3,4,3 Marla,675.0,16296,House,True,15,super hot15Share on FacebookShare on TwitterShare on WhatsAppSend via GMailSend via E-Mail,90,Houses_Multan,2026-08-10,https://www.zameen.com/Property/multan_multan_public_school_road_your_dream_brand_new_3_marla_house_is_available_in_multan_public_school_road-54471273-8902-1.html
Near To Park 20 Marla House Available For Sale In Askari 3,PKR 4.8 Crore,48000000,5,6,1 Kanal,4500.0,10666,House,True,8,hot8VerifiedShare on FacebookShare on TwitterShare on WhatsAppSend via GMailSend via E-Mail,91,Houses_Multan,2026-08-10,https://www.zameen.com/Property/dha_defence_askari_3_near_to_park_20_marla_house_available_for_sale_in_askari_3-54466473-17156-1.html
5 Marla Furnished House Available For Sale,PKR 1.2 Crore,12000000,4,5,5 Marla,1125.0,10666,House,True,18,hot18Share on FacebookShare on TwitterShare on WhatsAppSend via GMailSend via E-Mail,84,Houses_Multan,2026-08-10,https://www.zameen.com/Property/multan_citi_housing_5_marla_furnished_house_available_for_sale-54425642-12544-1.html
Well-constructed Brand New House Available For sale In Nasheman Colony,PKR 1.55 Crore,15500000,4,5,5 Marla,1125.0,13777,House,False,20,hot20VerifiedShare on FacebookShare on TwitterShare on WhatsAppSend via GMailSend via E-Mail,92,Houses_Multan,2026-08-10,https://www.zameen.com/Property/multan_nasheman_colony_well-constructed_brand_new_house_available_for_sale_in_nasheman_colony-54586349-1075-1.html
"**25 Marla Corner Luxury Villa for Sale in Buch Villas, Multan**",PKR 6.75 Crore,67500000,6,7,1.2 Kanal,5400.0,12500,House,False,11,hot11Share on FacebookShare on TwitterShare on WhatsAppSend via GMailSend via E-Mail,84,Houses_Multan,2026-08-10,https://www.zameen.com/Property/multan_buch_executive_villas_25_marla_corner_luxury_villa_for_sale_in_buch_villas_multan-54586039-8627-1.html
7.5 Marla Brand New Duble Story House Available For Sale Buch Villas Multan. . .  Main Boulevards Aproch,PKR 3.25 Crore,32500000,5,6,7.5 Marla,1687.5,19259,House,False,17,hot17Share on FacebookShare on TwitterShare on WhatsAppSend via GMailSend via E-Mail,84,Houses_Multan,2026-08-10,https://www.zameen.com/Property/buch_executive_villas_buch_executive_villas_-_phase_2_7_5_marla_brand_new_duble_story_house_available_for_sale_buch_villas_multan_main_boulevards_aproch-54496512-19720-1.html
Your Dream Brand New 6 Marla House Is Available In DHA Phase 1 - Sector C,PKR 2.25 Crore,22500000,4,4,6 Marla,1350.0,16666,House,False,1,hot1Share on FacebookShare on TwitterShare on WhatsAppSend via GMailSend via E-Mail,83,Houses_Multan,2026-08-10,https://www.zameen.com/Property/dha_phase_1_dha_phase_1_-_sector_c_your_dream_brand_new_6_marla_house_is_available_in_dha_phase_1_-_sector_c-54520864-14302-1.html
Fully Well Furnished House Is Available For Sale + Double Highted + 10-KV Hybrid Solar Is Installed + With Three Invertor A/C'S. Gift For Serious Buyers. Plot Is Located At Main Boulevard + A++ Constr,PKR 3.4 Crore,34000000,3,4,10 Marla,2250.0,15111,House,False,16,hot16Share on FacebookShare on TwitterShare on WhatsAppSend via GMailSend via E-Mail,84,Houses_Multan,2026-08-10,https://www.zameen.com/Property/dha_phase_1_sector_b1_dha_phase_1_sector_b1_-_block_1_fully_well_furnished_house_is_available_for_sale_double_highted_10-kv_hybrid_solar_is_installed_with_three_invertor_a_c_s_gift_for_serious_buyers_plot_is_located_at_main_boulevard_a_construction_amp_material_used-54152646-18520-1.html
Get Your Dream Prime Location House In Citi Housing - Block C Multan,PKR 1.25 Crore,12500000,4,4,5 Marla,1125.0,11111,House,False,17,17Share on FacebookShare on TwitterShare on WhatsAppSend via GMailSend via E-Mail,81,Houses_Multan,2026-08-10,https://www.zameen.com/Property/citi_housing_phase_1_citi_housing_-_block_c_get_your_dream_prime_location_house_in_citi_housing_-_block_c_multan-54546279-17369-1.html
Triple Storey 5 Marla House Available In Buch Villas Phase 2 - Manik Block For Sale,PKR 2.1 Crore,21000000,5,6,5 Marla,1125.0,18666,House,False,23,23Share on FacebookShare on TwitterShare on WhatsAppSend via GMailSend via E-Mail,81,Houses_Multan,2026-08-10,https://www.zameen.com/Property/buch_executive_villas_phase_2_buch_villas_phase_2_-_manik_block_triple_storey_5_marla_house_available_in_buch_villas_phase_2_-_manik_block_for_sale-54172712-22186-1.html
5 Marla Brand New Double Storey House Available For Sale,PKR 1.35 Crore,13500000,4,5,5 Marla,1125.0,12000,House,False,18,18Share on FacebookShare on TwitterShare on WhatsAppSend via GMailSend via E-Mail,81,Houses_Multan,2026-08-10,https://www.zameen.com/Property/multan_multan_public_school_road_5_marla_brand_new_double_storey_house_available_for_sale-54441640-8902-1.html
Prime Location 12 Marla House In Old Shujabad Road For Sale At Good Location,PKR 3.8 Crore,38000000,6,6,12 Marla,2700.0,14074,House,False,38,38Share on FacebookShare on TwitterShare on WhatsAppSend via GMailSend via E-Mail,81,Houses_Multan,2026-08-10,https://www.zameen.com/Property/multan_old_shujabad_road_prime_location_12_marla_house_in_old_shujabad_road_for_sale_at_good_location-54185191-14254-1.html
* Beautiful 1 Kanal Brand New House For Sale | Near Park & Mosque | Sector H,PKR 5.5 Crore,55000000,5,6,1 Kanal,4500.0,12222,House,False,46,46Share on FacebookShare on TwitterShare on WhatsAppSend via GMailSend via E-Mail,81,Houses_Multan,2026-08-10,https://www.zameen.com/Property/dha_phase_1_dha_phase_1_-_sector_h_beautiful_1_kanal_brand_new_house_for_sale_near_park_mosque_sector_h-54364308-14307-1.html
DHA Multan Premium Villas 10 Marla Villa For Sale | 3 Years Easy Installments | Limited Units Available,PKR 3.6 Crore,36000000,5,6,10 Marla,2250.0,16000,House,True,10,10Share on FacebookShare on TwitterShare on WhatsAppSend via GMailSend via E-Mail,81,Houses_Multan,2026-08-10,https://www.zameen.com/Property/dha_defence_premium_homes_dha_multan_premium_villas_10_marla_villa_for_sale_3_years_easy_installments_limited_units_available-54460280-22232-1.html
10 Marla Brand New Corner House For Sale | Modern Elevation | 65 Ft Road Facing 10 Kv Solar B1 Sector,PKR 3.7 Crore,37000000,5,6,10 Marla,2250.0,16444,House,False,28,28Share on FacebookShare on TwitterShare on WhatsAppSend via GMailSend via E-Mail,81,Houses_Multan,2026-08-10,https://www.zameen.com/Property/dha_phase_1_dha_phase_1_-_sector_b1_10_marla_brand_new_corner_house_for_sale_modern_elevation_65_ft_road_facing_10_kv_solar_b1_sector-54460242-14300-1.html
Prime Location 5 Marla House In Stunning Citi Housing - Block C Is Available For Sale,PKR 90 Lakh,9000000,2,3,5 Marla,1125.0,8000,House,False,13,13Share on FacebookShare on TwitterShare on WhatsAppSend via GMailSend via E-Mail,81,Houses_Multan,2026-08-10,https://www.zameen.com/Property/citi_housing_phase_1_citi_housing_-_block_c_prime_location_5_marla_house_in_stunning_citi_housing_-_block_c_is_available_for_sale-54443088-17369-1.html
Prime Location 6 Marla House For Sale In Premium Homes Multan,PKR 2.35 Crore,23500000,3,3,6 Marla,1350.0,17407,House,True,17,super hot17VerifiedShare on FacebookShare on TwitterShare on WhatsAppSend via GMailSend via E-Mail,98,Houses_Multan,2026-08-10,https://www.zameen.com/Property/dha_defence_premium_homes_prime_location_6_marla_house_for_sale_in_premium_homes_multan-53697518-22232-1.html
1 Kanal 80 Feet Road Sector M Most Beautiful Modern Elevation House For Sale DHA Multan On Good Location,PKR 5.95 Crore,59500000,6,6,1 Kanal,4500.0,13222,House,True,34,super hot34Share on FacebookShare on TwitterShare on WhatsAppSend via GMailSend via E-Mail,90,Houses_Multan,2026-08-10,https://www.zameen.com/Property/multan_dha_defence_1_kanal_80_feet_road_sector_m_most_beautiful_modern_elevation_house_for_sale_dha_multan_on_good_location-54260779-8581-1.html
1 Kanal Brand New house available for sale,PKR 7.25 Crore,72500000,6,6,1 Kanal,4500.0,16111,House,True,40,super hot40Share on FacebookShare on TwitterShare on WhatsAppSend via GMailSend via E-Mail,90,Houses_Multan,2026-08-10,https://www.zameen.com/Property/wapda_town_wapda_town_phase_1_1_kanal_brand_new_house_available_for_sale-54401745-5821-1.html
Sector H Grey Structure,PKR 3 Crore,30000000,5,6,1 Kanal,4500.0,6666,Unknown,True,17,super hot17Share on FacebookShare on TwitterShare on WhatsAppSend via GMailSend via E-Mail,90,Houses_Multan,2026-08-10,https://www.zameen.com/Property/dha_phase_1_dha_phase_1_-_sector_h_sector_h_grey_structure-54550525-14307-1.html
10 Marla Ultra-Modern & Most Elegant House For Sale In Royal Orchard Multan,PKR 5.5 Crore,55000000,6,6,10 Marla,2250.0,24444,House,True,29,super hot291Share on FacebookShare on TwitterShare on WhatsAppSend via GMailSend via E-Mail,91,Houses_Multan,2026-08-10,https://www.zameen.com/Property/multan_dha_defence_10_marla_ultra-modern_most_elegant_house_for_sale_in_royal_orchard_multan-54215489-8581-1.html
17 Marla Brand New Villa Available For Sale On Main Boulevard Buch Executive Villas Multan,PKR 6.4 Crore,64000000,6,7,17 Marla,3825.0,16732,House,True,39,super hot39Share on FacebookShare on TwitterShare on WhatsAppSend via GMailSend via E-Mail,90,Houses_Multan,2026-08-10,https://www.zameen.com/Property/buch_executive_villas_buch_executive_villas_-_phase_1_17_marla_brand_new_villa_available_for_sale_on_main_boulevard_buch_executive_villas_multan-54491894-19719-1.html
1 Kanal Luxury Modern House For Sale Location: DHA Multan Sector M,PKR 7.25 Crore,72500000,5,6,1 Kanal,4500.0,16111,House,True,23,super hot23Share on FacebookShare on TwitterShare on WhatsAppSend via GMailSend via E-Mail,90,Houses_Multan,2026-08-10,https://www.zameen.com/Property/dha_phase_1_dha_phase_1_-_sector_m_1_kanal_luxury_modern_house_for_sale_location_dha_multan_sector_m-54558257-14312-1.html
10 Marla Royal Orchard Prime Location House For Sale,PKR 3 Crore,30000000,5,6,10 Marla,2250.0,13333,House,True,10,super hot10Share on FacebookShare on TwitterShare on WhatsAppSend via GMailSend via E-Mail,90,Houses_Multan,2026-08-10,https://www.zameen.com/Property/royal_orchard_royal_orchard_-_block_f_10_marla_royal_orchard_prime_location_house_for_sale-54520573-9499-1.html
1 Kanal Luxury House Available For Sale,PKR 5.75 Crore,57500000,6,5,1 Kanal,4500.0,12777,House,True,31,super hot31Share on FacebookShare on TwitterShare on WhatsAppSend via GMailSend via E-Mail,90,Houses_Multan,2026-08-10,https://www.zameen.com/Property/dha_phase_1_dha_phase_1_-_sector_h_1_kanal_luxury_house_available_for_sale-54506939-14307-1.html
"Premium Fully Furnished 6.11 Marla House for Sale | Khanewal Road, Multan",PKR 40 Lakh,4000000,,,6.1 Marla,1372.5,2914,House,True,1,super hot1Share on FacebookShare on TwitterShare on WhatsAppSend via GMailSend via E-Mail,89,Houses_Multan,2026-08-10,https://www.zameen.com/Property/multan_khanewal_road_premium_fully_furnished_6_11_marla_house_for_sale_khanewal_road_multan-54547184-5762-1.html
Triple Storey 10 Marla House For Sale In Buch Villas Phase 2 - Manik Block Multan,PKR 3.8 Crore,38000000,5,5,10 Marla,2250.0,16888,House,True,18,hot18Share on FacebookShare on TwitterShare on WhatsAppSend via GMailSend via E-Mail,84,Houses_Multan,2026-08-10,https://www.zameen.com/Property/buch_executive_villas_phase_2_buch_villas_phase_2_-_manik_block_triple_storey_10_marla_house_for_sale_in_buch_villas_phase_2_-_manik_block_multan-54336790-22186-1.html
Triple Storey 5 Marla House For Sale In Buch Villas Phase 2 - Manik Block Multan,PKR 2.1 Crore,21000000,4,4,5 Marla,1125.0,18666,House,True,26,hot26VerifiedShare on FacebookShare on TwitterShare on WhatsAppSend via GMailSend via E-Mail,92,Houses_Multan,2026-08-10,https://www.zameen.com/Property/buch_executive_villas_phase_2_buch_villas_phase_2_-_manik_block_triple_storey_5_marla_house_for_sale_in_buch_villas_phase_2_-_manik_block_multan-54279541-22186-1.html
7.25 Marla Brand New Corner Double Storey House For Sale In Shalimar Colony Near Model Town,PKR 2.25 Crore,22500000,4,5,7.2 Marla,1620.0,13888,House,False,17,hot17Share on FacebookShare on TwitterShare on WhatsAppSend via GMailSend via E-Mail,84,Houses_Multan,2026-08-10,https://www.zameen.com/Property/multan_shalimar_colony_7_25_marla_brand_new_corner_double_storey_house_for_sale_in_shalimar_colony_near_model_town-54181953-346-1.html
Fully Furnished 7 Marla House For Sale In Serene Villas Multan,PKR 2.9 Crore,29000000,3,4,7 Marla,1575.0,18412,House,False,43,hot43Share on FacebookShare on TwitterShare on WhatsAppSend via GMailSend via E-Mail,84,Houses_Multan,2026-08-10,https://www.zameen.com/Property/jinnah_avenue_serene_villas_fully_furnished_7_marla_house_for_sale_in_serene_villas_multan-53950269-22097-1.html
A Spacious 10 Marla House In ATC Villas,PKR 3.65 Crore,36500000,5,5,10 Marla,2250.0,16222,House,False,6,hot6Share on FacebookShare on TwitterShare on WhatsAppSend via GMailSend via E-Mail,83,Houses_Multan,2026-08-10,https://www.zameen.com/Property/dha_phase_1_atc_villas_a_spacious_10_marla_house_in_atc_villas-53931695-22408-1.html
House Of 8 Marla Available In ATC Villas,PKR 3 Crore,30000000,4,4,8 Marla,1800.0,16666,House,False,6,hot6Share on FacebookShare on TwitterShare on WhatsAppSend via GMailSend via E-Mail,83,Houses_Multan,2026-08-10,https://www.zameen.com/Property/dha_phase_1_atc_villas_house_of_8_marla_available_in_atc_villas-53931694-22408-1.html
House Is Available For Sale In ATC Villas,PKR 2 Crore,20000000,3,4,5 Marla,1125.0,17777,House,False,6,hot6Share on FacebookShare on TwitterShare on WhatsAppSend via GMailSend via E-Mail,83,Houses_Multan,2026-08-10,https://www.zameen.com/Property/dha_phase_1_atc_villas_house_is_available_for_sale_in_atc_villas-53931693-22408-1.html
Best Options For House Is Available For sale In Bosan Road,PKR 1.35 Crore,13500000,3,4,4 Marla,900.0,15000,House,False,15,15Share on FacebookShare on TwitterShare on WhatsAppSend via GMailSend via E-Mail,81,Houses_Multan,2026-08-10,https://www.zameen.com/Property/multan_bosan_road_best_options_for_house_is_available_for_sale_in_bosan_road-54460414-5705-1.html
U 10 Marla Modern Grey Structure For Sale,PKR 1.75 Crore,17500000,5,6,10 Marla,2250.0,7777,House,False,24,24Share on FacebookShare on TwitterShare on WhatsAppSend via GMailSend via E-Mail,81,Houses_Multan,2026-08-10,https://www.zameen.com/Property/dha_phase_1_dha_phase_1_-_sector_u_u_10_marla_modern_grey_structure_for_sale-54532630-14320-1.html
"10 Marla Modern Style Solid Construction House For Sale In Sector B1, DHA Multan | Prime Location | Beautiful Designer Home",PKR 3.5 Crore,35000000,5,6,10 Marla,2250.0,15555,House,False,35,35Share on FacebookShare on TwitterShare on WhatsAppSend via GMailSend via E-Mail,81,Houses_Multan,2026-08-10,https://www.zameen.com/Property/dha_phase_1_dha_phase_1_-_sector_b1_10_marla_modern_style_solid_construction_house_for_sale_in_sector_b1_dha_multan_prime_location_beautiful_designer_home-54546148-14300-1.html
Find Your Ideal Prime Location House In Multan Under Rs. 50000000,PKR 5 Crore,50000000,5,5,1 Kanal,4500.0,11111,House,False,7,7Share on FacebookShare on TwitterShare on WhatsAppSend via GMailSend via E-Mail,80,Houses_Multan,2026-08-10,https://www.zameen.com/Property/dha_phase_1_dha_phase_1_-_sector_q_find_your_ideal_prime_location_house_in_multan_under_rs_50000000-54588695-14316-1.html
Prime Location 4 Marla House In Bahadurpur Is Available For Sale,PKR 1.1 Crore,11000000,3,4,4 Marla,900.0,12222,House,False,16,16Share on FacebookShare on TwitterShare on WhatsAppSend via GMailSend via E-Mail,81,Houses_Multan,2026-08-10,https://www.zameen.com/Property/multan_bahadurpur_prime_location_4_marla_house_in_bahadurpur_is_available_for_sale-54195562-8620-1.html
Spacious Prime Location House Is Available In Shalimar Colony For sale,PKR 75 Lakh,7500000,3,3,3 Marla,675.0,11111,House,False,12,12Share on FacebookShare on TwitterShare on WhatsAppSend via GMailSend via E-Mail,81,Houses_Multan,2026-08-10,https://www.zameen.com/Property/multan_shalimar_colony_spacious_prime_location_house_is_available_in_shalimar_colony_for_sale-53834867-346-1.html
Premium Prime Location 17 Marla House Is Available For Sale In Multan,PKR 6.2 Crore,62000000,6,6,17 Marla,3825.0,16209,House,True,30,30Share on FacebookShare on TwitterShare on WhatsAppSend via GMailSend via E-Mail,81,Houses_Multan,2026-08-10,https://www.zameen.com/Property/buch_executive_villas_buch_executive_villas_-_phase_1_premium_prime_location_17_marla_house_is_available_for_sale_in_multan-54588660-19719-1.html
Prime Location In Buch Executive Villas - Phase 2 11 Marla House For Sale,PKR 4.95 Crore,49500000,5,5,11 Marla,2475.0,20000,House,False,24,24Share on FacebookShare on TwitterShare on WhatsAppSend via GMailSend via E-Mail,81,Houses_Multan,2026-08-10,https://www.zameen.com/Property/buch_executive_villas_buch_executive_villas_-_phase_2_prime_location_in_buch_executive_villas_-_phase_2_11_marla_house_for_sale-54588659-19720-1.html
10 Marla main Boulevard Brand New House For Sale Buch Executive Villas Multan,PKR 3.2 Crore,32000000,5,6,10 Marla,2250.0,14222,House,True,37,super hot37Share on FacebookShare on TwitterShare on WhatsAppSend via GMailSend via E-Mail,90,Houses_Multan,2026-08-10,https://www.zameen.com/Property/buch_executive_villas_buch_executive_villas_-_phase_1_10_marla_main_boulevard_brand_new_house_for_sale_buch_executive_villas_multan-54549308-19719-1.html
Sector V 8 Marla Gray Structure Available On 60 Ft Road,PKR 1.65 Crore,16500000,4,4,8 Marla,1800.0,9166,Unknown,True,10,super hot10Share on FacebookShare on TwitterShare on WhatsAppSend via GMailSend via E-Mail,90,Houses_Multan,2026-08-10,https://www.zameen.com/Property/dha_phase_1_sector_v_dha_phase_1_sector_v_-_block_2_sector_v_8_marla_gray_structure_available_on_60_ft_road-54375846-18593-1.html
20 Marla Most Beautiful Ultra Modern House For Sale Royal Orchard 50 Feet Road,PKR 7.15 Crore,71500000,5,6,1 Kanal,4500.0,15888,House,True,32,super hot32Share on FacebookShare on TwitterShare on WhatsAppSend via GMailSend via E-Mail,90,Houses_Multan,2026-08-10,https://www.zameen.com/Property/multan_public_school_road_royal_orchard_20_marla_most_beautiful_ultra_modern_house_for_sale_royal_orchard_50_feet_road-52381490-9492-1.html
1 Kanal Luxury House For Sale In Dha Multan,PKR 6.19 Crore,61900000,5,6,1 Kanal,4500.0,13755,House,True,19,super hot19Share on FacebookShare on TwitterShare on WhatsAppSend via GMailSend via E-Mail,90,Houses_Multan,2026-08-10,https://www.zameen.com/Property/dha_defence_dha_phase_1_1_kanal_luxury_house_for_sale_in_dha_multan-54535357-15631-1.html
5 Marla Beautiful Luxury Triple Storey House Available For Sale In Buch Villas Multan,PKR 1.75 Crore,17500000,4,6,5 Marla,1125.0,15555,House,True,50,super hot50Share on FacebookShare on TwitterShare on WhatsAppSend via GMailSend via E-Mail,90,Houses_Multan,2026-08-10,https://www.zameen.com/Property/multan_buch_executive_villas_5_marla_beautiful_luxury_triple_storey_house_available_for_sale_in_buch_villas_multan-52475914-8627-1.html
Brand New 1224 Square Feet House For Sale In Buch Villas Phase 2 - Manik Block Multan,PKR 2.3 Crore,23000000,4,5,5.4 Marla,1215.0,18930,House,True,23,super hot23VerifiedShare on FacebookShare on TwitterShare on WhatsAppSend via GMailSend via E-Mail,98,Houses_Multan,2026-08-10,https://www.zameen.com/Property/buch_executive_villas_phase_2_buch_villas_phase_2_-_manik_block_brand_new_1224_square_feet_house_for_sale_in_buch_villas_phase_2_-_manik_block_multan-54543909-22186-1.html
21 Marla Newly Construction Modern Stylish House Royal Orchard Multan!,PKR 7.05 Crore,70500000,5,7,1 Kanal,4500.0,15666,House,True,50,super hot50Share on FacebookShare on TwitterShare on WhatsAppSend via GMailSend via E-Mail,90,Houses_Multan,2026-08-10,https://www.zameen.com/Property/multan_public_school_road_royal_orchard_21_marla_newly_construction_modern_stylish_house_royal_orchard_multan-54473236-9492-1.html
10 Marla Newly Built Stylish Modern House Park Facing Royal Orchard Multan,PKR 3.5 Crore,35000000,5,6,10 Marla,2250.0,15555,House,True,21,super hot21Share on FacebookShare on TwitterShare on WhatsAppSend via GMailSend via E-Mail,90,Houses_Multan,2026-08-10,https://www.zameen.com/Property/multan_public_school_road_royal_orchard_10_marla_newly_built_stylish_modern_house_park_facing_royal_orchard_multan-54494296-9492-1.html
Your Dream Grey Structure 5 Marla House Is Available In Adams Housing Scheme,PKR 1.1 Crore,11000000,4,5,5 Marla,1125.0,9777,House,True,10,super hot10VerifiedShare on FacebookShare on TwitterShare on WhatsAppSend via GMailSend via E-Mail,98,Houses_Multan,2026-08-10,https://www.zameen.com/Property/mattital_road_adams_housing_scheme_your_dream_grey_structure_5_marla_house_is_available_in_adams_housing_scheme-54508334-18836-1.html
Your Dream Brand New 5 Marla House Is Available In Royal Orchard,PKR 1.9 Crore,19000000,3,4,5 Marla,1125.0,16888,House,True,5,super hot5VerifiedShare on FacebookShare on TwitterShare on WhatsAppSend via GMailSend via E-Mail,97,Houses_Multan,2026-08-10,https://www.zameen.com/Property/multan_public_school_road_royal_orchard_your_dream_brand_new_5_marla_house_is_available_in_royal_orchard-54508310-9492-1.html
Brand New Corner Modern House Available For Sale,PKR 4.1 Crore,41000000,6,6,11 Marla,2475.0,16565,House,True,50,hot50Share on FacebookShare on TwitterShare on WhatsAppSend via GMailSend via E-Mail,84,Houses_Multan,2026-08-10,https://www.zameen.com/Property/multan_buch_executive_villas_brand_new_corner_modern_house_available_for_sale-52304155-8627-1.html
A Beautiful Farmhouse Fully Furnished For Sale In Buch Villas,PKR 33 Crore,330000000,10,6,8 Kanal,36000.0,9166,House,True,50,hot50Share on FacebookShare on TwitterShare on WhatsAppSend via GMailSend via E-Mail,84,Houses_Multan,2026-08-10,https://www.zameen.com/Property/multan_buch_executive_villas_a_beautiful_farmhouse_fully_furnished_for_sale_in_buch_villas-53883882-8627-1.html
Centrally Located Facing Park House For Sale In Wapda Town Phase 2 - Block R Available,PKR 6.25 Crore,62500000,6,6,1 Kanal,4500.0,13888,House,False,34,hot341VerifiedShare on FacebookShare on TwitterShare on WhatsAppSend via GMailSend via E-Mail,93,Houses_Multan,2026-08-10,https://www.zameen.com/Property/wapda_town_phase_2_wapda_town_phase_2_-_block_r_centrally_located_facing_park_house_for_sale_in_wapda_town_phase_2_-_block_r_available-53118884-14209-1.html
Double Storey 10 Marla House For Sale In Nasheman Colony Nasheman Colony,PKR 2.5 Crore,25000000,4,5,10 Marla,2250.0,11111,House,False,42,hot42Share on FacebookShare on TwitterShare on WhatsAppSend via GMailSend via E-Mail,84,Houses_Multan,2026-08-10,https://www.zameen.com/Property/multan_nasheman_colony_double_storey_10_marla_house_for_sale_in_nasheman_colony_nasheman_colony-54102668-1075-1.html
Double Storey 7 Marla House Available In Fatima Avenue For sale,PKR 2.35 Crore,23500000,4,4,7 Marla,1575.0,14920,House,False,7,hot7VerifiedShare on FacebookShare on TwitterShare on WhatsAppSend via GMailSend via E-Mail,91,Houses_Multan,2026-08-10,https://www.zameen.com/Property/multan_public_school_road_fatima_avenue_double_storey_7_marla_house_available_in_fatima_avenue_for_sale-54149436-21808-1.html
Brand New 5 Marla House Available In Royal Orchard For sale,PKR 2 Crore,20000000,3,4,5 Marla,1125.0,17777,House,False,26,hot26Share on FacebookShare on TwitterShare on WhatsAppSend via GMailSend via E-Mail,84,Houses_Multan,2026-08-10,https://www.zameen.com/Property/multan_public_school_road_royal_orchard_brand_new_5_marla_house_available_in_royal_orchard_for_sale-54151296-9492-1.html
Double Storey 20 Marla House For Sale In DHA Phase 1 - Sector H Multan,PKR 3.25 Crore,32500000,5,6,1 Kanal,4500.0,7222,House,False,8,hot8Share on FacebookShare on TwitterShare on WhatsAppSend via GMailSend via E-Mail,83,Houses_Multan,2026-08-10,https://www.zameen.com/Property/dha_phase_1_dha_phase_1_-_sector_h_double_storey_20_marla_house_for_sale_in_dha_phase_1_-_sector_h_multan-54194407-14307-1.html
Prime Location 4 Marla House Is Available In Affordable Price In Buch Executive Villas,PKR 1.4 Crore,14000000,3,4,4 Marla,900.0,15555,House,False,5,5Share on FacebookShare on TwitterShare on WhatsAppSend via GMailSend via E-Mail,80,Houses_Multan,2026-08-10,https://www.zameen.com/Property/multan_buch_executive_villas_prime_location_4_marla_house_is_available_in_affordable_price_in_buch_executive_villas-54347308-8627-1.html
03 Marla Ultra Luxurious Designer House For Sale In MPS road Multan,PKR 1.2 Crore,12000000,3,4,3 Marla,675.0,17777,House,False,18,18Share on FacebookShare on TwitterShare on WhatsAppSend via GMailSend via E-Mail,81,Houses_Multan,2026-08-10,https://www.zameen.com/Property/multan_multan_public_school_road_03_marla_ultra_luxurious_designer_house_for_sale_in_mps_road_multan-54570104-8902-1.html
Prime Location 4 Marla House Ideally Situated In Multan Public School Road,PKR 1.3 Crore,13000000,3,4,4 Marla,900.0,14444,House,False,18,18Share on FacebookShare on TwitterShare on WhatsAppSend via GMailSend via E-Mail,81,Houses_Multan,2026-08-10,https://www.zameen.com/Property/multan_multan_public_school_road_prime_location_4_marla_house_ideally_situated_in_multan_public_school_road-54577851-8902-1.html
Grey Structure 20 Marla House Available In DHA Phase 1 - Sector N For Sale,PKR 2.9 Crore,29000000,5,6,1 Kanal,4500.0,6444,House,True,5,5VerifiedShare on FacebookShare on TwitterShare on WhatsAppSend via GMailSend via E-Mail,88,Houses_Multan,2026-08-10,https://www.zameen.com/Property/dha_phase_1_dha_phase_1_-_sector_n_grey_structure_20_marla_house_available_in_dha_phase_1_-_sector_n_for_sale-54507390-14313-1.html
Well-Constructed Brand New House Available For Sale In Serene Villas,PKR 4.2 Crore,42000000,5,6,9 Marla,2025.0,20740,House,True,7,7VerifiedShare on FacebookShare on TwitterShare on WhatsAppSend via GMailSend via E-Mail,88,Houses_Multan,2026-08-10,https://www.zameen.com/Property/jinnah_avenue_serene_villas_well-constructed_brand_new_house_available_for_sale_in_serene_villas-54011357-22097-1.html
Double Storey 5 Marla House For Sale In Buch Executive Villas Buch Executive Villas,PKR 1.85 Crore,18500000,4,5,5 Marla,1125.0,16444,House,False,10,10VerifiedShare on FacebookShare on TwitterShare on WhatsAppSend via GMailSend via E-Mail,89,Houses_Multan,2026-08-10,https://www.zameen.com/Property/multan_buch_executive_villas_double_storey_5_marla_house_for_sale_in_buch_executive_villas_buch_executive_villas-54383404-8627-1.html
One Kanal Luxury House For Sale In Dha Multan,PKR 5.2 Crore,52000000,5,6,1 Kanal,4500.0,11555,House,False,27,27Share on FacebookShare on TwitterShare on WhatsAppSend via GMailSend via E-Mail,81,Houses_Multan,2026-08-10,https://www.zameen.com/Property/dha_phase_1_dha_phase_1_-_sector_h_one_kanal_luxury_house_for_sale_in_dha_multan-54384073-14307-1.html
One Kanal Modern Designer House For Sale In Royal Orchard Multan,PKR 7.5 Crore,75000000,5,6,1 Kanal,4500.0,16666,House,False,50,50Share on FacebookShare on TwitterShare on WhatsAppSend via GMailSend via E-Mail,81,Houses_Multan,2026-08-10,https://www.zameen.com/Property/multan_public_school_road_royal_orchard_one_kanal_modern_designer_house_for_sale_in_royal_orchard_multan-54383339-9492-1.html
Double Storey 10 Marla House For sale In Shalimar Colony Shalimar Colony,PKR 1.75 Crore,17500000,5,5,10 Marla,2250.0,7777,House,True,22,super hot22VerifiedShare on FacebookShare on TwitterShare on WhatsAppSend via GMailSend via E-Mail,98,Houses_Multan,2026-08-10,https://www.zameen.com/Property/multan_shalimar_colony_double_storey_10_marla_house_for_sale_in_shalimar_colony_shalimar_colony-54211871-346-1.html
Hot location House For Sale,PKR 6.2 Crore,62000000,,5,1 Kanal,4500.0,13777,House,True,22,super hot22Share on FacebookShare on TwitterShare on WhatsAppSend via GMailSend via E-Mail,90,Houses_Multan,2026-08-10,https://www.zameen.com/Property/dha_phase_1_dha_phase_1_-_sector_m_hot_location_house_for_sale-54507387-14312-1.html
Your Dream Brand New 20 Marla House Is Available In DHA Phase 1 - Sector M,PKR 6.25 Crore,62500000,5,6,1 Kanal,4500.0,13888,House,True,17,super hot17VerifiedShare on FacebookShare on TwitterShare on WhatsAppSend via GMailSend via E-Mail,98,Houses_Multan,2026-08-10,https://www.zameen.com/Property/dha_phase_1_dha_phase_1_-_sector_m_your_dream_brand_new_20_marla_house_is_available_in_dha_phase_1_-_sector_m-54499922-14312-1.html
17 Marla executive House available,PKR 6.25 Crore,62500000,5,6,17 Marla,3825.0,16339,House,True,28,super hot28Share on FacebookShare on TwitterShare on WhatsAppSend via GMailSend via E-Mail,90,Houses_Multan,2026-08-10,https://www.zameen.com/Property/multan_buch_executive_villas_17_marla_executive_house_available-54468413-8627-1.html
20 Marla Brand New Luxury House For Sale | DHA Multan (Prime Location),PKR 5.5 Crore,55000000,5,6,1 Kanal,4500.0,12222,House,True,28,super hot28Share on FacebookShare on TwitterShare on WhatsAppSend via GMailSend via E-Mail,90,Houses_Multan,2026-08-10,https://www.zameen.com/Property/dha_phase_1_dha_phase_1_-_sector_h_20_marla_brand_new_luxury_house_for_sale_dha_multan_prime_location-54473567-14307-1.html
1 Kanal Askari Villas For Sale In DHA Multan,PKR 5 Crore,50000000,6,6,1 Kanal,4500.0,11111,House,True,,super hotShare on FacebookShare on TwitterShare on WhatsAppSend via GMailSend via E-Mail,88,Houses_Multan,2026-08-10,https://www.zameen.com/Property/multan_dha_defence_1_kanal_askari_villas_for_sale_in_dha_multan-54533054-8581-1.html
Get This Amazing Prime Location 35 Marla House Available In DHA Phase 1 - Sector R,PKR 5.8 Crore,58000000,6,6,1.7 Kanal,7650.0,7581,House,True,23,super hot23Share on FacebookShare on TwitterShare on WhatsAppSend via GMailSend via E-Mail,90,Houses_Multan,2026-08-10,https://www.zameen.com/Property/dha_phase_1_dha_phase_1_-_sector_r_get_this_amazing_prime_location_35_marla_house_available_in_dha_phase_1_-_sector_r-53950029-14317-1.html
10 Marla Brand New Triple Storey House For Sale Buch Executive Villas Multan,PKR 3.9 Crore,39000000,6,6,10 Marla,2250.0,17333,House,True,18,super hot18Share on FacebookShare on TwitterShare on WhatsAppSend via GMailSend via E-Mail,90,Houses_Multan,2026-08-10,https://www.zameen.com/Property/buch_executive_villas_phase_2_buch_villas_phase_2_-_manik_block_10_marla_brand_new_triple_storey_house_for_sale_buch_executive_villas_multan-54463550-22186-1.html
5 MARLA HOUSES AVAILABLE FOR SALE,PKR 1.85 Crore,18500000,4,5,5 Marla,1125.0,16444,House,True,12,super hot12Share on FacebookShare on TwitterShare on WhatsAppSend via GMailSend via E-Mail,90,Houses_Multan,2026-08-10,https://www.zameen.com/Property/multan_buch_executive_villas_5_marla_houses_available_for_sale-54494504-8627-1.html
10 Marla House Available For Sale,PKR 3.19 Crore,31900000,5,6,10 Marla,2250.0,14177,House,True,23,super hot23Share on FacebookShare on TwitterShare on WhatsAppSend via GMailSend via E-Mail,90,Houses_Multan,2026-08-10,https://www.zameen.com/Property/dha_phase_1_dha_phase_1_-_sector_b1_10_marla_house_available_for_sale-54487634-14300-1.html
9 Marla Brand New Beautiful Luxury Double Storey House Available For Sale In Buch Villas Multan,PKR 3.4 Crore,34000000,5,6,10 Marla,2250.0,15111,House,True,33,hot33Share on FacebookShare on TwitterShare on WhatsAppSend via GMailSend via E-Mail,84,Houses_Multan,2026-08-10,https://www.zameen.com/Property/multan_buch_executive_villas_9_marla_brand_new_beautiful_luxury_double_storey_house_available_for_sale_in_buch_villas_multan-52462701-8627-1.html
6 Marla Modern Luxury Double Storey House Available For Sale In Gulgasht Colony Near Latif Super Store & Sabzazar,PKR 2.25 Crore,22500000,4,5,6 Marla,1350.0,16666,House,True,40,hot40Share on FacebookShare on TwitterShare on WhatsAppSend via GMailSend via E-Mail,84,Houses_Multan,2026-08-10,https://www.zameen.com/Property/multan_gulgasht_colony_6_marla_modern_luxury_double_storey_house_available_for_sale_in_gulgasht_colony_near_latif_super_store_sabzazar-54543463-664-1.html
Double Storey 10 Marla House Available In Pearl City For sale,PKR 2.9 Crore,29000000,4,4,10 Marla,2250.0,12888,House,False,25,hot25Share on FacebookShare on TwitterShare on WhatsAppSend via GMailSend via E-Mail,84,Houses_Multan,2026-08-10,https://www.zameen.com/Property/multan_pearl_city_double_storey_10_marla_house_available_in_pearl_city_for_sale-54418674-9412-1.html
Well-Constructed Brand New House Available For Sale In Nawabpur Road,PKR 95 Lakh,9500000,3,3,3 Marla,675.0,14074,House,False,6,hot6VerifiedShare on FacebookShare on TwitterShare on WhatsAppSend via GMailSend via E-Mail,91,Houses_Multan,2026-08-10,https://www.zameen.com/Property/multan_nawabpur_road_well-constructed_brand_new_house_available_for_sale_in_nawabpur_road-54454167-8728-1.html
Your Dream Brand New 5 Marla House Is Available In Fatima Avenue,PKR 1.75 Crore,17500000,3,4,5 Marla,1125.0,15555,House,False,19,hot19VerifiedShare on FacebookShare on TwitterShare on WhatsAppSend via GMailSend via E-Mail,92,Houses_Multan,2026-08-10,https://www.zameen.com/Property/multan_public_school_road_fatima_avenue_your_dream_brand_new_5_marla_house_is_available_in_fatima_avenue-54503407-21808-1.html
Brand New 5 Marla House For Sale In Bosan Road Bosan Road,PKR 1.8 Crore,18000000,5,5,5 Marla,1125.0,16000,House,False,5,hot5VerifiedShare on FacebookShare on TwitterShare on WhatsAppSend via GMailSend via E-Mail,91,Houses_Multan,2026-08-10,https://www.zameen.com/Property/multan_bosan_road_brand_new_5_marla_house_for_sale_in_bosan_road_bosan_road-54546241-5705-1.html
Ideal 10 Marla House Available In Gulshan-E-Wahid,PKR 2.25 Crore,22500000,6,6,10 Marla,2250.0,10000,House,False,25,hot25VerifiedShare on FacebookShare on TwitterShare on WhatsAppSend via GMailSend via E-Mail,92,Houses_Multan,2026-08-10,https://www.zameen.com/Property/multan_gulshan-e-wahid_ideal_10_marla_house_available_in_gulshan-e-wahid-54570231-5747-1.html
Brand New 5 Marla House For sale In Buch Executive Villas Buch Executive Villas,PKR 2.2 Crore,22000000,4,5,5 Marla,1125.0,19555,House,False,20,20VerifiedShare on FacebookShare on TwitterShare on WhatsAppSend via GMailSend via E-Mail,89,Houses_Multan,2026-08-10,https://www.zameen.com/Property/multan_buch_executive_villas_brand_new_5_marla_house_for_sale_in_buch_executive_villas_buch_executive_villas-54383401-8627-1.html
Well-Constructed Brand New House Available For Sale In Buch Executive Villas,PKR 2.2 Crore,22000000,4,5,5 Marla,1125.0,19555,House,False,22,22VerifiedShare on FacebookShare on TwitterShare on WhatsAppSend via GMailSend via E-Mail,89,Houses_Multan,2026-08-10,https://www.zameen.com/Property/multan_buch_executive_villas_well-constructed_brand_new_house_available_for_sale_in_buch_executive_villas-54383403-8627-1.html
10 Marla Luxury House For Sale In Royal Orchard Multan,PKR 3.5 Crore,35000000,5,6,10 Marla,2250.0,15555,House,False,26,26Share on FacebookShare on TwitterShare on WhatsAppSend via GMailSend via E-Mail,81,Houses_Multan,2026-08-10,https://www.zameen.com/Property/multan_public_school_road_royal_orchard_10_marla_luxury_house_for_sale_in_royal_orchard_multan-54383629-9492-1.html
Brand New 20 Marla House Available In DHA Phase 1 - Sector M For sale,PKR 5.8 Crore,58000000,5,6,1 Kanal,4500.0,12888,House,False,20,20VerifiedShare on FacebookShare on TwitterShare on WhatsAppSend via GMailSend via E-Mail,89,Houses_Multan,2026-08-10,https://www.zameen.com/Property/dha_phase_1_dha_phase_1_-_sector_m_brand_new_20_marla_house_available_in_dha_phase_1_-_sector_m_for_sale-54384807-14312-1.html
10 Marla Luxury House For Sale In Royal Orchard Multan,PKR 3.5 Crore,35000000,5,6,10 Marla,2250.0,15555,House,False,34,34Share on FacebookShare on TwitterShare on WhatsAppSend via GMailSend via E-Mail,81,Houses_Multan,2026-08-10,https://www.zameen.com/Property/multan_public_school_road_royal_orchard_10_marla_luxury_house_for_sale_in_royal_orchard_multan-54387743-9492-1.html
5 Marla Luxurious House For Sale In Buch Villas Multan,PKR 2.2 Crore,22000000,4,5,5 Marla,1125.0,19555,House,False,25,25Share on FacebookShare on TwitterShare on WhatsAppSend via GMailSend via E-Mail,81,Houses_Multan,2026-08-10,https://www.zameen.com/Property/multan_buch_executive_villas_5_marla_luxurious_house_for_sale_in_buch_villas_multan-54388648-8627-1.html
10 Marla Luxurious House For Sale In Royal Orchard Multan,PKR 3.75 Crore,37500000,5,6,10 Marla,2250.0,16666,House,False,10,10Share on FacebookShare on TwitterShare on WhatsAppSend via GMailSend via E-Mail,81,Houses_Multan,2026-08-10,https://www.zameen.com/Property/multan_public_school_road_royal_orchard_10_marla_luxurious_house_for_sale_in_royal_orchard_multan-54393729-9492-1.html
10 Marla Luxurious House For Sale In Buch Villas Multan,PKR 4.1 Crore,41000000,6,6,10 Marla,2250.0,18222,House,False,18,18Share on FacebookShare on TwitterShare on WhatsAppSend via GMailSend via E-Mail,81,Houses_Multan,2026-08-10,https://www.zameen.com/Property/multan_buch_executive_villas_10_marla_luxurious_house_for_sale_in_buch_villas_multan-54399720-8627-1.html
20 Marla Brand New Luxury House For Sale | DHA Multan (Prime Location),PKR 5.3 Crore,53000000,5,6,1 Kanal,4500.0,11777,House,True,27,super hot27Share on FacebookShare on TwitterShare on WhatsAppSend via GMailSend via E-Mail,90,Houses_Multan,2026-08-10,https://www.zameen.com/Property/dha_phase_1_dha_phase_1_-_sector_h_20_marla_brand_new_luxury_house_for_sale_dha_multan_prime_location-54473426-14307-1.html
Royal Orchid Multan 20 Marla Fully luxurious house for sale,PKR 6.9 Crore,69000000,8,6,1 Kanal,4500.0,15333,House,True,28,super hot28Share on FacebookShare on TwitterShare on WhatsAppSend via GMailSend via E-Mail,90,Houses_Multan,2026-08-10,https://www.zameen.com/Property/multan_public_school_road_royal_orchard_royal_orchid_multan_20_marla_fully_luxurious_house_for_sale-53525017-9492-1.html
Royal Orchard Multan 21 Marla Double Storey House For Sale Fully Ultra Modern And Luxurious House,PKR 7.5 Crore,75000000,6,6,1 Kanal,4500.0,16666,House,True,45,super hot45Share on FacebookShare on TwitterShare on WhatsAppSend via GMailSend via E-Mail,90,Houses_Multan,2026-08-10,https://www.zameen.com/Property/multan_public_school_road_royal_orchard_royal_orchard_multan_21_marla_double_storey_house_for_sale_fully_ultra_modern_and_luxurious_house-53277604-9492-1.html
1 Kanal Fully Luxury Modern House For Sale Royal Orchard Multan  An Outstanding 1 Kanal Fully Luxury Modern House Is Available For Sale In The Prime Location Of Royal Orchard Multan Designed,PKR 7.5 Crore,75000000,5,6,1 Kanal,4500.0,16666,House,True,30,super hot30Share on FacebookShare on TwitterShare on WhatsAppSend via GMailSend via E-Mail,90,Houses_Multan,2026-08-10,https://www.zameen.com/Property/multan_public_school_road_royal_orchard_1_kanal_fully_luxury_modern_house_for_sale_royal_orchard_multan_an_outstanding_1_kanal_fully_luxury_modern_house_is_available_for_sale_in_the_prime_location_of_royal_orchard_multan_designed-54367585-9492-1.html
DHA Multan  20 Marla Double Story House for sale,PKR 5.25 Crore,52500000,6,6,1 Kanal,4500.0,11666,House,True,49,super hot49Share on FacebookShare on TwitterShare on WhatsAppSend via GMailSend via E-Mail,90,Houses_Multan,2026-08-10,https://www.zameen.com/Property/dha_phase_1_dha_phase_1_-_sector_m_dha_multan_20_marla_double_story_house_for_sale-53455098-14312-1.html
Brand New And Old 5.22 Marla Houses Available In Buch Villas,PKR 1.4 Crore,14000000,4,5,5.2 Marla,1170.0,11965,House,True,17,super hot171Share on FacebookShare on TwitterShare on WhatsAppSend via GMailSend via E-Mail,91,Houses_Multan,2026-08-10,https://www.zameen.com/Property/multan_buch_executive_villas_brand_new_and_old_5_22_marla_houses_available_in_buch_villas-54501765-8627-1.html
A 20 Marla House For Sale At Bosan Road Multan,PKR 3.85 Crore,38500000,5,5,1 Kanal,4500.0,8555,House,True,17,super hot171VerifiedShare on FacebookShare on TwitterShare on WhatsAppSend via GMailSend via E-Mail,99,Houses_Multan,2026-08-10,https://www.zameen.com/Property/multan_bosan_road_a_20_marla_house_for_sale_at_bosan_road_multan-53927818-5705-1.html
"Reasonably-Priced Prime Location 80 Feet Road Facing 20 Marla House In DHA Phase 1 - Sector M, Multan Is Available As Of Now",PKR 4.9 Crore,49000000,5,5,1 Kanal,4500.0,10888,House,True,26,super hot26Share on FacebookShare on TwitterShare on WhatsAppSend via GMailSend via E-Mail,90,Houses_Multan,2026-08-10,https://www.zameen.com/Property/dha_phase_1_dha_phase_1_-_sector_m_reasonably-priced_prime_location_80_feet_road_facing_20_marla_house_in_dha_phase_1_-_sector_m_multan_is_available_as_of_now-54126229-14312-1.html
9 Marla House for Sale in Gulgash Colony,PKR 3.1 Crore,31000000,5,6,9 Marla,2025.0,15308,House,True,15,super hot15Share on FacebookShare on TwitterShare on WhatsAppSend via GMailSend via E-Mail,90,Houses_Multan,2026-08-10,https://www.zameen.com/Property/multan_gulgasht_colony_9_marla_house_for_sale_in_gulgash_colony-54474713-664-1.html
7 Marla Double Storey House- Bosan Road - Near Metro station & Metro Mart,PKR 1.69 Crore,16900000,4,5,8.4 Marla,1890.0,8941,House,True,11,super hot11VerifiedShare on FacebookShare on TwitterShare on WhatsAppSend via GMailSend via E-Mail,98,Houses_Multan,2026-08-10,https://www.zameen.com/Property/multan_bosan_road_7_marla_double_storey_house-_bosan_road_-_near_metro_station_metro_mart-54287289-5705-1.html
6 Marla Brand New A Class Construction House Available For Sale At Bosan Road Near Punjab College,PKR 1.75 Crore,17500000,5,6,6 Marla,1350.0,12962,House,True,36,hot36Share on FacebookShare on TwitterShare on WhatsAppSend via GMailSend via E-Mail,84,Houses_Multan,2026-08-10,https://www.zameen.com/Property/multan_bosan_road_6_marla_brand_new_a_class_construction_house_available_for_sale_at_bosan_road_near_punjab_college-54127862-5705-1.html
7.5 Marla Brand New Double Storey House Available For Sale Near To Model Town & Northern Bypass,PKR 2.2 Crore,22000000,5,6,7.5 Marla,1687.5,13037,House,True,33,hot33Share on FacebookShare on TwitterShare on WhatsAppSend via GMailSend via E-Mail,84,Houses_Multan,2026-08-10,https://www.zameen.com/Property/model_town_model_town_-_block_b_7_5_marla_brand_new_double_storey_house_available_for_sale_near_to_model_town_northern_bypass-54184755-5773-1.html
Brand New 10 Marla House For sale In DHA Phase 1 - Sector B1 Multan,PKR 3.5 Crore,35000000,5,6,10 Marla,2250.0,15555,House,False,5,hot5VerifiedShare on FacebookShare on TwitterShare on WhatsAppSend via GMailSend via E-Mail,91,Houses_Multan,2026-08-10,https://www.zameen.com/Property/dha_phase_1_dha_phase_1_-_sector_b1_brand_new_10_marla_house_for_sale_in_dha_phase_1_-_sector_b1_multan-54582794-14300-1.html
Affordable Prime Location House Available For sale In Buch Villas Phase 2 - Hamid Block,PKR 3.5 Crore,35000000,5,5,10 Marla,2250.0,15555,House,False,21,hot21Share on FacebookShare on TwitterShare on WhatsAppSend via GMailSend via E-Mail,84,Houses_Multan,2026-08-10,https://www.zameen.com/Property/buch_executive_villas_phase_2_buch_villas_phase_2_-_hamid_block_affordable_prime_location_house_available_for_sale_in_buch_villas_phase_2_-_hamid_block-54475370-22188-1.html
"10 Marla Double Storey House for Sale in Buch Villas, Multan",PKR 3.75 Crore,37500000,5,6,10 Marla,2250.0,16666,House,False,23,hot23Share on FacebookShare on TwitterShare on WhatsAppSend via GMailSend via E-Mail,84,Houses_Multan,2026-08-10,https://www.zameen.com/Property/buch_executive_villas_buch_executive_villas_-_phase_2_10_marla_double_storey_house_for_sale_in_buch_villas_multan-54582593-19720-1.html
1 Kanal Spanish House In DHA Multan,PKR 5.75 Crore,57500000,5,6,1 Kanal,4500.0,12777,House,False,20,hot20Share on FacebookShare on TwitterShare on WhatsAppSend via GMailSend via E-Mail,84,Houses_Multan,2026-08-10,https://www.zameen.com/Property/multan_dha_defence_1_kanal_spanish_house_in_dha_multan-54527375-8581-1.html
5.44 Marla Modern House In Buch Villas Multan,PKR 2.3 Crore,23000000,4,5,5.4 Marla,1215.0,18930,House,False,12,hot12Share on FacebookShare on TwitterShare on WhatsAppSend via GMailSend via E-Mail,84,Houses_Multan,2026-08-10,https://www.zameen.com/Property/multan_buch_executive_villas_5_44_marla_modern_house_in_buch_villas_multan-54527352-8627-1.html
11 Marla Luxurious House For Sale In Buch Villas Multan,PKR 4.1 Crore,41000000,6,6,11 Marla,2475.0,16565,House,False,27,27Share on FacebookShare on TwitterShare on WhatsAppSend via GMailSend via E-Mail,81,Houses_Multan,2026-08-10,https://www.zameen.com/Property/multan_buch_executive_villas_11_marla_luxurious_house_for_sale_in_buch_villas_multan-54406181-8627-1.html
9 Marla Luxury House For Sale In Buch Villas Multan,PKR 3.7 Crore,37000000,5,6,9 Marla,2025.0,18271,House,False,38,38Share on FacebookShare on TwitterShare on WhatsAppSend via GMailSend via E-Mail,81,Houses_Multan,2026-08-10,https://www.zameen.com/Property/multan_buch_executive_villas_9_marla_luxury_house_for_sale_in_buch_villas_multan-54436622-8627-1.html
One Kanal Luxurious House For Sale In Royal Orchard Multan,PKR 6.98 Crore,69800000,5,6,1 Kanal,4500.0,15511,House,False,12,12Share on FacebookShare on TwitterShare on WhatsAppSend via GMailSend via E-Mail,81,Houses_Multan,2026-08-10,https://www.zameen.com/Property/multan_public_school_road_royal_orchard_one_kanal_luxurious_house_for_sale_in_royal_orchard_multan-54436720-9492-1.html
10 Marla Luxurious House For Sale In Buch Villas Multan,PKR 3.7 Crore,37000000,5,6,10 Marla,2250.0,16444,House,False,25,25Share on FacebookShare on TwitterShare on WhatsAppSend via GMailSend via E-Mail,81,Houses_Multan,2026-08-10,https://www.zameen.com/Property/multan_buch_executive_villas_10_marla_luxurious_house_for_sale_in_buch_villas_multan-54446761-8627-1.html
Prime Location Buch Executive Villas House Sized 5 Marla Is Available,PKR 1.98 Crore,19800000,4,5,5 Marla,1125.0,17600,House,True,24,24Share on FacebookShare on TwitterShare on WhatsAppSend via GMailSend via E-Mail,81,Houses_Multan,2026-08-10,https://www.zameen.com/Property/multan_buch_executive_villas_prime_location_buch_executive_villas_house_sized_5_marla_is_available-52871024-8627-1.html
10 Marla Modern Designer Luxurious House For Sale In Buch Villas Multan,PKR 3.7 Crore,37000000,6,6,10 Marla,2250.0,16444,House,True,32,32Share on FacebookShare on TwitterShare on WhatsAppSend via GMailSend via E-Mail,81,Houses_Multan,2026-08-10,https://www.zameen.com/Property/multan_buch_executive_villas_10_marla_modern_designer_luxurious_house_for_sale_in_buch_villas_multan-52935498-8627-1.html
5 Marla Luxurious House For Sale In Buch Villas Multan,PKR 1.95 Crore,19500000,4,5,5 Marla,1125.0,17333,House,True,17,17Share on FacebookShare on TwitterShare on WhatsAppSend via GMailSend via E-Mail,81,Houses_Multan,2026-08-10,https://www.zameen.com/Property/buch_executive_villas_phase_2_buch_villas_phase_2_-_manik_block_5_marla_luxurious_house_for_sale_in_buch_villas_multan-53766995-22186-1.html
5 Marla Modern House For Sale In Buch Villlas Multan,PKR 1.95 Crore,19500000,4,5,5 Marla,1125.0,17333,House,True,25,25Share on FacebookShare on TwitterShare on WhatsAppSend via GMailSend via E-Mail,81,Houses_Multan,2026-08-10,https://www.zameen.com/Property/buch_executive_villas_phase_2_buch_villas_phase_2_-_manik_block_5_marla_modern_house_for_sale_in_buch_villlas_multan-53767055-22186-1.html
DHA Multan _M Sector   3 Kanal Fully Furnished House For Sale  Double-Height TV Lounge Grand & airy ground floor lounge,PKR 20 Crore,200000000,5,6,3 Kanal,13500.0,14814,House,True,12,super hot12Share on FacebookShare on TwitterShare on WhatsAppSend via GMailSend via E-Mail,90,Houses_Multan,2026-08-10,https://www.zameen.com/Property/dha_phase_1_dha_phase_1_-_sector_m_dha_multan_m_sector_3_kanal_fully_furnished_house_for_sale_double-height_tv_lounge_grand_airy_ground_floor_lounge-53890844-14312-1.html
20 Marla Brand New Luxury House For Sale,PKR 6.25 Crore,62500000,5,6,1 Kanal,4500.0,13888,House,True,36,super hot36Share on FacebookShare on TwitterShare on WhatsAppSend via GMailSend via E-Mail,90,Houses_Multan,2026-08-10,https://www.zameen.com/Property/dha_phase_1_dha_phase_1_-_sector_m_20_marla_brand_new_luxury_house_for_sale-54483415-14312-1.html
20 Marla Brand New Luxury House For Sale Royal Orchard Multan C Block (Prime Location),PKR 7 Crore,70000000,5,6,1 Kanal,4500.0,15555,House,True,39,super hot39Share on FacebookShare on TwitterShare on WhatsAppSend via GMailSend via E-Mail,90,Houses_Multan,2026-08-10,https://www.zameen.com/Property/royal_orchard_royal_orchard_-_block_c_20_marla_brand_new_luxury_house_for_sale_royal_orchard_multan_c_block_prime_location-53559131-9496-1.html
"Royal Orchard, Multan.   20 Marla house for sale",PKR 7.5 Crore,75000000,6,6,1 Kanal,4500.0,16666,House,True,21,super hot21Share on FacebookShare on TwitterShare on WhatsAppSend via GMailSend via E-Mail,90,Houses_Multan,2026-08-10,https://www.zameen.com/Property/royal_orchard_royal_orchard_-_executive_block_royal_orchard_multan_20_marla_house_for_sale-54040855-22439-1.html
Your Dream Brand New 5 Marla House Is Available In Platinum Homes DHAM,PKR 1.65 Crore,16500000,3,4,5 Marla,1125.0,14666,House,True,14,super hot14VerifiedShare on FacebookShare on TwitterShare on WhatsAppSend via GMailSend via E-Mail,98,Houses_Multan,2026-08-10,https://www.zameen.com/Property/dha_defence_platinum_homes_dham_your_dream_brand_new_5_marla_house_is_available_in_platinum_homes_dham-54337353-19061-1.html
Designer House for Sale In Green Fort Housing Society Multan,PKR 1.6 Crore,16000000,4,3,10 Marla,2250.0,7111,House,True,14,super hot14Share on FacebookShare on TwitterShare on WhatsAppSend via GMailSend via E-Mail,90,Houses_Multan,2026-08-10,https://www.zameen.com/Property/multan_green_fort_housing_scheme_designer_house_for_sale_in_green_fort_housing_society_multan-54476715-5739-1.html
Your Dream Brand New 5 Marla House Is Available In Royal Orchard,PKR 1.95 Crore,19500000,4,4,5 Marla,1125.0,17333,House,True,5,super hot5VerifiedShare on FacebookShare on TwitterShare on WhatsAppSend via GMailSend via E-Mail,97,Houses_Multan,2026-08-10,https://www.zameen.com/Property/multan_public_school_road_royal_orchard_your_dream_brand_new_5_marla_house_is_available_in_royal_orchard-54508344-9492-1.html
Corner 10 Marla House For Grabs In DHA Defence Askari 3,PKR 3.15 Crore,31500000,4,5,10 Marla,2250.0,14000,House,True,6,super hot6Share on FacebookShare on TwitterShare on WhatsAppSend via GMailSend via E-Mail,89,Houses_Multan,2026-08-10,https://www.zameen.com/Property/dha_defence_askari_3_corner_10_marla_house_for_grabs_in_dha_defence_askari_3-54497748-17156-1.html
5 Marla Brand New A+ Construction House Available For Sale At Mps Road Gated Society,PKR 1.5 Crore,15000000,4,5,5 Marla,1125.0,13333,House,True,32,hot32Share on FacebookShare on TwitterShare on WhatsAppSend via GMailSend via E-Mail,84,Houses_Multan,2026-08-10,https://www.zameen.com/Property/multan_multan_public_school_road_5_marla_brand_new_a_construction_house_available_for_sale_at_mps_road_gated_society-54499301-8902-1.html
7 Marla Brand New Modern Elevation House Available For Sale At Gated Society Mps Road,PKR 2.2 Crore,22000000,5,6,7 Marla,1575.0,13968,House,True,43,hot43Share on FacebookShare on TwitterShare on WhatsAppSend via GMailSend via E-Mail,84,Houses_Multan,2026-08-10,https://www.zameen.com/Property/multan_multan_public_school_road_7_marla_brand_new_modern_elevation_house_available_for_sale_at_gated_society_mps_road-54499489-8902-1.html
4 Marla Park Facing Triple Storey House For Sale Buch Executive Villas,PKR 1.65 Crore,16500000,4,5,4 Marla,900.0,18333,House,True,12,hot12Share on FacebookShare on TwitterShare on WhatsAppSend via GMailSend via E-Mail,84,Houses_Multan,2026-08-10,https://www.zameen.com/Property/multan_buch_executive_villas_4_marla_park_facing_triple_storey_house_for_sale_buch_executive_villas-54090572-8627-1.html
5.1 Marla Most Beautiful Double Heighted House For Sale Buch Executive Villas,PKR 1.95 Crore,19500000,4,5,5.1 Marla,1147.5,16993,House,True,20,hot20Share on FacebookShare on TwitterShare on WhatsAppSend via GMailSend via E-Mail,84,Houses_Multan,2026-08-10,https://www.zameen.com/Property/multan_buch_executive_villas_5_1_marla_most_beautiful_double_heighted_house_for_sale_buch_executive_villas-52893642-8627-1.html
5 Marla Modern House In Royal Orchard Multan,PKR 2 Crore,20000000,3,4,5 Marla,1125.0,17777,House,False,17,hot17Share on FacebookShare on TwitterShare on WhatsAppSend via GMailSend via E-Mail,84,Houses_Multan,2026-08-10,https://www.zameen.com/Property/multan_public_school_road_royal_orchard_5_marla_modern_house_in_royal_orchard_multan-54489885-9492-1.html
11 Marla Single Storey Simi Commercial House For Sale,PKR 8.5 Crore,85000000,5,7,11 Marla,2475.0,34343,House,False,28,hot28Share on FacebookShare on TwitterShare on WhatsAppSend via GMailSend via E-Mail,84,Houses_Multan,2026-08-10,https://www.zameen.com/Property/multan_altaf_town_11_marla_single_storey_simi_commercial_house_for_sale-54582107-5694-1.html
"11 Marla Double Storey Luxury House For Sale In Buch Villas, Multan",PKR 4 Crore,40000000,5,6,11 Marla,2475.0,16161,House,False,15,hot15Share on FacebookShare on TwitterShare on WhatsAppSend via GMailSend via E-Mail,84,Houses_Multan,2026-08-10,https://www.zameen.com/Property/multan_buch_executive_villas_11_marla_double_storey_luxury_house_for_sale_in_buch_villas_multan-54522917-8627-1.html
"5 Marla Double Storey House For Sale In Buch Villas, Multan",PKR 1.7 Crore,17000000,3,4,5 Marla,1125.0,15111,House,False,14,hot14Share on FacebookShare on TwitterShare on WhatsAppSend via GMailSend via E-Mail,84,Houses_Multan,2026-08-10,https://www.zameen.com/Property/multan_buch_executive_villas_5_marla_double_storey_house_for_sale_in_buch_villas_multan-54519756-8627-1.html
"5 Marla Double Storey Brand New House For Sale In Citi Housing, Multan",PKR 1.15 Crore,11500000,4,5,5 Marla,1125.0,10222,House,False,20,hot20Share on FacebookShare on TwitterShare on WhatsAppSend via GMailSend via E-Mail,84,Houses_Multan,2026-08-10,https://www.zameen.com/Property/citi_housing_phase_1_citi_housing_-_block_c_5_marla_double_storey_brand_new_house_for_sale_in_citi_housing_multan-54524537-17369-1.html
One Kanal Ultra Modern Designer House For Sale In Royal Orchard Multan,PKR 6.7 Crore,67000000,6,6,1 Kanal,4500.0,14888,House,True,42,42Share on FacebookShare on TwitterShare on WhatsAppSend via GMailSend via E-Mail,81,Houses_Multan,2026-08-10,https://www.zameen.com/Property/multan_public_school_road_royal_orchard_one_kanal_ultra_modern_designer_house_for_sale_in_royal_orchard_multan-53767192-9492-1.html
5 Marla Luxurious House For Sale In Buch Villas Multan,PKR 2.3 Crore,23000000,5,6,5 Marla,1125.0,20444,House,True,21,21Share on FacebookShare on TwitterShare on WhatsAppSend via GMailSend via E-Mail,81,Houses_Multan,2026-08-10,https://www.zameen.com/Property/buch_executive_villas_phase_2_buch_villas_phase_2_-_manik_block_5_marla_luxurious_house_for_sale_in_buch_villas_multan-53768330-22186-1.html
5 Marla Modern Designer House For Sale In Buch Villas Multan,PKR 2.25 Crore,22500000,4,5,5 Marla,1125.0,20000,House,True,39,39Share on FacebookShare on TwitterShare on WhatsAppSend via GMailSend via E-Mail,81,Houses_Multan,2026-08-10,https://www.zameen.com/Property/buch_executive_villas_phase_2_buch_villas_phase_2_-_hamid_block_5_marla_modern_designer_house_for_sale_in_buch_villas_multan-53770216-22188-1.html
5 Marla Luxury House For Sale In Royal Orchard Multan,PKR 2 Crore,20000000,4,5,5 Marla,1125.0,17777,House,True,39,39Share on FacebookShare on TwitterShare on WhatsAppSend via GMailSend via E-Mail,81,Houses_Multan,2026-08-10,https://www.zameen.com/Property/multan_public_school_road_royal_orchard_5_marla_luxury_house_for_sale_in_royal_orchard_multan-53774982-9492-1.html
5 Marla Luxury House For Sale In Buch Villas Multan,PKR 1.9 Crore,19000000,5,6,5 Marla,1125.0,16888,House,True,19,19Share on FacebookShare on TwitterShare on WhatsAppSend via GMailSend via E-Mail,81,Houses_Multan,2026-08-10,https://www.zameen.com/Property/multan_buch_executive_villas_5_marla_luxury_house_for_sale_in_buch_villas_multan-53781484-8627-1.html
5 Marla Modern Designer House For Sale In Buch Villas Multan,PKR 2.15 Crore,21500000,4,6,5 Marla,1125.0,19111,House,True,26,26Share on FacebookShare on TwitterShare on WhatsAppSend via GMailSend via E-Mail,81,Houses_Multan,2026-08-10,https://www.zameen.com/Property/multan_buch_executive_villas_5_marla_modern_designer_house_for_sale_in_buch_villas_multan-53789550-8627-1.html
10 Marla Luxury House For Sale In Dha Multan,PKR 3.2 Crore,32000000,5,6,10 Marla,2250.0,14222,House,True,34,34Share on FacebookShare on TwitterShare on WhatsAppSend via GMailSend via E-Mail,81,Houses_Multan,2026-08-10,https://www.zameen.com/Property/dha_phase_1_dha_phase_1_-_sector_b1_10_marla_luxury_house_for_sale_in_dha_multan-54035605-14300-1.html
One Kanal Fully Farnishd House For Sale In Royal Orchard Multan,PKR 7.5 Crore,75000000,6,6,1 Kanal,4500.0,16666,House,True,24,24Share on FacebookShare on TwitterShare on WhatsAppSend via GMailSend via E-Mail,81,Houses_Multan,2026-08-10,https://www.zameen.com/Property/multan_public_school_road_royal_orchard_one_kanal_fully_farnishd_house_for_sale_in_royal_orchard_multan-54053317-9492-1.html
Step Inside This Beautiful 1 Kanal Designer House,PKR 4.3 Crore,43000000,5,6,1 Kanal,4500.0,9555,House,True,7,super hot7Share on FacebookShare on TwitterShare on WhatsAppSend via GMailSend via E-Mail,89,Houses_Multan,2026-08-10,https://www.zameen.com/Property/multan_dha_defence_step_inside_this_beautiful_1_kanal_designer_house-54479813-8581-1.html
Best Options For House Is Available For Sale In Askari 3,PKR 5.5 Crore,55000000,5,5,1 Kanal,4500.0,12222,House,True,13,super hot13Share on FacebookShare on TwitterShare on WhatsAppSend via GMailSend via E-Mail,90,Houses_Multan,2026-08-10,https://www.zameen.com/Property/dha_defence_askari_3_best_options_for_house_is_available_for_sale_in_askari_3-52626223-17156-1.html
Property For sale In Askari 3 Multan Is Available Under Rs. 31000000,PKR 3.1 Crore,31000000,4,4,10 Marla,2250.0,13777,Unknown,True,11,super hot11Share on FacebookShare on TwitterShare on WhatsAppSend via GMailSend via E-Mail,90,Houses_Multan,2026-08-10,https://www.zameen.com/Property/dha_defence_askari_3_property_for_sale_in_askari_3_multan_is_available_under_rs_31000000-53718216-17156-1.html
20 Marla Brand New Luxury House For Sale | Royal Orchard Multan (Prime Location),PKR 7.15 Crore,71500000,5,6,1 Kanal,4500.0,15888,House,True,33,super hot33Share on FacebookShare on TwitterShare on WhatsAppSend via GMailSend via E-Mail,90,Houses_Multan,2026-08-10,https://www.zameen.com/Property/multan_public_school_road_royal_orchard_20_marla_brand_new_luxury_house_for_sale_royal_orchard_multan_prime_location-54473598-9492-1.html
Pc colony Multan,PKR 2.8 Crore,28000000,4,4,10 Marla,2250.0,12444,Unknown,True,17,hot17Share on FacebookShare on TwitterShare on WhatsAppSend via GMailSend via E-Mail,84,Houses_Multan,2026-08-10,https://www.zameen.com/Property/multan_pearl_city_pc_colony_multan-54590833-9412-1.html
Your Dream Brand New 10 Marla House Is Available In Askari 3,PKR 2.8 Crore,28000000,4,4,10 Marla,2250.0,12444,House,True,7,hot7VerifiedShare on FacebookShare on TwitterShare on WhatsAppSend via GMailSend via E-Mail,91,Houses_Multan,2026-08-10,https://www.zameen.com/Property/dha_defence_askari_3_your_dream_brand_new_10_marla_house_is_available_in_askari_3-54466455-17156-1.html
Corner 10 Marla House For Grabs In DHA Defence,PKR 3.15 Crore,31500000,4,4,10 Marla,2250.0,14000,House,True,7,hot7VerifiedShare on FacebookShare on TwitterShare on WhatsAppSend via GMailSend via E-Mail,91,Houses_Multan,2026-08-10,https://www.zameen.com/Property/dha_defence_askari_3_corner_10_marla_house_for_grabs_in_dha_defence-54466457-17156-1.html
1 KANAL NEO- CLASSICAL GREY STRUCTURE WITH 6 BEDROOM,PKR 3 Crore,30000000,3,6,1 Kanal,4500.0,6666,Unknown,True,3,hot3Share on FacebookShare on TwitterShare on WhatsAppSend via GMailSend via E-Mail,83,Houses_Multan,2026-08-10,https://www.zameen.com/Property/dha_phase_1_dha_phase_1_-_sector_n_1_kanal_neo-_classical_grey_structure_with_6_bedroom-54377668-14313-1.html
SECTOR V-5 MARLA GREY STRUCTURE AVAILABLE FOR SALE,PKR 1 Crore,10000000,3,4,5 Marla,1125.0,8888,Unknown,True,3,hot3Share on FacebookShare on TwitterShare on WhatsAppSend via GMailSend via E-Mail,83,Houses_Multan,2026-08-10,https://www.zameen.com/Property/multan_dha_defence_sector_v-5_marla_grey_structure_available_for_sale-54530426-8581-1.html
B1- 10 MARLA GREY STRUCTURE WITH 5 BED ROOMS OUTCLASS LOCATION,PKR 2.45 Crore,24500000,2,6,10 Marla,2250.0,10888,Unknown,True,3,hot3Share on FacebookShare on TwitterShare on WhatsAppSend via GMailSend via E-Mail,83,Houses_Multan,2026-08-10,https://www.zameen.com/Property/dha_phase_1_dha_phase_1_-_sector_b1_b1-_10_marla_grey_structure_with_5_bed_rooms_outclass_location-54570857-14300-1.html
Well-Constructed Grey Structure House Available For Sale In DHA Phase 1 - Sector U,PKR 1.85 Crore,18500000,4,5,10 Marla,2250.0,8222,House,True,3,hot3VerifiedShare on FacebookShare on TwitterShare on WhatsAppSend via GMailSend via E-Mail,91,Houses_Multan,2026-08-10,https://www.zameen.com/Property/dha_phase_1_dha_phase_1_-_sector_u_well-constructed_grey_structure_house_available_for_sale_in_dha_phase_1_-_sector_u-54445103-14320-1.html
1 Kanal House For Sale In Dha Multan,PKR 3 Crore,30000000,5,6,1 Kanal,4500.0,6666,House,True,6,hot6Share on FacebookShare on TwitterShare on WhatsAppSend via GMailSend via E-Mail,83,Houses_Multan,2026-08-10,https://www.zameen.com/Property/dha_defence_dha_phase_1_1_kanal_house_for_sale_in_dha_multan-54324002-15631-1.html
10 Marla Newly Build House For Sale,PKR 3 Crore,30000000,5,6,10 Marla,2250.0,13333,House,False,37,hot37Share on FacebookShare on TwitterShare on WhatsAppSend via GMailSend via E-Mail,84,Houses_Multan,2026-08-10,https://www.zameen.com/Property/multan_public_school_road_royal_orchard_10_marla_newly_build_house_for_sale-54258104-9492-1.html
10 Marla Newly Built Stylish Spanish House Royal Orchard Multan,PKR 3.25 Crore,32500000,4,5,10 Marla,2250.0,14444,House,False,29,hot29Share on FacebookShare on TwitterShare on WhatsAppSend via GMailSend via E-Mail,84,Houses_Multan,2026-08-10,https://www.zameen.com/Property/multan_public_school_road_royal_orchard_10_marla_newly_built_stylish_spanish_house_royal_orchard_multan-54494275-9492-1.html
10 Marla Brand New House For Sale in Royal Orchard Multan | Demand 3.80 Crore*,PKR 3.8 Crore,38000000,5,6,10 Marla,2250.0,16888,House,False,39,hot39Share on FacebookShare on TwitterShare on WhatsAppSend via GMailSend via E-Mail,84,Houses_Multan,2026-08-10,https://www.zameen.com/Property/multan_public_school_road_royal_orchard_10_marla_brand_new_house_for_sale_in_royal_orchard_multan_demand_3_80_crore-54504984-9492-1.html
3 Year Installment - House For Sale,PKR 1.5 Crore,15000000,3,4,5 Marla,1125.0,13333,House,False,13,hot13Share on FacebookShare on TwitterShare on WhatsAppSend via GMailSend via E-Mail,84,Houses_Multan,2026-08-10,https://www.zameen.com/Property/dha_phase_1_dha_phase_1_-_sector_t_3_year_installment_-_house_for_sale-52707055-14319-1.html
Modern Style House For Sale In Sector Q | Prime Location | Investor Rate Price,PKR 3.7 Crore,37000000,5,6,1 Kanal,4500.0,8222,House,False,26,hot26Share on FacebookShare on TwitterShare on WhatsAppSend via GMailSend via E-Mail,84,Houses_Multan,2026-08-10,https://www.zameen.com/Property/dha_phase_1_dha_phase_1_-_sector_q_modern_style_house_for_sale_in_sector_q_prime_location_investor_rate_price-54182631-14316-1.html
17 Marla Luxurious House For Sale In Buch Villas Multan,PKR 6.4 Crore,64000000,6,6,17 Marla,3825.0,16732,House,True,35,35Share on FacebookShare on TwitterShare on WhatsAppSend via GMailSend via E-Mail,81,Houses_Multan,2026-08-10,https://www.zameen.com/Property/multan_buch_executive_villas_17_marla_luxurious_house_for_sale_in_buch_villas_multan-54144495-8627-1.html
5 marla luxurious house for sale in royal orchard multan,PKR 2.05 Crore,20500000,4,5,5 Marla,1125.0,18222,House,True,21,21Share on FacebookShare on TwitterShare on WhatsAppSend via GMailSend via E-Mail,81,Houses_Multan,2026-08-10,https://www.zameen.com/Property/multan_public_school_road_royal_orchard_5_marla_luxurious_house_for_sale_in_royal_orchard_multan-54170600-9492-1.html
5 Marla Luxurious House For Sale In Royal Orchard Multan,PKR 2.1 Crore,21000000,4,6,5 Marla,1125.0,18666,House,True,16,16Share on FacebookShare on TwitterShare on WhatsAppSend via GMailSend via E-Mail,81,Houses_Multan,2026-08-10,https://www.zameen.com/Property/multan_public_school_road_royal_orchard_5_marla_luxurious_house_for_sale_in_royal_orchard_multan-54170637-9492-1.html
10 Marla Luxury House For Sale In Buch Villas Multan,PKR 3.98 Crore,39800000,5,6,10 Marla,2250.0,17688,House,True,36,36Share on FacebookShare on TwitterShare on WhatsAppSend via GMailSend via E-Mail,81,Houses_Multan,2026-08-10,https://www.zameen.com/Property/multan_buch_executive_villas_10_marla_luxury_house_for_sale_in_buch_villas_multan-54293605-8627-1.html
One Kanal Luxurious House For Sale In DHA Multan Sector H,PKR 5.7 Crore,57000000,6,6,1 Kanal,4500.0,12666,House,True,28,28Share on FacebookShare on TwitterShare on WhatsAppSend via GMailSend via E-Mail,81,Houses_Multan,2026-08-10,https://www.zameen.com/Property/dha_phase_1_dha_phase_1_-_sector_h_one_kanal_luxurious_house_for_sale_in_dha_multan_sector_h-54386592-14307-1.html
One Kanal Luxurious House For Sale In Dha Multan Sector H,PKR 5.2 Crore,52000000,6,6,1 Kanal,4500.0,11555,House,True,26,26Share on FacebookShare on TwitterShare on WhatsAppSend via GMailSend via E-Mail,81,Houses_Multan,2026-08-10,https://www.zameen.com/Property/dha_phase_1_dha_phase_1_-_sector_h_one_kanal_luxurious_house_for_sale_in_dha_multan_sector_h-54386608-14307-1.html
One Kanal Luxurious House For Sale In Royal Orchard Multan,PKR 7.15 Crore,71500000,5,6,1 Kanal,4500.0,15888,House,True,50,50Share on FacebookShare on TwitterShare on WhatsAppSend via GMailSend via E-Mail,81,Houses_Multan,2026-08-10,https://www.zameen.com/Property/multan_public_school_road_royal_orchard_one_kanal_luxurious_house_for_sale_in_royal_orchard_multan-54389035-9492-1.html
6 Marla Brand New Luxurious Single story House For Sale Near bosan road Bypass,PKR 1.2 Crore,12000000,2,3,6 Marla,1350.0,8888,House,True,16,16Share on FacebookShare on TwitterShare on WhatsAppSend via GMailSend via E-Mail,81,Houses_Multan,2026-08-10,https://www.zameen.com/Property/multan_southern_bypass_6_marla_brand_new_luxurious_single_story_house_for_sale_near_bosan_road_bypass-54586858-8725-1.html
"4 Marla Luxury House For Sale Jamal Enclave, Sheikh Yaseen Town, Peshawar",PKR 1.62 Crore,16200000,5,5,4 Marla,900.0,18000,House,True,17,super hot17Share on FacebookShare on TwitterShare on WhatsAppSend via GMailSend via E-Mail,90,Houses_Peshawar,2026-08-10,https://www.zameen.com/Property/sheikh_yaseen_town_sheikh_yaseen_town_-_jamal_block_4_marla_luxury_house_for_sale_jamal_enclave_sheikh_yaseen_town_peshawar-54561118-17065-1.html
"House For Sale Hayatabad Phase 3, Sector K4, Peshawar",PKR 2.55 Crore,25500000,4,4,5 Marla,1125.0,22666,House,True,12,super hot12Share on FacebookShare on TwitterShare on WhatsAppSend via GMailSend via E-Mail,90,Houses_Peshawar,2026-08-10,https://www.zameen.com/Property/hayatabad_hayatabad_phase_3_house_for_sale_hayatabad_phase_3_sector_k4_peshawar-54547432-7617-1.html
1 Kanal Double Road Green Built House For Sell 15 Rooms,PKR 8.5 Crore,85000000,10,6,1 Kanal,4500.0,18888,House,True,,super hotShare on FacebookShare on TwitterShare on WhatsAppSend via GMailSend via E-Mail,88,Houses_Peshawar,2026-08-10,https://www.zameen.com/Property/hayatabad_phase_6_hayatabad_phase_6_-_f5_1_kanal_double_road_green_built_house_for_sell_15_rooms-54543475-7631-1.html
05 Marla House For Sale in Zone 03 Regi Model Town Peshawar,PKR 3.3 Crore,33000000,8,6,5 Marla,1125.0,29333,House,True,17,super hot17Share on FacebookShare on TwitterShare on WhatsAppSend via GMailSend via E-Mail,90,Houses_Peshawar,2026-08-10,https://www.zameen.com/Property/regi_model_town_regi_model_town_phase_3_05_marla_house_for_sale_in_zone_03_regi_model_town_peshawar-54502184-17013-1.html
05 Marla House For Sale In Zone 03 Regi Model Town Peshawar,PKR 3.4 Crore,34000000,8,6,5 Marla,1125.0,30222,House,True,24,super hot24Share on FacebookShare on TwitterShare on WhatsAppSend via GMailSend via E-Mail,90,Houses_Peshawar,2026-08-10,https://www.zameen.com/Property/regi_model_town_regi_model_town_phase_3_05_marla_house_for_sale_in_zone_03_regi_model_town_peshawar-54502146-17013-1.html
5 Marla Prime Location House For Sale,PKR 3.5 Crore,35000000,4,4,5 Marla,1125.0,31111,House,True,9,super hot9Share on FacebookShare on TwitterShare on WhatsAppSend via GMailSend via E-Mail,89,Houses_Peshawar,2026-08-10,https://www.zameen.com/Property/peshawar_dha_defence_5_marla_prime_location_house_for_sale-54271712-9050-1.html
1kanal Double Storey Prime Location House For Sale,PKR 7.45 Crore,74500000,5,5,1 Kanal,4500.0,16555,House,True,10,super hot10Share on FacebookShare on TwitterShare on WhatsAppSend via GMailSend via E-Mail,90,Houses_Peshawar,2026-08-10,https://www.zameen.com/Property/peshawar_hayatabad_1kanal_double_storey_prime_location_house_for_sale-54394757-394-1.html
Prime Location 4 Marla House For Sale In The Perfect Location Of Green Cottages,PKR 2.15 Crore,21500000,5,5,4 Marla,900.0,23888,House,True,34,super hot34VerifiedShare on FacebookShare on TwitterShare on WhatsAppSend via GMailSend via E-Mail,98,Houses_Peshawar,2026-08-10,https://www.zameen.com/Property/warsak_road_green_cottages_prime_location_4_marla_house_for_sale_in_the_perfect_location_of_green_cottages-54324121-11933-1.html
Full New Brand House And Best Location,PKR 4.3 Crore,43000000,9,6,5 Marla,1125.0,38222,House,True,3,super hot3Share on FacebookShare on TwitterShare on WhatsAppSend via GMailSend via E-Mail,89,Houses_Peshawar,2026-08-10,https://www.zameen.com/Property/hayatabad_hayatabad_phase_3_full_new_brand_house_and_best_location-54579461-7617-1.html
Investors Should sale This House Located Ideally In Hayatabad,PKR 2.3 Crore,23000000,8,6,3 Marla,675.0,34074,House,True,,super hotShare on FacebookShare on TwitterShare on WhatsAppSend via GMailSend via E-Mail,88,Houses_Peshawar,2026-08-10,https://www.zameen.com/Property/hayatabad_hayatabad_phase_6_investors_should_sale_this_house_located_ideally_in_hayatabad-54574650-7627-1.html
"Brand New 5 Marla House For Sale In Sector G, DHA Peshawar",PKR 3.2 Crore,32000000,7,6,5 Marla,1125.0,28444,House,True,11,hot11Share on FacebookShare on TwitterShare on WhatsAppSend via GMailSend via E-Mail,84,Houses_Peshawar,2026-08-10,https://www.zameen.com/Property/dha_phase_1_dha_phase_1_-_sector_g_brand_new_5_marla_house_for_sale_in_sector_g_dha_peshawar-54560968-12299-1.html
"DHA Peshawar Sector C, Prime Location 1 Kanal Luxury House Is Available For Sale At Walking Distance To Masjid, Market And Park Is Available For Sale",PKR 10 Crore,100000000,9,6,1 Kanal,4500.0,22222,House,True,1,hot1Share on FacebookShare on TwitterShare on WhatsAppSend via GMailSend via E-Mail,83,Houses_Peshawar,2026-08-10,https://www.zameen.com/Property/peshawar_dha_defence_dha_peshawar_sector_c_prime_location_1_kanal_luxury_house_is_available_for_sale_at_walking_distance_to_masjid_market_and_park_is_available_for_sale-54310596-9050-1.html
House For Sale Officers Garden Colony,PKR 1.9 Crore,19000000,6,6,4 Marla,900.0,21111,House,False,27,hot27Share on FacebookShare on TwitterShare on WhatsAppSend via GMailSend via E-Mail,84,Houses_Peshawar,2026-08-10,https://www.zameen.com/Property/warsak_road_officers_garden_colony_house_for_sale_officers_garden_colony-51030425-7655-1.html
Prime Location 5 Marla House In Central Pajagi Road For Sale,PKR 2.5 Crore,25000000,5,5,5 Marla,1125.0,22222,House,False,17,hot17VerifiedShare on FacebookShare on TwitterShare on WhatsAppSend via GMailSend via E-Mail,92,Houses_Peshawar,2026-08-10,https://www.zameen.com/Property/peshawar_pajagi_road_prime_location_5_marla_house_in_central_pajagi_road_for_sale-53858647-12174-1.html
"Change Your Address To Prime Location New City Homes, New City Homes For A Reasonable Price Of Rs. 18000000",PKR 1.8 Crore,18000000,6,6,5 Marla,1125.0,16000,House,False,16,hot16VerifiedShare on FacebookShare on TwitterShare on WhatsAppSend via GMailSend via E-Mail,92,Houses_Peshawar,2026-08-10,https://www.zameen.com/Property/peshawar_new_city_homes_change_your_address_to_prime_location_new_city_homes_new_city_homes_for_a_reasonable_price_of_rs_18000000-54159460-12164-1.html
Ready To Buy A Prime Location House 2 Marla In Dalazak Road,PKR 90 Lakh,9000000,4,4,2 Marla,450.0,20000,House,False,15,hot15VerifiedShare on FacebookShare on TwitterShare on WhatsAppSend via GMailSend via E-Mail,92,Houses_Peshawar,2026-08-10,https://www.zameen.com/Property/peshawar_dalazak_road_ready_to_buy_a_prime_location_house_2_marla_in_dalazak_road-54195553-7587-1.html
End Your Search For Prime Location House Here And Sale Now,PKR 2.2 Crore,22000000,4,4,4 Marla,900.0,24444,House,False,17,hot17VerifiedShare on FacebookShare on TwitterShare on WhatsAppSend via GMailSend via E-Mail,92,Houses_Peshawar,2026-08-10,https://www.zameen.com/Property/peshawar_ghanta_ghar_end_your_search_for_prime_location_house_here_and_sale_now-54336854-11799-1.html
5 Marla Luxury House Available for Sale in sheikh yaseen town,PKR 2.2 Crore,22000000,5,5,5 Marla,1125.0,19555,House,True,,Share on FacebookShare on TwitterShare on WhatsAppSend via GMailSend via E-Mail,79,Houses_Peshawar,2026-08-10,https://www.zameen.com/Property/nasir_bagh_road_sheikh_yaseen_town_5_marla_luxury_house_available_for_sale_in_sheikh_yaseen_town-54591514-13024-1.html
Prime Location 10 Marla House Is Available In Affordable Price In Hayatabad Phase 7,PKR 6.7 Crore,67000000,9,6,10 Marla,2250.0,29777,House,False,18,18VerifiedShare on FacebookShare on TwitterShare on WhatsAppSend via GMailSend via E-Mail,89,Houses_Peshawar,2026-08-10,https://www.zameen.com/Property/hayatabad_hayatabad_phase_7_prime_location_10_marla_house_is_available_in_affordable_price_in_hayatabad_phase_7-54588455-8534-1.html
Prime Location 14 Marla House Ideally Situated In Hayatabad Phase 7,PKR 12.4 Crore,124000000,10,6,14 Marla,3150.0,39365,House,False,26,26VerifiedShare on FacebookShare on TwitterShare on WhatsAppSend via GMailSend via E-Mail,89,Houses_Peshawar,2026-08-10,https://www.zameen.com/Property/hayatabad_hayatabad_phase_7_prime_location_14_marla_house_ideally_situated_in_hayatabad_phase_7-54588453-8534-1.html
12 Marla Residential Property Featuring Two Separate House Units With Separate Entrances.,PKR 5.35 Crore,53500000,8,7,12 Marla,2700.0,19814,House,False,50,50Share on FacebookShare on TwitterShare on WhatsAppSend via GMailSend via E-Mail,81,Houses_Peshawar,2026-08-10,https://www.zameen.com/Property/peshawar_peshawar_garden_12_marla_residential_property_featuring_two_separate_house_units_with_separate_entrances-53960835-12319-1.html
South Open Corner Solid House with Basement,PKR 9 Crore,90000000,9,7,1 Kanal,4500.0,20000,House,False,7,7Share on FacebookShare on TwitterShare on WhatsAppSend via GMailSend via E-Mail,80,Houses_Peshawar,2026-08-10,https://www.zameen.com/Property/peshawar_hayatabad_south_open_corner_solid_house_with_basement-53055714-394-1.html
"3 Marla Triple-Storey House for Sale in Gulbahar No. 2 Peshawar 5 Rooms, Attached Baths, 3 Kitchens & Car Porch",PKR 2.5 Crore,25000000,5,2,3.6 Marla,810.0,30864,House,False,19,19Share on FacebookShare on TwitterShare on WhatsAppSend via GMailSend via E-Mail,81,Houses_Peshawar,2026-08-10,https://www.zameen.com/Property/peshawar_gulbahar_3_marla_triple-storey_house_for_sale_in_gulbahar_no_2_peshawar_5_rooms_attached_baths_3_kitchens_car_porch-54586829-569-1.html
Best Location House 2 Kanal Corner,PKR 19.5 Crore,195000000,10,,2 Kanal,9000.0,21666,House,False,30,30Share on FacebookShare on TwitterShare on WhatsAppSend via GMailSend via E-Mail,81,Houses_Peshawar,2026-08-10,https://www.zameen.com/Property/peshawar_hayatabad_best_location_house_2_kanal_corner-51067577-394-1.html
Semi Furnished 10 Marla House For Sale In Sudais Villas Peshawar,PKR 3.9 Crore,39000000,6,6,10 Marla,2250.0,17333,House,False,17,17VerifiedShare on FacebookShare on TwitterShare on WhatsAppSend via GMailSend via E-Mail,89,Houses_Peshawar,2026-08-10,https://www.zameen.com/Property/warsak_road_sudais_villas_semi_furnished_10_marla_house_for_sale_in_sudais_villas_peshawar-54212165-18406-1.html
1 Kanal. New House For Sell,PKR 13 Crore,130000000,10,6,1 Kanal,4500.0,28888,House,True,10,super hot10Share on FacebookShare on TwitterShare on WhatsAppSend via GMailSend via E-Mail,90,Houses_Peshawar,2026-08-10,https://www.zameen.com/Property/hayatabad_hayatabad_phase_7_1_kanal_new_house_for_sell-54455021-8534-1.html
One Kanal House For Sale,PKR 11 Crore,110000000,10,,1 Kanal,4500.0,24444,House,True,33,super hot33Share on FacebookShare on TwitterShare on WhatsAppSend via GMailSend via E-Mail,90,Houses_Peshawar,2026-08-10,https://www.zameen.com/Property/peshawar_dha_defence_one_kanal_house_for_sale-54533835-9050-1.html
Dha Peshawar Sector A 1 Kanal Solid House . .,PKR 11 Crore,110000000,8,6,1 Kanal,4500.0,24444,House,True,35,super hot35Share on FacebookShare on TwitterShare on WhatsAppSend via GMailSend via E-Mail,90,Houses_Peshawar,2026-08-10,https://www.zameen.com/Property/dha_phase_1_dha_phase_1_-_sector_a_dha_peshawar_sector_a_1_kanal_solid_house-54564290-12292-1.html
Well-Constructed House Available For Sale In Sheikh Yaseen Town - Jamal Block,PKR 2.1 Crore,21000000,8,,5 Marla,1125.0,18666,House,True,32,super hot32Share on FacebookShare on TwitterShare on WhatsAppSend via GMailSend via E-Mail,90,Houses_Peshawar,2026-08-10,https://www.zameen.com/Property/sheikh_yaseen_town_sheikh_yaseen_town_-_jamal_block_well-constructed_house_available_for_sale_in_sheikh_yaseen_town_-_jamal_block-54518508-17065-1.html
10 Marla 2nd To Corner House For Sale,PKR 3.8 Crore,38000000,6,6,10 Marla,2250.0,16888,House,True,11,super hot111Share on FacebookShare on TwitterShare on WhatsAppSend via GMailSend via E-Mail,91,Houses_Peshawar,2026-08-10,https://www.zameen.com/Property/warsak_road_sudais_villas_10_marla_2nd_to_corner_house_for_sale-54527385-18406-1.html
5 Marla House For sale In Sufiyan Garden Peshawar,PKR 2.4 Crore,24000000,5,5,5 Marla,1125.0,21333,House,True,5,super hot51Share on FacebookShare on TwitterShare on WhatsAppSend via GMailSend via E-Mail,90,Houses_Peshawar,2026-08-10,https://www.zameen.com/Property/warsak_road_sufiyan_garden_5_marla_house_for_sale_in_sufiyan_garden_peshawar-54527371-19313-1.html
1 Kanal Luxury Prime Location House For Sale In DHA PESHAWAR,PKR 11.5 Crore,115000000,8,6,1 Kanal,4500.0,25555,House,True,50,super hot50Share on FacebookShare on TwitterShare on WhatsAppSend via GMailSend via E-Mail,90,Houses_Peshawar,2026-08-10,https://www.zameen.com/Property/dha_phase_1_dha_phase_1_-_sector_b_1_kanal_luxury_prime_location_house_for_sale_in_dha_peshawar-54456110-12293-1.html
"10 Marla Luxury House for Sale in Regi Model Town Zone 4D2, Peshawar | Prime Location",PKR 6 Crore,60000000,10,,10 Marla,2250.0,26666,House,True,32,super hot32Share on FacebookShare on TwitterShare on WhatsAppSend via GMailSend via E-Mail,90,Houses_Peshawar,2026-08-10,https://www.zameen.com/Property/regi_model_town_phase_3_regi_model_town_phase_3_-_block_b2_10_marla_luxury_house_for_sale_in_regi_model_town_zone_4d2_peshawar_prime_location-54553707-17019-1.html
Fresh Kanal Home For Sale At F2,PKR 11.5 Crore,115000000,10,6,1 Kanal,4500.0,25555,Unknown,True,7,super hot7Share on FacebookShare on TwitterShare on WhatsAppSend via GMailSend via E-Mail,89,Houses_Peshawar,2026-08-10,https://www.zameen.com/Property/hayatabad_hayatabad_phase_6_fresh_kanal_home_for_sale_at_f2-54469364-7627-1.html
5 Marla House Available For Sale,PKR 2.75 Crore,27500000,7,6,5 Marla,1125.0,24444,House,True,7,super hot7Share on FacebookShare on TwitterShare on WhatsAppSend via GMailSend via E-Mail,89,Houses_Peshawar,2026-08-10,https://www.zameen.com/Property/hayatabad_hayatabad_phase_6_5_marla_house_available_for_sale-54546407-7627-1.html
4 kanal house for sell in phase 2,PKR 23 Crore,230000000,10,6,4 Kanal,18000.0,12777,House,True,,hotShare on FacebookShare on TwitterShare on WhatsAppSend via GMailSend via E-Mail,82,Houses_Peshawar,2026-08-10,https://www.zameen.com/Property/hayatabad_hayatabad_phase_2_4_kanal_house_for_sell_in_phase_2-54585022-7602-1.html
1 Kanal House For Sell In Hayatabad Phase 6,PKR 8 Crore,80000000,8,6,1 Kanal,4500.0,17777,House,True,8,hot8Share on FacebookShare on TwitterShare on WhatsAppSend via GMailSend via E-Mail,83,Houses_Peshawar,2026-08-10,https://www.zameen.com/Property/hayatabad_hayatabad_phase_6_1_kanal_house_for_sell_in_hayatabad_phase_6-53420493-7627-1.html
Good Location House For Sale In Alhaj Gardens Northern Bypass Near Dalazak Road  5 Marla House With 6 Bedroom Mumti & Laundry Space  A+++ Construction,PKR 1.75 Crore,17500000,1,6,5 Marla,1125.0,15555,House,False,19,hot19Share on FacebookShare on TwitterShare on WhatsAppSend via GMailSend via E-Mail,84,Houses_Peshawar,2026-08-10,https://www.zameen.com/Property/northern_bypass_officers_housing_society_good_location_house_for_sale_in_alhaj_gardens_northern_bypass_near_dalazak_road_5_marla_house_with_6_bedroom_mumti_laundry_space_a_construction-54549004-21066-1.html
Prime Location 7 Marla Spacious House Available In Wapda Town For sale,PKR 2.4 Crore,24000000,7,6,7 Marla,1575.0,15238,House,False,5,hot51VerifiedShare on FacebookShare on TwitterShare on WhatsAppSend via GMailSend via E-Mail,92,Houses_Peshawar,2026-08-10,https://www.zameen.com/Property/peshawar_wapda_town_prime_location_7_marla_spacious_house_available_in_wapda_town_for_sale-54106446-398-1.html
Prime Location 10 Marla House In Stunning Officers Garden Colony Is Available For sale,PKR 6 Crore,60000000,8,,10 Marla,2250.0,26666,House,False,20,hot201VerifiedShare on FacebookShare on TwitterShare on WhatsAppSend via GMailSend via E-Mail,93,Houses_Peshawar,2026-08-10,https://www.zameen.com/Property/warsak_road_officers_garden_colony_prime_location_10_marla_house_in_stunning_officers_garden_colony_is_available_for_sale-53482703-7655-1.html
Ideally Located Prime Location House Of 10 Marla Is Available For sale In Peshawar,PKR 3.7 Crore,37000000,6,6,10 Marla,2250.0,16444,House,False,34,hot34VerifiedShare on FacebookShare on TwitterShare on WhatsAppSend via GMailSend via E-Mail,92,Houses_Peshawar,2026-08-10,https://www.zameen.com/Property/warsak_road_sudais_villas_ideally_located_prime_location_house_of_10_marla_is_available_for_sale_in_peshawar-52943806-18406-1.html
Book A House Of 6 Marla In Warsak Road Warsak Road,PKR 2.3 Crore,23000000,6,6,6 Marla,1350.0,17037,House,False,24,hot24Share on FacebookShare on TwitterShare on WhatsAppSend via GMailSend via E-Mail,84,Houses_Peshawar,2026-08-10,https://www.zameen.com/Property/peshawar_warsak_road_book_a_house_of_6_marla_in_warsak_road_warsak_road-54450507-1000-1.html
Your Dream Prime Location 8 Marla House Is Available In Sufiyan Garden,PKR 3.4 Crore,34000000,6,6,8 Marla,1800.0,18888,House,False,12,12VerifiedShare on FacebookShare on TwitterShare on WhatsAppSend via GMailSend via E-Mail,89,Houses_Peshawar,2026-08-10,https://www.zameen.com/Property/warsak_road_sufiyan_garden_your_dream_prime_location_8_marla_house_is_available_in_sufiyan_garden-54212164-19313-1.html
Buy A Prime Location House Of 11 Marla In Officers Garden Colony,PKR 7 Crore,70000000,6,6,11 Marla,2475.0,28282,House,False,24,24VerifiedShare on FacebookShare on TwitterShare on WhatsAppSend via GMailSend via E-Mail,89,Houses_Peshawar,2026-08-10,https://www.zameen.com/Property/warsak_road_officers_garden_colony_buy_a_prime_location_house_of_11_marla_in_officers_garden_colony-54212192-7655-1.html
House For Sale 2.5 Marla,PKR 1.2 Crore,12000000,4,4,2 Marla,450.0,26666,House,False,11,11Share on FacebookShare on TwitterShare on WhatsAppSend via GMailSend via E-Mail,81,Houses_Peshawar,2026-08-10,https://www.zameen.com/Property/peshawar_gulbahar_house_for_sale_2_5_marla-54550222-569-1.html
Get This Amazing Prime Location 4 Marla House Available In Green Cottages,PKR 2.1 Crore,21000000,5,4,4.5 Marla,1012.5,20740,House,False,30,30VerifiedShare on FacebookShare on TwitterShare on WhatsAppSend via GMailSend via E-Mail,89,Houses_Peshawar,2026-08-10,https://www.zameen.com/Property/warsak_road_green_cottages_get_this_amazing_prime_location_4_marla_house_available_in_green_cottages-54588321-11933-1.html
fresh house,PKR 1.15 Crore,11500000,4,4,8.4 Marla,1890.0,6084,House,False,9,9Share on FacebookShare on TwitterShare on WhatsAppSend via GMailSend via E-Mail,80,Houses_Peshawar,2026-08-10,https://www.zameen.com/Property/peshawar_wapda_town_fresh_house-54588237-398-1.html
Beautiful new house on investor rate,PKR 1.12 Crore,11200000,3,3,8.4 Marla,1890.0,5925,House,False,9,9Share on FacebookShare on TwitterShare on WhatsAppSend via GMailSend via E-Mail,80,Houses_Peshawar,2026-08-10,https://www.zameen.com/Property/wapda_town_wapda_town_sector_k_beautiful_new_house_on_investor_rate-54588219-14729-1.html
*Executive Lodges Warsak Road Peshawar*  5 Marla House For Sale  Fresh house  Sector 3   Prime Location  All amenities available  8 Rooms with Attached washroom  Specious Car Porch  A++ Construction  ,PKR 2.5 Crore,25000000,6,2,5 Marla,1125.0,22222,House,True,12,12Share on FacebookShare on TwitterShare on WhatsAppSend via GMailSend via E-Mail,81,Houses_Peshawar,2026-08-10,https://www.zameen.com/Property/arbab_sabz_ali_khan_town_executive_lodges_arbab_sabz_ali_khan_town_executive_lodges_-_block_a_executive_lodges_warsak_road_peshawar_5_marla_house_for_sale_fresh_house_sector_3_prime_location_all_amenities_available_8_rooms_with_attached_washroom_specious_car_porch_a_construction_basement-54588064-15146-1.html
3.5 Marla 4 rooms touch bath car porch double kitchen. . . Officer Home warsak Road,PKR 1.85 Crore,18500000,4,1,3.5 Marla,787.5,23492,Commercial,False,9,9Share on FacebookShare on TwitterShare on WhatsAppSend via GMailSend via E-Mail,80,Houses_Peshawar,2026-08-10,https://www.zameen.com/Property/peshawar_warsak_road_3_5_marla_4_rooms_touch_bath_car_porch_double_kitchen_officer_home_warsak_road-54586387-1000-1.html
14 Marla Fresh Untouched House Available For Sale,PKR 12.5 Crore,125000000,10,,14 Marla,3150.0,39682,House,True,26,super hot26Share on FacebookShare on TwitterShare on WhatsAppSend via GMailSend via E-Mail,90,Houses_Peshawar,2026-08-10,https://www.zameen.com/Property/hayatabad_phase_7_hayatabad_phase_7_-_e6_14_marla_fresh_untouched_house_available_for_sale-54539315-13219-1.html
Hayatabad Opposite Tajabad Bannu House 4marla New House Available For Sale 8rooms 8baths Good Location House For Sale,PKR 2 Crore,20000000,8,2,4 Marla,900.0,22222,House,True,,super hotShare on FacebookShare on TwitterShare on WhatsAppSend via GMailSend via E-Mail,88,Houses_Peshawar,2026-08-10,https://www.zameen.com/Property/peshawar_tajabad_hayatabad_opposite_tajabad_bannu_house_4marla_new_house_available_for_sale_8rooms_8baths_good_location_house_for_sale-54542761-7671-1.html
5 Marla Corner Green Cottage,PKR 2.3 Crore,23000000,5,5,5 Marla,1125.0,20444,House,True,29,super hot29Share on FacebookShare on TwitterShare on WhatsAppSend via GMailSend via E-Mail,90,Houses_Peshawar,2026-08-10,https://www.zameen.com/Property/warsak_road_green_cottages_5_marla_corner_green_cottage-54527420-11933-1.html
House For Sale In E7,PKR 4.9 Crore,49000000,6,6,10 Marla,2250.0,21777,House,True,6,super hot6Share on FacebookShare on TwitterShare on WhatsAppSend via GMailSend via E-Mail,89,Houses_Peshawar,2026-08-10,https://www.zameen.com/Property/hayatabad_hayatabad_phase_7_house_for_sale_in_e7-54527347-8534-1.html
Prime Location 20 Marla House For Sale In Warsak Road Near Babu Ghari Stop,PKR 3.8 Crore,38000000,6,6,1 Kanal,4500.0,8444,House,True,29,super hot29VerifiedShare on FacebookShare on TwitterShare on WhatsAppSend via GMailSend via E-Mail,98,Houses_Peshawar,2026-08-10,https://www.zameen.com/Property/peshawar_warsak_road_prime_location_20_marla_house_for_sale_in_warsak_road_near_babu_ghari_stop-53949611-1000-1.html
4 Marla Triple Storey House Is Available For Sale In Hussain Abad Colony Peshawar,PKR 2.5 Crore,25000000,4,2,4 Marla,900.0,27777,House,True,1,super hot11Share on FacebookShare on TwitterShare on WhatsAppSend via GMailSend via E-Mail,90,Houses_Peshawar,2026-08-10,https://www.zameen.com/Property/peshawar_hussain_abad_colony_4_marla_triple_storey_house_is_available_for_sale_in_hussain_abad_colony_peshawar-54079843-10403-1.html
Prime Location House For Sale In Sudais Villas,PKR 67 Lakh,6700000,2,2,2 Marla,450.0,14888,House,True,7,super hot71VerifiedShare on FacebookShare on TwitterShare on WhatsAppSend via GMailSend via E-Mail,98,Houses_Peshawar,2026-08-10,https://www.zameen.com/Property/warsak_road_sudais_villas_prime_location_house_for_sale_in_sudais_villas-54513286-18406-1.html
3 Marla House For Sale,PKR 1.4 Crore,14000000,5,5,3 Marla,675.0,20740,House,True,11,hot11Share on FacebookShare on TwitterShare on WhatsAppSend via GMailSend via E-Mail,84,Houses_Peshawar,2026-08-10,https://www.zameen.com/Property/peshawar_al_haram_model_town_3_marla_house_for_sale-54547636-9044-1.html
5 Marla New House For Sale,PKR 3.3 Crore,33000000,8,,5 Marla,1125.0,29333,House,True,30,hot30Share on FacebookShare on TwitterShare on WhatsAppSend via GMailSend via E-Mail,84,Houses_Peshawar,2026-08-10,https://www.zameen.com/Property/regi_model_town_phase_3_regi_model_town_phase_3_-_block_c1_5_marla_new_house_for_sale-54545195-17025-1.html
05 Marla House For Sale In Zone 04 Regi Model Town Peshawar,PKR 2.95 Crore,29500000,8,6,5 Marla,1125.0,26222,House,True,27,hot27Share on FacebookShare on TwitterShare on WhatsAppSend via GMailSend via E-Mail,84,Houses_Peshawar,2026-08-10,https://www.zameen.com/Property/regi_model_town_regi_model_town_phase_4_05_marla_house_for_sale_in_zone_04_regi_model_town_peshawar-54502195-17014-1.html
10 Marla Luxury House For Sale,PKR 5.3 Crore,53000000,8,7,10 Marla,2250.0,23555,House,True,29,hot29Share on FacebookShare on TwitterShare on WhatsAppSend via GMailSend via E-Mail,84,Houses_Peshawar,2026-08-10,https://www.zameen.com/Property/regi_model_town_regi_model_town_phase_3_10_marla_luxury_house_for_sale-54462029-17013-1.html
Premium 5 Marla Luxury House Available For Sale,PKR 3.3 Crore,33000000,8,7,5 Marla,1125.0,29333,House,True,21,hot21Share on FacebookShare on TwitterShare on WhatsAppSend via GMailSend via E-Mail,84,Houses_Peshawar,2026-08-10,https://www.zameen.com/Property/regi_model_town_regi_model_town_phase_3_premium_5_marla_luxury_house_available_for_sale-54461926-17013-1.html
wapda town peshawar main 60 ft road,PKR 2.2 Crore,22000000,6,6,8.4 Marla,1890.0,11640,House,False,17,hot17Share on FacebookShare on TwitterShare on WhatsAppSend via GMailSend via E-Mail,84,Houses_Peshawar,2026-08-10,https://www.zameen.com/Property/peshawar_wapda_town_wapda_town_peshawar_main_60_ft_road-54588217-398-1.html
House For Sale In Phase 3,PKR 5.25 Crore,52500000,5,5,10 Marla,2250.0,23333,House,False,7,hot7Share on FacebookShare on TwitterShare on WhatsAppSend via GMailSend via E-Mail,83,Houses_Peshawar,2026-08-10,https://www.zameen.com/Property/hayatabad_hayatabad_phase_3_house_for_sale_in_phase_3-54533241-7617-1.html
Prime Location 2 Marla House In Sudais Villas Is Available For sale,PKR 1.1 Crore,11000000,4,5,2 Marla,450.0,24444,House,False,10,hot10VerifiedShare on FacebookShare on TwitterShare on WhatsAppSend via GMailSend via E-Mail,92,Houses_Peshawar,2026-08-10,https://www.zameen.com/Property/warsak_road_sudais_villas_prime_location_2_marla_house_in_sudais_villas_is_available_for_sale-54355571-18406-1.html
Get This Amazing Prime Location 4 Marla House Available In Warsak Road,PKR 2.3 Crore,23000000,5,5,4 Marla,900.0,25555,House,False,23,hot23VerifiedShare on FacebookShare on TwitterShare on WhatsAppSend via GMailSend via E-Mail,92,Houses_Peshawar,2026-08-10,https://www.zameen.com/Property/peshawar_warsak_road_get_this_amazing_prime_location_4_marla_house_available_in_warsak_road-54427361-1000-1.html
30 Marla house for Buy Warsak road Peshawar,PKR 8 Crore,80000000,6,7,1.4 Kanal,6300.0,12698,House,False,24,hot24Share on FacebookShare on TwitterShare on WhatsAppSend via GMailSend via E-Mail,84,Houses_Peshawar,2026-08-10,https://www.zameen.com/Property/peshawar_warsak_road_30_marla_house_for_buy_warsak_road_peshawar-54574389-1000-1.html
Buy A Prime Location House Of 5 Marla In Green Cottages,PKR 2.3 Crore,23000000,8,,5 Marla,1125.0,20444,House,False,39,39VerifiedShare on FacebookShare on TwitterShare on WhatsAppSend via GMailSend via E-Mail,89,Houses_Peshawar,2026-08-10,https://www.zameen.com/Property/warsak_road_green_cottages_buy_a_prime_location_house_of_5_marla_in_green_cottages-54585080-11933-1.html
Prime Location Arbab Sabz Ali Khan Town Executive Lodges House Sized 5 Marla Is Available,PKR 2.9 Crore,29000000,6,6,5 Marla,1125.0,25777,House,False,23,23VerifiedShare on FacebookShare on TwitterShare on WhatsAppSend via GMailSend via E-Mail,89,Houses_Peshawar,2026-08-10,https://www.zameen.com/Property/arbab_sabz_ali_khan_town_arbab_sabz_ali_khan_town_executive_lodges_prime_location_arbab_sabz_ali_khan_town_executive_lodges_house_sized_5_marla_is_available-54585053-10382-1.html
Prime Location 5 Marla House In Stunning Warsak Road Is Available For sale,PKR 2.3 Crore,23000000,6,6,5 Marla,1125.0,20444,House,False,27,27VerifiedShare on FacebookShare on TwitterShare on WhatsAppSend via GMailSend via E-Mail,89,Houses_Peshawar,2026-08-10,https://www.zameen.com/Property/peshawar_warsak_road_prime_location_5_marla_house_in_stunning_warsak_road_is_available_for_sale-54585052-1000-1.html
Ideal Prime Location House Is Available For sale In Peshawar,PKR 2 Crore,20000000,6,6,5 Marla,1125.0,17777,House,False,15,15VerifiedShare on FacebookShare on TwitterShare on WhatsAppSend via GMailSend via E-Mail,89,Houses_Peshawar,2026-08-10,https://www.zameen.com/Property/warsak_road_sudais_villas_ideal_prime_location_house_is_available_for_sale_in_peshawar-54500374-18406-1.html
The Friends Properties Offers A 10 Marla Low Budget House For Sale Hayatabad Phase 2 Prime Location,PKR 4.8 Crore,48000000,7,,10 Marla,2250.0,21333,House,False,2,2Share on FacebookShare on TwitterShare on WhatsAppSend via GMailSend via E-Mail,80,Houses_Peshawar,2026-08-10,https://www.zameen.com/Property/hayatabad_hayatabad_phase_2_the_friends_properties_offers_a_10_marla_low_budget_house_for_sale_hayatabad_phase_2_prime_location-54423955-7602-1.html
5marle fresh house for sale,PKR 2.5 Crore,25000000,5,5,5 Marla,1125.0,22222,House,False,14,14Share on FacebookShare on TwitterShare on WhatsAppSend via GMailSend via E-Mail,81,Houses_Peshawar,2026-08-10,https://www.zameen.com/Property/peshawar_warsak_road_5marle_fresh_house_for_sale-54581910-1000-1.html
Sector B House,PKR 12.5 Crore,125000000,8,6,1 Kanal,4500.0,27777,House,False,22,22Share on FacebookShare on TwitterShare on WhatsAppSend via GMailSend via E-Mail,81,Houses_Peshawar,2026-08-10,https://www.zameen.com/Property/dha_phase_1_dha_phase_1_-_sector_b_sector_b_house-54309972-12293-1.html
Fresh house for sale,PKR 1.1 Crore,11000000,3,3,8.4 Marla,1890.0,5820,House,False,10,10Share on FacebookShare on TwitterShare on WhatsAppSend via GMailSend via E-Mail,81,Houses_Peshawar,2026-08-10,https://www.zameen.com/Property/peshawar_wapda_town_fresh_house_for_sale-54588222-398-1.html
"Marla House With Extra Land For Sale Regi Model Town, Peshawar",PKR 3.3 Crore,33000000,7,7,6 Marla,1350.0,24444,House,True,17,hot17Share on FacebookShare on TwitterShare on WhatsAppSend via GMailSend via E-Mail,84,Houses_Peshawar,2026-08-10,https://www.zameen.com/Property/regi_model_town_regi_model_town_phase_4_marla_house_with_extra_land_for_sale_regi_model_town_peshawar-54453693-17014-1.html
1 Kanal Luxury House For Sale In DHA,PKR 11 Crore,110000000,9,7,1 Kanal,4500.0,24444,House,True,28,hot28Share on FacebookShare on TwitterShare on WhatsAppSend via GMailSend via E-Mail,84,Houses_Peshawar,2026-08-10,https://www.zameen.com/Property/dha_phase_1_dha_phase_1_-_sector_b_1_kanal_luxury_house_for_sale_in_dha-54461972-12293-1.html
"5 Marla House For Sale In Regi Model Town, Peshawar",PKR 3.2 Crore,32000000,8,7,5 Marla,1125.0,28444,House,True,3,hot3Share on FacebookShare on TwitterShare on WhatsAppSend via GMailSend via E-Mail,83,Houses_Peshawar,2026-08-10,https://www.zameen.com/Property/regi_model_town_regi_model_town_phase_3_5_marla_house_for_sale_in_regi_model_town_peshawar-54462083-17013-1.html
Prime Location 4 Marla House For Sale In Pajagi Road,PKR 85 Lakh,8500000,6,6,4 Marla,900.0,9444,House,False,14,hot14VerifiedShare on FacebookShare on TwitterShare on WhatsAppSend via GMailSend via E-Mail,92,Houses_Peshawar,2026-08-10,https://www.zameen.com/Property/peshawar_pajagi_road_prime_location_4_marla_house_for_sale_in_pajagi_road-53714737-12174-1.html
1 Kanal House For Sale In Phase 7 Hayatabad,PKR 10.8 Crore,108000000,,,1 Kanal,4500.0,24000,House,False,14,hot14Share on FacebookShare on TwitterShare on WhatsAppSend via GMailSend via E-Mail,84,Houses_Peshawar,2026-08-10,https://www.zameen.com/Property/hayatabad_phase_7_hayatabad_phase_7_-_e6_1_kanal_house_for_sale_in_phase_7_hayatabad-53497208-13219-1.html
10 Marla Finishing Stage Prime Location House For Sale,PKR 7.4 Crore,74000000,9,6,10 Marla,2250.0,32888,House,False,15,hot15Share on FacebookShare on TwitterShare on WhatsAppSend via GMailSend via E-Mail,84,Houses_Peshawar,2026-08-10,https://www.zameen.com/Property/hayatabad_hayatabad_phase_6_10_marla_finishing_stage_prime_location_house_for_sale-54210914-7627-1.html
1 Kanal Luxurious House for Sale,PKR 10 Crore,100000000,10,6,1 Kanal,4500.0,22222,House,False,10,hot10Share on FacebookShare on TwitterShare on WhatsAppSend via GMailSend via E-Mail,84,Houses_Peshawar,2026-08-10,https://www.zameen.com/Property/peshawar_regi_model_town_1_kanal_luxurious_house_for_sale-54472466-7660-1.html
10 Marla Corner House For Sale,PKR 4.3 Crore,43000000,7,6,10 Marla,2250.0,19111,House,False,7,hot7Share on FacebookShare on TwitterShare on WhatsAppSend via GMailSend via E-Mail,83,Houses_Peshawar,2026-08-10,https://www.zameen.com/Property/peshawar_police_colony_10_marla_corner_house_for_sale-54482669-12359-1.html
5 Marla Solid House Available For Sale In Phase 1 HAYATABAD,PKR 2.5 Crore,25000000,5,5,5 Marla,1125.0,22222,House,False,1,hot1Share on FacebookShare on TwitterShare on WhatsAppSend via GMailSend via E-Mail,83,Houses_Peshawar,2026-08-10,https://www.zameen.com/Property/hayatabad_phase_1_hayatabad_phase_1_-_d4_5_marla_solid_house_available_for_sale_in_phase_1_hayatabad-54519765-15037-1.html
3 Marla New Corner House Available For Sale In Sudais Villa Warsk Road,PKR 1.15 Crore,11500000,4,5,3 Marla,675.0,17037,House,False,30,hot30Share on FacebookShare on TwitterShare on WhatsAppSend via GMailSend via E-Mail,84,Houses_Peshawar,2026-08-10,https://www.zameen.com/Property/warsak_road_sudais_villas_3_marla_new_corner_house_available_for_sale_in_sudais_villa_warsk_road-54154178-18406-1.html
1 Kanal Furnished House Available For Sale,PKR 12.75 Crore,127500000,8,,1 Kanal,4500.0,28333,House,False,6,hot6Share on FacebookShare on TwitterShare on WhatsAppSend via GMailSend via E-Mail,83,Houses_Peshawar,2026-08-10,https://www.zameen.com/Property/hayatabad_phase_2_hayatabad_phase_2_-_g3_1_kanal_furnished_house_available_for_sale-54553158-7605-1.html
10 Marla New House For Sale,PKR 5.25 Crore,52500000,4,5,10 Marla,2250.0,23333,House,False,13,hot13Share on FacebookShare on TwitterShare on WhatsAppSend via GMailSend via E-Mail,84,Houses_Peshawar,2026-08-10,https://www.zameen.com/Property/peshawar_askari_6_10_marla_new_house_for_sale-45753136-9275-1.html
12 Marla Beautiful House For Sale,PKR 5.7 Crore,57000000,5,6,12 Marla,2700.0,21111,House,False,50,hot50Share on FacebookShare on TwitterShare on WhatsAppSend via GMailSend via E-Mail,84,Houses_Peshawar,2026-08-10,https://www.zameen.com/Property/peshawar_askari_6_12_marla_beautiful_house_for_sale-49750104-9275-1.html
Kanal Corner House For Sale,PKR 8 Crore,80000000,5,6,1 Kanal,4500.0,17777,House,False,39,hot39Share on FacebookShare on TwitterShare on WhatsAppSend via GMailSend via E-Mail,84,Houses_Peshawar,2026-08-10,https://www.zameen.com/Property/peshawar_askari_6_kanal_corner_house_for_sale-51902647-9275-1.html
1 Kanal Single Story House For Sale In Hayatabad,PKR 7.5 Crore,75000000,6,6,1 Kanal,4500.0,16666,House,False,13,hot13Share on FacebookShare on TwitterShare on WhatsAppSend via GMailSend via E-Mail,84,Houses_Peshawar,2026-08-10,https://www.zameen.com/Property/hayatabad_phase_3_hayatabad_phase_3_-_k2_1_kanal_single_story_house_for_sale_in_hayatabad-54565126-7619-1.html
3.5 Marla House Available For Sale In Wazir Colony Ring Road Near Abasyn University And MMC Hospital Street No-8,PKR 1.1 Crore,11000000,4,4,4 Marla,900.0,12222,House,False,6,hot6Share on FacebookShare on TwitterShare on WhatsAppSend via GMailSend via E-Mail,83,Houses_Peshawar,2026-08-10,https://www.zameen.com/Property/peshawar_wazir_colony_3_5_marla_house_available_for_sale_in_wazir_colony_ring_road_near_abasyn_university_and_mmc_hospital_street_no-8-54490128-7675-1.html
5 Marla New Corner House For Sale In Sheikh Yaseen Town Peshawar,PKR 1.9 Crore,19000000,8,,5 Marla,1125.0,16888,House,False,15,hot15Share on FacebookShare on TwitterShare on WhatsAppSend via GMailSend via E-Mail,84,Houses_Peshawar,2026-08-10,https://www.zameen.com/Property/nasir_bagh_road_sheikh_yaseen_town_5_marla_new_corner_house_for_sale_in_sheikh_yaseen_town_peshawar-54210995-13024-1.html
1 Kanal House Peshawar University ( Professor Colony ),PKR 7 Crore,70000000,5,5,1 Kanal,4500.0,15555,House,False,1,1Share on FacebookShare on TwitterShare on WhatsAppSend via GMailSend via E-Mail,80,Houses_Peshawar,2026-08-10,https://www.zameen.com/Property/peshawar_professor_colony_1_kanal_house_peshawar_university_professor_colony-54587412-1292-1.html
5 Marla House For Sale In HAYATABAD Phase 7,PKR 3 Crore,30000000,8,6,5 Marla,1125.0,26666,House,False,1,1Share on FacebookShare on TwitterShare on WhatsAppSend via GMailSend via E-Mail,80,Houses_Peshawar,2026-08-10,https://www.zameen.com/Property/hayatabad_phase_7_hayatabad_phase_7_-_e5_5_marla_house_for_sale_in_hayatabad_phase_7-54437211-13218-1.html
Prime Location Sale A House In Peshawar Prime Location,PKR 6.7 Crore,67000000,9,6,10 Marla,2250.0,29777,House,False,14,14VerifiedShare on FacebookShare on TwitterShare on WhatsAppSend via GMailSend via E-Mail,89,Houses_Peshawar,2026-08-10,https://www.zameen.com/Property/hayatabad_hayatabad_phase_7_prime_location_sale_a_house_in_peshawar_prime_location-54588461-8534-1.html
Well-constructed Prime Location House Available For sale In Hayatabad Phase 7,PKR 12.4 Crore,124000000,10,6,14 Marla,3150.0,39365,House,False,17,17VerifiedShare on FacebookShare on TwitterShare on WhatsAppSend via GMailSend via E-Mail,89,Houses_Peshawar,2026-08-10,https://www.zameen.com/Property/hayatabad_hayatabad_phase_7_well-constructed_prime_location_house_available_for_sale_in_hayatabad_phase_7-54588459-8534-1.html
Prime Location House 5 Marla For sale In Green Cottages,PKR 2.3 Crore,23000000,8,,5 Marla,1125.0,20444,House,False,23,23VerifiedShare on FacebookShare on TwitterShare on WhatsAppSend via GMailSend via E-Mail,89,Houses_Peshawar,2026-08-10,https://www.zameen.com/Property/warsak_road_green_cottages_prime_location_house_5_marla_for_sale_in_green_cottages-54585088-11933-1.html
brand new house available for sale,PKR 1.8 Crore,18000000,6,6,8.4 Marla,1890.0,9523,House,False,,Share on FacebookShare on TwitterShare on WhatsAppSend via GMailSend via E-Mail,79,Houses_Peshawar,2026-08-10,https://www.zameen.com/Property/wapda_town_wapda_town_sector_k_brand_new_house_available_for_sale-54588226-14729-1.html
2 Kanal House For Sell,PKR 17 Crore,170000000,10,6,2 Kanal,9000.0,18888,House,True,,Share on FacebookShare on TwitterShare on WhatsAppSend via GMailSend via E-Mail,79,Houses_Peshawar,2026-08-10,https://www.zameen.com/Property/hayatabad_hayatabad_phase_1_2_kanal_house_for_sell-54296996-7597-1.html
3.5 Marla New House Beautiful House Available For In Sudais Villa,PKR 1.5 Crore,15000000,5,5,3.5 Marla,787.5,19047,House,False,20,20Share on FacebookShare on TwitterShare on WhatsAppSend via GMailSend via E-Mail,81,Houses_Peshawar,2026-08-10,https://www.zameen.com/Property/warsak_road_sudais_villas_3_5_marla_new_house_beautiful_house_available_for_in_sudais_villa-54191683-18406-1.html
Brand New House In Sector-A  Up For Sale Investor Rate,PKR 9.3 Crore,93000000,,,1 Kanal,4500.0,20666,House,False,2,hot2Share on FacebookShare on TwitterShare on WhatsAppSend via GMailSend via E-Mail,83,Houses_Peshawar,2026-08-10,https://www.zameen.com/Property/dha_phase_1_dha_phase_1_-_sector_a_brand_new_house_in_sector-a_up_for_sale_investor_rate-54421544-12292-1.html
1 Kanal Luxury House Available For Sale In Sector B,PKR 11 Crore,110000000,10,7,1 Kanal,4500.0,24444,House,False,1,hot1Share on FacebookShare on TwitterShare on WhatsAppSend via GMailSend via E-Mail,83,Houses_Peshawar,2026-08-10,https://www.zameen.com/Property/dha_phase_1_dha_phase_1_-_sector_b_1_kanal_luxury_house_available_for_sale_in_sector_b-54201927-12293-1.html
5 Marla Luxury Tripple Storey Corner House For Sale Located at Warsak Road Sufyan Garden Peshawar,PKR 2.3 Crore,23000000,8,7,5 Marla,1125.0,20444,House,False,27,hot27Share on FacebookShare on TwitterShare on WhatsAppSend via GMailSend via E-Mail,84,Houses_Peshawar,2026-08-10,https://www.zameen.com/Property/warsak_road_sufiyan_garden_5_marla_luxury_tripple_storey_corner_house_for_sale_located_at_warsak_road_sufyan_garden_peshawar-54346094-19313-1.html
House Located On Rehman Baba Road University Town Available For Sale,PKR 7.4 Crore,74000000,6,6,12 Marla,2700.0,27407,House,False,26,hot26Share on FacebookShare on TwitterShare on WhatsAppSend via GMailSend via E-Mail,84,Houses_Peshawar,2026-08-10,https://www.zameen.com/Property/peshawar_university_town_house_located_on_rehman_baba_road_university_town_available_for_sale-54170887-1437-1.html
15 MARLA HOUSE FOR SALE IN WARSAK ROAD SABZ ALI TOWN PESHAWAR,PKR 4.5 Crore,45000000,8,7,15 Marla,3375.0,13333,House,False,22,hot22VerifiedShare on FacebookShare on TwitterShare on WhatsAppSend via GMailSend via E-Mail,92,Houses_Peshawar,2026-08-10,https://www.zameen.com/Property/peshawar_warsak_road_15_marla_house_for_sale_in_warsak_road_sabz_ali_town_peshawar-54540380-1000-1.html
Hayatabad 2 Kanal House For Sale,PKR 12.8 Crore,128000000,8,6,2 Kanal,9000.0,14222,House,False,10,hot10Share on FacebookShare on TwitterShare on WhatsAppSend via GMailSend via E-Mail,84,Houses_Peshawar,2026-08-10,https://www.zameen.com/Property/hayatabad_hayatabad_phase_2_hayatabad_2_kanal_house_for_sale-54305135-7602-1.html
Brand New Designer House Green Cottage,PKR 2.3 Crore,23000000,5,5,4 Marla,900.0,25555,House,False,24,hot24Share on FacebookShare on TwitterShare on WhatsAppSend via GMailSend via E-Mail,84,Houses_Peshawar,2026-08-10,https://www.zameen.com/Property/warsak_road_green_cottages_brand_new_designer_house_green_cottage-54529062-11933-1.html
4.5 Marla Double Storey House Available For Sale,PKR 1.4 Crore,14000000,5,5,4.5 Marla,1012.5,13827,House,False,13,hot13Share on FacebookShare on TwitterShare on WhatsAppSend via GMailSend via E-Mail,84,Houses_Peshawar,2026-08-10,https://www.zameen.com/Property/peshawar_gulshan-e-iqbal_4_5_marla_double_storey_house_available_for_sale-53436678-393-1.html
10 Marla Fresh House For Sale Zone 3B2,PKR 6 Crore,60000000,10,,10 Marla,2250.0,26666,House,False,20,hot20Share on FacebookShare on TwitterShare on WhatsAppSend via GMailSend via E-Mail,84,Houses_Peshawar,2026-08-10,https://www.zameen.com/Property/regi_model_town_regi_model_town_phase_3_10_marla_fresh_house_for_sale_zone_3b2-54545420-17013-1.html
7 Marla House For Sale In Hayatabad,PKR 3.9 Crore,39000000,6,6,7 Marla,1575.0,24761,House,False,8,hot8Share on FacebookShare on TwitterShare on WhatsAppSend via GMailSend via E-Mail,83,Houses_Peshawar,2026-08-10,https://www.zameen.com/Property/hayatabad_phase_6_hayatabad_phase_6_-_f8_7_marla_house_for_sale_in_hayatabad-53855081-7634-1.html
5 Marla House For Sale In Hayatabad,PKR 3.4 Crore,34000000,7,6,5 Marla,1125.0,30222,House,False,8,hot8Share on FacebookShare on TwitterShare on WhatsAppSend via GMailSend via E-Mail,83,Houses_Peshawar,2026-08-10,https://www.zameen.com/Property/hayatabad_phase_6_hayatabad_phase_6_-_f6_5_marla_house_for_sale_in_hayatabad-54544894-7632-1.html
1 Kanal House For Sale In Hayatabad,PKR 9.7 Crore,97000000,10,6,1 Kanal,4500.0,21555,House,False,10,hot10Share on FacebookShare on TwitterShare on WhatsAppSend via GMailSend via E-Mail,84,Houses_Peshawar,2026-08-10,https://www.zameen.com/Property/hayatabad_phase_6_hayatabad_phase_6_-_f1_1_kanal_house_for_sale_in_hayatabad-54539022-14221-1.html
5 Marla House For Sale Peshawar Hayatabad,PKR 2.5 Crore,25000000,5,5,5 Marla,1125.0,22222,House,False,1,hot1Share on FacebookShare on TwitterShare on WhatsAppSend via GMailSend via E-Mail,83,Houses_Peshawar,2026-08-10,https://www.zameen.com/Property/hayatabad_hayatabad_phase_3_5_marla_house_for_sale_peshawar_hayatabad-54552407-7617-1.html
1kanal House For Sale In Hayatabad,PKR 10 Crore,100000000,10,6,1 Kanal,4500.0,22222,House,False,10,hot10Share on FacebookShare on TwitterShare on WhatsAppSend via GMailSend via E-Mail,84,Houses_Peshawar,2026-08-10,https://www.zameen.com/Property/hayatabad_phase_6_hayatabad_phase_6_-_f4_1kanal_house_for_sale_in_hayatabad-54538960-7630-1.html
14 Marla Furnished Afghani House For Sale,PKR 9.75 Crore,97500000,10,6,14 Marla,3150.0,30952,House,False,,hotShare on FacebookShare on TwitterShare on WhatsAppSend via GMailSend via E-Mail,82,Houses_Peshawar,2026-08-10,https://www.zameen.com/Property/hayatabad_phase_7_hayatabad_phase_7_-_e6_14_marla_furnished_afghani_house_for_sale-54545274-13219-1.html
Luxury Kanal House| Modern Finishes | Askari 6 Peshawar,PKR 7.95 Crore,79500000,5,5,1 Kanal,4500.0,17666,House,False,8,hot8Share on FacebookShare on TwitterShare on WhatsAppSend via GMailSend via E-Mail,83,Houses_Peshawar,2026-08-10,https://www.zameen.com/Property/peshawar_askari_6_luxury_kanal_house_modern_finishes_askari_6_peshawar-54345183-9275-1.html
New House,PKR 1.9 Crore,19000000,5,5,9 Marla,2025.0,9382,House,False,29,hot29Share on FacebookShare on TwitterShare on WhatsAppSend via GMailSend via E-Mail,84,Houses_Peshawar,2026-08-10,https://www.zameen.com/Property/peshawar_nasir_bagh_road_new_house-54535309-1029-1.html
5 Marla New Beautiful House Is Available For Sale In Sudais Villa Warsk Road,PKR 1.9 Crore,19000000,6,6,5 Marla,1125.0,16888,House,False,6,6Share on FacebookShare on TwitterShare on WhatsAppSend via GMailSend via E-Mail,80,Houses_Peshawar,2026-08-10,https://www.zameen.com/Property/warsak_road_sudais_villas_5_marla_new_beautiful_house_is_available_for_sale_in_sudais_villa_warsk_road-54032219-18406-1.html
1 Kanal Luxury And Furnished House For Sale,PKR 12.75 Crore,127500000,8,6,1 Kanal,4500.0,28333,House,False,9,9Share on FacebookShare on TwitterShare on WhatsAppSend via GMailSend via E-Mail,80,Houses_Peshawar,2026-08-10,https://www.zameen.com/Property/hayatabad_hayatabad_phase_2_1_kanal_luxury_and_furnished_house_for_sale-54451064-7602-1.html
Prime Location Ali Villas House Sized 5 Marla Is Available,PKR 1.8 Crore,18000000,6,6,5 Marla,1125.0,16000,House,False,38,38VerifiedShare on FacebookShare on TwitterShare on WhatsAppSend via GMailSend via E-Mail,89,Houses_Peshawar,2026-08-10,https://www.zameen.com/Property/warsak_road_ali_villas_prime_location_ali_villas_house_sized_5_marla_is_available-54576629-22001-1.html
Your Ideal Prime Location 5 Marla House Has Just Become Available In Arbab Sabz Ali Khan Town Executive Lodges,PKR 2.5 Crore,25000000,7,,5 Marla,1125.0,22222,House,False,25,25VerifiedShare on FacebookShare on TwitterShare on WhatsAppSend via GMailSend via E-Mail,89,Houses_Peshawar,2026-08-10,https://www.zameen.com/Property/arbab_sabz_ali_khan_town_arbab_sabz_ali_khan_town_executive_lodges_your_ideal_prime_location_5_marla_house_has_just_become_available_in_arbab_sabz_ali_khan_town_executive_lodges-53422731-10382-1.html
Well-constructed Fully Furnished House Available For sale In Sufiyan Garden,PKR 1.5 Crore,15000000,3,3,5 Marla,1125.0,13333,House,False,24,24VerifiedShare on FacebookShare on TwitterShare on WhatsAppSend via GMailSend via E-Mail,89,Houses_Peshawar,2026-08-10,https://www.zameen.com/Property/warsak_road_sufiyan_garden_well-constructed_fully_furnished_house_available_for_sale_in_sufiyan_garden-53676986-19313-1.html
A Prime Location 12 Marla House Has Landed On Market In Darmangi Of Peshawar,PKR 3.5 Crore,35000000,6,6,12 Marla,2700.0,12962,House,False,28,28VerifiedShare on FacebookShare on TwitterShare on WhatsAppSend via GMailSend via E-Mail,89,Houses_Peshawar,2026-08-10,https://www.zameen.com/Property/warsak_road_darmangi_a_prime_location_12_marla_house_has_landed_on_market_in_darmangi_of_peshawar-53866238-12422-1.html
Prime Location sale The Ideally Located House For An Incredible Price Of Pkr Rs. 43000000,PKR 4.3 Crore,43000000,6,6,12 Marla,2700.0,15925,House,False,26,26VerifiedShare on FacebookShare on TwitterShare on WhatsAppSend via GMailSend via E-Mail,89,Houses_Peshawar,2026-08-10,https://www.zameen.com/Property/peshawar_warsak_road_prime_location_sale_the_ideally_located_house_for_an_incredible_price_of_pkr_rs_43000000-54109156-1000-1.html
Prime Location 10 Marla House For Sale In Darmangi,PKR 4 Crore,40000000,6,6,10 Marla,2250.0,17777,House,False,44,44VerifiedShare on FacebookShare on TwitterShare on WhatsAppSend via GMailSend via E-Mail,89,Houses_Peshawar,2026-08-10,https://www.zameen.com/Property/warsak_road_darmangi_prime_location_10_marla_house_for_sale_in_darmangi-54228120-12422-1.html
3 Marla Corner New House Green Cottage For Sale,PKR 1.55 Crore,15500000,4,4,3 Marla,675.0,22962,House,False,19,hot19Share on FacebookShare on TwitterShare on WhatsAppSend via GMailSend via E-Mail,84,Houses_Peshawar,2026-08-10,https://www.zameen.com/Property/warsak_road_green_cottages_3_marla_corner_new_house_green_cottage_for_sale-54525130-11933-1.html
A Kanal Owner Build House For Sale . .,PKR 7.9 Crore,79000000,9,6,1 Kanal,4500.0,17555,House,False,28,hot28Share on FacebookShare on TwitterShare on WhatsAppSend via GMailSend via E-Mail,84,Houses_Peshawar,2026-08-10,https://www.zameen.com/Property/dha_phase_1_dha_phase_1_-_sector_a_a_kanal_owner_build_house_for_sale-54431868-12292-1.html
Two Kanal Old House Available For Sale In University Town Peshawar,PKR 12 Crore,120000000,8,6,2 Kanal,9000.0,13333,House,False,1,hot1Share on FacebookShare on TwitterShare on WhatsAppSend via GMailSend via E-Mail,83,Houses_Peshawar,2026-08-10,https://www.zameen.com/Property/peshawar_university_town_two_kanal_old_house_available_for_sale_in_university_town_peshawar-53794465-1437-1.html
South Face 50 Ft Road Luxury House | Sector 3C2 | Ideal Location House,PKR 5.29 Crore,52900000,10,6,10 Marla,2250.0,23511,House,False,27,hot27Share on FacebookShare on TwitterShare on WhatsAppSend via GMailSend via E-Mail,84,Houses_Peshawar,2026-08-10,https://www.zameen.com/Property/regi_model_town_regi_model_town_phase_3_south_face_50_ft_road_luxury_house_sector_3c2_ideal_location_house-54487070-17013-1.html
Hayatabad Phase 3 Sector K6 Corner House Available For Sale,PKR 5.3 Crore,53000000,6,6,10 Marla,2250.0,23555,House,False,12,hot12Share on FacebookShare on TwitterShare on WhatsAppSend via GMailSend via E-Mail,84,Houses_Peshawar,2026-08-10,https://www.zameen.com/Property/hayatabad_phase_3_hayatabad_phase_3_-_k6_hayatabad_phase_3_sector_k6_corner_house_available_for_sale-54361690-7623-1.html
Prime Location 10 Marla House For Sale In Beautiful Sudais Villas,PKR 3.7 Crore,37000000,6,6,10 Marla,2250.0,16444,House,False,40,hot40VerifiedShare on FacebookShare on TwitterShare on WhatsAppSend via GMailSend via E-Mail,92,Houses_Peshawar,2026-08-10,https://www.zameen.com/Property/warsak_road_sudais_villas_prime_location_10_marla_house_for_sale_in_beautiful_sudais_villas-52943807-18406-1.html
3 Marla TMA Approved Structure Available For Sale,PKR 95 Lakh,9500000,4,4,3 Marla,675.0,14074,House,False,15,hot151Share on FacebookShare on TwitterShare on WhatsAppSend via GMailSend via E-Mail,85,Houses_Peshawar,2026-08-10,https://www.zameen.com/Property/islamabad_peshawar_motorway_garden_villas_3_marla_tma_approved_structure_available_for_sale-53487629-21070-1.html
Beautiful House Available For Sale,PKR 1.65 Crore,16500000,7,5,5 Marla,1125.0,14666,House,False,9,hot9Share on FacebookShare on TwitterShare on WhatsAppSend via GMailSend via E-Mail,83,Houses_Peshawar,2026-08-10,https://www.zameen.com/Property/peshawar_canal_road_beautiful_house_available_for_sale-54050285-11940-1.html
2 Kanal Luxurious Villa For Sale,PKR 17.5 Crore,175000000,8,6,2 Kanal,9000.0,19444,House,False,11,hot11Share on FacebookShare on TwitterShare on WhatsAppSend via GMailSend via E-Mail,84,Houses_Peshawar,2026-08-10,https://www.zameen.com/Property/hayatabad_phase_2_hayatabad_phase_2_-_g2_2_kanal_luxurious_villa_for_sale-53261519-7604-1.html
Stunning Corner 5 Marla House In Green Cottages Available,PKR 2.3 Crore,23000000,5,5,5 Marla,1125.0,20444,House,False,11,hot11VerifiedShare on FacebookShare on TwitterShare on WhatsAppSend via GMailSend via E-Mail,92,Houses_Peshawar,2026-08-10,https://www.zameen.com/Property/warsak_road_green_cottages_stunning_corner_5_marla_house_in_green_cottages_available-54466895-11933-1.html
A Prime Location 3 Marla House Located In Sudais Villas Is Available For sale,PKR 1.3 Crore,13000000,4,4,3 Marla,675.0,19259,House,False,28,hot28VerifiedShare on FacebookShare on TwitterShare on WhatsAppSend via GMailSend via E-Mail,92,Houses_Peshawar,2026-08-10,https://www.zameen.com/Property/warsak_road_sudais_villas_a_prime_location_3_marla_house_located_in_sudais_villas_is_available_for_sale-54466896-18406-1.html
Buying A Prime Location House In Green Cottages?,PKR 2.2 Crore,22000000,5,5,4 Marla,900.0,24444,House,False,39,hot39VerifiedShare on FacebookShare on TwitterShare on WhatsAppSend via GMailSend via E-Mail,92,Houses_Peshawar,2026-08-10,https://www.zameen.com/Property/warsak_road_green_cottages_buying_a_prime_location_house_in_green_cottages-54466892-11933-1.html
Ideally Located Prime Location House Of 3 Marla Is Available For Sale In Peshawar,PKR 1.2 Crore,12000000,4,4,3 Marla,675.0,17777,House,False,26,hot26VerifiedShare on FacebookShare on TwitterShare on WhatsAppSend via GMailSend via E-Mail,92,Houses_Peshawar,2026-08-10,https://www.zameen.com/Property/warsak_road_sudais_villas_ideally_located_prime_location_house_of_3_marla_is_available_for_sale_in_peshawar-54465659-18406-1.html
Prime Location 4.5 Marla House For Sale Available In Warsak Road,PKR 2.2 Crore,22000000,5,5,4.5 Marla,1012.5,21728,House,False,40,hot40VerifiedShare on FacebookShare on TwitterShare on WhatsAppSend via GMailSend via E-Mail,92,Houses_Peshawar,2026-08-10,https://www.zameen.com/Property/warsak_road_green_cottages_prime_location_4_5_marla_house_for_sale_available_in_warsak_road-54466893-11933-1.html
1 Kanal Luxury House For Sale In DHA Peshawar Sector B,PKR 11 Crore,110000000,8,6,1 Kanal,4500.0,24444,House,False,25,hot25Share on FacebookShare on TwitterShare on WhatsAppSend via GMailSend via E-Mail,84,Houses_Peshawar,2026-08-10,https://www.zameen.com/Property/peshawar_dha_defence_1_kanal_luxury_house_for_sale_in_dha_peshawar_sector_b-54478784-9050-1.html
4.5 Marla House For Sale,PKR 2.3 Crore,23000000,4,4,4.5 Marla,1012.5,22716,House,False,12,hot12Share on FacebookShare on TwitterShare on WhatsAppSend via GMailSend via E-Mail,84,Houses_Peshawar,2026-08-10,https://www.zameen.com/Property/warsak_road_green_cottages_4_5_marla_house_for_sale-54334357-11933-1.html
Premium 10 Marla House For Sale,PKR 2.65 Crore,26500000,6,6,10 Marla,2250.0,11777,House,True,23,hot23Share on FacebookShare on TwitterShare on WhatsAppSend via GMailSend via E-Mail,84,Houses_Peshawar,2026-08-10,https://www.zameen.com/Property/peshawar_warsak_road_premium_10_marla_house_for_sale-54456486-1000-1.html
Prime Location House Of 10 Marla Is Available For sale,PKR 5.5 Crore,55000000,6,6,10 Marla,2250.0,24444,House,False,13,13VerifiedShare on FacebookShare on TwitterShare on WhatsAppSend via GMailSend via E-Mail,89,Houses_Peshawar,2026-08-10,https://www.zameen.com/Property/peshawar_irshadabad_prime_location_house_of_10_marla_is_available_for_sale-54236018-10380-1.html
Avail Yourself A Great Prime Location 5 Marla House In Arbab Sabz Ali Khan Town Executive Lodges,PKR 2.8 Crore,28000000,7,,5 Marla,1125.0,24888,House,False,37,37VerifiedShare on FacebookShare on TwitterShare on WhatsAppSend via GMailSend via E-Mail,89,Houses_Peshawar,2026-08-10,https://www.zameen.com/Property/arbab_sabz_ali_khan_town_arbab_sabz_ali_khan_town_executive_lodges_avail_yourself_a_great_prime_location_5_marla_house_in_arbab_sabz_ali_khan_town_executive_lodges-54571582-10382-1.html
1 Kanal Luxury House Available For Sale,PKR 7.5 Crore,75000000,10,,1 Kanal,4500.0,16666,House,False,15,15Share on FacebookShare on TwitterShare on WhatsAppSend via GMailSend via E-Mail,81,Houses_Peshawar,2026-08-10,https://www.zameen.com/Property/regi_model_town_regi_model_town_phase_4_1_kanal_luxury_house_available_for_sale-53450679-17014-1.html
1 Kanal House Available For Sale,PKR 7 Crore,70000000,5,5,1 Kanal,4500.0,15555,House,False,,Share on FacebookShare on TwitterShare on WhatsAppSend via GMailSend via E-Mail,79,Houses_Peshawar,2026-08-10,https://www.zameen.com/Property/hayatabad_phase_1_hayatabad_phase_1_-_e2_1_kanal_house_available_for_sale-52442995-7599-1.html
1 Kanal House For Sale,PKR 9 Crore,90000000,9,,1 Kanal,4500.0,20000,House,False,33,33Share on FacebookShare on TwitterShare on WhatsAppSend via GMailSend via E-Mail,81,Houses_Peshawar,2026-08-10,https://www.zameen.com/Property/hayatabad_phase_2_hayatabad_phase_2_-_h1_1_kanal_house_for_sale-50617100-7607-1.html
Buying A Prime Location House In Peshawar?,PKR 1.2 Crore,12000000,3,3,3 Marla,675.0,17777,House,False,26,26VerifiedShare on FacebookShare on TwitterShare on WhatsAppSend via GMailSend via E-Mail,89,Houses_Peshawar,2026-08-10,https://www.zameen.com/Property/warsak_road_ali_villas_buying_a_prime_location_house_in_peshawar-53891889-22001-1.html
Professor colony Peshawar agriculture university House For Sale,PKR 4.9 Crore,49000000,4,4,1 Kanal,4500.0,10888,House,False,6,6Share on FacebookShare on TwitterShare on WhatsAppSend via GMailSend via E-Mail,80,Houses_Peshawar,2026-08-10,https://www.zameen.com/Property/peshawar_professor_colony_professor_colony_peshawar_agriculture_university_house_for_sale-54334061-1292-1.html
Hayatabad Phase7 Sector E6 14 Marla House Available For Sale,PKR 12 Crore,120000000,10,,14 Marla,3150.0,38095,House,False,14,14Share on FacebookShare on TwitterShare on WhatsAppSend via GMailSend via E-Mail,81,Houses_Peshawar,2026-08-10,https://www.zameen.com/Property/hayatabad_phase_7_hayatabad_phase_7_-_e6_hayatabad_phase7_sector_e6_14_marla_house_available_for_sale-54580012-13219-1.html
Brand New Luxury House For Sale,PKR 2.1 Crore,21000000,5,5,5 Marla,1125.0,18666,House,False,17,hot17Share on FacebookShare on TwitterShare on WhatsAppSend via GMailSend via E-Mail,84,Houses_Peshawar,2026-08-10,https://www.zameen.com/Property/warsak_road_sufiyan_garden_brand_new_luxury_house_for_sale-54482139-19313-1.html
Beautiful House Available For Sale,PKR 1.5 Crore,15000000,5,5,6 Marla,1350.0,11111,House,False,4,hot4Share on FacebookShare on TwitterShare on WhatsAppSend via GMailSend via E-Mail,83,Houses_Peshawar,2026-08-10,https://www.zameen.com/Property/peshawar_canal_road_beautiful_house_available_for_sale-54372677-11940-1.html
5 Marla South Open Grey Structure House For Sale In Zone 3 Regi Model Town Peshawar,PKR 2.25 Crore,22500000,8,,5 Marla,1125.0,20000,House,False,,hotShare on FacebookShare on TwitterShare on WhatsAppSend via GMailSend via E-Mail,82,Houses_Peshawar,2026-08-10,https://www.zameen.com/Property/regi_model_town_regi_model_town_phase_3_5_marla_south_open_grey_structure_house_for_sale_in_zone_3_regi_model_town_peshawar-54479596-17013-1.html
Prime 7 Marla House For Sale In Hayatabad Perfectly Located Near CECOS University,PKR 6.2 Crore,62000000,8,7,7 Marla,1575.0,39365,House,False,21,hot21Share on FacebookShare on TwitterShare on WhatsAppSend via GMailSend via E-Mail,84,Houses_Peshawar,2026-08-10,https://www.zameen.com/Property/hayatabad_phase_6_hayatabad_phase_6_-_f6_prime_7_marla_house_for_sale_in_hayatabad_perfectly_located_near_cecos_university-54209248-7632-1.html
Furnished Kanal House for Sale Phase 6 Hayatabad,PKR 9.5 Crore,95000000,9,6,1 Kanal,4500.0,21111,House,False,1,hot1Share on FacebookShare on TwitterShare on WhatsAppSend via GMailSend via E-Mail,83,Houses_Peshawar,2026-08-10,https://www.zameen.com/Property/hayatabad_hayatabad_phase_6_furnished_kanal_house_for_sale_phase_6_hayatabad-54495461-7627-1.html
5 Marla Designer House - AAA Rating,PKR 3.5 Crore,35000000,5,5,5 Marla,1125.0,31111,House,False,7,hot7Share on FacebookShare on TwitterShare on WhatsAppSend via GMailSend via E-Mail,83,Houses_Peshawar,2026-08-10,https://www.zameen.com/Property/peshawar_dha_defence_5_marla_designer_house_-_aaa_rating-54455336-9050-1.html
House In Sector A For Sale (Prime Location),PKR 6.6 Crore,66000000,7,6,1 Kanal,4500.0,14666,House,False,1,hot1Share on FacebookShare on TwitterShare on WhatsAppSend via GMailSend via E-Mail,83,Houses_Peshawar,2026-08-10,https://www.zameen.com/Property/dha_phase_1_dha_phase_1_-_sector_a_house_in_sector_a_for_sale_prime_location-54340944-12292-1.html
Stunning Prime Location 5 Marla House In Arbab Sabz Ali Khan Town Executive Lodges Available,PKR 2.8 Crore,28000000,6,6,5 Marla,1125.0,24888,House,False,22,22VerifiedShare on FacebookShare on TwitterShare on WhatsAppSend via GMailSend via E-Mail,89,Houses_Peshawar,2026-08-10,https://www.zameen.com/Property/arbab_sabz_ali_khan_town_arbab_sabz_ali_khan_town_executive_lodges_stunning_prime_location_5_marla_house_in_arbab_sabz_ali_khan_town_executive_lodges_available-54576628-10382-1.html
Prime Location 3 Marla Spacious House Is Available In Warsak Road For Sale,PKR 95 Lakh,9500000,6,6,3 Marla,675.0,14074,House,False,21,21VerifiedShare on FacebookShare on TwitterShare on WhatsAppSend via GMailSend via E-Mail,89,Houses_Peshawar,2026-08-10,https://www.zameen.com/Property/peshawar_warsak_road_prime_location_3_marla_spacious_house_is_available_in_warsak_road_for_sale-53326851-1000-1.html
This Is Your Chance To Buy Prime Location House In Sufiyan Garden Peshawar,PKR 4 Crore,40000000,6,6,10 Marla,2250.0,17777,House,False,39,39VerifiedShare on FacebookShare on TwitterShare on WhatsAppSend via GMailSend via E-Mail,89,Houses_Peshawar,2026-08-10,https://www.zameen.com/Property/warsak_road_sufiyan_garden_this_is_your_chance_to_buy_prime_location_house_in_sufiyan_garden_peshawar-54166187-19313-1.html
"Ideal Prime Location 5 Marla House has landed on market in Arbab Sabz Ali Khan Town Executive Lodges, Peshawar",PKR 2.3 Crore,23000000,5,5,5 Marla,1125.0,20444,House,False,35,35VerifiedShare on FacebookShare on TwitterShare on WhatsAppSend via GMailSend via E-Mail,89,Houses_Peshawar,2026-08-10,https://www.zameen.com/Property/arbab_sabz_ali_khan_town_arbab_sabz_ali_khan_town_executive_lodges_ideal_prime_location_5_marla_house_has_landed_on_market_in_arbab_sabz_ali_khan_town_executive_lodges_peshawar-54247887-10382-1.html
Prime Location House Of 5 Marla For Sale In Arbab Sabz Ali Khan Town Executive Lodges,PKR 2.2 Crore,22000000,5,5,5 Marla,1125.0,19555,House,False,19,19VerifiedShare on FacebookShare on TwitterShare on WhatsAppSend via GMailSend via E-Mail,89,Houses_Peshawar,2026-08-10,https://www.zameen.com/Property/arbab_sabz_ali_khan_town_arbab_sabz_ali_khan_town_executive_lodges_prime_location_house_of_5_marla_for_sale_in_arbab_sabz_ali_khan_town_executive_lodges-54267440-10382-1.html
Idyllic Prime Location House Available In Arbab Sabz Ali Khan Town Executive Lodges For sale,PKR 3.6 Crore,36000000,7,,7 Marla,1575.0,22857,House,False,33,33VerifiedShare on FacebookShare on TwitterShare on WhatsAppSend via GMailSend via E-Mail,89,Houses_Peshawar,2026-08-10,https://www.zameen.com/Property/arbab_sabz_ali_khan_town_arbab_sabz_ali_khan_town_executive_lodges_idyllic_prime_location_house_available_in_arbab_sabz_ali_khan_town_executive_lodges_for_sale-54334769-10382-1.html
A Prime Location House Of 5 Marla In Arbab Sabz Ali Khan Town Executive Lodges,PKR 2.7 Crore,27000000,8,,5 Marla,1125.0,24000,House,False,34,34VerifiedShare on FacebookShare on TwitterShare on WhatsAppSend via GMailSend via E-Mail,89,Houses_Peshawar,2026-08-10,https://www.zameen.com/Property/arbab_sabz_ali_khan_town_arbab_sabz_ali_khan_town_executive_lodges_a_prime_location_house_of_5_marla_in_arbab_sabz_ali_khan_town_executive_lodges-54353325-10382-1.html
Prime Location 4 Marla House For Sale In Arbab Sabz Ali Khan Town Peshawar In Only Rs. 16000000,PKR 1.6 Crore,16000000,6,6,4 Marla,900.0,17777,House,False,21,21VerifiedShare on FacebookShare on TwitterShare on WhatsAppSend via GMailSend via E-Mail,89,Houses_Peshawar,2026-08-10,https://www.zameen.com/Property/warsak_road_arbab_sabz_ali_khan_town_prime_location_4_marla_house_for_sale_in_arbab_sabz_ali_khan_town_peshawar_in_only_rs_16000000-54353326-10222-1.html
Well-Constructed Grey Structure House Available For Sale In Arbab Sabz Ali Khan Town Executive Lodges,PKR 1.5 Crore,15000000,6,6,5 Marla,1125.0,13333,House,False,13,13VerifiedShare on FacebookShare on TwitterShare on WhatsAppSend via GMailSend via E-Mail,89,Houses_Peshawar,2026-08-10,https://www.zameen.com/Property/arbab_sabz_ali_khan_town_arbab_sabz_ali_khan_town_executive_lodges_well-constructed_grey_structure_house_available_for_sale_in_arbab_sabz_ali_khan_town_executive_lodges-54373188-10382-1.html
Prime Location House For Grabs In 5 Marla Peshawar,PKR 2.4 Crore,24000000,5,6,5 Marla,1125.0,21333,House,False,41,41VerifiedShare on FacebookShare on TwitterShare on WhatsAppSend via GMailSend via E-Mail,89,Houses_Peshawar,2026-08-10,https://www.zameen.com/Property/warsak_road_green_cottages_prime_location_house_for_grabs_in_5_marla_peshawar-54379520-11933-1.html
Book A Prime Location House Of 7 Marla In Arbab Sabz Ali Khan Town Executive Lodges Peshawar,PKR 3.5 Crore,35000000,6,,7 Marla,1575.0,22222,House,False,41,41VerifiedShare on FacebookShare on TwitterShare on WhatsAppSend via GMailSend via E-Mail,89,Houses_Peshawar,2026-08-10,https://www.zameen.com/Property/arbab_sabz_ali_khan_town_arbab_sabz_ali_khan_town_executive_lodges_book_a_prime_location_house_of_7_marla_in_arbab_sabz_ali_khan_town_executive_lodges_peshawar-54391888-10382-1.html
Prime Location 5 Marla House Situated In Arbab Sabz Ali Khan Town Executive Lodges For Sale,PKR 2.4 Crore,24000000,6,6,5.2 Marla,1170.0,20512,House,False,33,33VerifiedShare on FacebookShare on TwitterShare on WhatsAppSend via GMailSend via E-Mail,89,Houses_Peshawar,2026-08-10,https://www.zameen.com/Property/arbab_sabz_ali_khan_town_arbab_sabz_ali_khan_town_executive_lodges_prime_location_5_marla_house_situated_in_arbab_sabz_ali_khan_town_executive_lodges_for_sale-54406948-10382-1.html
Prime Location House For sale Situated In Sufiyan Garden,PKR 2.4 Crore,24000000,6,6,5 Marla,1125.0,21333,House,False,34,34VerifiedShare on FacebookShare on TwitterShare on WhatsAppSend via GMailSend via E-Mail,89,Houses_Peshawar,2026-08-10,https://www.zameen.com/Property/warsak_road_sufiyan_garden_prime_location_house_for_sale_situated_in_sufiyan_garden-54406949-19313-1.html
Looking For A Prime Location House In Peshawar,PKR 5.2 Crore,52000000,7,,1 Kanal,4500.0,11555,House,False,49,49VerifiedShare on FacebookShare on TwitterShare on WhatsAppSend via GMailSend via E-Mail,89,Houses_Peshawar,2026-08-10,https://www.zameen.com/Property/warsak_road_shaheen_housing_scheme_looking_for_a_prime_location_house_in_peshawar-54426782-11473-1.html
A Prime Location 5 Marla House Has Landed On Market In Arbab Sabz Ali Khan Town Executive Lodges Of Peshawar,PKR 2.85 Crore,28500000,8,,5 Marla,1125.0,25333,House,False,37,37VerifiedShare on FacebookShare on TwitterShare on WhatsAppSend via GMailSend via E-Mail,89,Houses_Peshawar,2026-08-10,https://www.zameen.com/Property/arbab_sabz_ali_khan_town_arbab_sabz_ali_khan_town_executive_lodges_a_prime_location_5_marla_house_has_landed_on_market_in_arbab_sabz_ali_khan_town_executive_lodges_of_peshawar-54445224-10382-1.html
Prime Location House For Sale Is Readily Available In Prime Location Of Sudais Villas,PKR 1.2 Crore,12000000,4,4,3 Marla,675.0,17777,House,False,33,33VerifiedShare on FacebookShare on TwitterShare on WhatsAppSend via GMailSend via E-Mail,89,Houses_Peshawar,2026-08-10,https://www.zameen.com/Property/warsak_road_sudais_villas_prime_location_house_for_sale_is_readily_available_in_prime_location_of_sudais_villas-54445226-18406-1.html
Prime Location House Of 4 Marla Is Available For Sale,PKR 2.6 Crore,26000000,5,5,4 Marla,900.0,28888,House,False,32,32VerifiedShare on FacebookShare on TwitterShare on WhatsAppSend via GMailSend via E-Mail,89,Houses_Peshawar,2026-08-10,https://www.zameen.com/Property/arbab_sabz_ali_khan_town_arbab_sabz_ali_khan_town_executive_lodges_prime_location_house_of_4_marla_is_available_for_sale-54456472-10382-1.html
"Corner In Green Cottages Of Peshawar, A 5 Marla House Is Available",PKR 2.5 Crore,25000000,5,5,5 Marla,1125.0,22222,House,False,35,35VerifiedShare on FacebookShare on TwitterShare on WhatsAppSend via GMailSend via E-Mail,89,Houses_Peshawar,2026-08-10,https://www.zameen.com/Property/warsak_road_green_cottages_corner_in_green_cottages_of_peshawar_a_5_marla_house_is_available-54465274-11933-1.html
Prime Location 5 Marla House Is Available For Sale,PKR 1.6 Crore,16000000,8,,5 Marla,1125.0,14222,House,False,31,31VerifiedShare on FacebookShare on TwitterShare on WhatsAppSend via GMailSend via E-Mail,89,Houses_Peshawar,2026-08-10,https://www.zameen.com/Property/warsak_michini_road_al_massa_town_prime_location_5_marla_house_is_available_for_sale-54465275-16506-1.html
Perfect Prime Location 5 Marla House In Arbab Sabz Ali Khan Town Executive Lodges For sale,PKR 2.85 Crore,28500000,7,,5 Marla,1125.0,25333,House,False,35,35VerifiedShare on FacebookShare on TwitterShare on WhatsAppSend via GMailSend via E-Mail,89,Houses_Peshawar,2026-08-10,https://www.zameen.com/Property/arbab_sabz_ali_khan_town_arbab_sabz_ali_khan_town_executive_lodges_perfect_prime_location_5_marla_house_in_arbab_sabz_ali_khan_town_executive_lodges_for_sale-54487691-10382-1.html
"Prime Location In Sudais Villas Of Peshawar, A 3 Marla House Is Available",PKR 1.4 Crore,14000000,4,4,3.5 Marla,787.5,17777,House,False,26,26VerifiedShare on FacebookShare on TwitterShare on WhatsAppSend via GMailSend via E-Mail,89,Houses_Peshawar,2026-08-10,https://www.zameen.com/Property/warsak_road_sudais_villas_prime_location_in_sudais_villas_of_peshawar_a_3_marla_house_is_available-54487692-18406-1.html
A Prime Location 5 Marla House Located In Sufiyan Garden Is Available For sale,PKR 2.1 Crore,21000000,5,5,5 Marla,1125.0,18666,House,False,29,29VerifiedShare on FacebookShare on TwitterShare on WhatsAppSend via GMailSend via E-Mail,89,Houses_Peshawar,2026-08-10,https://www.zameen.com/Property/warsak_road_sufiyan_garden_a_prime_location_5_marla_house_located_in_sufiyan_garden_is_available_for_sale-54507836-19313-1.html
Prominently-Located Prime Location 5 Marla House Available In Arbab Sabz Ali Khan Town Executive Lodges,PKR 2.2 Crore,22000000,6,6,5 Marla,1125.0,19555,House,False,39,39VerifiedShare on FacebookShare on TwitterShare on WhatsAppSend via GMailSend via E-Mail,89,Houses_Peshawar,2026-08-10,https://www.zameen.com/Property/arbab_sabz_ali_khan_town_arbab_sabz_ali_khan_town_executive_lodges_prominently-located_prime_location_5_marla_house_available_in_arbab_sabz_ali_khan_town_executive_lodges-54513255-10382-1.html
Prime Location 5 Marla House For sale In Sudais Villas,PKR 2 Crore,20000000,6,6,5 Marla,1125.0,17777,House,False,39,39VerifiedShare on FacebookShare on TwitterShare on WhatsAppSend via GMailSend via E-Mail,89,Houses_Peshawar,2026-08-10,https://www.zameen.com/Property/warsak_road_sudais_villas_prime_location_5_marla_house_for_sale_in_sudais_villas-54520913-18406-1.html
Affordable Prime Location House Available For Sale In Sudais Villas,PKR 2 Crore,20000000,6,6,5 Marla,1125.0,17777,House,False,37,37VerifiedShare on FacebookShare on TwitterShare on WhatsAppSend via GMailSend via E-Mail,89,Houses_Peshawar,2026-08-10,https://www.zameen.com/Property/warsak_road_sudais_villas_affordable_prime_location_house_available_for_sale_in_sudais_villas-54527176-18406-1.html
Prime Location House Is Available For Sale In Sudais Villas,PKR 1.5 Crore,15000000,5,5,3.4 Marla,765.0,19607,House,False,36,36VerifiedShare on FacebookShare on TwitterShare on WhatsAppSend via GMailSend via E-Mail,89,Houses_Peshawar,2026-08-10,https://www.zameen.com/Property/warsak_road_sudais_villas_prime_location_house_is_available_for_sale_in_sudais_villas-54530758-18406-1.html
Prime Location House Of 5 Marla Is Available For Sale,PKR 1.8 Crore,18000000,6,6,5 Marla,1125.0,16000,House,False,30,30VerifiedShare on FacebookShare on TwitterShare on WhatsAppSend via GMailSend via E-Mail,89,Houses_Peshawar,2026-08-10,https://www.zameen.com/Property/warsak_road_sufiyan_garden_prime_location_house_of_5_marla_is_available_for_sale-54535997-19313-1.html
Prime Location 5 Marla House In Basit Ali Shaheed Colony For Sale,PKR 2.2 Crore,22000000,6,6,5 Marla,1125.0,19555,House,False,35,35VerifiedShare on FacebookShare on TwitterShare on WhatsAppSend via GMailSend via E-Mail,89,Houses_Peshawar,2026-08-10,https://www.zameen.com/Property/warsak_road_basit_ali_shaheed_colony_prime_location_5_marla_house_in_basit_ali_shaheed_colony_for_sale-54546000-19312-1.html
Perfect Prime Location 2.5 Marla House In Green Cottages For Sale,PKR 1.4 Crore,14000000,4,4,2.5 Marla,562.5,24888,House,False,26,26VerifiedShare on FacebookShare on TwitterShare on WhatsAppSend via GMailSend via E-Mail,89,Houses_Peshawar,2026-08-10,https://www.zameen.com/Property/warsak_road_green_cottages_perfect_prime_location_2_5_marla_house_in_green_cottages_for_sale-54556954-11933-1.html
Buy A 5 Marla House For sale In Hayatabad Phase 6,PKR 2.75 Crore,27500000,7,5,5 Marla,1125.0,24444,House,False,10,10Share on FacebookShare on TwitterShare on WhatsAppSend via GMailSend via E-Mail,81,Houses_Peshawar,2026-08-10,https://www.zameen.com/Property/hayatabad_hayatabad_phase_6_buy_a_5_marla_house_for_sale_in_hayatabad_phase_6-54423943-7627-1.html
5 Marla Low Budget House For Sale In HAYATABAD Phase 3,PKR 2.4 Crore,24000000,4,4,5 Marla,1125.0,21333,House,False,1,1Share on FacebookShare on TwitterShare on WhatsAppSend via GMailSend via E-Mail,80,Houses_Peshawar,2026-08-10,https://www.zameen.com/Property/hayatabad_hayatabad_phase_3_5_marla_low_budget_house_for_sale_in_hayatabad_phase_3-54383012-7617-1.html
5 Marla Low Budget House For Sale In HAYATABAD,PKR 2.4 Crore,24000000,4,4,5 Marla,1125.0,21333,House,False,1,1Share on FacebookShare on TwitterShare on WhatsAppSend via GMailSend via E-Mail,80,Houses_Peshawar,2026-08-10,https://www.zameen.com/Property/hayatabad_hayatabad_phase_3_5_marla_low_budget_house_for_sale_in_hayatabad-54383010-7617-1.html
5 Marla House For Sale In HAYATABAD Phase 7,PKR 3 Crore,30000000,8,6,5 Marla,1125.0,26666,House,False,1,1Share on FacebookShare on TwitterShare on WhatsAppSend via GMailSend via E-Mail,80,Houses_Peshawar,2026-08-10,https://www.zameen.com/Property/hayatabad_phase_7_hayatabad_phase_7_-_e5_5_marla_house_for_sale_in_hayatabad_phase_7-54437209-13218-1.html
"5 Marla House Available For Sale Phase 1, Sector D4, Hayatabad, Peshawar",PKR 2.35 Crore,23500000,6,4,5 Marla,1125.0,20888,House,False,1,1Share on FacebookShare on TwitterShare on WhatsAppSend via GMailSend via E-Mail,80,Houses_Peshawar,2026-08-10,https://www.zameen.com/Property/hayatabad_hayatabad_phase_1_5_marla_house_available_for_sale_phase_1_sector_d4_hayatabad_peshawar-54519785-7597-1.html
"1 Kanal Luxury House For Sale Phase 2, Sector J1, Hayatabad, Peshawar",PKR 12 Crore,120000000,10,,1 Kanal,4500.0,26666,House,False,1,1Share on FacebookShare on TwitterShare on WhatsAppSend via GMailSend via E-Mail,80,Houses_Peshawar,2026-08-10,https://www.zameen.com/Property/hayatabad_hayatabad_phase_2_1_kanal_luxury_house_for_sale_phase_2_sector_j1_hayatabad_peshawar-54506599-7602-1.html
"5 Marla House Available For Sale Phase 1, Sector D4, Hayatabad, Peshawar",PKR 2.8 Crore,28000000,6,6,5 Marla,1125.0,24888,House,False,1,1Share on FacebookShare on TwitterShare on WhatsAppSend via GMailSend via E-Mail,80,Houses_Peshawar,2026-08-10,https://www.zameen.com/Property/hayatabad_hayatabad_phase_1_5_marla_house_available_for_sale_phase_1_sector_d4_hayatabad_peshawar-54519794-7597-1.html
"5 Marla House Available For Sale Phase 1, Sector D4, Hayatabad, Peshawar",PKR 3.4 Crore,34000000,8,,5 Marla,1125.0,30222,House,False,1,1Share on FacebookShare on TwitterShare on WhatsAppSend via GMailSend via E-Mail,80,Houses_Peshawar,2026-08-10,https://www.zameen.com/Property/hayatabad_phase_1_hayatabad_phase_1_-_d4_5_marla_house_available_for_sale_phase_1_sector_d4_hayatabad_peshawar-54519832-15037-1.html
SECTOR PRISM | PRIME LOCATION 1 KANAL FRESH HOUSE FOR SALE,PKR 7 Crore,70000000,11,7,1 Kanal,4500.0,15555,House,True,5,5Share on FacebookShare on TwitterShare on WhatsAppSend via GMailSend via E-Mail,80,Houses_Peshawar,2026-08-10,https://www.zameen.com/Property/dha_defence_dha_defence_-_sector_prism_sector_prism_prime_location_1_kanal_fresh_house_for_sale-54440139-19286-1.html
Near To Mosque & Park,PKR 2.3 Crore,23000000,8,6,3 Marla,675.0,34074,Unknown,False,,Share on FacebookShare on TwitterShare on WhatsAppSend via GMailSend via E-Mail,79,Houses_Peshawar,2026-08-10,https://www.zameen.com/Property/hayatabad_hayatabad_phase_6_near_to_mosque_park-54574638-7627-1.html
5 Marla House ( Old Bara Road ) New Construction,PKR 3 Crore,30000000,5,5,5 Marla,1125.0,26666,House,False,,Share on FacebookShare on TwitterShare on WhatsAppSend via GMailSend via E-Mail,79,Houses_Peshawar,2026-08-10,https://www.zameen.com/Property/peshawar_university_town_5_marla_house_old_bara_road_new_construction-54490819-1437-1.html
1 Kanal Solid House For Sale,PKR 7.5 Crore,75000000,6,6,1 Kanal,4500.0,16666,House,False,23,23Share on FacebookShare on TwitterShare on WhatsAppSend via GMailSend via E-Mail,81,Houses_Peshawar,2026-08-10,https://www.zameen.com/Property/hayatabad_phase_2_hayatabad_phase_2_-_j1_1_kanal_solid_house_for_sale-52204974-7611-1.html
10 Marla Good Condition Full Basement House For Sale,PKR 5.8 Crore,58000000,9,6,10 Marla,2250.0,25777,House,True,14,14Share on FacebookShare on TwitterShare on WhatsAppSend via GMailSend via E-Mail,81,Houses_Peshawar,2026-08-10,https://www.zameen.com/Property/hayatabad_phase_6_hayatabad_phase_6_-_f10_10_marla_good_condition_full_basement_house_for_sale-54450821-15038-1.html
12 Marla Beautiful House For Sale,PKR 5.3 Crore,53000000,5,6,12 Marla,2700.0,19629,House,False,19,19Share on FacebookShare on TwitterShare on WhatsAppSend via GMailSend via E-Mail,81,Houses_Peshawar,2026-08-10,https://www.zameen.com/Property/peshawar_askari_6_12_marla_beautiful_house_for_sale-52591370-9275-1.html
1 Kanal House For Sale In Hayatabad,PKR 7.5 Crore,75000000,,6,1 Kanal,4500.0,16666,House,False,8,8Share on FacebookShare on TwitterShare on WhatsAppSend via GMailSend via E-Mail,80,Houses_Peshawar,2026-08-10,https://www.zameen.com/Property/hayatabad_phase_2_hayatabad_phase_2_-_j1_1_kanal_house_for_sale_in_hayatabad-54565206-7611-1.html
NEW SHAMI ROAD NEW HOUSE FOR SALE,PKR 26 Crore,260000000,8,6,1.6 Kanal,7200.0,36111,House,False,10,10Share on FacebookShare on TwitterShare on WhatsAppSend via GMailSend via E-Mail,81,Houses_Peshawar,2026-08-10,https://www.zameen.com/Property/peshawar_shami_road_new_shami_road_new_house_for_sale-53270547-998-1.html
It Is A Very Beautiful And Good Environment With Good Security It Is On New Shami Road House For Sale,PKR 11.05 Crore,110500000,6,6,1 Kanal,4500.0,24555,House,False,6,6Share on FacebookShare on TwitterShare on WhatsAppSend via GMailSend via E-Mail,80,Houses_Peshawar,2026-08-10,https://www.zameen.com/Property/peshawar_shami_road_it_is_a_very_beautiful_and_good_environment_with_good_security_it_is_on_new_shami_road_house_for_sale-54357351-998-1.html
10 Marla Owner Made House For Sale On Investor Rate,PKR 3.8 Crore,38000000,7,6,10 Marla,2250.0,16888,House,False,17,17Share on FacebookShare on TwitterShare on WhatsAppSend via GMailSend via E-Mail,81,Houses_Peshawar,2026-08-10,https://www.zameen.com/Property/warsak_road_sufiyan_garden_10_marla_owner_made_house_for_sale_on_investor_rate-53913974-19313-1.html
12 Marla Corner House Having 4 Bedrooms Attach Bath 2 Kitchen 2 Tv Lunch 3 Carpurch,PKR 3.5 Crore,35000000,3,3,12 Marla,2700.0,12962,House,False,17,17Share on FacebookShare on TwitterShare on WhatsAppSend via GMailSend via E-Mail,81,Houses_Peshawar,2026-08-10,https://www.zameen.com/Property/warsak_road_sudais_villas_12_marla_corner_house_having_4_bedrooms_attach_bath_2_kitchen_2_tv_lunch_3_carpurch-53393295-18406-1.html
Prime Location 13 Marla House Is Available For Sale,PKR 3.2 Crore,32000000,8,6,15.6 Marla,3510.0,9116,House,False,10,10Share on FacebookShare on TwitterShare on WhatsAppSend via GMailSend via E-Mail,81,Houses_Peshawar,2026-08-10,https://www.zameen.com/Property/peshawar_wapda_town_prime_location_13_marla_house_is_available_for_sale-54563640-398-1.html
10 Marla Brand New House For Sale In RMT Zone 4 Prime Location,PKR 4.8 Crore,48000000,10,,10 Marla,2250.0,21333,House,False,30,30Share on FacebookShare on TwitterShare on WhatsAppSend via GMailSend via E-Mail,81,Houses_Peshawar,2026-08-10,https://www.zameen.com/Property/peshawar_regi_model_town_10_marla_brand_new_house_for_sale_in_rmt_zone_4_prime_location-53591251-7660-1.html
05 Marla Modern House Available For Sale  On Sheikh Yaseen Town Phase-1,PKR 1.95 Crore,19500000,8,6,5 Marla,1125.0,17333,House,False,5,5Share on FacebookShare on TwitterShare on WhatsAppSend via GMailSend via E-Mail,80,Houses_Peshawar,2026-08-10,https://www.zameen.com/Property/nasir_bagh_road_sheikh_yaseen_town_05_marla_modern_house_available_for_sale_on_sheikh_yaseen_town_phase-1-54283688-13024-1.html
05 Marla Corner House In Jahanzeb Town Tajabad Front Of Mall Of Hayatabad,PKR 2.8 Crore,28000000,8,,5 Marla,1125.0,24888,House,False,8,8Share on FacebookShare on TwitterShare on WhatsAppSend via GMailSend via E-Mail,80,Houses_Peshawar,2026-08-10,https://www.zameen.com/Property/peshawar_tajabad_05_marla_corner_house_in_jahanzeb_town_tajabad_front_of_mall_of_hayatabad-54381211-7671-1.html
Hayatabad Phase 3 Sector K4 10 Marla House Available For Sale,PKR 8.5 Crore,85000000,10,,10 Marla,2250.0,37777,House,False,21,21Share on FacebookShare on TwitterShare on WhatsAppSend via GMailSend via E-Mail,81,Houses_Peshawar,2026-08-10,https://www.zameen.com/Property/hayatabad_phase_3_hayatabad_phase_3_-_k4_hayatabad_phase_3_sector_k4_10_marla_house_available_for_sale-54569421-7621-1.html
32 Marla House For Sale Defence Peshawar,PKR 21 Crore,210000000,7,6,1.6 Kanal,7200.0,29166,House,False,7,7Share on FacebookShare on TwitterShare on WhatsAppSend via GMailSend via E-Mail,80,Houses_Peshawar,2026-08-10,https://www.zameen.com/Property/peshawar_defence_officer_colony_32_marla_house_for_sale_defence_peshawar-54568560-392-1.html
10 Marla House Bashair Abad Zaryaab Colony Warsak Road Peshawar 10 Bedrooms Attached Bath,PKR 4.8 Crore,48000000,4,4,10 Marla,2250.0,21333,House,False,7,7Share on FacebookShare on TwitterShare on WhatsAppSend via GMailSend via E-Mail,80,Houses_Peshawar,2026-08-10,https://www.zameen.com/Property/peshawar_zaryab_colony_10_marla_house_bashair_abad_zaryaab_colony_warsak_road_peshawar_10_bedrooms_attached_bath-54568518-1038-1.html
500 Yards House For Sale Shaheen Housing Scheme Warsak Road Peshawar,PKR 5 Crore,50000000,7,6,1 Kanal,4500.0,11111,House,False,14,14Share on FacebookShare on TwitterShare on WhatsAppSend via GMailSend via E-Mail,81,Houses_Peshawar,2026-08-10,https://www.zameen.com/Property/warsak_road_shaheen_housing_scheme_500_yards_house_for_sale_shaheen_housing_scheme_warsak_road_peshawar-54568458-11473-1.html
10 Marla House For Sale Warsak Road Peshawar Sudias Villas,PKR 3.8 Crore,38000000,6,6,10 Marla,2250.0,16888,House,False,11,11Share on FacebookShare on TwitterShare on WhatsAppSend via GMailSend via E-Mail,81,Houses_Peshawar,2026-08-10,https://www.zameen.com/Property/peshawar_warsak_road_10_marla_house_for_sale_warsak_road_peshawar_sudias_villas-54568438-1000-1.html
5 Marla Full Besmant House For Sale Executive Lodges Town Warsak Road Peshawar,PKR 2.8 Crore,28000000,6,6,5 Marla,1125.0,24888,House,False,18,18Share on FacebookShare on TwitterShare on WhatsAppSend via GMailSend via E-Mail,81,Houses_Peshawar,2026-08-10,https://www.zameen.com/Property/arbab_sabz_ali_khan_town_arbab_sabz_ali_khan_town_executive_lodges_5_marla_full_besmant_house_for_sale_executive_lodges_town_warsak_road_peshawar-54568401-10382-1.html
10 Marla Most Beautiful Furnished House For Sale In Sufian Garden,PKR 4.5 Crore,45000000,6,6,10 Marla,2250.0,20000,House,False,15,15Share on FacebookShare on TwitterShare on WhatsAppSend via GMailSend via E-Mail,81,Houses_Peshawar,2026-08-10,https://www.zameen.com/Property/warsak_road_sufiyan_garden_10_marla_most_beautiful_furnished_house_for_sale_in_sufian_garden-53622502-19313-1.html
5marle Fresh House For Sale,PKR 2.3 Crore,23000000,5,5,5 Marla,1125.0,20444,House,False,10,10Share on FacebookShare on TwitterShare on WhatsAppSend via GMailSend via E-Mail,81,Houses_Peshawar,2026-08-10,https://www.zameen.com/Property/peshawar_warsak_road_5marle_fresh_house_for_sale-54562885-1000-1.html
2.5 Marle House For Sale,PKR 1.45 Crore,14500000,4,4,2.5 Marla,562.5,25777,House,False,10,10Share on FacebookShare on TwitterShare on WhatsAppSend via GMailSend via E-Mail,81,Houses_Peshawar,2026-08-10,https://www.zameen.com/Property/peshawar_warsak_road_2_5_marle_house_for_sale-54562852-1000-1.html
Ideal House For Sale In Askari 5,PKR 6.8 Crore,68000000,4,4,10 Marla,2250.0,30222,House,False,5,5Share on FacebookShare on TwitterShare on WhatsAppSend via GMailSend via E-Mail,80,Houses_Peshawar,2026-08-10,https://www.zameen.com/Property/peshawar_askari_5_ideal_house_for_sale_in_askari_5-52531671-8564-1.html
05 Marla Modern House For Sale In Sheikh Yaseen Town Phase-1 On Main Double Road,PKR 1.95 Crore,19500000,8,,5 Marla,1125.0,17333,House,False,3,3Share on FacebookShare on TwitterShare on WhatsAppSend via GMailSend via E-Mail,80,Houses_Peshawar,2026-08-10,https://www.zameen.com/Property/nasir_bagh_road_sheikh_yaseen_town_05_marla_modern_house_for_sale_in_sheikh_yaseen_town_phase-1_on_main_double_road-54288971-13024-1.html
Ring Road Near HBK Shopping Mall Near Tajabad Near Peshawar Model School,PKR 2.2 Crore,22000000,6,6,15 Marla,3375.0,6518,Commercial,False,18,18Share on FacebookShare on TwitterShare on WhatsAppSend via GMailSend via E-Mail,81,Houses_Peshawar,2026-08-10,https://www.zameen.com/Property/peshawar_ring_road_ring_road_near_hbk_shopping_mall_near_tajabad_near_peshawar_model_school-54335704-997-1.html
10 MARLA HOUSE 1 YEAR CONSTRUCTION INSTALLMENTS PLAN,PKR 2.4 Crore,24000000,,,10 Marla,2250.0,10666,House,False,4,4Share on FacebookShare on TwitterShare on WhatsAppSend via GMailSend via E-Mail,80,Houses_Peshawar,2026-08-10,https://www.zameen.com/Property/peshawar_regi_model_town_10_marla_house_1_year_construction_installments_plan-54315133-7660-1.html
05 MARLA HOUSE CONSTRUCTION INSTALLMENTS PLAN,PKR 1.4 Crore,14000000,,,5 Marla,1125.0,12444,House,False,4,4Share on FacebookShare on TwitterShare on WhatsAppSend via GMailSend via E-Mail,80,Houses_Peshawar,2026-08-10,https://www.zameen.com/Property/peshawar_regi_model_town_05_marla_house_construction_installments_plan-54319841-7660-1.html
10 Marla House For Sale Executive Lodges Town Warsak Road Peshawar,PKR 4.5 Crore,45000000,6,6,10 Marla,2250.0,20000,House,False,12,12Share on FacebookShare on TwitterShare on WhatsAppSend via GMailSend via E-Mail,81,Houses_Peshawar,2026-08-10,https://www.zameen.com/Property/arbab_sabz_ali_khan_town_arbab_sabz_ali_khan_town_executive_lodges_10_marla_house_for_sale_executive_lodges_town_warsak_road_peshawar-53140256-10382-1.html
3 Marla House For Sale Warsak Road Peshawar,PKR 1.2 Crore,12000000,4,4,3 Marla,675.0,17777,House,False,2,2Share on FacebookShare on TwitterShare on WhatsAppSend via GMailSend via E-Mail,80,Houses_Peshawar,2026-08-10,https://www.zameen.com/Property/warsak_road_sudais_villas_3_marla_house_for_sale_warsak_road_peshawar-54568498-18406-1.html
Prime Location 10 Marla House Is Available In Affordable Price In Defence Officer Colony,PKR 3.5 Crore,35000000,5,5,10 Marla,2250.0,15555,House,False,20,20Share on FacebookShare on TwitterShare on WhatsAppSend via GMailSend via E-Mail,81,Houses_Peshawar,2026-08-10,https://www.zameen.com/Property/peshawar_defence_officer_colony_prime_location_10_marla_house_is_available_in_affordable_price_in_defence_officer_colony-54543968-392-1.html
10 Marla House For Sale In Regi Model Town,PKR 5 Crore,50000000,,,10 Marla,2250.0,22222,House,False,1,1Share on FacebookShare on TwitterShare on WhatsAppSend via GMailSend via E-Mail,80,Houses_Peshawar,2026-08-10,https://www.zameen.com/Property/peshawar_regi_model_town_10_marla_house_for_sale_in_regi_model_town-54365446-7660-1.html
05 MARLA HOUSE INSTALLMENT PAYMENT PLAN,PKR 3 Crore,30000000,,,5 Marla,1125.0,26666,House,False,,Share on FacebookShare on TwitterShare on WhatsAppSend via GMailSend via E-Mail,79,Houses_Peshawar,2026-08-10,https://www.zameen.com/Property/peshawar_regi_model_town_05_marla_house_installment_payment_plan-54391626-7660-1.html
05 MARLA VIP LOCATION HOUSE AVAILABLE ON EASY INSTALLMENTS IN REGI MODEL TOWN PESHAWAR,PKR 3 Crore,30000000,,,5 Marla,1125.0,26666,House,False,,Share on FacebookShare on TwitterShare on WhatsAppSend via GMailSend via E-Mail,79,Houses_Peshawar,2026-08-10,https://www.zameen.com/Property/peshawar_regi_model_town_05_marla_vip_location_house_available_on_easy_installments_in_regi_model_town_peshawar-54452944-7660-1.html
10 Marla House Construction On Easy Installments,PKR 2.4 Crore,24000000,,,10 Marla,2250.0,10666,House,False,2,2Share on FacebookShare on TwitterShare on WhatsAppSend via GMailSend via E-Mail,80,Houses_Peshawar,2026-08-10,https://www.zameen.com/Property/peshawar_regi_model_town_10_marla_house_construction_on_easy_installments-54310559-7660-1.html
05 MARLA HOUSE CONSTRUCTION INSTALLMENTS PAYMENT PLAN,PKR 1.3 Crore,13000000,,,5 Marla,1125.0,11555,House,False,3,3Share on FacebookShare on TwitterShare on WhatsAppSend via GMailSend via E-Mail,80,Houses_Peshawar,2026-08-10,https://www.zameen.com/Property/peshawar_regi_model_town_05_marla_house_construction_installments_payment_plan-54329360-7660-1.html
10 MARLA GOOD LOCATION HOUSE AVAILABLE ON EASY INSTALLMENTS IN REGI MODEL TOWN PESHAWAR,PKR 4.8 Crore,48000000,,,10 Marla,2250.0,21333,House,False,,Share on FacebookShare on TwitterShare on WhatsAppSend via GMailSend via E-Mail,79,Houses_Peshawar,2026-08-10,https://www.zameen.com/Property/peshawar_regi_model_town_10_marla_good_location_house_available_on_easy_installments_in_regi_model_town_peshawar-54452996-7660-1.html
10 Marla Luxury House For Sale In RMT Zone 3,PKR 5.1 Crore,51000000,10,,10 Marla,2250.0,22666,House,False,34,34Share on FacebookShare on TwitterShare on WhatsAppSend via GMailSend via E-Mail,81,Houses_Peshawar,2026-08-10,https://www.zameen.com/Property/regi_model_town_regi_model_town_phase_3_10_marla_luxury_house_for_sale_in_rmt_zone_3-53609337-17013-1.html
05 Marla Grey Structure House For Sale In Regi Model Town Zone-3 / Sector-D2 South Open Near To Park,PKR 2.2 Crore,22000000,8,,5 Marla,1125.0,19555,House,False,6,6Share on FacebookShare on TwitterShare on WhatsAppSend via GMailSend via E-Mail,80,Houses_Peshawar,2026-08-10,https://www.zameen.com/Property/peshawar_regi_model_town_05_marla_grey_structure_house_for_sale_in_regi_model_town_zone-3_sector-d2_south_open_near_to_park-54288929-7660-1.html
05 Marla House Construction Installments Plan,PKR 1.4 Crore,14000000,,,5 Marla,1125.0,12444,House,False,1,1Share on FacebookShare on TwitterShare on WhatsAppSend via GMailSend via E-Mail,80,Houses_Peshawar,2026-08-10,https://www.zameen.com/Property/peshawar_regi_model_town_05_marla_house_construction_installments_plan-54310739-7660-1.html
05 Marla House Construction Installments Plan For Sale,PKR 1.4 Crore,14000000,,,5 Marla,1125.0,12444,House,False,,Share on FacebookShare on TwitterShare on WhatsAppSend via GMailSend via E-Mail,79,Houses_Peshawar,2026-08-10,https://www.zameen.com/Property/peshawar_regi_model_town_05_marla_house_construction_installments_plan_for_sale-54310777-7660-1.html
10 MARLA HOUSE CONSTRUCTION INSTALLMENTS PAYMENTS PLAN,PKR 2.5 Crore,25000000,,,10 Marla,2250.0,11111,House,False,3,3Share on FacebookShare on TwitterShare on WhatsAppSend via GMailSend via E-Mail,80,Houses_Peshawar,2026-08-10,https://www.zameen.com/Property/peshawar_regi_model_town_10_marla_house_construction_installments_payments_plan-54329339-7660-1.html
10 MARLA HOUSE CONSTRUCTION 2 YEAR INSTALLMENTS PLAN,PKR 2.5 Crore,25000000,8,,10 Marla,2250.0,11111,House,False,,Share on FacebookShare on TwitterShare on WhatsAppSend via GMailSend via E-Mail,79,Houses_Peshawar,2026-08-10,https://www.zameen.com/Property/peshawar_regi_model_town_10_marla_house_construction_2_year_installments_plan-54246761-7660-1.html
05 MARLA HOUSE CONSTRUCTION INSTALLMENTS PAYMENT PLAN,PKR 1.4 Crore,14000000,,,5 Marla,1125.0,12444,House,False,,Share on FacebookShare on TwitterShare on WhatsAppSend via GMailSend via E-Mail,79,Houses_Peshawar,2026-08-10,https://www.zameen.com/Property/peshawar_regi_model_town_05_marla_house_construction_installments_payment_plan-54329371-7660-1.html
10 MARLA HOUSE CONSTRUCTION INSTALLMENTS PAYMENT PLAN,PKR 2.5 Crore,25000000,,,10 Marla,2250.0,11111,House,False,,Share on FacebookShare on TwitterShare on WhatsAppSend via GMailSend via E-Mail,79,Houses_Peshawar,2026-08-10,https://www.zameen.com/Property/peshawar_regi_model_town_10_marla_house_construction_installments_payment_plan-54402697-7660-1.html
10 Marla House Construction On Easy Installments,PKR 2.6 Crore,26000000,,,10 Marla,2250.0,11555,House,False,,Share on FacebookShare on TwitterShare on WhatsAppSend via GMailSend via E-Mail,79,Houses_Peshawar,2026-08-10,https://www.zameen.com/Property/peshawar_regi_model_town_10_marla_house_construction_on_easy_installments-54310646-7660-1.html
6 Marla House With Basement Is For Sale In Peshawar Garden,PKR 3.3 Crore,33000000,6,,6 Marla,1350.0,24444,House,False,11,11Share on FacebookShare on TwitterShare on WhatsAppSend via GMailSend via E-Mail,81,Houses_Peshawar,2026-08-10,https://www.zameen.com/Property/peshawar_peshawar_garden_6_marla_house_with_basement_is_for_sale_in_peshawar_garden-54555236-12319-1.html
10 Marla Fresh House For Sale,PKR 3.7 Crore,37000000,7,6,10 Marla,2250.0,16444,House,False,49,49Share on FacebookShare on TwitterShare on WhatsAppSend via GMailSend via E-Mail,81,Houses_Peshawar,2026-08-10,https://www.zameen.com/Property/warsak_road_darmangi_10_marla_fresh_house_for_sale-48824672-12422-1.html
10 Marla Fresh House For Sale,PKR 4.3 Crore,43000000,7,6,10 Marla,2250.0,19111,House,False,50,504Share on FacebookShare on TwitterShare on WhatsAppSend via GMailSend via E-Mail,82,Houses_Peshawar,2026-08-10,https://www.zameen.com/Property/peshawar_warsak_road_10_marla_fresh_house_for_sale-48384665-1000-1.html
5 Marla Fresh House For Sale,PKR 1.8 Crore,18000000,6,6,5 Marla,1125.0,16000,House,False,50,50Share on FacebookShare on TwitterShare on WhatsAppSend via GMailSend via E-Mail,81,Houses_Peshawar,2026-08-10,https://www.zameen.com/Property/peshawar_warsak_road_5_marla_fresh_house_for_sale-48341953-1000-1.html
6.5 Marla Fresh House For Sale,PKR 3.3 Crore,33000000,6,6,6.5 Marla,1462.5,22564,House,False,48,48Share on FacebookShare on TwitterShare on WhatsAppSend via GMailSend via E-Mail,81,Houses_Peshawar,2026-08-10,https://www.zameen.com/Property/peshawar_warsak_road_6_5_marla_fresh_house_for_sale-50623395-1000-1.html
5 Marla Fresh House For Sale,PKR 2.35 Crore,23500000,6,6,5 Marla,1125.0,20888,House,False,50,50Share on FacebookShare on TwitterShare on WhatsAppSend via GMailSend via E-Mail,81,Houses_Peshawar,2026-08-10,https://www.zameen.com/Property/peshawar_warsak_road_5_marla_fresh_house_for_sale-50623497-1000-1.html
2.5 Marla Fresh House For Sale,PKR 1.25 Crore,12500000,3,3,2.5 Marla,562.5,22222,House,False,46,46Share on FacebookShare on TwitterShare on WhatsAppSend via GMailSend via E-Mail,81,Houses_Peshawar,2026-08-10,https://www.zameen.com/Property/peshawar_warsak_road_2_5_marla_fresh_house_for_sale-50623647-1000-1.html
10 Marla Fresh House For Sale,PKR 4.3 Crore,43000000,6,6,10 Marla,2250.0,19111,House,False,48,48Share on FacebookShare on TwitterShare on WhatsAppSend via GMailSend via E-Mail,81,Houses_Peshawar,2026-08-10,https://www.zameen.com/Property/peshawar_warsak_road_10_marla_fresh_house_for_sale-50623772-1000-1.html
5 Marla Furnished House For Sale,PKR 2.2 Crore,22000000,5,5,5 Marla,1125.0,19555,House,False,50,50Share on FacebookShare on TwitterShare on WhatsAppSend via GMailSend via E-Mail,81,Houses_Peshawar,2026-08-10,https://www.zameen.com/Property/peshawar_warsak_road_5_marla_furnished_house_for_sale-50631571-1000-1.html
600 Yard Bungalow For Sale In Jinnah Town In Green Balt,PKR 14 Crore,140000000,7,7,1.2 Kanal,5400.0,25925,House,False,,Share on FacebookShare on TwitterShare on WhatsAppSend via GMailSend via E-Mail,79,Houses_Quetta,2026-08-10,https://www.zameen.com/Property/quetta_jinnah_town_600_yard_bungalow_for_sale_in_jinnah_town_in_green_balt-53098223-620-1.html
House Of 400 Square Yards In Chilten Housing Scheme Is Available,PKR 7.5 Crore,75000000,9,7,16 Marla,3600.0,20833,House,False,,Share on FacebookShare on TwitterShare on WhatsAppSend via GMailSend via E-Mail,79,Houses_Quetta,2026-08-10,https://www.zameen.com/Property/quetta_chilten_housing_scheme_house_of_400_square_yards_in_chilten_housing_scheme_is_available-53309344-1247-1.html
FULLY FITTED 775 SQFT SIZE APARTMENT AVAILABLE FOR SALE IN EIGHTEEN ISLAMABAD,PKR 1.42 Crore,14200000,1,1,3.4 Marla,765.0,18562,Flat,True,11,super hot11Share on FacebookShare on TwitterShare on WhatsAppSend via GMailSend via E-Mail,90,Flats_Islamabad,2026-08-10,https://www.zameen.com/Property/kashmir_highway_eighteen_fully_fitted_775_sqft_size_apartment_available_for_sale_in_eighteen_islamabad-54202655-12602-1.html
"3-Bedroom Apartment for Sale Paradise Villa Apartments, D-17/2, Islamabad",PKR 95 Lakh,9500000,95,3,7.1 Marla,1597.5,5946,House,True,13,super hot131VerifiedShare on FacebookShare on TwitterShare on WhatsAppSend via GMailSend via E-Mail,99,Flats_Islamabad,2026-08-10,https://www.zameen.com/Property/d_17_paradise_villa_apartments_3-bedroom_apartment_for_sale_paradise_villa_apartments_d-17_2_islamabad-54564884-11039-1.html
Bahria Enclave 2 Bed Cube Apartment Brand New 6th Floor Sunfacing 1558 Sq Feet Circulation Paid Available For Sale,PKR 1.85 Crore,18500000,1,3,6.9 Marla,1552.5,11916,Flat,True,12,hot12Share on FacebookShare on TwitterShare on WhatsAppSend via GMailSend via E-Mail,84,Flats_Islamabad,2026-08-10,https://www.zameen.com/Property/bahria_enclave_cube_apartments_bahria_enclave_2_bed_cube_apartment_brand_new_6th_floor_sunfacing_1558_sq_feet_circulation_paid_available_for_sale-53703116-21520-1.html
10 Kanal Brand New Farm House Available For Sale In Gulberg Green Islamabad,PKR 1.25 Arab,1250000000,6,6,10 Kanal,45000.0,27777,House,False,10,hot10Share on FacebookShare on TwitterShare on WhatsAppSend via GMailSend via E-Mail,84,Flats_Islamabad,2026-08-10,https://www.zameen.com/Property/gulberg_gulberg_greens_10_kanal_brand_new_farm_house_available_for_sale_in_gulberg_green_islamabad-45026001-8312-1.html
Kanal Brand New House Available For Sale In Dha Phase 2 Islamabad,PKR 11.5 Crore,115000000,6,6,1 Kanal,4500.0,25555,House,False,19,hot19Share on FacebookShare on TwitterShare on WhatsAppSend via GMailSend via E-Mail,84,Flats_Islamabad,2026-08-10,https://www.zameen.com/Property/dha_defence_phase_2_dha_phase_2_-_sector_h_kanal_brand_new_house_available_for_sale_in_dha_phase_2_islamabad-54399079-3203-1.html
A Prime Location 1000 Square Feet Flat Is Up For Grabs In F-11,PKR 1.75 Crore,17500000,,1,4.4 Marla,990.0000000000001,17676,Flat,False,10,hot101VerifiedShare on FacebookShare on TwitterShare on WhatsAppSend via GMailSend via E-Mail,93,Flats_Islamabad,2026-08-10,https://www.zameen.com/Property/islamabad_f-11_a_prime_location_1000_square_feet_flat_is_up_for_grabs_in_f-11-53797047-163-1.html
"In Karakoram Enclave 1 Of Karakoram Enclave 1, A 4000 Square Feet Flat Is Available",PKR 8.9 Crore,89000000,4,4,17.8 Marla,4005.0,22222,Flat,False,20,hot20VerifiedShare on FacebookShare on TwitterShare on WhatsAppSend via GMailSend via E-Mail,92,Flats_Islamabad,2026-08-10,https://www.zameen.com/Property/islamabad_karakoram_enclave_1_in_karakoram_enclave_1_of_karakoram_enclave_1_a_4000_square_feet_flat_is_available-53941352-10898-1.html
"Investor Alert | Premium Margalla Facing Corner House 934 Square Yards for Sale F-7, Islamabad Proper Corner | Two Side Open | Full Basement | Prime F-7 Location",PKR 70 Crore,700000000,6,7,1.9 Kanal,8550.0,81871,House,True,8,8Share on FacebookShare on TwitterShare on WhatsAppSend via GMailSend via E-Mail,80,Flats_Islamabad,2026-08-10,https://www.zameen.com/Property/islamabad_f-7_investor_alert_premium_margalla_facing_corner_house_934_square_yards_for_sale_f-7_islamabad_proper_corner_two_side_open_full_basement_prime_f-7_location-54582468-165-1.html
"Exceptional 1,000 Sq. Yards Luxury House For Sale Prime Location Near Margalla Road |F-6 Islamabad",PKR 54 Crore,540000000,4,5,2 Kanal,9000.0,60000,House,True,7,7Share on FacebookShare on TwitterShare on WhatsAppSend via GMailSend via E-Mail,80,Flats_Islamabad,2026-08-10,https://www.zameen.com/Property/islamabad_f-6_exceptional_1_000_sq_yards_luxury_house_for_sale_prime_location_near_margalla_road_f-6_islamabad-54579210-164-1.html
Beautifully Constructed House Is Available For Sale In F-11/1,PKR 25 Crore,250000000,8,7,1.3 Kanal,5850.0,42735,House,False,9,9VerifiedShare on FacebookShare on TwitterShare on WhatsAppSend via GMailSend via E-Mail,88,Flats_Islamabad,2026-08-10,https://www.zameen.com/Property/f_11_f-11_1_beautifully_constructed_house_is_available_for_sale_in_f-11_1-49156747-3282-1.html
F10/4 Beautiful Location 1000 Sq Yd House Extra Land Beautifully Hot Location More Details Contact M Naqibrehman,PKR 45 Crore,450000000,8,6,2 Kanal,9000.0,50000,House,False,9,9Share on FacebookShare on TwitterShare on WhatsAppSend via GMailSend via E-Mail,80,Flats_Islamabad,2026-08-10,https://www.zameen.com/Property/f_10_f-10_4_f10_4_beautiful_location_1000_sq_yd_house_extra_land_beautifully_hot_location_more_details_contact_m_naqibrehman-50701517-3279-1.html
Good 500 Square Yards House For Sale In E-11/2,PKR 16.5 Crore,165000000,7,6,1 Kanal,4500.0,36666,House,False,22,22Share on FacebookShare on TwitterShare on WhatsAppSend via GMailSend via E-Mail,81,Flats_Islamabad,2026-08-10,https://www.zameen.com/Property/e_11_e-11_2_good_500_square_yards_house_for_sale_in_e-11_2-50785227-3233-1.html
This Is Your Chance To Buy Flat In F-11,PKR 1.65 Crore,16500000,,1,3.3 Marla,742.5,22222,Flat,False,6,6VerifiedShare on FacebookShare on TwitterShare on WhatsAppSend via GMailSend via E-Mail,88,Flats_Islamabad,2026-08-10,https://www.zameen.com/Property/islamabad_f-11_this_is_your_chance_to_buy_flat_in_f-11-51202383-163-1.html
Silver Oaks Apartments Flat For Sale Sized 1750 Square Feet,PKR 6 Crore,60000000,3,3,7.8 Marla,1755.0,34188,House,False,14,14VerifiedShare on FacebookShare on TwitterShare on WhatsAppSend via GMailSend via E-Mail,89,Flats_Islamabad,2026-08-10,https://www.zameen.com/Property/f_10_silver_oaks_apartments_silver_oaks_apartments_flat_for_sale_sized_1750_square_feet-51920360-11308-1.html
F-10/4 Beautiful 6 Bedrooms' House Prime Location Close End Street Near To Park And Mosque Beautiful Location Investor Price,PKR 16.5 Crore,165000000,16,,1 Kanal,4500.0,36666,House,False,31,31Share on FacebookShare on TwitterShare on WhatsAppSend via GMailSend via E-Mail,81,Flats_Islamabad,2026-08-10,https://www.zameen.com/Property/f_10_f-10_4_f-10_4_beautiful_6_bedrooms_house_prime_location_close_end_street_near_to_park_and_mosque_beautiful_location_investor_price-52366077-3279-1.html
A Perfect On Excellent Location House Awaits You In D-12/2 Islamabad,PKR 21 Crore,210000000,7,6,1 Kanal,4500.0,46666,House,False,50,hot501VerifiedShare on FacebookShare on TwitterShare on WhatsAppSend via GMailSend via E-Mail,93,Flats_Islamabad,2026-08-10,https://www.zameen.com/Property/d_12_d-12_2_a_perfect_on_excellent_location_house_awaits_you_in_d-12_2_islamabad-54383431-3155-1.html
You Can Find A Gorgeous Corner House For Sale In F-11/2,PKR 43 Crore,430000000,5,6,1.3 Kanal,5850.0,73504,House,False,41,hot411VerifiedShare on FacebookShare on TwitterShare on WhatsAppSend via GMailSend via E-Mail,93,Flats_Islamabad,2026-08-10,https://www.zameen.com/Property/f_11_f-11_2_you_can_find_a_gorgeous_corner_house_for_sale_in_f-11_2-54415911-3283-1.html
Kanal Brand New House Available For Sale In Dha Phase 2 Islamabad,PKR 16 Crore,160000000,5,6,1 Kanal,4500.0,35555,House,False,23,hot23Share on FacebookShare on TwitterShare on WhatsAppSend via GMailSend via E-Mail,84,Flats_Islamabad,2026-08-10,https://www.zameen.com/Property/dha_defence_phase_2_dha_phase_2_-_sector_e_kanal_brand_new_house_available_for_sale_in_dha_phase_2_islamabad-50887304-3200-1.html
F11 Karkurm Inclave 4 Bed Room Apt Urgently Sale More Details,PKR 8 Crore,80000000,8,4,16.9 Marla,3802.4999999999995,21038,Unknown,False,15,15Share on FacebookShare on TwitterShare on WhatsAppSend via GMailSend via E-Mail,81,Flats_Islamabad,2026-08-10,https://www.zameen.com/Property/islamabad_f-11_f11_karkurm_inclave_4_bed_room_apt_urgently_sale_more_details-52918352-163-1.html
"3 Bed Apartment For Sale Abu Dhabi Tower, F-11 Markaz, Islamabad",PKR 7 Crore,70000000,7,4,16.2 Marla,3645.0,19204,Flat,False,18,18Share on FacebookShare on TwitterShare on WhatsAppSend via GMailSend via E-Mail,81,Flats_Islamabad,2026-08-10,https://www.zameen.com/Property/islamabad_f-11_3_bed_apartment_for_sale_abu_dhabi_tower_f-11_markaz_islamabad-53181298-163-1.html
Prime Location Flat Of 3400 Square Feet For Sale In F-11 Markaz,PKR 4.6 Crore,46000000,4,4,15.1 Marla,3397.5,13539,Flat,False,26,261VerifiedShare on FacebookShare on TwitterShare on WhatsAppSend via GMailSend via E-Mail,90,Flats_Islamabad,2026-08-10,https://www.zameen.com/Property/f_11_f-11_markaz_prime_location_flat_of_3400_square_feet_for_sale_in_f-11_markaz-53109136-3286-1.html
Prime Location House For Sale In Beautiful D-12/4,PKR 4.4 Crore,44000000,4,5,4 Marla,900.0,48888,House,False,15,151VerifiedShare on FacebookShare on TwitterShare on WhatsAppSend via GMailSend via E-Mail,90,Flats_Islamabad,2026-08-10,https://www.zameen.com/Property/d_12_d-12_4_prime_location_house_for_sale_in_beautiful_d-12_4-53298752-3157-1.html
"Ideal 21 Square Feet House Available In F-11/2, Islamabad",PKR 8.5 Crore,85000000,5,5,9.3 Marla,2092.5,40621,House,False,40,40Share on FacebookShare on TwitterShare on WhatsAppSend via GMailSend via E-Mail,81,Flats_Islamabad,2026-08-10,https://www.zameen.com/Property/f_11_f-11_2_ideal_21_square_feet_house_available_in_f-11_2_islamabad-53519286-3283-1.html
Buying A House In F-10/2 Islamabad?,PKR 27 Crore,270000000,6,6,1.3 Kanal,5850.0,46153,House,False,30,30Share on FacebookShare on TwitterShare on WhatsAppSend via GMailSend via E-Mail,81,Flats_Islamabad,2026-08-10,https://www.zameen.com/Property/f_10_f-10_2_buying_a_house_in_f-10_2_islamabad-54319833-3277-1.html
Luxury House For Sale,PKR 5 Crore,50000000,5,5,6 Marla,1350.0,37037,House,False,15,15Share on FacebookShare on TwitterShare on WhatsAppSend via GMailSend via E-Mail,81,Flats_Islamabad,2026-08-10,https://www.zameen.com/Property/islamabad_e-11_luxury_house_for_sale-54017743-329-1.html
3 Bed Fully Fitted Apartment Near To Possession Available For Sale,PKR 4.4 Crore,44000000,4,4,9.8 Marla,2205.0,19954,Flat,False,8,8Share on FacebookShare on TwitterShare on WhatsAppSend via GMailSend via E-Mail,80,Flats_Islamabad,2026-08-10,https://www.zameen.com/Property/kashmir_highway_eighteen_3_bed_fully_fitted_apartment_near_to_possession_available_for_sale-54208979-12602-1.html
EXCLUSIVE INVESTOR DEAL Luxury Duplex Available For Sale,PKR 16.5 Crore,165000000,4,6,1 Kanal,4500.0,36666,Unknown,True,22,super hot22Share on FacebookShare on TwitterShare on WhatsAppSend via GMailSend via E-Mail,90,Flats_Islamabad,2026-08-10,https://www.zameen.com/Property/f_8_the_centaurus_exclusive_investor_deal_luxury_duplex_available_for_sale-53571762-8349-1.html
"2 Bed Executive Apartment | 1,400 SQFT | Luxury Living | Easy Installments",PKR 2.24 Crore,22400000,2,2,6.2 Marla,1395.0,16057,Flat,True,17,super hot17Share on FacebookShare on TwitterShare on WhatsAppSend via GMailSend via E-Mail,90,Flats_Islamabad,2026-08-10,https://www.zameen.com/Property/dha_defence_dha_defence_phase_2_2_bed_executive_apartment_1_400_sqft_luxury_living_easy_installments-54548818-339-1.html
CDA Approved | 975 SQFT Luxury 1 Bed Apartment | Only PKR 15.6 Million | Easy Installments,PKR 1.56 Crore,15600000,1,,4.3 Marla,967.5,16124,Flat,True,16,super hot16Share on FacebookShare on TwitterShare on WhatsAppSend via GMailSend via E-Mail,90,Flats_Islamabad,2026-08-10,https://www.zameen.com/Property/islamabad_zaraj_housing_scheme_cda_approved_975_sqft_luxury_1_bed_apartment_only_pkr_15_6_million_easy_installments-54548771-3508-1.html
2 Bed Apartment - 960 Sqft,PKR 98 Lakh,9800000,98,2,4.3 Marla,967.5,10129,Flat,False,5,hot5Share on FacebookShare on TwitterShare on WhatsAppSend via GMailSend via E-Mail,83,Flats_Islamabad,2026-08-10,https://www.zameen.com/Property/islamabad_river_garden_2_bed_apartment_-_960_sqft-54081483-1457-1.html
"3 Bed Apartment For Sale On Main Expressway, Fazaia Housing Scheme, Near Khana Pull, Expressway, Islamabad",PKR 2.65 Crore,26500000,2,3,6.9 Marla,1552.5,17069,Flat,False,6,6Share on FacebookShare on TwitterShare on WhatsAppSend via GMailSend via E-Mail,80,Flats_Islamabad,2026-08-10,https://www.zameen.com/Property/tarnol_fazaia_housing_scheme_3_bed_apartment_for_sale_on_main_expressway_fazaia_housing_scheme_near_khana_pull_expressway_islamabad-54472924-10314-1.html
1BED FOR SALE IN TOP CITY-1 KUNWAR MOIZ BLOCK,PKR 88 Lakh,8800000,88,1,2.4 Marla,540.0,16296,Unknown,True,9,super hot9Share on FacebookShare on TwitterShare on WhatsAppSend via GMailSend via E-Mail,89,Flats_Islamabad,2026-08-10,https://www.zameen.com/Property/islamabad_top_city_1_1bed_for_sale_in_top_city-1_kunwar_moiz_block-54585183-1383-1.html
"Executive 1-Bedroom Apartments Hospitality Tower - 2, Mall Of IMARAT, Islamabad",PKR 2.56 Crore,25600000,2,1,4.2 Marla,945.0,27089,Flat,True,5,super hot5Share on FacebookShare on TwitterShare on WhatsAppSend via GMailSend via E-Mail,89,Flats_Islamabad,2026-08-10,https://www.zameen.com/Property/jinnah_gardens_mall_of_imarat_executive_1-bedroom_apartments_hospitality_tower_-_2_mall_of_imarat_islamabad-54329941-22031-1.html
Furnished Studio Apartment,PKR 68 Lakh,6800000,,1,2.2 Marla,495.00000000000006,13737,Flat,False,5,5Share on FacebookShare on TwitterShare on WhatsAppSend via GMailSend via E-Mail,80,Flats_Islamabad,2026-08-10,https://www.zameen.com/Property/islamabad_river_garden_furnished_studio_apartment-54081442-1457-1.html
3 Bed Apartment - 1200 Sqft,PKR 1.25 Crore,12500000,1,3,5.3 Marla,1192.5,10482,Flat,False,5,5Share on FacebookShare on TwitterShare on WhatsAppSend via GMailSend via E-Mail,80,Flats_Islamabad,2026-08-10,https://www.zameen.com/Property/islamabad_river_garden_3_bed_apartment_-_1200_sqft-54081598-1457-1.html
Block A Luxurious 10 Kanal Corner Farmhouse For Sale Prime Location,PKR 60 Crore,600000000,11,7,10 Kanal,45000.0,13333,House,True,14,super hot14Share on FacebookShare on TwitterShare on WhatsAppSend via GMailSend via E-Mail,90,Flats_Islamabad,2026-08-10,https://www.zameen.com/Property/gulberg_greens_gulberg_greens_-_block_e_block_a_luxurious_10_kanal_corner_farmhouse_for_sale_prime_location-53113692-8317-1.html
Block B Luxurious 5 Kanal Furnished Farmhouse For Sale Heighted Prime Location,PKR 32 Crore,320000000,9,7,5 Kanal,22500.0,14222,House,True,16,super hot16Share on FacebookShare on TwitterShare on WhatsAppSend via GMailSend via E-Mail,90,Flats_Islamabad,2026-08-10,https://www.zameen.com/Property/gulberg_greens_gulberg_greens_-_block_b_block_b_luxurious_5_kanal_furnished_farmhouse_for_sale_heighted_prime_location-53113687-8314-1.html
Top City-1 KMK Tower Luxury Living Outclass Location Apartment Near Completion,PKR 2.41 Crore,24100000,2,2,5.4 Marla,1215.0,19835,Flat,True,5,super hot5Share on FacebookShare on TwitterShare on WhatsAppSend via GMailSend via E-Mail,89,Flats_Islamabad,2026-08-10,https://www.zameen.com/Property/islamabad_top_city_1_top_city-1_kmk_tower_luxury_living_outclass_location_apartment_near_completion-54485173-1383-1.html
Amaltas Heights,PKR 1.49 Crore,14900000,,1,3.7 Marla,832.5,17897,Unknown,True,,hotShare on FacebookShare on TwitterShare on WhatsAppSend via GMailSend via E-Mail,82,Flats_Islamabad,2026-08-10,https://www.zameen.com/Property/dha_defence_dha_defence_phase_2_amaltas_heights-54539225-339-1.html
Royal Mall And Residency 2 Bed Apartment 1450 Square Feet With Servant Quarter On 2nd Floor Sun Facing Available For Sale,PKR 1.65 Crore,16500000,1,3,6.4 Marla,1440.0,11458,Flat,True,24,hot24Share on FacebookShare on TwitterShare on WhatsAppSend via GMailSend via E-Mail,84,Flats_Islamabad,2026-08-10,https://www.zameen.com/Property/bahria_enclave_the_royal_mall_and_residency_royal_mall_and_residency_2_bed_apartment_1450_square_feet_with_servant_quarter_on_2nd_floor_sun_facing_available_for_sale-53324549-10909-1.html
Grand Living Luxury 3-Bedroom Apartment For Sale In DHA Phase 2,PKR 5.08 Crore,50800000,5,4,9 Marla,2025.0,25086,Flat,False,36,hot361Share on FacebookShare on TwitterShare on WhatsAppSend via GMailSend via E-Mail,85,Flats_Islamabad,2026-08-10,https://www.zameen.com/Property/dha_defence_dha_defence_phase_2_grand_living_luxury_3-bedroom_apartment_for_sale_in_dha_phase_2-53819676-339-1.html
Aesthetic Flat Of 320 Square Feet For sale Is Available,PKR 32 Lakh,3200000,,1,1.4 Marla,315.0,10158,Flat,False,4,4Share on FacebookShare on TwitterShare on WhatsAppSend via GMailSend via E-Mail,80,Flats_Islamabad,2026-08-10,https://www.zameen.com/Property/g_15_g-15_markaz_aesthetic_flat_of_320_square_feet_for_sale_is_available-54127096-3352-1.html
Ground Plus 5 Project Located Block A Main Markez. . . . Fresh Construction A++ Flat For Sale,PKR 1.18 Crore,11800000,2,2,4.1 Marla,922.4999999999999,12791,Flat,True,25,super hot25Share on FacebookShare on TwitterShare on WhatsAppSend via GMailSend via E-Mail,90,Flats_Islamabad,2026-08-10,https://www.zameen.com/Property/islamabad_faisal_town_-_f-18_ground_plus_5_project_located_block_a_main_markez_fresh_construction_a_flat_for_sale-49920764-8260-1.html
4 Bed Corner Apartment Available For Sale In Sukh Chayn Resident F-10 Apartment,PKR 12.25 Crore,122500000,12,5,12.4 Marla,2790.0,43906,Flat,True,23,super hot23Share on FacebookShare on TwitterShare on WhatsAppSend via GMailSend via E-Mail,90,Flats_Islamabad,2026-08-10,https://www.zameen.com/Property/f_10_sukh_chayn_residence_4_bed_corner_apartment_available_for_sale_in_sukh_chayn_resident_f-10_apartment-52550604-13589-1.html
Elite Luxury 2-Bed Apartment Premium Living In DHA Phase 2,PKR 3.62 Crore,36200000,3,3,6.4 Marla,1440.0,25138,Flat,True,29,hot291Share on FacebookShare on TwitterShare on WhatsAppSend via GMailSend via E-Mail,85,Flats_Islamabad,2026-08-10,https://www.zameen.com/Property/dha_defence_dha_defence_phase_2_elite_luxury_2-bed_apartment_premium_living_in_dha_phase_2-53819624-339-1.html
Flat For Sale,PKR 1.62 Crore,16200000,2,1,3.1 Marla,697.5,23225,Flat,False,17,hot17Share on FacebookShare on TwitterShare on WhatsAppSend via GMailSend via E-Mail,84,Flats_Islamabad,2026-08-10,https://www.zameen.com/Property/g_11_g-11_4_flat_for_sale-54379922-3333-1.html
Brand New 3 Bedroom Corner 1st Floor Apartment For Sale DHA 1 Sector F Spacious Rawalpindi,PKR 2.6 Crore,26000000,2,4,9.8 Marla,2205.0,11791,Flat,False,15,hot15Share on FacebookShare on TwitterShare on WhatsAppSend via GMailSend via E-Mail,84,Flats_Islamabad,2026-08-10,https://www.zameen.com/Property/dha_defence_phase_1_dha_phase_1_-_sector_f_brand_new_3_bedroom_corner_1st_floor_apartment_for_sale_dha_1_sector_f_spacious_rawalpindi-52189897-8226-1.html
Brand New 2 Bedroom Apartment For Sale,PKR 1.15 Crore,11500000,1,2,4.5 Marla,1012.5,11358,Flat,False,10,102Share on FacebookShare on TwitterShare on WhatsAppSend via GMailSend via E-Mail,82,Flats_Islamabad,2026-08-10,https://www.zameen.com/Property/bahria_enclave_bahria_enclave_-_sector_c1_brand_new_2_bedroom_apartment_for_sale-46434452-11987-1.html
Brand New Stutio Apartment For Sale  Lift Install  Kitchen  Balcony  Parking  All Facilities Available,PKR 67 Lakh,6700000,,1,2 Marla,450.0,14888,Flat,False,8,8Share on FacebookShare on TwitterShare on WhatsAppSend via GMailSend via E-Mail,80,Flats_Islamabad,2026-08-10,https://www.zameen.com/Property/islamabad_top_city_1_brand_new_stutio_apartment_for_sale_lift_install_kitchen_balcony_parking_all_facilities_available-54005411-1383-1.html
Bahria Enclave Sector C1 2 Bed Apartment For Sale On Reasonable Price With All Facilities,PKR 90 Lakh,9000000,90,2,3.8 Marla,855.0,10526,Flat,False,7,7Share on FacebookShare on TwitterShare on WhatsAppSend via GMailSend via E-Mail,80,Flats_Islamabad,2026-08-10,https://www.zameen.com/Property/bahria_enclave_bahria_enclave_-_sector_c1_bahria_enclave_sector_c1_2_bed_apartment_for_sale_on_reasonable_price_with_all_facilities-54418879-11987-1.html
2 Bed Ready-To-Move Luxury Apartment | Diamond Mall | Gulberg Greens Islamabad,PKR 1.39 Crore,13899999,1,3,3.9 Marla,877.5,15840,Flat,True,14,super hot14Share on FacebookShare on TwitterShare on WhatsAppSend via GMailSend via E-Mail,90,Flats_Islamabad,2026-08-10,https://www.zameen.com/Property/gulberg_greens_diamond_mall_residency_2_bed_ready-to-move_luxury_apartment_diamond_mall_gulberg_greens_islamabad-54482932-10982-1.html
(1100 Sq Feet) 2 Bed Attached Bath Apartment Available For Sale On 4.5 Years Easy Instalment Plan In Top City-1,PKR 1.15 Crore,11500000,1,1,4.9 Marla,1102.5,10430,Flat,True,25,super hot25Share on FacebookShare on TwitterShare on WhatsAppSend via GMailSend via E-Mail,90,Flats_Islamabad,2026-08-10,https://www.zameen.com/Property/islamabad_top_city_1_1100_sq_feet_2_bed_attached_bath_apartment_available_for_sale_on_4_5_years_easy_instalment_plan_in_top_city-1-54585594-1383-1.html
"Brand New Apartment For Sale In G-11/3, CDA Approved Project",PKR 3.35 Crore,33500000,2,2,6.4 Marla,1440.0,23263,Flat,False,8,hot8VerifiedShare on FacebookShare on TwitterShare on WhatsAppSend via GMailSend via E-Mail,91,Flats_Islamabad,2026-08-10,https://www.zameen.com/Property/islamabad_g-11_brand_new_apartment_for_sale_in_g-11_3_cda_approved_project-54359779-168-1.html
Get In Touch Now To Buy A 1250 Square Feet Flat In Faisal Hills Faisal Hills,PKR 1.81 Crore,18100000,2,2,5.6 Marla,1260.0,14365,Flat,False,11,hot11Share on FacebookShare on TwitterShare on WhatsAppSend via GMailSend via E-Mail,84,Flats_Islamabad,2026-08-10,https://www.zameen.com/Property/islamabad_faisal_hills_get_in_touch_now_to_buy_a_1250_square_feet_flat_in_faisal_hills_faisal_hills-54359850-10859-1.html
1947 Sq/Ft Society Flat For Sale In G-15 Islamabad,PKR 1.15 Crore,11500000,3,3,8.7 Marla,1957.4999999999998,5874,Flat,False,19,19Share on FacebookShare on TwitterShare on WhatsAppSend via GMailSend via E-Mail,81,Flats_Islamabad,2026-08-10,https://www.zameen.com/Property/islamabad_g-15_1947_sq_ft_society_flat_for_sale_in_g-15_islamabad-54082277-764-1.html
Top Luxury 1 Bed All Dues Clear 964 Square Feet Available To Sale,PKR 1.7 Crore,17000000,1,1,4.3 Marla,967.5,17571,Flat,True,21,super hot211Share on FacebookShare on TwitterShare on WhatsAppSend via GMailSend via E-Mail,91,Flats_Islamabad,2026-08-10,https://www.zameen.com/Property/top_city_1_top_city_1_-_block_k_top_luxury_1_bed_all_dues_clear_964_square_feet_available_to_sale-54321481-16277-1.html
Bahria Enclave 1 Bed Cube Apartment Brand New 7th Floor Children Park Facing 1058 Sq Feet Possession Utility Circulation And Parking Charges Paid Available For Sale,PKR 1.2 Crore,12000000,1,2,4.9 Marla,1102.5,10884,Flat,True,26,super hot26Share on FacebookShare on TwitterShare on WhatsAppSend via GMailSend via E-Mail,90,Flats_Islamabad,2026-08-10,https://www.zameen.com/Property/bahria_enclave_cube_apartments_bahria_enclave_1_bed_cube_apartment_brand_new_7th_floor_children_park_facing_1058_sq_feet_possession_utility_circulation_and_parking_charges_paid_available_for_sale-53153019-21520-1.html
(550 Square Feet) 1 Bed Apartment Available For Sale On 4.5 Years Easy Instalment Plan,PKR 59 Lakh,5900000,59,1,2.4 Marla,540.0,10925,Flat,True,24,super hot24Share on FacebookShare on TwitterShare on WhatsAppSend via GMailSend via E-Mail,90,Flats_Islamabad,2026-08-10,https://www.zameen.com/Property/islamabad_top_city_1_550_square_feet_1_bed_apartment_available_for_sale_on_4_5_years_easy_instalment_plan-54585466-1383-1.html
I-12/1 ( D Type PHA Apartment For Sale),PKR 73 Lakh,7300000,2,2,3.9 Marla,877.5,8319,Flat,True,11,super hot11Share on FacebookShare on TwitterShare on WhatsAppSend via GMailSend via E-Mail,90,Flats_Islamabad,2026-08-10,https://www.zameen.com/Property/i_12_i-12_1_i-12_1_d_type_pha_apartment_for_sale-54582216-13800-1.html
3 Bed Room Apartment Available For Sale,PKR 2.8 Crore,28000000,2,3,9.8 Marla,2205.0,12698,Flat,True,43,super hot43Share on FacebookShare on TwitterShare on WhatsAppSend via GMailSend via E-Mail,90,Flats_Islamabad,2026-08-10,https://www.zameen.com/Property/e_11_4_margalla_gateway_tower_3_bed_room_apartment_available_for_sale-54585800-20463-1.html
Emaar Canyon Views 2 Bedroom Apartment In Wusat On Islamabad Expressway Dha 5,PKR 2.75 Crore,27500000,2,3,6.9 Marla,1552.5,17713,Flat,False,16,hot16Share on FacebookShare on TwitterShare on WhatsAppSend via GMailSend via E-Mail,84,Flats_Islamabad,2026-08-10,https://www.zameen.com/Property/islamabad_emaar_canyon_views_emaar_canyon_views_2_bedroom_apartment_in_wusat_on_islamabad_expressway_dha_5-54034817-8370-1.html
3 Bed Apartment For Sale,PKR 2.35 Crore,23500000,2,2,4.9 Marla,1102.5,21315,Flat,True,15,super hot15Share on FacebookShare on TwitterShare on WhatsAppSend via GMailSend via E-Mail,90,Flats_Islamabad,2026-08-10,https://www.zameen.com/Property/g_11_g-11_3_3_bed_apartment_for_sale-54566540-3332-1.html
2 BED 850 sqft BRAND-NEW LUXURY APARTMENT FOR SALE,PKR 95 Lakh,9500000,95,2,3.8 Marla,855.0,11111,Flat,False,6,hot6Share on FacebookShare on TwitterShare on WhatsAppSend via GMailSend via E-Mail,83,Flats_Islamabad,2026-08-10,https://www.zameen.com/Property/soan_garden_soan_garden_-_block_g_2_bed_850_sqft_brand-new_luxury_apartment_for_sale-46666198-3497-1.html
Luxury 40 Kanal Farmhouse on Main Park Road | 3 Mins Drive from Serena Hotel | Prime Investment Opportunity,PKR 1.1 Arab,1100000000,2,3,40 Kanal,180000.0,6111,House,True,7,7Share on FacebookShare on TwitterShare on WhatsAppSend via GMailSend via E-Mail,80,Flats_Islamabad,2026-08-10,https://www.zameen.com/Property/islamabad_chak_shahzad_luxury_40_kanal_farmhouse_on_main_park_road_3_mins_drive_from_serena_hotel_prime_investment_opportunity-54216280-158-1.html
4:25 MARLA CORNER | FACING PARK | SPANISH DESIGN | BRAND NEW | HOUSE FOR SALE,PKR 1.95 Crore,19500000,4,3,4.2 Marla,945.0,20634,House,True,11,super hot11Share on FacebookShare on TwitterShare on WhatsAppSend via GMailSend via E-Mail,90,Flats_Lahore,2026-08-10,https://www.zameen.com/Property/lahore_canal_garden_4_25_marla_corner_facing_park_spanish_design_brand_new_house_for_sale-54555741-1287-1.html
10 MARLA BRAND NEW BEAUTIFUL HOUSE FOR SALE IN CANAL VALLEY NEAR BAHRIA TOWN LAHORE,PKR 3.85 Crore,38500000,6,6,10 Marla,2250.0,17111,House,True,17,hot17Share on FacebookShare on TwitterShare on WhatsAppSend via GMailSend via E-Mail,84,Flats_Lahore,2026-08-10,https://www.zameen.com/Property/main_canal_bank_road_canal_valley_10_marla_brand_new_beautiful_house_for_sale_in_canal_valley_near_bahria_town_lahore-53186759-13296-1.html
10 Marla Villa For Sale,PKR 5.1 Crore,51000000,4,5,10 Marla,2250.0,22666,House,False,5,hot5Share on FacebookShare on TwitterShare on WhatsAppSend via GMailSend via E-Mail,83,Flats_Lahore,2026-08-10,https://www.zameen.com/Property/dha_phase_8_dha_phase_8_-_dha_villas_10_marla_villa_for_sale-54286729-9272-1.html
10 MARLA DOUBEL UNIT HOUSE FOR SALE,PKR 3.6 Crore,36000000,5,7,10 Marla,2250.0,16000,House,False,9,hot9Share on FacebookShare on TwitterShare on WhatsAppSend via GMailSend via E-Mail,83,Flats_Lahore,2026-08-10,https://www.zameen.com/Property/lahore_pia_housing_scheme_10_marla_doubel_unit_house_for_sale-54591451-444-1.html
5 Marla slightly used House For Sale In L Block Khyabane-E-Amin,PKR 1.7 Crore,17000000,3,3,5 Marla,1125.0,15111,House,False,2,hot2Share on FacebookShare on TwitterShare on WhatsAppSend via GMailSend via E-Mail,83,Flats_Lahore,2026-08-10,https://www.zameen.com/Property/khayaban_e_amin_khayaban-e-amin_-_block_l_5_marla_slightly_used_house_for_sale_in_l_block_khyabane-e-amin-53685361-8357-1.html
1 Kanal House Is Available For Sale In DHA Phase 2 Block T Lahore,PKR 7.25 Crore,72500000,5,6,1 Kanal,4500.0,16111,House,False,42,421VerifiedShare on FacebookShare on TwitterShare on WhatsAppSend via GMailSend via E-Mail,90,Flats_Lahore,2026-08-10,https://www.zameen.com/Property/dha_phase_2_dha_phase_2_-_block_t_1_kanal_house_is_available_for_sale_in_dha_phase_2_block_t_lahore-54174895-1573-1.html
2.5 Marla Renovated House For Sale At Khuda Baksh Colony,PKR 1 Crore,10000000,4,4,2.5 Marla,562.5,17777,House,False,,Share on FacebookShare on TwitterShare on WhatsAppSend via GMailSend via E-Mail,79,Flats_Lahore,2026-08-10,https://www.zameen.com/Property/cantt_khuda_buksh_colony_2_5_marla_renovated_house_for_sale_at_khuda_baksh_colony-54591541-3672-1.html
5 Marla 3 bed beautiful house for sale in DHA 9 town Block B,PKR 3.1 Crore,31000000,3,5,5 Marla,1125.0,27555,House,False,,Share on FacebookShare on TwitterShare on WhatsAppSend via GMailSend via E-Mail,79,Flats_Lahore,2026-08-10,https://www.zameen.com/Property/dha_9_town_dha_9_town_-_block_b_5_marla_3_bed_beautiful_house_for_sale_in_dha_9_town_block_b-54591539-8174-1.html
"DHA Phase 3, Sector XX, 05 Marla, 03 Bed, Luxurious House For Sale.",PKR 3.6 Crore,36000000,3,3,5 Marla,1125.0,32000,House,False,9,91Share on FacebookShare on TwitterShare on WhatsAppSend via GMailSend via E-Mail,81,Flats_Lahore,2026-08-10,https://www.zameen.com/Property/dha_phase_3_dha_phase_3_-_block_xx_dha_phase_3_sector_xx_05_marla_03_bed_luxurious_house_for_sale-54028810-1586-1.html
10 MARLA BRAND NEW OWNER BUILT HOUSE AVAILABLE FOR SALE IN CANAL VALLEY NEAR BAHRIA TOWN LAHORE,PKR 3.9 Crore,39000000,5,6,10 Marla,2250.0,17333,House,True,7,7VerifiedShare on FacebookShare on TwitterShare on WhatsAppSend via GMailSend via E-Mail,88,Flats_Lahore,2026-08-10,https://www.zameen.com/Property/main_canal_bank_road_canal_valley_10_marla_brand_new_owner_built_house_available_for_sale_in_canal_valley_near_bahria_town_lahore-52156238-13296-1.html
1 Kanal Brand New Luxury Modern Design Most Beautiful With Basement Bungalow For Sale At Prime Location Of DHA Lahore,PKR 9.35 Crore,93500000,5,6,1 Kanal,4500.0,20777,House,True,34,34Share on FacebookShare on TwitterShare on WhatsAppSend via GMailSend via E-Mail,81,Flats_Lahore,2026-08-10,https://www.zameen.com/Property/dha_defence_dha_phase_6_1_kanal_brand_new_luxury_modern_design_most_beautiful_with_basement_bungalow_for_sale_at_prime_location_of_dha_lahore-52730960-1448-1.html
1 Kanal Top Quality Build Luxurious Beautiful Modern Design Villa With Basement & Home Theater For Sale In DHA Phase 6 Lahore Prime Location,PKR 10.25 Crore,102500000,5,6,1 Kanal,4500.0,22777,House,True,22,22Share on FacebookShare on TwitterShare on WhatsAppSend via GMailSend via E-Mail,81,Flats_Lahore,2026-08-10,https://www.zameen.com/Property/dha_phase_6_dha_phase_6_-_block_c_1_kanal_top_quality_build_luxurious_beautiful_modern_design_villa_with_basement_home_theater_for_sale_in_dha_phase_6_lahore_prime_location-52658899-1612-1.html
"2 Kanal Red Bricks House For Sale In S Block, Phase 2, DHA Lahore",PKR 18 Crore,180000000,6,7,2 Kanal,9000.0,20000,House,True,48,48Share on FacebookShare on TwitterShare on WhatsAppSend via GMailSend via E-Mail,81,Flats_Lahore,2026-08-10,https://www.zameen.com/Property/dha_phase_2_dha_phase_2_-_block_s_2_kanal_red_bricks_house_for_sale_in_s_block_phase_2_dha_lahore-54115812-1572-1.html
364 Square Feet Studio Apartment In Kings Town Phase 1,PKR 24.5 Lakh,2450000,,1,1.6 Marla,360.0,6805,Flat,True,11,super hot111Share on FacebookShare on TwitterShare on WhatsAppSend via GMailSend via E-Mail,91,Flats_Lahore,2026-08-10,https://www.zameen.com/Property/raiwind_road_kings_town_364_square_feet_studio_apartment_in_kings_town_phase_1-54381412-17131-1.html
10 Marla Luxurious House for Sale in DHA Phase 7 Lahore,PKR 6.5 Crore,65000000,4,5,10 Marla,2250.0,28888,House,False,24,24Share on FacebookShare on TwitterShare on WhatsAppSend via GMailSend via E-Mail,81,Flats_Lahore,2026-08-10,https://www.zameen.com/Property/dha_defence_dha_phase_7_10_marla_luxurious_house_for_sale_in_dha_phase_7_lahore-54087293-1450-1.html
5 Marla House for Sale in Etihad Town Prime Location,PKR 3.2 Crore,32000000,4,5,5 Marla,1125.0,28444,House,False,,Share on FacebookShare on TwitterShare on WhatsAppSend via GMailSend via E-Mail,79,Flats_Lahore,2026-08-10,https://www.zameen.com/Property/etihad_town_etihad_town_phase_1_5_marla_house_for_sale_in_etihad_town_prime_location-54591520-16882-1.html
5 MARLA BRAND NEW OWNER BUILT HOUSE AVAILABLE FOR SALE,PKR 2.45 Crore,24500000,5,5,5 Marla,1125.0,21777,House,True,20,20Share on FacebookShare on TwitterShare on WhatsAppSend via GMailSend via E-Mail,81,Flats_Lahore,2026-08-10,https://www.zameen.com/Property/canal_garden_canal_gardens_-_block_aa_5_marla_brand_new_owner_built_house_available_for_sale-54042525-10659-1.html
Brand New 2 Kanal Luxury House For Sale In DHA Phase 6 K Block Lahore,PKR 36 Crore,360000000,6,6,2 Kanal,9000.0,40000,House,False,25,25Share on FacebookShare on TwitterShare on WhatsAppSend via GMailSend via E-Mail,81,Flats_Lahore,2026-08-10,https://www.zameen.com/Property/dha_phase_6_dha_phase_6_-_block_k_brand_new_2_kanal_luxury_house_for_sale_in_dha_phase_6_k_block_lahore-53896091-1619-1.html
5 Marla Double Storey House Available For Sale In Khayaban E Amin E Block LDA Approve Block With Gas On Cah Only,PKR 1.35 Crore,13500000,3,2,5 Marla,1125.0,12000,House,True,19,19Share on FacebookShare on TwitterShare on WhatsAppSend via GMailSend via E-Mail,81,Flats_Lahore,2026-08-10,https://www.zameen.com/Property/khayaban_e_amin_khayaban-e-amin_-_block_e_5_marla_double_storey_house_available_for_sale_in_khayaban_e_amin_e_block_lda_approve_block_with_gas_on_cah_only-54283522-8204-1.html
Luxury 1 Kanal | 5 Bedroom Fully Renovated House for Sale in DHA Phase 4,PKR 9 Crore,90000000,9,5,1 Kanal,4500.0,20000,House,False,18,18Share on FacebookShare on TwitterShare on WhatsAppSend via GMailSend via E-Mail,81,Flats_Lahore,2026-08-10,https://www.zameen.com/Property/dha_phase_4_dha_phase_4_-_block_gg_luxury_1_kanal_5_bedroom_fully_renovated_house_for_sale_in_dha_phase_4-53877105-1595-1.html
Elegant 2 Kanal House with Big Parking,PKR 18 Crore,180000000,5,5,2 Kanal,9000.0,20000,House,False,15,15Share on FacebookShare on TwitterShare on WhatsAppSend via GMailSend via E-Mail,81,Flats_Lahore,2026-08-10,https://www.zameen.com/Property/dha_phase_2_dha_phase_2_-_block_s_elegant_2_kanal_house_with_big_parking-53846767-1572-1.html
"1 Kanal Full Basement. Full Furnished with Swimming Pool, Home Theater Luxury Bungalow for Sale",PKR 21.5 Crore,215000000,6,7,1 Kanal,4500.0,47777,House,True,26,26Share on FacebookShare on TwitterShare on WhatsAppSend via GMailSend via E-Mail,81,Flats_Lahore,2026-08-10,https://www.zameen.com/Property/dha_defence_dha_phase_6_1_kanal_full_basement_full_furnished_with_swimming_pool_home_theater_luxury_bungalow_for_sale-53588042-1448-1.html
Avail Yourself A Great 350 Square Feet Flat In Johar Town Phase 2 - Block H3,PKR 59 Lakh,5900000,1,1,1.6 Marla,360.0,16388,Flat,False,9,hot9Share on FacebookShare on TwitterShare on WhatsAppSend via GMailSend via E-Mail,83,Flats_Lahore,2026-08-10,https://www.zameen.com/Property/johar_town_phase_2_johar_town_phase_2_-_block_h3_avail_yourself_a_great_350_square_feet_flat_in_johar_town_phase_2_-_block_h3-54286604-3968-1.html
Prime Location Near To Park & Mosque 1 Kanal Top Notched Modern House,PKR 9.25 Crore,92500000,5,6,1 Kanal,4500.0,20555,House,True,20,20Share on FacebookShare on TwitterShare on WhatsAppSend via GMailSend via E-Mail,81,Flats_Lahore,2026-08-10,https://www.zameen.com/Property/dha_defence_dha_phase_7_prime_location_near_to_park_mosque_1_kanal_top_notched_modern_house-53587757-1450-1.html
1 KANAL BRAND NEW BUNGALOW FOR SALE AT PRIME LOCATION IN DHA PHASE 6 NEAR TO RAYA PRIME LOCATION,PKR 9.98 Crore,99800000,5,6,1 Kanal,4500.0,22177,House,True,30,30Share on FacebookShare on TwitterShare on WhatsAppSend via GMailSend via E-Mail,81,Flats_Lahore,2026-08-10,https://www.zameen.com/Property/dha_phase_6_dha_phase_6_-_block_m_1_kanal_brand_new_bungalow_for_sale_at_prime_location_in_dha_phase_6_near_to_raya_prime_location-52417450-1621-1.html
"1 Kanal Most Luxury Near To Jalal Son'S, Park Beautiful Bungalow For Sale DHA Lahore",PKR 8.15 Crore,81500000,5,6,1 Kanal,4500.0,18111,House,True,18,18Share on FacebookShare on TwitterShare on WhatsAppSend via GMailSend via E-Mail,81,Flats_Lahore,2026-08-10,https://www.zameen.com/Property/dha_defence_dha_phase_5_1_kanal_most_luxury_near_to_jalal_son_s_park_beautiful_bungalow_for_sale_dha_lahore-53587125-1447-1.html
1 Kanal Beautiful Modern Design Bungalow With Basement For Sale At Prime Location Of DHA Phase 7 Lahore Near To Raya Near To Park,PKR 8.15 Crore,81500000,5,6,1 Kanal,4500.0,18111,House,True,32,32Share on FacebookShare on TwitterShare on WhatsAppSend via GMailSend via E-Mail,81,Flats_Lahore,2026-08-10,https://www.zameen.com/Property/dha_phase_7_dha_phase_7_-_block_u_1_kanal_beautiful_modern_design_bungalow_with_basement_for_sale_at_prime_location_of_dha_phase_7_lahore_near_to_raya_near_to_park-52406084-1628-1.html
9 Kanal Modern Farm House For Sale In Spring Meadows Bedian Road,PKR 16 Crore,160000000,16,5,9 Kanal,40500.0,3950,House,True,19,hot19Share on FacebookShare on TwitterShare on WhatsAppSend via GMailSend via E-Mail,84,Flats_Lahore,2026-08-10,https://www.zameen.com/Property/lahore_bedian_road_9_kanal_modern_farm_house_for_sale_in_spring_meadows_bedian_road-54014091-378-1.html
3.7 Marla House For Sale Near To Main,PKR 1.82 Crore,18200000,3,3,3.7 Marla,832.5,21861,House,False,18,hot18Share on FacebookShare on TwitterShare on WhatsAppSend via GMailSend via E-Mail,84,Flats_Lahore,2026-08-10,https://www.zameen.com/Property/johar_town_johar_town_phase_2_3_7_marla_house_for_sale_near_to_main-54476678-3961-1.html
"2 Bed Luxury Corner Apartment For Sale In Air Avenue Luxury Apartment DHA Phase 8, Lahore",PKR 1.55 Crore,15500000,1,2,4.7 Marla,1057.5,14657,Flat,False,40,hot40Share on FacebookShare on TwitterShare on WhatsAppSend via GMailSend via E-Mail,84,Flats_Lahore,2026-08-10,https://www.zameen.com/Property/dha_phase_8_air_avenue_luxury_apartments_2_bed_luxury_corner_apartment_for_sale_in_air_avenue_luxury_apartment_dha_phase_8_lahore-54345412-11699-1.html
Studio Apartment For Sale In Grand 15 | Easy Installment Plan | Bahria Town Lahore,PKR 59.5 Lakh,5950000,,,1.6 Marla,360.0,16527,Flat,True,11,11Share on FacebookShare on TwitterShare on WhatsAppSend via GMailSend via E-Mail,81,Flats_Lahore,2026-08-10,https://www.zameen.com/Property/bahria_town_bahria_town_-_sector_e_studio_apartment_for_sale_in_grand_15_easy_installment_plan_bahria_town_lahore-54461484-1802-1.html
1 Bed Apartments Available For Sale On Easy Installment In Etihad Town Lahore,PKR 83 Lakh,8300000,83,1,2.1 Marla,472.5,17566,Flat,True,6,super hot6Share on FacebookShare on TwitterShare on WhatsAppSend via GMailSend via E-Mail,89,Flats_Lahore,2026-08-10,https://www.zameen.com/Property/etihad_town_etihad_town_phase_1_1_bed_apartments_available_for_sale_on_easy_installment_in_etihad_town_lahore-54050443-16882-1.html
ONE BED BEAUTIFUL APARTMENT FOR SALE AT HOT LOCATION OF BAHRIA TOWN,PKR 65 Lakh,6500000,65,1,2.2 Marla,495.00000000000006,13131,Flat,False,15,hot15Share on FacebookShare on TwitterShare on WhatsAppSend via GMailSend via E-Mail,84,Flats_Lahore,2026-08-10,https://www.zameen.com/Property/bahria_town_bahria_town_-_sector_e_one_bed_beautiful_apartment_for_sale_at_hot_location_of_bahria_town-54501261-1802-1.html
100% Original Ad 10 Marla Full Basement Modern House For Sale In DHA Lahore Phase 5,PKR 6.25 Crore,62500000,5,6,10 Marla,2250.0,27777,House,True,48,super hot48Share on FacebookShare on TwitterShare on WhatsAppSend via GMailSend via E-Mail,90,Flats_Lahore,2026-08-10,https://www.zameen.com/Property/dha_phase_5_dha_phase_5_-_block_l_100_original_ad_10_marla_full_basement_modern_house_for_sale_in_dha_lahore_phase_5-54582720-1608-1.html
Azadi Offer 1 Bed Park Facing Apartment For Sale,PKR 85 Lakh,8500000,85,1,2.2 Marla,495.00000000000006,17171,Flat,True,14,hot14Share on FacebookShare on TwitterShare on WhatsAppSend via GMailSend via E-Mail,84,Flats_Lahore,2026-08-10,https://www.zameen.com/Property/bahria_town_bahria_town_-_sector_e_azadi_offer_1_bed_park_facing_apartment_for_sale-54559126-1802-1.html
Centrally Located instalment Flat Available In Askari tower,PKR 4.65 Crore,46500000,3,4,11.2 Marla,2520.0,18452,Flat,False,5,hot5VerifiedShare on FacebookShare on TwitterShare on WhatsAppSend via GMailSend via E-Mail,91,Flats_Lahore,2026-08-10,https://www.zameen.com/Property/askari_11_askari_11_-_sector_d_centrally_located_instalment_flat_available_in_askari_tower-54582266-21437-1.html
"Luxury 2 Bedroom Fully Furnished Apartment for Sale | Sector E, Bahria Town Lahore",PKR 1.3 Crore,13000000,1,2,3.3 Marla,742.5,17508,Flat,True,17,17Share on FacebookShare on TwitterShare on WhatsAppSend via GMailSend via E-Mail,81,Flats_Lahore,2026-08-10,https://www.zameen.com/Property/bahria_town_bahria_town_-_sector_e_luxury_2_bedroom_fully_furnished_apartment_for_sale_sector_e_bahria_town_lahore-54478635-1802-1.html
Ready To Move One Bed Semi Furnished Apartment Available For Sale In Sector E Bahria Town Lahore,PKR 70 Lakh,7000000,70,1,2 Marla,450.0,15555,Flat,True,5,super hot5Share on FacebookShare on TwitterShare on WhatsAppSend via GMailSend via E-Mail,89,Flats_Lahore,2026-08-10,https://www.zameen.com/Property/bahria_town_sector_e_bahria_town_-_iqbal_block_ready_to_move_one_bed_semi_furnished_apartment_available_for_sale_in_sector_e_bahria_town_lahore-54395444-1805-1.html
"Fully Furnished Studio Apartment for Sale | Iqbal Block, Bahria Town Lahore",PKR 78 Lakh,7800000,,1,2 Marla,450.0,17333,Flat,True,17,hot17Share on FacebookShare on TwitterShare on WhatsAppSend via GMailSend via E-Mail,84,Flats_Lahore,2026-08-10,https://www.zameen.com/Property/bahria_town_sector_e_bahria_town_-_iqbal_block_fully_furnished_studio_apartment_for_sale_iqbal_block_bahria_town_lahore-54486874-1805-1.html
Luxury Fully Furnished 1 Bed Apartment For Sale | Sector F | Bahria Town Lahore,PKR 95 Lakh,9500000,95,1,2.4 Marla,540.0,17592,Flat,True,14,hot14Share on FacebookShare on TwitterShare on WhatsAppSend via GMailSend via E-Mail,84,Flats_Lahore,2026-08-10,https://www.zameen.com/Property/bahria_town_bahria_town_-_sector_f_luxury_fully_furnished_1_bed_apartment_for_sale_sector_f_bahria_town_lahore-54478632-3097-1.html
"Luxury 2 Bed Fully Furnished Apartment For Sale | Sector E, Bahria Town Lahore",PKR 1.1 Crore,11000000,1,2,3.6 Marla,810.0,13580,Flat,True,8,8Share on FacebookShare on TwitterShare on WhatsAppSend via GMailSend via E-Mail,80,Flats_Lahore,2026-08-10,https://www.zameen.com/Property/bahria_town_bahria_town_-_sector_e_luxury_2_bed_fully_furnished_apartment_for_sale_sector_e_bahria_town_lahore-54473366-1802-1.html
1 BEDROOM BRAND NEW APARTMENT FOR SALE IN SECTOR E BAHRIA TOWN LAHORE,PKR 66 Lakh,6600000,66,1,2.2 Marla,495.00000000000006,13333,Flat,True,11,11Share on FacebookShare on TwitterShare on WhatsAppSend via GMailSend via E-Mail,81,Flats_Lahore,2026-08-10,https://www.zameen.com/Property/bahria_town_bahria_town_-_sector_e_1_bedroom_brand_new_apartment_for_sale_in_sector_e_bahria_town_lahore-54456011-1802-1.html
10 Marla 3 Bed With Basement Parking Flat For Sale In Askari 11 Lahore,PKR 3.25 Crore,32500000,3,3,10 Marla,2250.0,14444,Flat,True,22,super hot221Share on FacebookShare on TwitterShare on WhatsAppSend via GMailSend via E-Mail,91,Flats_Lahore,2026-08-10,https://www.zameen.com/Property/askari_askari_11_10_marla_3_bed_with_basement_parking_flat_for_sale_in_askari_11_lahore-22966368-1503-1.html
Special Building 11 Marla 3 Bed Flat Beside McDonald For Sale In Askari 11 Lahore,PKR 4.25 Crore,42500000,4,4,11 Marla,2475.0,17171,Flat,True,29,super hot291VerifiedShare on FacebookShare on TwitterShare on WhatsAppSend via GMailSend via E-Mail,99,Flats_Lahore,2026-08-10,https://www.zameen.com/Property/askari_11_askari_11_-_sector_b_apartments_special_building_11_marla_3_bed_flat_beside_mcdonald_for_sale_in_askari_11_lahore-54483086-15703-1.html
Own A Premium 2 Bed Apartment | Azadi Deal | Easy Installment Plan Bahria Downtown Lahore,PKR 1.7 Crore,17000000,1,2,4.4 Marla,990.0000000000001,17171,Flat,True,14,14Share on FacebookShare on TwitterShare on WhatsAppSend via GMailSend via E-Mail,81,Flats_Lahore,2026-08-10,https://www.zameen.com/Property/bahria_town_bahria_town_-_sector_e_own_a_premium_2_bed_apartment_azadi_deal_easy_installment_plan_bahria_downtown_lahore-54559128-1802-1.html
Azadi Deal | Premium 3 Bed Park Facing Apartment | Easy Installment Plan | Bahria Downtown Lahore,PKR 2.55 Crore,25500000,2,3,6.7 Marla,1507.5,16915,Flat,True,16,16Share on FacebookShare on TwitterShare on WhatsAppSend via GMailSend via E-Mail,81,Flats_Lahore,2026-08-10,https://www.zameen.com/Property/bahria_town_bahria_town_-_sector_e_azadi_deal_premium_3_bed_park_facing_apartment_easy_installment_plan_bahria_downtown_lahore-54563527-1802-1.html
Azadi Offer 1 Bed Park Facing Apartment for Sale in Grand Lifestyle 15 | Easy Installment Plan | Bahria Downtown Lahore,PKR 85 Lakh,8500000,85,1,2.2 Marla,495.00000000000006,17171,Flat,True,13,13Share on FacebookShare on TwitterShare on WhatsAppSend via GMailSend via E-Mail,81,Flats_Lahore,2026-08-10,https://www.zameen.com/Property/bahria_town_bahria_town_-_sector_e_azadi_offer_1_bed_park_facing_apartment_for_sale_in_grand_lifestyle_15_easy_installment_plan_bahria_downtown_lahore-54563528-1802-1.html
2 BEDROOM APARTMENT OR SALE IN SECTOR E BAHRIA TOWN LAHORE,PKR 1.15 Crore,11500000,1,2,3.6 Marla,810.0,14197,Flat,True,14,14Share on FacebookShare on TwitterShare on WhatsAppSend via GMailSend via E-Mail,81,Flats_Lahore,2026-08-10,https://www.zameen.com/Property/bahria_town_sector_e_bahria_town_-_iqbal_block_2_bedroom_apartment_or_sale_in_sector_e_bahria_town_lahore-54578329-1805-1.html
,PKR 5.89 Crore,58900000,2,2,4.4 Marla,990.0000000000001,59494,Flat,True,22,super hot22Share on FacebookShare on TwitterShare on WhatsAppSend via GMailSend via E-Mail,90,Flats_Lahore,2026-08-10,https://www.zameen.com/new-projects/zameen_quadrangle-2010.html
,PKR 3.03 Crore,30299999,1,1,2.8 Marla,630.0,48095,Flat,True,34,super hot34Share on FacebookShare on TwitterShare on WhatsAppSend via GMailSend via E-Mail,90,Flats_Lahore,2026-08-10,https://www.zameen.com/new-projects/zameen_aurum-1828.html
1 BEDROOM BRAND NEW APARTMENT FOR SALE IN SECTOR E BAHRIA TOWN LAHORE,PKR 68 Lakh,6800000,68,1,2.2 Marla,495.00000000000006,13737,Flat,True,12,12Share on FacebookShare on TwitterShare on WhatsAppSend via GMailSend via E-Mail,81,Flats_Lahore,2026-08-10,https://www.zameen.com/Property/bahria_town_sector_e_bahria_town_-_quaid_block_1_bedroom_brand_new_apartment_for_sale_in_sector_e_bahria_town_lahore-54578332-1808-1.html
350 Square Feet Flat In Johar Town Phase 2 - Block H3 Is Available,PKR 45 Lakh,4500000,1,1,1.6 Marla,360.0,12500,Flat,False,4,4Share on FacebookShare on TwitterShare on WhatsAppSend via GMailSend via E-Mail,80,Flats_Lahore,2026-08-10,https://www.zameen.com/Property/johar_town_phase_2_johar_town_phase_2_-_block_h3_350_square_feet_flat_in_johar_town_phase_2_-_block_h3_is_available-54286603-3968-1.html
Luxury Studio Apartment For Sale Near Eiffel Tower Bahria Town Lahore,PKR 64.8 Lakh,6480000,,1,1.6 Marla,360.0,18000,Flat,True,6,6Share on FacebookShare on TwitterShare on WhatsAppSend via GMailSend via E-Mail,80,Flats_Lahore,2026-08-10,https://www.zameen.com/Property/bahria_town_bahria_town_-_sector_e_luxury_studio_apartment_for_sale_near_eiffel_tower_bahria_town_lahore-54370251-1802-1.html
Own A Premium 2 Bed Apartment | Azadi Deal | Easy Installment Plan Bahria Downtown Lahore,PKR 1.7 Crore,17000000,1,2,4.4 Marla,990.0000000000001,17171,Flat,True,15,15Share on FacebookShare on TwitterShare on WhatsAppSend via GMailSend via E-Mail,81,Flats_Lahore,2026-08-10,https://www.zameen.com/Property/bahria_town_bahria_town_-_sector_e_own_a_premium_2_bed_apartment_azadi_deal_easy_installment_plan_bahria_downtown_lahore-54569598-1802-1.html
"Luxury 1 Bedroom Apartment For Sale | Quaid Block, Bahria Town Lahore",PKR 67 Lakh,6700000,67,1,2 Marla,450.0,14888,Flat,True,13,hot13Share on FacebookShare on TwitterShare on WhatsAppSend via GMailSend via E-Mail,84,Flats_Lahore,2026-08-10,https://www.zameen.com/Property/bahria_town_sector_e_bahria_town_-_quaid_block_luxury_1_bedroom_apartment_for_sale_quaid_block_bahria_town_lahore-54538943-1808-1.html
2 Bedroom Ready-to-Move Apartment for Sale on Easy Installment Plan | Bahria Town Lahore,PKR 1.56 Crore,15600000,1,2,3.6 Marla,810.0,19259,Flat,True,24,hot24Share on FacebookShare on TwitterShare on WhatsAppSend via GMailSend via E-Mail,84,Flats_Lahore,2026-08-10,https://www.zameen.com/Property/bahria_town_bahria_town_-_sector_e_2_bedroom_ready-to-move_apartment_for_sale_on_easy_installment_plan_bahria_town_lahore-54478011-1802-1.html
"Studio Apartment For Sale Near Bahria Town | PKR 83,070 Monthly",PKR 83.07 Lakh,8306999,,1,1.9 Marla,427.5,19431,Flat,False,5,hot5Share on FacebookShare on TwitterShare on WhatsAppSend via GMailSend via E-Mail,83,Flats_Lahore,2026-08-10,https://www.zameen.com/Property/bahria_town_sector_c_bahria_town_-_iris_block_studio_apartment_for_sale_near_bahria_town_pkr_83_070_monthly-54591153-1787-1.html
4 Bed DD Portion For Sale,PKR 5.9 Crore,59000000,5,4,400 Sq. Yd,3600.0,16388,Unknown,True,10,super hot10Share on FacebookShare on TwitterShare on WhatsAppSend via GMailSend via E-Mail,90,Flats_Karachi,2026-08-10,https://www.zameen.com/Property/pechs_pechs_block_2_4_bed_dd_portion_for_sale-53978233-6933-1.html
LUXURY APARTMENT FOR SALE,PKR 10.5 Crore,105000000,4,5,267 Sq. Yd,2403.0,43695,Flat,True,15,super hot15VerifiedShare on FacebookShare on TwitterShare on WhatsAppSend via GMailSend via E-Mail,98,Flats_Karachi,2026-08-10,https://www.zameen.com/Property/karachi_shaheed_millat_road_luxury_apartment_for_sale-54191466-413-1.html
ZAINAB HABIB TOWER BY SAWERA,PKR 5.25 Crore,52500000,4,4,217 Sq. Yd,1953.0,26881,Unknown,True,4,hot4Share on FacebookShare on TwitterShare on WhatsAppSend via GMailSend via E-Mail,83,Flats_Karachi,2026-08-10,https://www.zameen.com/Property/karachi_khalid_bin_walid_road_zainab_habib_tower_by_sawera-54296166-253-1.html
Flat For Sell In Gulistan-e-Jauhar Block 15,PKR 6.25 Crore,62500000,4,4,200 Sq. Yd,1800.0,34722,Flat,False,24,hot24Share on FacebookShare on TwitterShare on WhatsAppSend via GMailSend via E-Mail,84,Flats_Karachi,2026-08-10,https://www.zameen.com/Property/gulistan_e_jauhar_gulistan-e-jauhar_-_block_15_flat_for_sell_in_gulistan-e-jauhar_block_15-54186911-6839-1.html
Flat For Sell In Gulistan-E-Jauhar Block 13,PKR 3.3 Crore,33000000,4,4,333 Sq. Yd,2997.0,11011,House,False,18,hot18Share on FacebookShare on TwitterShare on WhatsAppSend via GMailSend via E-Mail,84,Flats_Karachi,2026-08-10,https://www.zameen.com/Property/gulistan_e_jauhar_gulistan-e-jauhar_-_block_13_flat_for_sell_in_gulistan-e-jauhar_block_13-54133665-6837-1.html
Flat For Sale PECHS 6,PKR 3.2 Crore,32000000,3,3,168 Sq. Yd,1512.0,21164,Flat,False,9,hot9Share on FacebookShare on TwitterShare on WhatsAppSend via GMailSend via E-Mail,83,Flats_Karachi,2026-08-10,https://www.zameen.com/Property/pechs_pechs_block_6_flat_for_sale_pechs_6-54550861-6935-1.html
Brand New Studio For Sale West Open With Balcony In Zamzama Commercial | Cash Only (No Bank Loan),PKR 95 Lakh,9500000,,1,56 Sq. Yd,504.0,18849,Flat,False,32,hot32VerifiedShare on FacebookShare on TwitterShare on WhatsAppSend via GMailSend via E-Mail,92,Flats_Karachi,2026-08-10,https://www.zameen.com/Property/dha_phase_5_zamzama_commercial_area_brand_new_studio_for_sale_west_open_with_balcony_in_zamzama_commercial_cash_only_no_bank_loan-54355149-8486-1.html
BRAND NEW GROUND PLUS ONE HOUSE FOR SALE,PKR 2.75 Crore,27500000,4,5,120 Sq. Yd,1080.0,25462,House,False,6,hot6Share on FacebookShare on TwitterShare on WhatsAppSend via GMailSend via E-Mail,83,Flats_Karachi,2026-08-10,https://www.zameen.com/Property/scheme_33_sector_20_a_musalmanan-e-punjab_cooperative_housing_society_brand_new_ground_plus_one_house_for_sale-54298325-13529-1.html
Flat For Sell In Gulistan-e-Jauhar Block 12,PKR 1.35 Crore,13500000,3,3,111 Sq. Yd,999.0,13513,Flat,False,7,7Share on FacebookShare on TwitterShare on WhatsAppSend via GMailSend via E-Mail,80,Flats_Karachi,2026-08-10,https://www.zameen.com/Property/gulistan_e_jauhar_gulistan-e-jauhar_-_block_12_flat_for_sell_in_gulistan-e-jauhar_block_12-54186918-6836-1.html
Slightely Use Owner Build Muhafiz St,PKR 45 Crore,450000000,6,,"1,000 Sq. Yd",9000.0,50000,Unknown,False,1,1Share on FacebookShare on TwitterShare on WhatsAppSend via GMailSend via E-Mail,80,Flats_Karachi,2026-08-10,https://www.zameen.com/Property/dha_defence_dha_phase_6_slightely_use_owner_build_muhafiz_st-54358557-1483-1.html
Flat For Sell In Gulistan-e-Jauhar Block 13-A,PKR 1.55 Crore,15500000,2,2,117 Sq. Yd,1053.0,14719,Flat,False,10,10Share on FacebookShare on TwitterShare on WhatsAppSend via GMailSend via E-Mail,81,Flats_Karachi,2026-08-10,https://www.zameen.com/Property/gulistan_e_jauhar_gulistan-e-jauhar_-_block_3-a_flat_for_sell_in_gulistan-e-jauhar_block_13-a-54120667-6827-1.html
Flat For Sell In Gulistan-E-Jauhar,PKR 1.5 Crore,15000000,3,3,133 Sq. Yd,1197.0,12531,Flat,False,10,10Share on FacebookShare on TwitterShare on WhatsAppSend via GMailSend via E-Mail,81,Flats_Karachi,2026-08-10,https://www.zameen.com/Property/karachi_gulistan-e-jauhar_flat_for_sell_in_gulistan-e-jauhar-54077239-232-1.html
Flat For Sell In Gulistan-e-Jauhar Block 10,PKR 2.3 Crore,23000000,4,4,200 Sq. Yd,1800.0,12777,Flat,False,11,11Share on FacebookShare on TwitterShare on WhatsAppSend via GMailSend via E-Mail,81,Flats_Karachi,2026-08-10,https://www.zameen.com/Property/gulistan_e_jauhar_gulistan-e-jauhar_-_block_10_flat_for_sell_in_gulistan-e-jauhar_block_10-54077226-6834-1.html
Flat For Sell In Gulistan-e-Jauhar Block 15,PKR 3.3 Crore,33000000,3,3,167 Sq. Yd,1503.0,21956,Flat,False,20,20Share on FacebookShare on TwitterShare on WhatsAppSend via GMailSend via E-Mail,81,Flats_Karachi,2026-08-10,https://www.zameen.com/Property/gulistan_e_jauhar_gulistan-e-jauhar_-_block_15_flat_for_sell_in_gulistan-e-jauhar_block_15-54216107-6839-1.html
Flat For Sell In Gulistan-e-Jauhar Block 15,PKR 2.05 Crore,20500000,3,3,167 Sq. Yd,1503.0,13639,Flat,False,12,12Share on FacebookShare on TwitterShare on WhatsAppSend via GMailSend via E-Mail,81,Flats_Karachi,2026-08-10,https://www.zameen.com/Property/gulistan_e_jauhar_gulistan-e-jauhar_-_block_15_flat_for_sell_in_gulistan-e-jauhar_block_15-54256095-6839-1.html
Flat For Sell In Gulistan-e-Jauhar Block 7,PKR 1.7 Crore,17000000,2,2,106 Sq. Yd,954.0,17819,Flat,False,14,14Share on FacebookShare on TwitterShare on WhatsAppSend via GMailSend via E-Mail,81,Flats_Karachi,2026-08-10,https://www.zameen.com/Property/gulistan_e_jauhar_gulistan-e-jauhar_-_block_7_flat_for_sell_in_gulistan-e-jauhar_block_7-54271456-6831-1.html
"Luxury Apartments In Burj Quaid Supertall Twin Towers, DHA City Karachi | 1 Bed Apartment On Instalment",PKR 1.79 Crore,17900000,1,1,73 Sq. Yd,657.0,27245,Flat,True,6,super hot6Share on FacebookShare on TwitterShare on WhatsAppSend via GMailSend via E-Mail,89,Flats_Karachi,2026-08-10,https://www.zameen.com/Property/dha_city_karachi_dha_city_-_sector_5_luxury_apartments_in_burj_quaid_supertall_twin_towers_dha_city_karachi_1_bed_apartment_on_instalment-54583519-8450-1.html
PREMIUM 4 BED DD,PKR 9.5 Crore,95000000,9,5,267 Sq. Yd,2403.0,39533,Unknown,True,16,super hot16Share on FacebookShare on TwitterShare on WhatsAppSend via GMailSend via E-Mail,90,Flats_Karachi,2026-08-10,https://www.zameen.com/Property/karachi_shaheed_millat_road_premium_4_bed_dd-54591101-413-1.html
LUXURY 4 BEDROOM FLAT,PKR 8.2 Crore,82000000,8,5,278 Sq. Yd,2502.0,32773,Flat,True,11,super hot11Share on FacebookShare on TwitterShare on WhatsAppSend via GMailSend via E-Mail,90,Flats_Karachi,2026-08-10,https://www.zameen.com/Property/karachi_shaheed_millat_road_luxury_4_bedroom_flat-54590851-413-1.html
Affordable Prime Location Flat Available For Sale In Muslimabad Society,PKR 4.5 Crore,45000000,4,5,200 Sq. Yd,1800.0,25000,Flat,True,32,super hot32VerifiedShare on FacebookShare on TwitterShare on WhatsAppSend via GMailSend via E-Mail,98,Flats_Karachi,2026-08-10,https://www.zameen.com/Property/karachi_muslimabad_society_affordable_prime_location_flat_available_for_sale_in_muslimabad_society-54577334-12425-1.html
"1100 Sq Ft 2BHK Apartment For Sale in TOWER-A Bahria Heights, Bahria Town Karachi Ready to Move | All Amenities Nearby Including Parks, Mosques & Shopping Gallery.",PKR 84 Lakh,8400000,2,2,122 Sq. Yd,1098.0,7650,Flat,True,21,hot21Share on FacebookShare on TwitterShare on WhatsAppSend via GMailSend via E-Mail,84,Flats_Karachi,2026-08-10,https://www.zameen.com/Property/bahria_town_karachi_bahria_heights_1100_sq_ft_2bhk_apartment_for_sale_in_tower-a_bahria_heights_bahria_town_karachi_ready_to_move_all_amenities_nearby_including_parks_mosques_shopping_gallery-54205199-11761-1.html
Luxury Brand-New 3-Bedroom Apartment | Partial Sea View | Views Tower,PKR 10.9 Crore,109000000,10,5,278 Sq. Yd,2502.0,43565,Flat,True,22,hot22Share on FacebookShare on TwitterShare on WhatsAppSend via GMailSend via E-Mail,84,Flats_Karachi,2026-08-10,https://www.zameen.com/Property/dha_phase_8_emaar_the_views_luxury_brand-new_3-bedroom_apartment_partial_sea_view_views_tower-54468055-17808-1.html
3 Bed Dd Flat For Sale  Location : Stadium Road,PKR 7.5 Crore,75000000,7,4,272 Sq. Yd,2448.0,30637,Flat,False,5,hot5Share on FacebookShare on TwitterShare on WhatsAppSend via GMailSend via E-Mail,83,Flats_Karachi,2026-08-10,https://www.zameen.com/Property/gulshan_e_iqbal_town_national_stadium_colony_3_bed_dd_flat_for_sale_location_stadium_road-54404752-6908-1.html
Prime Location 1800 Square Feet Flat In Shaheed Millat Road For Sale At Good Location,PKR 7 Crore,70000000,3,4,200 Sq. Yd,1800.0,38888,Flat,False,8,hot8VerifiedShare on FacebookShare on TwitterShare on WhatsAppSend via GMailSend via E-Mail,91,Flats_Karachi,2026-08-10,https://www.zameen.com/Property/karachi_shaheed_millat_road_prime_location_1800_square_feet_flat_in_shaheed_millat_road_for_sale_at_good_location-54191477-413-1.html
Reserve A Centrally Located Prime Location Flat Of 1800 Square Feet In Shaheed Millat Road,PKR 7.25 Crore,72500000,3,4,200 Sq. Yd,1800.0,40277,Flat,False,12,hot12VerifiedShare on FacebookShare on TwitterShare on WhatsAppSend via GMailSend via E-Mail,92,Flats_Karachi,2026-08-10,https://www.zameen.com/Property/karachi_shaheed_millat_road_reserve_a_centrally_located_prime_location_flat_of_1800_square_feet_in_shaheed_millat_road-54405526-413-1.html
Flat For Sell In Gulistan-E-Jauhar Block 13,PKR 1.55 Crore,15500000,3,3,156 Sq. Yd,1404.0,11039,Flat,False,6,6Share on FacebookShare on TwitterShare on WhatsAppSend via GMailSend via E-Mail,80,Flats_Karachi,2026-08-10,https://www.zameen.com/Property/gulistan_e_jauhar_gulistan-e-jauhar_-_block_13_flat_for_sell_in_gulistan-e-jauhar_block_13-54340891-6837-1.html
Flat For Sell In Gulistan-e-Jauhar Block 12,PKR 1.2 Crore,12000000,3,3,133 Sq. Yd,1197.0,10025,Flat,False,7,7Share on FacebookShare on TwitterShare on WhatsAppSend via GMailSend via E-Mail,80,Flats_Karachi,2026-08-10,https://www.zameen.com/Property/gulistan_e_jauhar_gulistan-e-jauhar_-_block_12_flat_for_sell_in_gulistan-e-jauhar_block_12-54340904-6836-1.html
Flat For Sell In Gulistan-E-Jauhar Block 20,PKR 2.1 Crore,21000000,4,4,178 Sq. Yd,1602.0,13108,Flat,False,20,20Share on FacebookShare on TwitterShare on WhatsAppSend via GMailSend via E-Mail,81,Flats_Karachi,2026-08-10,https://www.zameen.com/Property/gulistan_e_jauhar_gulistan-e-jauhar_-_block_20_flat_for_sell_in_gulistan-e-jauhar_block_20-54447267-6844-1.html
This Is Your Chance To Buy Prime Location Flat In Karachi,PKR 2.5 Crore,25000000,4,4,194 Sq. Yd,1746.0,14318,Flat,False,7,7Share on FacebookShare on TwitterShare on WhatsAppSend via GMailSend via E-Mail,80,Flats_Karachi,2026-08-10,https://www.zameen.com/Property/dha_phase_5_badar_commercial_area_this_is_your_chance_to_buy_prime_location_flat_in_karachi-54591453-8484-1.html
3Bedrooms Spacious Apartment Available For Sale,PKR 5 Crore,50000000,5,3,222 Sq. Yd,1998.0,25025,Flat,True,11,super hot11Share on FacebookShare on TwitterShare on WhatsAppSend via GMailSend via E-Mail,90,Flats_Karachi,2026-08-10,https://www.zameen.com/Property/clifton_clifton_-_block_5_3bedrooms_spacious_apartment_available_for_sale-54589787-1667-1.html
Luxury 3 Bed + Maid Room | The Trillium | DHA Phase 5 | 4-Year Payment Plan,PKR 20.17 Crore,201700000,20,4,385 Sq. Yd,3465.0,58210,Unknown,True,12,super hot12Share on FacebookShare on TwitterShare on WhatsAppSend via GMailSend via E-Mail,90,Flats_Karachi,2026-08-10,https://www.zameen.com/Property/dha_phase_5_the_trillium_luxury_3_bed_maid_room_the_trillium_dha_phase_5_4-year_payment_plan-54584637-22580-1.html
Brand New Ultra Luxury 4 Bed Marina View Apartment For Sale In Emaar The Views DHA Phase 8 Karachi,PKR 18 Crore,180000000,18,4,411 Sq. Yd,3699.0,48661,Flat,True,22,super hot221Share on FacebookShare on TwitterShare on WhatsAppSend via GMailSend via E-Mail,91,Flats_Karachi,2026-08-10,https://www.zameen.com/Property/dha_phase_8_emaar_the_views_brand_new_ultra_luxury_4_bed_marina_view_apartment_for_sale_in_emaar_the_views_dha_phase_8_karachi-54557703-17808-1.html
Saima Excellency - Callachi Society - Chance Deal (WEST Open/Corner) Flat For Sale,PKR 2.6 Crore,26000000,2,2,139 Sq. Yd,1251.0,20783,Flat,True,24,super hot24Share on FacebookShare on TwitterShare on WhatsAppSend via GMailSend via E-Mail,90,Flats_Karachi,2026-08-10,https://www.zameen.com/Property/gulshan_e_iqbal_block_10_a_callachi_cooperative_housing_society_saima_excellency_-_callachi_society_-_chance_deal_west_open_corner_flat_for_sale-53800072-12954-1.html
LUXURY FLAT AVAILABLE FOR SALE,PKR 5.2 Crore,52000000,3,4,200 Sq. Yd,1800.0,28888,Flat,True,13,super hot13Share on FacebookShare on TwitterShare on WhatsAppSend via GMailSend via E-Mail,90,Flats_Karachi,2026-08-10,https://www.zameen.com/Property/gulshan_e_iqbal_town_bahadurabad_luxury_flat_available_for_sale-54590778-524-1.html
HMR Waterfront 1 Bed Luxury Apartment | 3.5 Crore | Golf Crest Tower,PKR 3.5 Crore,35000000,3,1,96 Sq. Yd,864.0,40509,Flat,False,30,30Share on FacebookShare on TwitterShare on WhatsAppSend via GMailSend via E-Mail,81,Flats_Karachi,2026-08-10,https://www.zameen.com/Property/dha_defence_dha_phase_8_hmr_waterfront_1_bed_luxury_apartment_3_5_crore_golf_crest_tower-54314602-1485-1.html
SAWERA MEGA ELITE,PKR 6.4 Crore,64000000,3,3,224 Sq. Yd,2016.0,31746,Unknown,True,12,12Share on FacebookShare on TwitterShare on WhatsAppSend via GMailSend via E-Mail,81,Flats_Karachi,2026-08-10,https://www.zameen.com/Property/clifton_clifton_-_block_8_sawera_mega_elite-54591389-1670-1.html
3 bedroom apartment available for sale in clifton comfort block 9 clifton karachi,PKR 6 Crore,60000000,6,4,167 Sq. Yd,1503.0,39920,Flat,False,11,11Share on FacebookShare on TwitterShare on WhatsAppSend via GMailSend via E-Mail,81,Flats_Karachi,2026-08-10,https://www.zameen.com/Property/clifton_clifton_-_block_9_3_bedroom_apartment_available_for_sale_in_clifton_comfort_block_9_clifton_karachi-54575026-1671-1.html
CHANCE DEAL 500 YARD WELL MAINTAINED HOUSE,PKR 13 Crore,130000000,6,6,500 Sq. Yd,4500.0,28888,House,False,14,14Share on FacebookShare on TwitterShare on WhatsAppSend via GMailSend via E-Mail,81,Flats_Karachi,2026-08-10,https://www.zameen.com/Property/dha_defence_dha_phase_6_chance_deal_500_yard_well_maintained_house-54591379-1483-1.html
READY TO MOVE 2950sq ft 4Bed Luxury Apartment at Tower-8 Near Entrance of Bahria Town Karachi FOR SALE,PKR 2.65 Crore,26500000,2,4,328 Sq. Yd,2952.0,8976,Flat,False,33,33Share on FacebookShare on TwitterShare on WhatsAppSend via GMailSend via E-Mail,81,Flats_Karachi,2026-08-10,https://www.zameen.com/Property/bahria_town_karachi_bahria_apartments_ready_to_move_2950sq_ft_4bed_luxury_apartment_at_tower-8_near_entrance_of_bahria_town_karachi_for_sale-54591378-9030-1.html
"READY TO MOVE 2250sq. ft 3Bed Luxury Apartment at Tower-4, 6 & 7 Near Main Entrance of Bahria Town Karachi FOR SALE",PKR 1.95 Crore,19500000,1,3,250 Sq. Yd,2250.0,8666,Flat,False,41,41Share on FacebookShare on TwitterShare on WhatsAppSend via GMailSend via E-Mail,81,Flats_Karachi,2026-08-10,https://www.zameen.com/Property/bahria_town_karachi_bahria_apartments_ready_to_move_2250sq_ft_3bed_luxury_apartment_at_tower-4_6_7_near_main_entrance_of_bahria_town_karachi_for_sale-54591377-9030-1.html
4 Bedroom Apartment Available For Sale In Abeeda Tower Civil Lines Clifton Karachi,PKR 8.75 Crore,87500000,8,4,278 Sq. Yd,2502.0,34972,Flat,False,20,20Share on FacebookShare on TwitterShare on WhatsAppSend via GMailSend via E-Mail,81,Flats_Karachi,2026-08-10,https://www.zameen.com/Property/karachi_civil_lines_4_bedroom_apartment_available_for_sale_in_abeeda_tower_civil_lines_clifton_karachi-54573837-493-1.html
Brand New Luxury 2 Bed Marina Facing Apartment For Sale In Emaar The Views DHA Phase 8 Karachi,PKR 8.25 Crore,82500000,8,2,201 Sq. Yd,1809.0,45605,Flat,True,22,super hot221Share on FacebookShare on TwitterShare on WhatsAppSend via GMailSend via E-Mail,91,Flats_Karachi,2026-08-10,https://www.zameen.com/Property/dha_phase_8_emaar_the_views_brand_new_luxury_2_bed_marina_facing_apartment_for_sale_in_emaar_the_views_dha_phase_8_karachi-54557562-17808-1.html
Exclusive Property Holdings By BRICKSWALL ENTERPRISES. . . !!!,PKR 2.2 Crore,22000000,3,3,168 Sq. Yd,1512.0,14550,Unknown,True,16,super hot16Share on FacebookShare on TwitterShare on WhatsAppSend via GMailSend via E-Mail,90,Flats_Karachi,2026-08-10,https://www.zameen.com/Property/gulshan_e_iqbal_block_1_harmain_royal_residency_exclusive_property_holdings_by_brickswall_enterprises-52920278-9675-1.html
Ready to Move 950 Square Feet 2 Bedroom Flats Available For Sale in Precinct-19 Bahria Apartments Bahria Town Karachi,PKR 70 Lakh,7000000,70,2,106 Sq. Yd,954.0,7337,Flat,True,14,super hot14Share on FacebookShare on TwitterShare on WhatsAppSend via GMailSend via E-Mail,90,Flats_Karachi,2026-08-10,https://www.zameen.com/Property/bahria_town_karachi_bahria_town_-_precinct_19_ready_to_move_950_square_feet_2_bedroom_flats_available_for_sale_in_precinct-19_bahria_apartments_bahria_town_karachi-54585181-10030-1.html
Exclusive Property Holdings By Brickswall Enterprises,PKR 2 Crore,20000000,3,4,189 Sq. Yd,1701.0,11757,Unknown,True,18,super hot18Share on FacebookShare on TwitterShare on WhatsAppSend via GMailSend via E-Mail,90,Flats_Karachi,2026-08-10,https://www.zameen.com/Property/university_road_burj-ul-harmain_exclusive_property_holdings_by_brickswall_enterprises-52706871-9674-1.html
WEST OPEN 2 BED DD FOR SALE,PKR 85 Lakh,8500000,85,2,111 Sq. Yd,999.0,8508,House,True,11,super hot11Share on FacebookShare on TwitterShare on WhatsAppSend via GMailSend via E-Mail,90,Flats_Karachi,2026-08-10,https://www.zameen.com/Property/gadap_town_saima_arabian_villas_west_open_2_bed_dd_for_sale-54541537-8856-1.html
CHANCE DEAL APARTMENT AVAILABLE FOR SALE IN DHA 1,PKR 6.2 Crore,62000000,,,267 Sq. Yd,2403.0,25801,Flat,False,17,hot17VerifiedShare on FacebookShare on TwitterShare on WhatsAppSend via GMailSend via E-Mail,92,Flats_Karachi,2026-08-10,https://www.zameen.com/Property/dha_defence_dha_phase_1_chance_deal_apartment_available_for_sale_in_dha_1-53769701-1478-1.html
1100 SQ FT Dascon Tower Available For sale In Bahria Town Karachi,PKR 85 Lakh,8500000,2,2,122 Sq. Yd,1098.0,7741,Unknown,False,12,hot12Share on FacebookShare on TwitterShare on WhatsAppSend via GMailSend via E-Mail,84,Flats_Karachi,2026-08-10,https://www.zameen.com/Property/bahria_hills_dascon_tower_1100_sq_ft_dascon_tower_available_for_sale_in_bahria_town_karachi-54550943-22084-1.html
4 bedroom apartment available for sale in dynasty appartment block9 clifton karachi,PKR 10.25 Crore,102500000,10,5,356 Sq. Yd,3204.0,31991,Flat,False,23,23Share on FacebookShare on TwitterShare on WhatsAppSend via GMailSend via E-Mail,81,Flats_Karachi,2026-08-10,https://www.zameen.com/Property/clifton_clifton_-_block_9_4_bedroom_apartment_available_for_sale_in_dynasty_appartment_block9_clifton_karachi-54575052-1671-1.html
4 Bedroom Brand New Apartment Available For Sale In Green 3 Block 8 Clifton Karachi,PKR 9.25 Crore,92500000,9,4,300 Sq. Yd,2700.0,34259,Flat,False,20,20Share on FacebookShare on TwitterShare on WhatsAppSend via GMailSend via E-Mail,81,Flats_Karachi,2026-08-10,https://www.zameen.com/Property/clifton_clifton_-_block_8_4_bedroom_brand_new_apartment_available_for_sale_in_green_3_block_8_clifton_karachi-54575159-1670-1.html
4 Bedroom Apartment Available For Sale In Island Homes Bathisland Clifton Karachi,PKR 10.15 Crore,101500000,10,10,278 Sq. Yd,2502.0,40567,Flat,False,32,32Share on FacebookShare on TwitterShare on WhatsAppSend via GMailSend via E-Mail,81,Flats_Karachi,2026-08-10,https://www.zameen.com/Property/karachi_bath_island_4_bedroom_apartment_available_for_sale_in_island_homes_bathisland_clifton_karachi-54579229-198-1.html
5 bedrooms penthouse for sale in abeeda towers civil lines clifton karachi,PKR 14.5 Crore,145000000,14,5,500 Sq. Yd,4500.0,32222,House,False,33,33Share on FacebookShare on TwitterShare on WhatsAppSend via GMailSend via E-Mail,81,Flats_Karachi,2026-08-10,https://www.zameen.com/Property/karachi_civil_lines_5_bedrooms_penthouse_for_sale_in_abeeda_towers_civil_lines_clifton_karachi-54579674-493-1.html
3 Bedroom Apartment Available For Sale In Green1 Block 8 Clifton Karachi,PKR 8.5 Crore,85000000,8,4,222 Sq. Yd,1998.0,42542,Flat,False,14,14Share on FacebookShare on TwitterShare on WhatsAppSend via GMailSend via E-Mail,81,Flats_Karachi,2026-08-10,https://www.zameen.com/Property/clifton_clifton_-_block_8_3_bedroom_apartment_available_for_sale_in_green1_block_8_clifton_karachi-54579884-1670-1.html
Brand New Project Burj-Ul-Harmain At Main Safoora Chowrangi,PKR 1.38 Crore,13799999,2,2,122 Sq. Yd,1098.0,12568,Unknown,True,30,super hot30Share on FacebookShare on TwitterShare on WhatsAppSend via GMailSend via E-Mail,90,Flats_Karachi,2026-08-10,https://www.zameen.com/Property/university_road_burj-ul-harmain_brand_new_project_burj-ul-harmain_at_main_safoora_chowrangi-51360616-9674-1.html
"LUXURY RENOVATED 4-BEDROOM SEA-FACING APARTMENT FOR SALE IN CREEK VISTAS, DHA PHASE 8, KARACHI",PKR 13.85 Crore,138500000,13,5,417 Sq. Yd,3753.0,36903,Flat,True,8,super hot8Share on FacebookShare on TwitterShare on WhatsAppSend via GMailSend via E-Mail,89,Flats_Karachi,2026-08-10,https://www.zameen.com/Property/dha_phase_8_creek_vista_luxury_renovated_4-bedroom_sea-facing_apartment_for_sale_in_creek_vistas_dha_phase_8_karachi-54562001-9058-1.html
"ULTRA-LUXURY 4-BEDROOM FULL SEA-FRONT APARTMENT FOR SALE IN EMAAR PEARL TOWER 1, DHA PHASE 8, KARACHI",PKR 16 Crore,160000000,16,6,282 Sq. Yd,2538.0,63041,Flat,True,17,super hot17Share on FacebookShare on TwitterShare on WhatsAppSend via GMailSend via E-Mail,90,Flats_Karachi,2026-08-10,https://www.zameen.com/Property/emaar_crescent_bay_emaar_pearl_towers_ultra-luxury_4-bedroom_full_sea-front_apartment_for_sale_in_emaar_pearl_tower_1_dha_phase_8_karachi-54477426-10719-1.html
Lower Portion For Buy In Gulistan E Jauhar Block 3 Near Komal Apartment. .,PKR 2.99 Crore,29900000,4,4,300 Sq. Yd,2700.0,11074,Flat,False,5,hot5Share on FacebookShare on TwitterShare on WhatsAppSend via GMailSend via E-Mail,83,Flats_Karachi,2026-08-10,https://www.zameen.com/Property/gulistan_e_jauhar_gulistan-e-jauhar_-_block_3_lower_portion_for_buy_in_gulistan_e_jauhar_block_3_near_komal_apartment-54560748-6826-1.html
"1100sq Ft 2Bed Lounge Flat Available FOR SALE In Bahria Heights In TOWER A, H & G (Ready To Move)",PKR 35 Lakh,3500000,35,2,122 Sq. Yd,1098.0,3187,Flat,False,45,hot45Share on FacebookShare on TwitterShare on WhatsAppSend via GMailSend via E-Mail,84,Flats_Karachi,2026-08-10,https://www.zameen.com/Property/bahria_town_karachi_bahria_heights_1100sq_ft_2bed_lounge_flat_available_for_sale_in_bahria_heights_in_tower_a_h_g_ready_to_move-54453096-11761-1.html
1400sq ft 2BHK Luxury Flat (READY TO MOVE) Available on CASH/ INSTALMENTS. Paragon Towers are available on SALE at minimum prices.,PKR 80 Lakh,8000000,2,2,156 Sq. Yd,1404.0,5698,Flat,False,15,hot15Share on FacebookShare on TwitterShare on WhatsAppSend via GMailSend via E-Mail,84,Flats_Karachi,2026-08-10,https://www.zameen.com/Property/bahria_town_precinct_17_paragon_tower_1400sq_ft_2bhk_luxury_flat_ready_to_move_available_on_cash_instalments_paragon_towers_are_available_on_sale_at_minimum_prices-54457524-21833-1.html
FLAT FOR SELL IN GULSHAN E IQBAL BLOCK 13D1,PKR 88 Lakh,8800000,2,2,83 Sq. Yd,747.0,11780,Flat,False,10,10Share on FacebookShare on TwitterShare on WhatsAppSend via GMailSend via E-Mail,81,Flats_Karachi,2026-08-10,https://www.zameen.com/Property/gulshan_e_iqbal_gulshan-e-iqbal_-_block_13_d-1_flat_for_sell_in_gulshan_e_iqbal_block_13d1-54551078-6875-1.html
A SUPER LUXURY APARTMENT BY SAWERA 3 BED DD,PKR 6.5 Crore,65000000,6,4,255 Sq. Yd,2295.0,28322,House,True,8,8Share on FacebookShare on TwitterShare on WhatsAppSend via GMailSend via E-Mail,80,Flats_Karachi,2026-08-10,https://www.zameen.com/Property/karachi_civil_lines_a_super_luxury_apartment_by_sawera_3_bed_dd-51972949-493-1.html
YOUR DREAM Flat BY SAWERA ON BOOKING 3 BED DD,PKR 4.4 Crore,44000000,4,4,178 Sq. Yd,1602.0,27465,Flat,True,5,5Share on FacebookShare on TwitterShare on WhatsAppSend via GMailSend via E-Mail,80,Flats_Karachi,2026-08-10,https://www.zameen.com/Property/karachi_frere_town_your_dream_flat_by_sawera_on_booking_3_bed_dd-52017731-224-1.html
SAWERA GRAND ENCLAVE,PKR 95 Lakh,9500000,2,3,101 Sq. Yd,909.0,10451,Unknown,True,6,6Share on FacebookShare on TwitterShare on WhatsAppSend via GMailSend via E-Mail,80,Flats_Karachi,2026-08-10,https://www.zameen.com/Property/scheme_33_gulzar-e-hijri_sawera_grand_enclave-53360916-235-1.html
Prime Location Flat Is Available For sale In Gulshan-e-Maymar,PKR 1.4 Crore,14000000,,,133 Sq. Yd,1197.0,11695,Flat,False,8,8VerifiedShare on FacebookShare on TwitterShare on WhatsAppSend via GMailSend via E-Mail,88,Flats_Karachi,2026-08-10,https://www.zameen.com/Property/gadap_town_gulshan-e-maymar_prime_location_flat_is_available_for_sale_in_gulshan-e-maymar-54151725-680-1.html
Chance Deal - 2 Bed DD Upper Portion For Sale,PKR 1.55 Crore,15500000,1,2,111 Sq. Yd,999.0,15515,Unknown,True,8,8VerifiedShare on FacebookShare on TwitterShare on WhatsAppSend via GMailSend via E-Mail,88,Flats_Karachi,2026-08-10,https://www.zameen.com/Property/pechs_pechs_block_2_chance_deal_-_2_bed_dd_upper_portion_for_sale-53844013-6933-1.html
Well Maintained And Fully Renovated 300 Yard Portion With Roof Available For Sale At Main Tariq Road Back Side Of Zahid Nahri And Khalid Bin Waleed,PKR 5.5 Crore,55000000,4,5,300 Sq. Yd,2700.0,20370,Unknown,True,10,10VerifiedShare on FacebookShare on TwitterShare on WhatsAppSend via GMailSend via E-Mail,89,Flats_Karachi,2026-08-10,https://www.zameen.com/Property/pechs_pechs_block_2_well_maintained_and_fully_renovated_300_yard_portion_with_roof_available_for_sale_at_main_tariq_road_back_side_of_zahid_nahri_and_khalid_bin_waleed-53841121-6933-1.html
5 Sky Tower By Sawera | Luxury 3 Bed Apartments In Clifton For Sale,PKR 6.25 Crore,62500000,6,4,247 Sq. Yd,2223.0,28115,Flat,True,40,super hot403Share on FacebookShare on TwitterShare on WhatsAppSend via GMailSend via E-Mail,91,Flats_Karachi,2026-08-10,https://www.zameen.com/Property/clifton_clifton_-_block_9_5_sky_tower_by_sawera_luxury_3_bed_apartments_in_clifton_for_sale-54204018-1671-1.html
BRAND NEW FLAT AVAILABLE FOR SALE,PKR 9.25 Crore,92500000,4,4,285 Sq. Yd,2565.0,36062,Flat,True,10,super hot10Share on FacebookShare on TwitterShare on WhatsAppSend via GMailSend via E-Mail,90,Flats_Karachi,2026-08-10,https://www.zameen.com/Property/karachi_shaheed_millat_road_brand_new_flat_available_for_sale-54156382-413-1.html
CHANCE DEAL | Full Sea Facing 3 Bed | 41st Floor | Emaar Panorama | DHA Phase 8 Karachi | Single Belt,PKR 14.65 Crore,146500000,14,3,342 Sq. Yd,3078.0,47595,Unknown,True,22,super hot221Share on FacebookShare on TwitterShare on WhatsAppSend via GMailSend via E-Mail,91,Flats_Karachi,2026-08-10,https://www.zameen.com/Property/dha_phase_8_emaar_panorama_chance_deal_full_sea_facing_3_bed_41st_floor_emaar_panorama_dha_phase_8_karachi_single_belt-54483139-17182-1.html
Luxury Living In Block 16! Fully Renovated West-Open 3-Bedroom Apartment For Sale,PKR 4.5 Crore,45000000,4,2,200 Sq. Yd,1800.0,25000,Flat,True,13,super hot13Share on FacebookShare on TwitterShare on WhatsAppSend via GMailSend via E-Mail,90,Flats_Karachi,2026-08-10,https://www.zameen.com/Property/gulshan_e_iqbal_gulshan-e-iqbal_-_block_16_luxury_living_in_block_16_fully_renovated_west-open_3-bedroom_apartment_for_sale-54576122-6878-1.html
4 Bed Dd Flat Available For Sale West Open 3000 Square Feet Sector J Askari 5,PKR 5.5 Crore,55000000,5,5,333 Sq. Yd,2997.0,18351,Flat,True,11,super hot111VerifiedShare on FacebookShare on TwitterShare on WhatsAppSend via GMailSend via E-Mail,99,Flats_Karachi,2026-08-10,https://www.zameen.com/Property/askari_5_askari_5_-_sector_j_4_bed_dd_flat_available_for_sale_west_open_3000_square_feet_sector_j_askari_5-54482447-17289-1.html
2 Bed DD Apartment in Clifton Block 9 with Extra Terrace,PKR 5 Crore,50000000,5,2,133 Sq. Yd,1197.0,41771,Flat,False,7,hot7VerifiedShare on FacebookShare on TwitterShare on WhatsAppSend via GMailSend via E-Mail,91,Flats_Karachi,2026-08-10,https://www.zameen.com/Property/clifton_clifton_-_block_9_2_bed_dd_apartment_in_clifton_block_9_with_extra_terrace-54469472-1671-1.html
FLAT 3 BED D/D SAIMA CLASSIC GROUND FLOOR EXTRA LAND,PKR 2.05 Crore,20500000,2,3,200 Sq. Yd,1800.0,11388,Flat,False,10,hot10Share on FacebookShare on TwitterShare on WhatsAppSend via GMailSend via E-Mail,84,Flats_Karachi,2026-08-10,https://www.zameen.com/Property/gulshan_e_iqbal_gulshan-e-iqbal_-_block_10-a_flat_3_bed_d_d_saima_classic_ground_floor_extra_land-54506224-8894-1.html
3 Bed DD Portion For Sale,PKR 2 Crore,20000000,2,3,200 Sq. Yd,1800.0,11111,Unknown,True,8,8VerifiedShare on FacebookShare on TwitterShare on WhatsAppSend via GMailSend via E-Mail,88,Flats_Karachi,2026-08-10,https://www.zameen.com/Property/pechs_pechs_block_2_3_bed_dd_portion_for_sale-53844006-6933-1.html
Well Maintained Like Brand New Portion Available For Sale At Main Tariq Road Near Gusia Mosque,PKR 4.2 Crore,42000000,4,4,300 Sq. Yd,2700.0,15555,Unknown,True,11,11VerifiedShare on FacebookShare on TwitterShare on WhatsAppSend via GMailSend via E-Mail,89,Flats_Karachi,2026-08-10,https://www.zameen.com/Property/pechs_pechs_block_2_well_maintained_like_brand_new_portion_available_for_sale_at_main_tariq_road_near_gusia_mosque-53841024-6933-1.html
In PECHS Block 2 1300sq ft Upper Portion For Sale,PKR 1.9 Crore,19000000,3,3,144 Sq. Yd,1296.0,14660,Unknown,True,7,7Share on FacebookShare on TwitterShare on WhatsAppSend via GMailSend via E-Mail,80,Flats_Karachi,2026-08-10,https://www.zameen.com/Property/pechs_pechs_block_2_in_pechs_block_2_1300sq_ft_upper_portion_for_sale-53883970-6933-1.html
2 Bed DD Portion For Sale,PKR 1.75 Crore,17500000,1,2,100 Sq. Yd,900.0,19444,Unknown,True,8,8Share on FacebookShare on TwitterShare on WhatsAppSend via GMailSend via E-Mail,80,Flats_Karachi,2026-08-10,https://www.zameen.com/Property/pechs_pechs_block_2_2_bed_dd_portion_for_sale-53978262-6933-1.html
Brand New Portion Available For Sell At Prime Location,PKR 2.85 Crore,28500000,2,2,111 Sq. Yd,999.0,28528,Unknown,True,6,6Share on FacebookShare on TwitterShare on WhatsAppSend via GMailSend via E-Mail,80,Flats_Karachi,2026-08-10,https://www.zameen.com/Property/pechs_pechs_block_2_brand_new_portion_available_for_sell_at_prime_location-54017374-6933-1.html
apartment for sale Clifton blk6,PKR 2.4 Crore,24000000,3,3,122 Sq. Yd,1098.0,21857,Flat,False,8,8Share on FacebookShare on TwitterShare on WhatsAppSend via GMailSend via E-Mail,80,Flats_Karachi,2026-08-10,https://www.zameen.com/Property/clifton_clifton_-_block_6_apartment_for_sale_clifton_blk6-53717156-1668-1.html
1st Floor 3 Bed DD Flat Available For Sale Askari 5 Sector F Malir Cantt Karachi G+9 Building,PKR 4.15 Crore,41500000,4,3,286 Sq. Yd,2574.0,16122,Flat,True,18,super hot181VerifiedShare on FacebookShare on TwitterShare on WhatsAppSend via GMailSend via E-Mail,99,Flats_Karachi,2026-08-10,https://www.zameen.com/Property/malir_cantonment_askari_5_1st_floor_3_bed_dd_flat_available_for_sale_askari_5_sector_f_malir_cantt_karachi_g_9_building-54482448-6655-1.html
For Sale West Open 3 Bed DD Flat Askari 5 Sector J G+11 Building 2486 Sq Fet 1st Floor,PKR 4.45 Crore,44500000,4,3,276 Sq. Yd,2484.0,17914,Flat,True,32,super hot321VerifiedShare on FacebookShare on TwitterShare on WhatsAppSend via GMailSend via E-Mail,99,Flats_Karachi,2026-08-10,https://www.zameen.com/Property/askari_5_askari_5_-_sector_j_for_sale_west_open_3_bed_dd_flat_askari_5_sector_j_g_11_building_2486_sq_fet_1st_floor-54482449-17289-1.html
For Sale 3 Bed DD Flat 2nd Floor G+3 Building Askari 5 2239 Square Feet,PKR 3.7 Crore,37000000,3,3,249 Sq. Yd,2241.0,16510,Flat,True,13,super hot13VerifiedShare on FacebookShare on TwitterShare on WhatsAppSend via GMailSend via E-Mail,98,Flats_Karachi,2026-08-10,https://www.zameen.com/Property/malir_cantonment_askari_5_for_sale_3_bed_dd_flat_2nd_floor_g_3_building_askari_5_2239_square_feet-54341352-6655-1.html
Defence Bukhari Commercial Beautiful 2 Bedroom Apartment Available For Sale,PKR 2.7 Crore,27000000,2,2,100 Sq. Yd,900.0,30000,Flat,True,17,hot17Share on FacebookShare on TwitterShare on WhatsAppSend via GMailSend via E-Mail,84,Flats_Karachi,2026-08-10,https://www.zameen.com/Property/dha_phase_6_bukhari_commercial_area_defence_bukhari_commercial_beautiful_2_bedroom_apartment_available_for_sale-54558250-6674-1.html
1655 Square Feet Flat For Sale In Rs. 30000000 Only,PKR 3 Crore,30000000,3,4,184 Sq. Yd,1656.0,18115,Flat,True,11,hot11VerifiedShare on FacebookShare on TwitterShare on WhatsAppSend via GMailSend via E-Mail,92,Flats_Karachi,2026-08-10,https://www.zameen.com/Property/gulshan_e_iqbal_town_gulshan-e-iqbal_1655_square_feet_flat_for_sale_in_rs_30000000_only-54577494-233-1.html
Bank Loan Not available  West Open 2 Bedroom And Lounge Floor 32k Rental Income Maintenance 8k Sub-Lease Flat For Sale Corner and General flat available,PKR 98 Lakh,9800000,98,2,78 Sq. Yd,702.0,13960,Flat,False,27,hot27VerifiedShare on FacebookShare on TwitterShare on WhatsAppSend via GMailSend via E-Mail,92,Flats_Karachi,2026-08-10,https://www.zameen.com/Property/gulshan_e_iqbal_town_shaz_residency_bank_loan_not_available_west_open_2_bedroom_and_lounge_floor_32k_rental_income_maintenance_8k_sub-lease_flat_for_sale_corner_and_general_flat_available-54465795-13917-1.html
Highly-Desirable Flat Available In Gulshan-E-Iqbal - Block 16 For Sale,PKR 4.5 Crore,45000000,3,3,172 Sq. Yd,1548.0,29069,Flat,False,11,hot11VerifiedShare on FacebookShare on TwitterShare on WhatsAppSend via GMailSend via E-Mail,92,Flats_Karachi,2026-08-10,https://www.zameen.com/Property/gulshan_e_iqbal_gulshan-e-iqbal_-_block_16_highly-desirable_flat_available_in_gulshan-e-iqbal_-_block_16_for_sale-54561493-6878-1.html
1100 SQ FT Dascon Tower Available For Sale In Bahria Town Karachi,PKR 85 Lakh,8500000,2,2,122 Sq. Yd,1098.0,7741,Unknown,False,13,13Share on FacebookShare on TwitterShare on WhatsAppSend via GMailSend via E-Mail,81,Flats_Karachi,2026-08-10,https://www.zameen.com/Property/bahria_hills_dascon_tower_1100_sq_ft_dascon_tower_available_for_sale_in_bahria_town_karachi-54542721-22084-1.html
FLAT FOR SALE AL MUSTAFA APARTMENT GULSHAN-E-IQBAL 14,PKR 1.5 Crore,15000000,2,2,117 Sq. Yd,1053.0,14245,Flat,False,5,5Share on FacebookShare on TwitterShare on WhatsAppSend via GMailSend via E-Mail,80,Flats_Karachi,2026-08-10,https://www.zameen.com/Property/gulshan_e_iqbal_gulshan-e-iqbal_-_block_14_flat_for_sale_al_mustafa_apartment_gulshan-e-iqbal_14-54069997-6876-1.html
Reserve A Centrally Located Flat Of 1785 Square Feet In Naya Nazimabad,PKR 3.1 Crore,31000000,3,3,198 Sq. Yd,1782.0,17396,Flat,False,3,3VerifiedShare on FacebookShare on TwitterShare on WhatsAppSend via GMailSend via E-Mail,88,Flats_Karachi,2026-08-10,https://www.zameen.com/Property/karachi_naya_nazimabad_reserve_a_centrally_located_flat_of_1785_square_feet_in_naya_nazimabad-53607927-10079-1.html
1785 Square Feet Flat For Sale Available In Naya Nazimabad,PKR 2.5 Crore,25000000,3,3,198 Sq. Yd,1782.0,14029,Flat,False,9,9VerifiedShare on FacebookShare on TwitterShare on WhatsAppSend via GMailSend via E-Mail,88,Flats_Karachi,2026-08-10,https://www.zameen.com/Property/karachi_naya_nazimabad_1785_square_feet_flat_for_sale_available_in_naya_nazimabad-53607919-10079-1.html
READY TO MOVE 955sq Ft 2Bed Lounge Flat FOR SALE Outer Corner Apartment With AMAZING VIEW. 2KM From MAIN GATE Of BTK\,PKR 65 Lakh,6500000,65,2,106 Sq. Yd,954.0,6813,Flat,False,22,22Share on FacebookShare on TwitterShare on WhatsAppSend via GMailSend via E-Mail,81,Flats_Karachi,2026-08-10,https://www.zameen.com/Property/bahria_town_karachi_bahria_apartments_ready_to_move_955sq_ft_2bed_lounge_flat_for_sale_outer_corner_apartment_with_amazing_view_2km_from_main_gate_of_btk-54476395-9030-1.html
FLAT FOR SALE,PKR 3.5 Crore,35000000,3,3,178 Sq. Yd,1602.0,21847,Flat,True,37,super hot37Share on FacebookShare on TwitterShare on WhatsAppSend via GMailSend via E-Mail,90,Flats_Karachi,2026-08-10,https://www.zameen.com/Property/gulistan_e_jauhar_gulistan-e-jauhar_-_block_16_flat_for_sale-54494936-6840-1.html
This Is Your Chance To Buy Flat In Karachi,PKR 1.75 Crore,17500000,2,3,125 Sq. Yd,1125.0,15555,Flat,True,11,hot11VerifiedShare on FacebookShare on TwitterShare on WhatsAppSend via GMailSend via E-Mail,92,Flats_Karachi,2026-08-10,https://www.zameen.com/Property/gulshan_e_iqbal_town_gulshan-e-iqbal_this_is_your_chance_to_buy_flat_in_karachi-54577493-233-1.html
Buying A Flat In Gulshan-E-Iqbal Karachi?,PKR 3.5 Crore,35000000,5,6,249 Sq. Yd,2241.0,15618,Flat,True,11,hot11VerifiedShare on FacebookShare on TwitterShare on WhatsAppSend via GMailSend via E-Mail,92,Flats_Karachi,2026-08-10,https://www.zameen.com/Property/gulshan_e_iqbal_town_gulshan-e-iqbal_buying_a_flat_in_gulshan-e-iqbal_karachi-54577495-233-1.html
D COMPFORT 2 BED LOUNGE GROUND FLOOR PORTION,PKR 1.1 Crore,11000000,1,2,100 Sq. Yd,900.0,12222,Unknown,False,9,hot9Share on FacebookShare on TwitterShare on WhatsAppSend via GMailSend via E-Mail,83,Flats_Karachi,2026-08-10,https://www.zameen.com/Property/federal_b_area_federal_b_area_-_block_8_d_compfort_2_bed_lounge_ground_floor_portion-54500651-6692-1.html
FLAT FOR SALE 3 BED D/D FIRST FLOOR WEST OPEN CORNER,PKR 1.8 Crore,18000000,1,3,144 Sq. Yd,1296.0,13888,Flat,False,13,hot13Share on FacebookShare on TwitterShare on WhatsAppSend via GMailSend via E-Mail,84,Flats_Karachi,2026-08-10,https://www.zameen.com/Property/gulshan_e_iqbal_gulshan-e-iqbal_-_block_13_d-1_flat_for_sale_3_bed_d_d_first_floor_west_open_corner-54187748-6875-1.html
"2 Bed Lounge Apartment, 3rd Floor, Corner, Main Road Facing.",PKR 55 Lakh,5500000,55,2,78 Sq. Yd,702.0,7834,House,False,11,hot11Share on FacebookShare on TwitterShare on WhatsAppSend via GMailSend via E-Mail,84,Flats_Karachi,2026-08-10,https://www.zameen.com/Property/gadap_town_saima_arabian_villas_2_bed_lounge_apartment_3rd_floor_corner_main_road_facing-54528375-8856-1.html
A Great Choice For A 1785 Square Feet Flat Available In Naya Nazimabad,PKR 3 Crore,30000000,3,3,198 Sq. Yd,1782.0,16835,Flat,False,10,10VerifiedShare on FacebookShare on TwitterShare on WhatsAppSend via GMailSend via E-Mail,89,Flats_Karachi,2026-08-10,https://www.zameen.com/Property/karachi_naya_nazimabad_a_great_choice_for_a_1785_square_feet_flat_available_in_naya_nazimabad-53706111-10079-1.html
Naya Nazimabad Flat Sized 1260 Square Feet,PKR 2 Crore,20000000,2,2,140 Sq. Yd,1260.0,15873,Flat,False,4,4VerifiedShare on FacebookShare on TwitterShare on WhatsAppSend via GMailSend via E-Mail,88,Flats_Karachi,2026-08-10,https://www.zameen.com/Property/karachi_naya_nazimabad_naya_nazimabad_flat_sized_1260_square_feet-53609253-10079-1.html
Ideally Located Flat Of 3275 Square Feet Is Available For sale In Karachi,PKR 8.19 Crore,81900000,3,3,364 Sq. Yd,3276.0,25000,Flat,False,19,19VerifiedShare on FacebookShare on TwitterShare on WhatsAppSend via GMailSend via E-Mail,89,Flats_Karachi,2026-08-10,https://www.zameen.com/Property/clifton_block_1_grand_monarch_seaside_residency_ideally_located_flat_of_3275_square_feet_is_available_for_sale_in_karachi-53797355-22426-1.html
Flat For Sale In PECHS Block 6,PKR 4.75 Crore,47500000,4,4,256 Sq. Yd,2304.0,20616,Flat,False,10,10VerifiedShare on FacebookShare on TwitterShare on WhatsAppSend via GMailSend via E-Mail,89,Flats_Karachi,2026-08-10,https://www.zameen.com/Property/pechs_pechs_block_6_flat_for_sale_in_pechs_block_6-54143310-6935-1.html
60 Square Yards Flat Available For Sale On Ground Floor Builder File No bank Loan Approved,PKR 31 Lakh,3100000,2,1,60 Sq. Yd,540.0,5740,Flat,True,9,super hot9VerifiedShare on FacebookShare on TwitterShare on WhatsAppSend via GMailSend via E-Mail,97,Flats_Karachi,2026-08-10,https://www.zameen.com/Property/korangi_allahwala_town_60_square_yards_flat_available_for_sale_on_ground_floor_builder_file_no_bank_loan_approved-53478016-7056-1.html
2 Bed Apartment For Sale,PKR 1.65 Crore,16500000,1,2,100 Sq. Yd,900.0,18333,Flat,True,14,super hot14Share on FacebookShare on TwitterShare on WhatsAppSend via GMailSend via E-Mail,90,Flats_Karachi,2026-08-10,https://www.zameen.com/Property/dha_defence_dha_phase_5_2_bed_apartment_for_sale-54269043-1482-1.html
Spacious 3 Bedroom Flat with Terrace in Prime Bahadurabad Location*,PKR 6 Crore,60000000,6,3,194 Sq. Yd,1746.0,34364,Flat,True,7,hot7Share on FacebookShare on TwitterShare on WhatsAppSend via GMailSend via E-Mail,83,Flats_Karachi,2026-08-10,https://www.zameen.com/Property/gulshan_e_iqbal_town_bahadurabad_spacious_3_bedroom_flat_with_terrace_in_prime_bahadurabad_location-54587868-524-1.html
FLAT 2 BED LOUNGE SAIMON VIEW BLOCK 19 KDA LEASED,PKR 30 Lakh,3000000,30,2,78 Sq. Yd,702.0,4273,Flat,False,8,hot8Share on FacebookShare on TwitterShare on WhatsAppSend via GMailSend via E-Mail,83,Flats_Karachi,2026-08-10,https://www.zameen.com/Property/gulistan_e_jauhar_gulistan-e-jauhar_-_block_19_flat_2_bed_lounge_saimon_view_block_19_kda_leased-53507897-6843-1.html
3 BED ROOM APARTMENT IN ZULFIQAR COMMERCAIL DHA PHASE 8,PKR 3.75 Crore,37500000,3,3,127 Sq. Yd,1143.0,32808,Flat,False,14,hot14Share on FacebookShare on TwitterShare on WhatsAppSend via GMailSend via E-Mail,84,Flats_Karachi,2026-08-10,https://www.zameen.com/Property/dha_defence_dha_phase_8_3_bed_room_apartment_in_zulfiqar_commercail_dha_phase_8-49961504-1485-1.html
Looking For A Flat In Clifton - Block 2,PKR 5.3 Crore,53000000,3,3,192 Sq. Yd,1728.0,30671,Flat,False,10,10VerifiedShare on FacebookShare on TwitterShare on WhatsAppSend via GMailSend via E-Mail,89,Flats_Karachi,2026-08-10,https://www.zameen.com/Property/clifton_clifton_-_block_2_looking_for_a_flat_in_clifton_-_block_2-54167525-1664-1.html
ully Renovated 2-Bedroom Residence | Coral Tower South | Emaar DHA Phase 8 Luxury That Pays You Back,PKR 5.28 Crore,52800000,5,2,198 Sq. Yd,1782.0,29629,Unknown,True,19,super hot191Share on FacebookShare on TwitterShare on WhatsAppSend via GMailSend via E-Mail,91,Flats_Karachi,2026-08-10,https://www.zameen.com/Property/emaar_crescent_bay_emaar_coral_towers_ully_renovated_2-bedroom_residence_coral_tower_south_emaar_dha_phase_8_luxury_that_pays_you_back-54419715-10721-1.html
FULL PAID DEAL! PARTIAL SEA VIEW 2BR BIG LAYOUT | READY TO MOVE | VIEWS TOWER,PKR 8.8 Crore,88000000,2,3,206 Sq. Yd,1854.0,47464,Unknown,True,28,super hot28Share on FacebookShare on TwitterShare on WhatsAppSend via GMailSend via E-Mail,90,Flats_Karachi,2026-08-10,https://www.zameen.com/Property/dha_phase_8_emaar_the_views_full_paid_deal_partial_sea_view_2br_big_layout_ready_to_move_views_tower-54177170-17808-1.html
Ready To Move 3 Bed Dd Appartment In FL04 Naya Nazimabad Block B,PKR 3.1 Crore,31000000,3,4,194 Sq. Yd,1746.0,17754,Unknown,True,5,super hot5Share on FacebookShare on TwitterShare on WhatsAppSend via GMailSend via E-Mail,89,Flats_Karachi,2026-08-10,https://www.zameen.com/Property/naya_nazimabad_naya_nazimabad_-_block_b_ready_to_move_3_bed_dd_appartment_in_fl04_naya_nazimabad_block_b-54474478-14292-1.html
A PERFECT 2 BED AND 3-BED APARTMENTS BY SAWERA GROUPS,PKR 1.35 Crore,13500000,1,2,137 Sq. Yd,1233.0,10948,Flat,True,23,hot23Share on FacebookShare on TwitterShare on WhatsAppSend via GMailSend via E-Mail,84,Flats_Karachi,2026-08-10,https://www.zameen.com/Property/karachi_scheme_33_a_perfect_2_bed_and_3-bed_apartments_by_sawera_groups-51966742-495-1.html
Spacious 3-Bed Portion For Sale Small Project High Rental Yield P. E. C. H. S. Block 2,PKR 4.1 Crore,41000000,4,3,300 Sq. Yd,2700.0,15185,Unknown,False,16,hot16Share on FacebookShare on TwitterShare on WhatsAppSend via GMailSend via E-Mail,84,Flats_Karachi,2026-08-10,https://www.zameen.com/Property/pechs_pechs_block_2_spacious_3-bed_portion_for_sale_small_project_high_rental_yield_p_e_c_h_s_block_2-53700820-6933-1.html
Exclusive 1st Floor Living 4-Bed Luxury Unit In Bahadur Yar Jang Society/Shabbirabad Portion For Sale,PKR 6.5 Crore,65000000,6,4,211 Sq. Yd,1899.0,34228,Unknown,False,11,hot11Share on FacebookShare on TwitterShare on WhatsAppSend via GMailSend via E-Mail,84,Flats_Karachi,2026-08-10,https://www.zameen.com/Property/gulshan_e_iqbal_town_shabirabad_society_exclusive_1st_floor_living_4-bed_luxury_unit_in_bahadur_yar_jang_society_shabbirabad_portion_for_sale-53818076-6907-1.html
"Fresh Booking: 1000 Sq. Ft. 3-Bed Lounge Apartment at Big Bukhari, DHA",PKR 3.25 Crore,32500000,3,3,111 Sq. Yd,999.0,32532,Flat,False,6,hot6Share on FacebookShare on TwitterShare on WhatsAppSend via GMailSend via E-Mail,83,Flats_Karachi,2026-08-10,https://www.zameen.com/Property/dha_phase_6_bukhari_commercial_area_fresh_booking_1000_sq_ft_3-bed_lounge_apartment_at_big_bukhari_dha-53808160-6674-1.html
"Ideal 2530 Square Feet Flat Has Landed On Market In Clifton - Block 2, Karachi",PKR 5.2 Crore,52000000,3,3,281 Sq. Yd,2529.0,20561,Flat,False,9,9VerifiedShare on FacebookShare on TwitterShare on WhatsAppSend via GMailSend via E-Mail,88,Flats_Karachi,2026-08-10,https://www.zameen.com/Property/clifton_clifton_-_block_2_ideal_2530_square_feet_flat_has_landed_on_market_in_clifton_-_block_2_karachi-54350936-1664-1.html
Luxurious 3200 Square Feet Flat In Bath Island,PKR 12 Crore,120000000,4,12,356 Sq. Yd,3204.0,37453,Flat,False,10,10VerifiedShare on FacebookShare on TwitterShare on WhatsAppSend via GMailSend via E-Mail,89,Flats_Karachi,2026-08-10,https://www.zameen.com/Property/karachi_bath_island_luxurious_3200_square_feet_flat_in_bath_island-54382123-198-1.html
Premium 1200 Square Feet Flat Is Available For sale In Karachi,PKR 3.85 Crore,38500000,2,2,156 Sq. Yd,1404.0,27421,Flat,True,10,10VerifiedShare on FacebookShare on TwitterShare on WhatsAppSend via GMailSend via E-Mail,89,Flats_Karachi,2026-08-10,https://www.zameen.com/Property/clifton_clifton_-_block_9_premium_1200_square_feet_flat_is_available_for_sale_in_karachi-54404596-1671-1.html
Fully Furnished Apartment For Sale In Bahria Heights 1 New Building E Block,PKR 1.9 Crore,19000000,1,2,4.7 Marla,1057.5,17966,Flat,True,9,hot9Share on FacebookShare on TwitterShare on WhatsAppSend via GMailSend via E-Mail,83,Flats_Rawalpindi,2026-08-10,https://www.zameen.com/Property/bahria_town_rawalpindi_bahria_heights_1_fully_furnished_apartment_for_sale_in_bahria_heights_1_new_building_e_block-52821251-12199-1.html
Premium 10 Marla House For Sale | Bahria Town Islamabad,PKR 3.45 Crore,34500000,4,5,10 Marla,2250.0,15333,House,True,9,hot9Share on FacebookShare on TwitterShare on WhatsAppSend via GMailSend via E-Mail,83,Flats_Rawalpindi,2026-08-10,https://www.zameen.com/Property/bahria_town_rawalpindi_bahria_town_phase_3_premium_10_marla_house_for_sale_bahria_town_islamabad-54555212-3036-1.html
2 Bed Apartment Bahria Town Phase 8,PKR 80 Lakh,8000000,80,2,4.2 Marla,945.0,8465,Flat,False,13,hot13Share on FacebookShare on TwitterShare on WhatsAppSend via GMailSend via E-Mail,84,Flats_Rawalpindi,2026-08-10,https://www.zameen.com/Property/bahria_town_phase_8_bahria_business_district_2_bed_apartment_bahria_town_phase_8-54236500-9033-1.html
Fair-Priced On Excellent Location 795 Square Feet Flat Available In Bahria Town Phase 8 - Awami Villas 2,PKR 68 Lakh,6800000,2,1,3.5 Marla,787.5,8634,House,True,13,super hot13VerifiedShare on FacebookShare on TwitterShare on WhatsAppSend via GMailSend via E-Mail,98,Flats_Rawalpindi,2026-08-10,https://www.zameen.com/Property/bahria_town_phase_8_bahria_town_phase_8_-_awami_villas_2_fair-priced_on_excellent_location_795_square_feet_flat_available_in_bahria_town_phase_8_-_awami_villas_2-54588870-8207-1.html
874 Square Feet Flat In Stunning Bahria Business District Is Available For Sale,PKR 80 Lakh,8000000,2,2,3.9 Marla,877.5,9116,Flat,True,12,super hot121VerifiedShare on FacebookShare on TwitterShare on WhatsAppSend via GMailSend via E-Mail,99,Flats_Rawalpindi,2026-08-10,https://www.zameen.com/Property/bahria_town_phase_8_bahria_business_district_874_square_feet_flat_in_stunning_bahria_business_district_is_available_for_sale-54518556-9033-1.html
937 Square Feet Flat For Sale In Bahria Business District Rawalpindi,PKR 85 Lakh,8500000,2,2,4.2 Marla,945.0,8994,Flat,True,11,super hot111VerifiedShare on FacebookShare on TwitterShare on WhatsAppSend via GMailSend via E-Mail,99,Flats_Rawalpindi,2026-08-10,https://www.zameen.com/Property/bahria_town_phase_8_bahria_business_district_937_square_feet_flat_for_sale_in_bahria_business_district_rawalpindi-54518557-9033-1.html
2 Bed Spring Apartment On Expressway Islamabad For Sale,PKR 1.45 Crore,14500000,1,2,4.4 Marla,990.0000000000001,14646,Flat,False,7,hot7Share on FacebookShare on TwitterShare on WhatsAppSend via GMailSend via E-Mail,83,Flats_Rawalpindi,2026-08-10,https://www.zameen.com/Property/rawalpindi_fazaia_housing_scheme_2_bed_spring_apartment_on_expressway_islamabad_for_sale-53841644-516-1.html
"6 Marla Brand New Designer House For Sale Bahria Town Phase 8, Sector E-1",PKR 2.8 Crore,28000000,3,4,6 Marla,1350.0,20740,House,False,,Share on FacebookShare on TwitterShare on WhatsAppSend via GMailSend via E-Mail,79,Flats_Rawalpindi,2026-08-10,https://www.zameen.com/Property/bahria_town_rawalpindi_bahria_town_phase_8_6_marla_brand_new_designer_house_for_sale_bahria_town_phase_8_sector_e-1-54591387-3048-1.html
,PKR 2.36 Crore,23600000,,,2.2 Marla,495.00000000000006,47676,Flat,True,19,super hot19Share on FacebookShare on TwitterShare on WhatsAppSend via GMailSend via E-Mail,90,Flats_Rawalpindi,2026-08-10,https://www.zameen.com/new-projects/mall_35-1714.html
C business junction 2 bed Apartment for sale,PKR 55 Lakh,5500000,55,2,3 Marla,675.0,8148,Flat,False,5,5Share on FacebookShare on TwitterShare on WhatsAppSend via GMailSend via E-Mail,80,Flats_Rawalpindi,2026-08-10,https://www.zameen.com/Property/bahria_town_phase_8_c_junction_commercial_c_business_junction_2_bed_apartment_for_sale-54207527-20127-1.html
2 Bed Apartment For Sale Business district,PKR 85 Lakh,8500000,85,2,4.2 Marla,945.0,8994,Flat,False,14,14Share on FacebookShare on TwitterShare on WhatsAppSend via GMailSend via E-Mail,81,Flats_Rawalpindi,2026-08-10,https://www.zameen.com/Property/bahria_town_phase_8_bahria_business_district_2_bed_apartment_for_sale_business_district-52624737-9033-1.html
1 BedRoom Apartment For Sale,PKR 1.2 Crore,12000000,1,1,3.4 Marla,765.0,15686,Flat,True,41,super hot41Share on FacebookShare on TwitterShare on WhatsAppSend via GMailSend via E-Mail,90,Flats_Rawalpindi,2026-08-10,https://www.zameen.com/Property/bahria_town_rawalpindi_bahria_town_phase_8_1_bedroom_apartment_for_sale-53119778-3048-1.html
On Excellent Location Flat In Diamond Excellency Sized 2700 Square Feet Is Available,PKR 4.32 Crore,43200000,4,5,12 Marla,2700.0,16000,Flat,True,43,super hot431VerifiedShare on FacebookShare on TwitterShare on WhatsAppSend via GMailSend via E-Mail,99,Flats_Rawalpindi,2026-08-10,https://www.zameen.com/Property/bahria_town_phase_7_diamond_excellency_on_excellent_location_flat_in_diamond_excellency_sized_2700_square_feet_is_available-54427937-22454-1.html
2bedroom corner luxury apartments for sale in bharia town phase 1,PKR 95 Lakh,9500000,95,2,5.8 Marla,1305.0,7279,House,False,18,hot181Share on FacebookShare on TwitterShare on WhatsAppSend via GMailSend via E-Mail,85,Flats_Rawalpindi,2026-08-10,https://www.zameen.com/Property/bahria_town_rawalpindi_bahria_town_-_safari_villas_2bedroom_corner_luxury_apartments_for_sale_in_bharia_town_phase_1-54430463-3078-1.html
2 Bedroom Apartment For Sale Excellent Opportunity!,PKR 80 Lakh,8000000,80,3,5.8 Marla,1305.0,6130,House,False,9,hot9Share on FacebookShare on TwitterShare on WhatsAppSend via GMailSend via E-Mail,83,Flats_Rawalpindi,2026-08-10,https://www.zameen.com/Property/bahria_town_rawalpindi_bahria_town_-_safari_villas_2_bedroom_apartment_for_sale_excellent_opportunity-54458425-3078-1.html
Bahria Town Phase 8.2 Bed Apartment For Sale. Ideal Location,PKR 70 Lakh,7000000,70,2,3.6 Marla,810.0,8641,Flat,False,6,6Share on FacebookShare on TwitterShare on WhatsAppSend via GMailSend via E-Mail,80,Flats_Rawalpindi,2026-08-10,https://www.zameen.com/Property/bahria_town_phase_8_bahria_town_phase_8_-_block_a_bahria_town_phase_8_2_bed_apartment_for_sale_ideal_location-54428633-3049-1.html
On Excellent Location Flat Sized 1030 Square Feet Is Available For sale In Bahria Business District,PKR 1.2 Crore,12000000,2,2,4.6 Marla,1035.0,11594,Flat,True,16,super hot161VerifiedShare on FacebookShare on TwitterShare on WhatsAppSend via GMailSend via E-Mail,99,Flats_Rawalpindi,2026-08-10,https://www.zameen.com/Property/bahria_town_phase_8_bahria_business_district_on_excellent_location_flat_sized_1030_square_feet_is_available_for_sale_in_bahria_business_district-54566987-9033-1.html
2 Bed Flat Sized 830 Square Feet for sale,PKR 65 Lakh,6500000,65,2,3.8 Marla,855.0,7602,Flat,True,28,super hot28Share on FacebookShare on TwitterShare on WhatsAppSend via GMailSend via E-Mail,90,Flats_Rawalpindi,2026-08-10,https://www.zameen.com/Property/bahria_town_rawalpindi_bahria_town_phase_8_2_bed_flat_sized_830_square_feet_for_sale-53065402-3048-1.html
1 Bedroom Apartment For Sale | Phase 8 Bahria Town Rawalpindi,PKR 50 Lakh,5000000,50,1,2.4 Marla,540.0,9259,Flat,True,14,super hot14Share on FacebookShare on TwitterShare on WhatsAppSend via GMailSend via E-Mail,90,Flats_Rawalpindi,2026-08-10,https://www.zameen.com/Property/bahria_town_rawalpindi_bahria_town_phase_8_1_bedroom_apartment_for_sale_phase_8_bahria_town_rawalpindi-53352631-3048-1.html
1 Bed Apartment In Luxury Family Building,PKR 66.5 Lakh,6650000,66,1,2.1 Marla,472.5,14074,Flat,False,15,hot15Share on FacebookShare on TwitterShare on WhatsAppSend via GMailSend via E-Mail,84,Flats_Rawalpindi,2026-08-10,https://www.zameen.com/Property/bahria_town_rawalpindi_bahria_town_phase_7_1_bed_apartment_in_luxury_family_building-54427212-3047-1.html
Two Bedroom Luxury Apartment Is Available For Sale At River Hills Tower 2 Bahria Town Phase 7 Rawalpindi/ Islamabad.,PKR 1.55 Crore,15500000,1,2,4.8 Marla,1080.0,14351,Flat,False,9,9Share on FacebookShare on TwitterShare on WhatsAppSend via GMailSend via E-Mail,80,Flats_Rawalpindi,2026-08-10,https://www.zameen.com/Property/bahria_expressway_river_hills_two_bedroom_luxury_apartment_is_available_for_sale_at_river_hills_tower_2_bahria_town_phase_7_rawalpindi_islamabad-54421100-11347-1.html
This Is Your Chance To Buy Prime Location Flat In Peshawar Road Peshawar Road,PKR 2.21 Crore,22100000,2,2,5.8 Marla,1305.0,16934,Flat,False,9,9VerifiedShare on FacebookShare on TwitterShare on WhatsAppSend via GMailSend via E-Mail,88,Flats_Rawalpindi,2026-08-10,https://www.zameen.com/Property/rawalpindi_peshawar_road_this_is_your_chance_to_buy_prime_location_flat_in_peshawar_road_peshawar_road-54510795-517-1.html
3 Bedroom Apartment Available In Askari 14,PKR 3.5 Crore,35000000,3,5,11.6 Marla,2610.0,13409,Flat,False,16,hot16Share on FacebookShare on TwitterShare on WhatsAppSend via GMailSend via E-Mail,84,Flats_Rawalpindi,2026-08-10,https://www.zameen.com/Property/rawalpindi_askari_14_3_bedroom_apartment_available_in_askari_14-38269120-1504-1.html
Ground Floor 3 Bedroom Apartment In Askari 14 Rawalpindi,PKR 3.85 Crore,38500000,3,3,11.1 Marla,2497.5,15415,Flat,False,15,hot151Share on FacebookShare on TwitterShare on WhatsAppSend via GMailSend via E-Mail,85,Flats_Rawalpindi,2026-08-10,https://www.zameen.com/Property/rawalpindi_askari_14_ground_floor_3_bedroom_apartment_in_askari_14_rawalpindi-46124783-1504-1.html
Two Bedrooms Fully Furnished Apartment For Sale In Bahria Town Phase 7 Rawalpindi/ Islamabad.,PKR 90 Lakh,9000000,90,2,4 Marla,900.0,10000,Flat,False,11,11Share on FacebookShare on TwitterShare on WhatsAppSend via GMailSend via E-Mail,81,Flats_Rawalpindi,2026-08-10,https://www.zameen.com/Property/bahria_town_rawalpindi_bahria_town_phase_7_two_bedrooms_fully_furnished_apartment_for_sale_in_bahria_town_phase_7_rawalpindi_islamabad-54588755-3047-1.html
Book On Excellent Location Flat Today In MGC Jewel,PKR 1.68 Crore,16800000,1,1,2.5 Marla,562.5,29866,Flat,False,26,261VerifiedShare on FacebookShare on TwitterShare on WhatsAppSend via GMailSend via E-Mail,90,Flats_Rawalpindi,2026-08-10,https://www.zameen.com/Property/bahria_town_phase_8_mgc_jewel_book_on_excellent_location_flat_today_in_mgc_jewel-53626299-18833-1.html
2 Bed Apartment For Sale In Layalpur Galleria East Canal Road Best Location Hot Location Near Commercial Near Food Court Best Rental Income Best For Investment,PKR 1.3 Crore,13000000,1,2,2.2 Marla,495.00000000000006,26262,Flat,True,7,super hot7VerifiedShare on FacebookShare on TwitterShare on WhatsAppSend via GMailSend via E-Mail,97,Flats_Faisalabad,2026-08-10,https://www.zameen.com/Property/east_canal_road_lyallpur_galleria_2_bed_apartment_for_sale_in_layalpur_galleria_east_canal_road_best_location_hot_location_near_commercial_near_food_court_best_rental_income_best_for_investment-54508437-10499-1.html
Apartment 504 Sqft Layelpur Galleria,PKR 1.5 Crore,15000000,2,2,2.2 Marla,495.00000000000006,30303,Flat,True,,hotShare on FacebookShare on TwitterShare on WhatsAppSend via GMailSend via E-Mail,82,Flats_Faisalabad,2026-08-10,https://www.zameen.com/Property/east_canal_road_lyallpur_galleria_apartment_504_sqft_layelpur_galleria-54428649-10499-1.html
3 Marla Fully Furnished Apartment For Sale,PKR 1.3 Crore,13000000,2,2,3 Marla,675.0,19259,Flat,True,21,hot21Share on FacebookShare on TwitterShare on WhatsAppSend via GMailSend via E-Mail,84,Flats_Faisalabad,2026-08-10,https://www.zameen.com/Property/lower_canal_road_green_orchard_apartments_3_marla_fully_furnished_apartment_for_sale-54296126-19726-1.html
Premium Flat For Sale Kohinoor One Plaza Jaranwala Road Faisalabad,PKR 35 Lakh,3500000,1,1,1.4 Marla,315.0,11111,Flat,True,,hotShare on FacebookShare on TwitterShare on WhatsAppSend via GMailSend via E-Mail,82,Flats_Faisalabad,2026-08-10,https://www.zameen.com/Property/jaranwala_road_kohinoor_one_premium_flat_for_sale_kohinoor_one_plaza_jaranwala_road_faisalabad-54482930-12286-1.html
Apartment For Sale Madina Town Near Susan Road FDA Flat,PKR 45 Lakh,4500000,2,1,2 Marla,450.0,10000,Flat,False,16,hot16Share on FacebookShare on TwitterShare on WhatsAppSend via GMailSend via E-Mail,84,Flats_Faisalabad,2026-08-10,https://www.zameen.com/Property/faisalabad_madina_town_apartment_for_sale_madina_town_near_susan_road_fda_flat-54489741-533-1.html
116 Marla Farmhouse For Sale with Swimming Pool on Main Lower Canal Road Faisalabad,PKR 13.92 Crore,139200000,3,3,5.8 Kanal,26100.0,5333,House,True,5,5Share on FacebookShare on TwitterShare on WhatsAppSend via GMailSend via E-Mail,80,Flats_Faisalabad,2026-08-10,https://www.zameen.com/Property/faisalabad_lower_canal_road_116_marla_farmhouse_for_sale_with_swimming_pool_on_main_lower_canal_road_faisalabad-54365660-12189-1.html
A Perfect Prime Location Flat Awaits You In DHA Phase 1 - Sector C Multan,PKR 92.5 Lakh,9250000,,,2.2 Marla,495.00000000000006,18686,Flat,True,20,super hot20VerifiedShare on FacebookShare on TwitterShare on WhatsAppSend via GMailSend via E-Mail,98,Flats_Multan,2026-08-10,https://www.zameen.com/Property/dha_phase_1_dha_phase_1_-_sector_c_a_perfect_prime_location_flat_awaits_you_in_dha_phase_1_-_sector_c_multan-54562675-14302-1.html
Prime Location 900 Square Feet Flat For sale In The Perfect Location Of DHA Phase 1 - Sector C,PKR 1.67 Crore,16700000,2,2,4 Marla,900.0,18555,Flat,True,21,super hot21VerifiedShare on FacebookShare on TwitterShare on WhatsAppSend via GMailSend via E-Mail,98,Flats_Multan,2026-08-10,https://www.zameen.com/Property/dha_phase_1_dha_phase_1_-_sector_c_prime_location_900_square_feet_flat_for_sale_in_the_perfect_location_of_dha_phase_1_-_sector_c-54562677-14302-1.html
10 Marla Flat For Sale In Citi Housing,PKR 58 Lakh,5800000,1,1,1.5 Marla,337.5,17185,House,False,7,hot7Share on FacebookShare on TwitterShare on WhatsAppSend via GMailSend via E-Mail,83,Flats_Multan,2026-08-10,https://www.zameen.com/Property/multan_buch_executive_villas_10_marla_flat_for_sale_in_citi_housing-54443973-8627-1.html
A Prime Location 849 Square Feet Flat Located In Buch Executive Villas Is Available For sale,PKR 1.1 Crore,11000000,1,1,3.8 Marla,855.0,12865,House,False,9,9Share on FacebookShare on TwitterShare on WhatsAppSend via GMailSend via E-Mail,80,Flats_Multan,2026-08-10,https://www.zameen.com/Property/multan_buch_executive_villas_a_prime_location_849_square_feet_flat_located_in_buch_executive_villas_is_available_for_sale-53998535-8627-1.html
Get In Touch Now To Buy A Prime Location 6 Marla Flat In Buch Executive Villas,PKR 95 Lakh,9500000,2,2,6 Marla,1350.0,7037,House,False,12,12Share on FacebookShare on TwitterShare on WhatsAppSend via GMailSend via E-Mail,81,Flats_Multan,2026-08-10,https://www.zameen.com/Property/multan_buch_executive_villas_get_in_touch_now_to_buy_a_prime_location_6_marla_flat_in_buch_executive_villas-54284591-8627-1.html
Prime Location Flat For Sale In Buch Executive Villas,PKR 78 Lakh,7800000,,,2 Marla,450.0,17333,House,False,14,14Share on FacebookShare on TwitterShare on WhatsAppSend via GMailSend via E-Mail,81,Flats_Multan,2026-08-10,https://www.zameen.com/Property/multan_buch_executive_villas_prime_location_flat_for_sale_in_buch_executive_villas-54421067-8627-1.html
,PKR 1.01 Crore,10100000,,1,1.9 Marla,427.5,23625,Flat,True,1,super hot1Share on FacebookShare on TwitterShare on WhatsAppSend via GMailSend via E-Mail,89,Flats_Multan,2026-08-10,https://www.zameen.com/new-projects/golf_view_rumanza-2132.html
,PKR 97.2 Lakh,9720000,1,1,2.4 Marla,540.0,18000,Flat,False,13,hot13Share on FacebookShare on TwitterShare on WhatsAppSend via GMailSend via E-Mail,84,Flats_Multan,2026-08-10,https://www.zameen.com/new-projects/downtown_rumanza-2121.html
A Beautiful Fully Furnished Farmhouse For Sale In Buch Villas,PKR 33 Crore,330000000,10,6,8 Kanal,36000.0,9166,House,True,31,super hot31Share on FacebookShare on TwitterShare on WhatsAppSend via GMailSend via E-Mail,90,Flats_Multan,2026-08-10,https://www.zameen.com/Property/multan_buch_executive_villas_a_beautiful_fully_furnished_farmhouse_for_sale_in_buch_villas-54138488-8627-1.html
700 Square Feet Flat Up For Sale In DHA Phase 1 - Sector C,PKR 1.29 Crore,12900000,1,1,3.1 Marla,697.5,18494,Flat,False,,hotShare on FacebookShare on TwitterShare on WhatsAppSend via GMailSend via E-Mail,82,Flats_Multan,2026-08-10,https://www.zameen.com/Property/dha_phase_1_dha_phase_1_-_sector_c_700_square_feet_flat_up_for_sale_in_dha_phase_1_-_sector_c-54493669-14302-1.html
On Excellent Location 4 Kanal Farm House Is Available For sale,PKR 10 Crore,100000000,10,6,4 Kanal,18000.0,5555,House,True,5,5VerifiedShare on FacebookShare on TwitterShare on WhatsAppSend via GMailSend via E-Mail,88,Flats_Multan,2026-08-10,https://www.zameen.com/Property/multan_dha_defence_on_excellent_location_4_kanal_farm_house_is_available_for_sale-54168016-8581-1.html
Aesthetic Flat Of 486 Square Feet For Sale Is Available,PKR 1.26 Crore,12600000,1,1,2.2 Marla,495.00000000000006,25454,Flat,False,11,hot11VerifiedShare on FacebookShare on TwitterShare on WhatsAppSend via GMailSend via E-Mail,92,Flats_Multan,2026-08-10,https://www.zameen.com/Property/gulgasht_colony_de_orion_mall_aesthetic_flat_of_486_square_feet_for_sale_is_available-54332008-19944-1.html
,PKR 70.11 Lakh,7011000,1,1,2 Marla,450.0,15580,Flat,True,20,super hot20Share on FacebookShare on TwitterShare on WhatsAppSend via GMailSend via E-Mail,90,Flats_Multan,2026-08-10,https://www.zameen.com/new-projects/boulevard_heights-2310.html
First Floor Appartments For Sale In Al-Falah Modern City Multan,PKR 85 Lakh,8500000,3,2,6.7 Marla,1507.5,5638,Flat,True,5,super hot5VerifiedShare on FacebookShare on TwitterShare on WhatsAppSend via GMailSend via E-Mail,97,Flats_Multan,2026-08-10,https://www.zameen.com/Property/multan_al_falah_modern_city_first_floor_appartments_for_sale_in_al-falah_modern_city_multan-54471711-8615-1.html
,PKR 42.99 Lakh,4299000,,1,1.4 Marla,315.0,13647,Flat,True,4,super hot4Share on FacebookShare on TwitterShare on WhatsAppSend via GMailSend via E-Mail,89,Flats_Multan,2026-08-10,https://www.zameen.com/new-projects/vintage_commercials_dha_multan-6597.html
Atc Heights Appartment On Installments,PKR 85 Lakh,8500000,,,2.2 Marla,495.00000000000006,17171,Unknown,False,4,hot4VerifiedShare on FacebookShare on TwitterShare on WhatsAppSend via GMailSend via E-Mail,91,Flats_Multan,2026-08-10,https://www.zameen.com/Property/dha_phase_1_dha_phase_1_-_sector_c_atc_heights_appartment_on_installments-54565975-14302-1.html
Qasr e Memaar | 1 Bed Apartment for Sale on Nasir Bagh Road Peshawar,PKR 39.71 Lakh,3971000,39,1,1.9 Marla,427.5,9288,Flat,True,9,super hot9Share on FacebookShare on TwitterShare on WhatsAppSend via GMailSend via E-Mail,89,Flats_Peshawar,2026-08-10,https://www.zameen.com/Property/peshawar_nasir_bagh_road_qasr_e_memaar_1_bed_apartment_for_sale_on_nasir_bagh_road_peshawar-54339346-1029-1.html
"4-Bedroom Spacious Apartment For Sale University Town, Peshawar",PKR 1.65 Crore,16500000,1,3,7.4 Marla,1665.0,9909,Flat,True,9,super hot9Share on FacebookShare on TwitterShare on WhatsAppSend via GMailSend via E-Mail,89,Flats_Peshawar,2026-08-10,https://www.zameen.com/Property/peshawar_old_bara_road_4-bedroom_spacious_apartment_for_sale_university_town_peshawar-54558030-9478-1.html
Luxury 4-Bedroom Fully Furnished Apartment For Sale Town Heights (2nd Floor),PKR 2.3 Crore,23000000,2,3,7.6 Marla,1710.0,13450,Flat,True,30,super hot30Share on FacebookShare on TwitterShare on WhatsAppSend via GMailSend via E-Mail,90,Flats_Peshawar,2026-08-10,https://www.zameen.com/Property/peshawar_old_bara_road_luxury_4-bedroom_fully_furnished_apartment_for_sale_town_heights_2nd_floor-54545753-9478-1.html
4 Bed Flat In PHA,PKR 2.85 Crore,28500000,2,4,10 Marla,2250.0,12666,Flat,True,4,super hot4Share on FacebookShare on TwitterShare on WhatsAppSend via GMailSend via E-Mail,89,Flats_Peshawar,2026-08-10,https://www.zameen.com/Property/hayatabad_hayatabad_phase_5_4_bed_flat_in_pha-53902094-7626-1.html
Qasr e Memaar | 1 Bed Apartment for Sale on Nasir Bagh Road Peshawar,PKR 39.71 Lakh,3971000,39,1,1.9 Marla,427.5,9288,Flat,True,16,hot16Share on FacebookShare on TwitterShare on WhatsAppSend via GMailSend via E-Mail,84,Flats_Peshawar,2026-08-10,https://www.zameen.com/Property/peshawar_nasir_bagh_road_qasr_e_memaar_1_bed_apartment_for_sale_on_nasir_bagh_road_peshawar-54179994-1029-1.html
Qasr e Memaar | Studio Apartment for Sale on Nasir Bagh Road Peshawar,PKR 34.85 Lakh,3485000,,1,1.6 Marla,360.0,9680,Flat,True,10,hot10Share on FacebookShare on TwitterShare on WhatsAppSend via GMailSend via E-Mail,84,Flats_Peshawar,2026-08-10,https://www.zameen.com/Property/peshawar_nasir_bagh_road_qasr_e_memaar_studio_apartment_for_sale_on_nasir_bagh_road_peshawar-54339332-1029-1.html
Reserve A Prime Location Flat Now In Askari 2,PKR 3.8 Crore,38000000,3,3,10 Marla,2250.0,16888,Flat,False,15,hot15VerifiedShare on FacebookShare on TwitterShare on WhatsAppSend via GMailSend via E-Mail,92,Flats_Peshawar,2026-08-10,https://www.zameen.com/Property/peshawar_askari_2_reserve_a_prime_location_flat_now_in_askari_2-54274552-12121-1.html
Qasr e Memaar | 2 Bed Apartment for Sale on Nasir Bagh Road Peshawar,PKR 79.33 Lakh,7933000,79,2,3.8 Marla,855.0,9278,Flat,True,16,16Share on FacebookShare on TwitterShare on WhatsAppSend via GMailSend via E-Mail,81,Flats_Peshawar,2026-08-10,https://www.zameen.com/Property/peshawar_nasir_bagh_road_qasr_e_memaar_2_bed_apartment_for_sale_on_nasir_bagh_road_peshawar-54180055-1029-1.html
"New Apartment (Ground, NOC Approved)",PKR 3.2 Crore,32000000,3,4,11.6 Marla,2610.0,12260,Flat,False,10,10Share on FacebookShare on TwitterShare on WhatsAppSend via GMailSend via E-Mail,81,Flats_Peshawar,2026-08-10,https://www.zameen.com/Property/peshawar_askari_6_new_apartment_ground_noc_approved-47105003-9275-1.html
Qasr e Memaar | 3 Bed Apartment for Sale on Nasir Bagh Road Peshawar,PKR 95.42 Lakh,9542000,95,3,4.6 Marla,1035.0,9219,Flat,True,9,hot9Share on FacebookShare on TwitterShare on WhatsAppSend via GMailSend via E-Mail,83,Flats_Peshawar,2026-08-10,https://www.zameen.com/Property/peshawar_nasir_bagh_road_qasr_e_memaar_3_bed_apartment_for_sale_on_nasir_bagh_road_peshawar-54344588-1029-1.html
"3-Bed Non Furnished Flat For Sale Town Residency, University Town, Peshawar",PKR 1.45 Crore,14500000,1,3,5.6 Marla,1260.0,11507,Flat,True,,hotShare on FacebookShare on TwitterShare on WhatsAppSend via GMailSend via E-Mail,82,Flats_Peshawar,2026-08-10,https://www.zameen.com/Property/old_bara_road_town_residency_3-bed_non_furnished_flat_for_sale_town_residency_university_town_peshawar-52686853-11942-1.html
Buy A Prime Location Flat Of 1113 Square Feet In Hashtnagri,PKR 1.3 Crore,13000000,3,3,5 Marla,1125.0,11555,Flat,False,11,hot11VerifiedShare on FacebookShare on TwitterShare on WhatsAppSend via GMailSend via E-Mail,92,Flats_Peshawar,2026-08-10,https://www.zameen.com/Property/peshawar_hashtnagri_buy_a_prime_location_flat_of_1113_square_feet_in_hashtnagri-54588006-7596-1.html
Stunning Prime Location Flat Is Available For sale In Peshawar Garden,PKR 8 Crore,80000000,6,6,18 Marla,4050.0,19753,Flat,False,16,hot16VerifiedShare on FacebookShare on TwitterShare on WhatsAppSend via GMailSend via E-Mail,92,Flats_Peshawar,2026-08-10,https://www.zameen.com/Property/peshawar_peshawar_garden_stunning_prime_location_flat_is_available_for_sale_in_peshawar_garden-54588007-12319-1.html
Very Beautiful And Secure Location Opposite Marbella Wedding Hall,PKR 1.45 Crore,14500000,3,3,9.8 Marla,2205.0,6575,Flat,False,11,11Share on FacebookShare on TwitterShare on WhatsAppSend via GMailSend via E-Mail,81,Flats_Peshawar,2026-08-10,https://www.zameen.com/Property/canal_road_park_view_mall_apartments_very_beautiful_and_secure_location_opposite_marbella_wedding_hall-54393923-14355-1.html
7 Marla 1st Floor Apartment For Sale In Askari 2 Peshawar Cantt,PKR 4.35 Crore,43500000,3,3,7 Marla,1575.0,27619,Flat,True,11,super hot11Share on FacebookShare on TwitterShare on WhatsAppSend via GMailSend via E-Mail,90,Flats_Peshawar,2026-08-10,https://www.zameen.com/Property/peshawar_askari_2_7_marla_1st_floor_apartment_for_sale_in_askari_2_peshawar_cantt-54557751-12121-1.html
10 Marla Fully Finished Apartment Available For Sale,PKR 1.5 Crore,15000000,4,3,9.3 Marla,2092.5,7168,Flat,True,16,super hot16Share on FacebookShare on TwitterShare on WhatsAppSend via GMailSend via E-Mail,90,Flats_Peshawar,2026-08-10,https://www.zameen.com/Property/peshawar_warsak_road_10_marla_fully_finished_apartment_available_for_sale-54510300-1000-1.html
"For Sale 1 Bed Apartments (623 Sqft, Same Design & Floor Plan)",PKR 95 Lakh,9500000,95,1,2.8 Marla,630.0,15079,Flat,True,8,hot8Share on FacebookShare on TwitterShare on WhatsAppSend via GMailSend via E-Mail,83,Flats_Peshawar,2026-08-10,https://www.zameen.com/Property/peshawar_nasir_bagh_road_for_sale_1_bed_apartments_623_sqft_same_design_floor_plan-53192614-1029-1.html
"Sale: Outclass Furnished 2-Bed Apartment At Saif Heights, University Road, Peshawar",PKR 95 Lakh,9500000,95,2,4.8 Marla,1080.0,8796,Flat,True,17,hot17Share on FacebookShare on TwitterShare on WhatsAppSend via GMailSend via E-Mail,84,Flats_Peshawar,2026-08-10,https://www.zameen.com/Property/peshawar_university_road_sale_outclass_furnished_2-bed_apartment_at_saif_heights_university_road_peshawar-53271126-397-1.html
Luxury 4-Bedroom Fully Furnished Apartment For Sale Town Heights (2nd Floor),PKR 2.3 Crore,23000000,2,4,7.6 Marla,1710.0,13450,Flat,True,30,hot30Share on FacebookShare on TwitterShare on WhatsAppSend via GMailSend via E-Mail,84,Flats_Peshawar,2026-08-10,https://www.zameen.com/Property/peshawar_old_bara_road_luxury_4-bedroom_fully_furnished_apartment_for_sale_town_heights_2nd_floor-54545746-9478-1.html
2-Bedroom Fully Furnished Apartment For Sale Saif Heights,PKR 96 Lakh,9600000,96,2,4.4 Marla,990.0000000000001,9696,Flat,True,7,hot7Share on FacebookShare on TwitterShare on WhatsAppSend via GMailSend via E-Mail,83,Flats_Peshawar,2026-08-10,https://www.zameen.com/Property/peshawar_university_road_2-bedroom_fully_furnished_apartment_for_sale_saif_heights-54545760-397-1.html
Qasr e Memaar | 3 Bed Apartment for Sale on Nasir Bagh Road Peshawar,PKR 95.42 Lakh,9542000,95,3,4.6 Marla,1035.0,9219,Flat,True,5,hot5Share on FacebookShare on TwitterShare on WhatsAppSend via GMailSend via E-Mail,83,Flats_Peshawar,2026-08-10,https://www.zameen.com/Property/peshawar_nasir_bagh_road_qasr_e_memaar_3_bed_apartment_for_sale_on_nasir_bagh_road_peshawar-54330081-1029-1.html
Qasr e Memaar | 2 Bed Apartment for Sale on Nasir Bagh Road Peshawar,PKR 79.33 Lakh,7933000,79,2,3.8 Marla,855.0,9278,Flat,True,9,hot9Share on FacebookShare on TwitterShare on WhatsAppSend via GMailSend via E-Mail,83,Flats_Peshawar,2026-08-10,https://www.zameen.com/Property/peshawar_nasir_bagh_road_qasr_e_memaar_2_bed_apartment_for_sale_on_nasir_bagh_road_peshawar-54339362-1029-1.html
Qasr e Memaar | 2 Bed Apartment for Sale on Nasir Bagh Road Peshawar,PKR 79.33 Lakh,7933000,79,2,3.8 Marla,855.0,9278,Flat,True,5,hot5Share on FacebookShare on TwitterShare on WhatsAppSend via GMailSend via E-Mail,83,Flats_Peshawar,2026-08-10,https://www.zameen.com/Property/peshawar_nasir_bagh_road_qasr_e_memaar_2_bed_apartment_for_sale_on_nasir_bagh_road_peshawar-54330054-1029-1.html
Qasr e Memaar | Studio Apartment for Sale on Nasir Bagh Road Peshawar,PKR 34.85 Lakh,3485000,,1,1.6 Marla,360.0,9680,Flat,True,14,hot14Share on FacebookShare on TwitterShare on WhatsAppSend via GMailSend via E-Mail,84,Flats_Peshawar,2026-08-10,https://www.zameen.com/Property/peshawar_nasir_bagh_road_qasr_e_memaar_studio_apartment_for_sale_on_nasir_bagh_road_peshawar-54179943-1029-1.html
Qasr e Memaar | 3 Bed Apartment for Sale on Nasir Bagh Road Peshawar,PKR 90.59 Lakh,9059000,90,3,4.6 Marla,1035.0,8752,Flat,True,16,hot16Share on FacebookShare on TwitterShare on WhatsAppSend via GMailSend via E-Mail,84,Flats_Peshawar,2026-08-10,https://www.zameen.com/Property/peshawar_nasir_bagh_road_qasr_e_memaar_3_bed_apartment_for_sale_on_nasir_bagh_road_peshawar-54180097-1029-1.html
You Can Find A Gorgeous Prime Location Flat For sale In Tehkal,PKR 1.35 Crore,13500000,2,2,4.7 Marla,1057.5,12765,Flat,False,8,hot8VerifiedShare on FacebookShare on TwitterShare on WhatsAppSend via GMailSend via E-Mail,91,Flats_Peshawar,2026-08-10,https://www.zameen.com/Property/peshawar_tehkal_you_can_find_a_gorgeous_prime_location_flat_for_sale_in_tehkal-54190966-568-1.html
2 Bed Luxury Apartment For Sale On Nasir Bagh Road Peshawar,PKR 79.33 Lakh,7933000,79,2,3.8 Marla,855.0,9278,Flat,True,10,10Share on FacebookShare on TwitterShare on WhatsAppSend via GMailSend via E-Mail,81,Flats_Peshawar,2026-08-10,https://www.zameen.com/Property/peshawar_nasir_bagh_road_2_bed_luxury_apartment_for_sale_on_nasir_bagh_road_peshawar-54163776-1029-1.html
1 Bed Luxury Apartment For Sale On Nasir Bagh Road Peshawar,PKR 39.71 Lakh,3971000,39,1,1.9 Marla,427.5,9288,Flat,True,10,10Share on FacebookShare on TwitterShare on WhatsAppSend via GMailSend via E-Mail,81,Flats_Peshawar,2026-08-10,https://www.zameen.com/Property/peshawar_nasir_bagh_road_1_bed_luxury_apartment_for_sale_on_nasir_bagh_road_peshawar-54163650-1029-1.html
3 Bed Luxury Apartment For Sale On Nasir Bagh Road Peshawar,PKR 90.59 Lakh,9059000,90,3,4.6 Marla,1035.0,8752,Flat,True,14,14Share on FacebookShare on TwitterShare on WhatsAppSend via GMailSend via E-Mail,81,Flats_Peshawar,2026-08-10,https://www.zameen.com/Property/peshawar_nasir_bagh_road_3_bed_luxury_apartment_for_sale_on_nasir_bagh_road_peshawar-54148135-1029-1.html
Qasr E Memaar | Studio Apartment For Sale On Nasir Bagh Road Peshawar,PKR 34.85 Lakh,3485000,,1,1.6 Marla,360.0,9680,Flat,True,13,13Share on FacebookShare on TwitterShare on WhatsAppSend via GMailSend via E-Mail,81,Flats_Peshawar,2026-08-10,https://www.zameen.com/Property/peshawar_nasir_bagh_road_qasr_e_memaar_studio_apartment_for_sale_on_nasir_bagh_road_peshawar-54174059-1029-1.html
3 Bed Luxury Apartment For Sale On Nasir Bagh Road Peshawar,PKR 90.59 Lakh,9059000,90,3,4.6 Marla,1035.0,8752,Flat,True,13,13Share on FacebookShare on TwitterShare on WhatsAppSend via GMailSend via E-Mail,81,Flats_Peshawar,2026-08-10,https://www.zameen.com/Property/peshawar_nasir_bagh_road_3_bed_luxury_apartment_for_sale_on_nasir_bagh_road_peshawar-54163852-1029-1.html
Qasr e Memaar | 1 Bed Apartment for Sale on Nasir Bagh Road Peshawar,PKR 39.71 Lakh,3971000,39,1,1.9 Marla,427.5,9288,Flat,True,13,13Share on FacebookShare on TwitterShare on WhatsAppSend via GMailSend via E-Mail,81,Flats_Peshawar,2026-08-10,https://www.zameen.com/Property/peshawar_nasir_bagh_road_qasr_e_memaar_1_bed_apartment_for_sale_on_nasir_bagh_road_peshawar-54174426-1029-1.html
Fully Furnished One Bedroom Apartment For Sale,PKR 75 Lakh,7500000,75,1,2.2 Marla,495.00000000000006,15151,Flat,True,9,hot9Share on FacebookShare on TwitterShare on WhatsAppSend via GMailSend via E-Mail,83,Flats_Peshawar,2026-08-10,https://www.zameen.com/Property/peshawar_university_road_fully_furnished_one_bedroom_apartment_for_sale-52392083-397-1.html
"Saif Heights, Arbab Road For Sale",PKR 85 Lakh,8500000,2,2,4.6 Marla,1035.0,8212,Unknown,True,18,hot18Share on FacebookShare on TwitterShare on WhatsAppSend via GMailSend via E-Mail,84,Flats_Peshawar,2026-08-10,https://www.zameen.com/Property/peshawar_arbab_road_saif_heights_arbab_road_for_sale-53207477-11805-1.html
"For Sale Luxury Apartment Town Residency, Old Bara Road",PKR 1.75 Crore,17500000,4,4,7.9 Marla,1777.5,9845,Flat,True,6,hot6Share on FacebookShare on TwitterShare on WhatsAppSend via GMailSend via E-Mail,83,Flats_Peshawar,2026-08-10,https://www.zameen.com/Property/peshawar_old_bara_road_for_sale_luxury_apartment_town_residency_old_bara_road-53622448-9478-1.html
Fully Furnished 2 Bedroom Apartment For Sale In Rabbani Heights,PKR 1.45 Crore,14500000,1,2,5.2 Marla,1170.0,12393,Flat,True,13,hot13Share on FacebookShare on TwitterShare on WhatsAppSend via GMailSend via E-Mail,84,Flats_Peshawar,2026-08-10,https://www.zameen.com/Property/peshawar_nasir_bagh_road_fully_furnished_2_bedroom_apartment_for_sale_in_rabbani_heights-54545733-1029-1.html
"For Sale: Outclass 3-Bed Non Furnished Apartment In Town Residency, Old Bara Road",PKR 1.65 Crore,16500000,1,3,7.6 Marla,1710.0,9649,Flat,True,,hotShare on FacebookShare on TwitterShare on WhatsAppSend via GMailSend via E-Mail,82,Flats_Peshawar,2026-08-10,https://www.zameen.com/Property/old_bara_road_town_residency_for_sale_outclass_3-bed_non_furnished_apartment_in_town_residency_old_bara_road-52809010-11942-1.html
"Fully Furnished 1-Bedroom Flat For Sale Marina Heights, Old Bala Road, Peshawar",PKR 94 Lakh,9400000,94,1,3.8 Marla,855.0,10994,Flat,True,,hotShare on FacebookShare on TwitterShare on WhatsAppSend via GMailSend via E-Mail,82,Flats_Peshawar,2026-08-10,https://www.zameen.com/Property/peshawar_old_bara_road_fully_furnished_1-bedroom_flat_for_sale_marina_heights_old_bala_road_peshawar-52605343-9478-1.html
"For Sale: Spacious 3-Bedroom Corner Flat In Town Residency, Old Bara Road",PKR 1.5 Crore,15000000,1,3,7.6 Marla,1710.0,8771,Flat,True,9,hot9Share on FacebookShare on TwitterShare on WhatsAppSend via GMailSend via E-Mail,83,Flats_Peshawar,2026-08-10,https://www.zameen.com/Property/old_bara_road_town_residency_for_sale_spacious_3-bedroom_corner_flat_in_town_residency_old_bara_road-52486857-11942-1.html
For Sale: Two-Bed Furnished Apartment In Saif Heights,PKR 95 Lakh,9500000,95,2,4.3 Marla,967.5,9819,Flat,True,19,hot19Share on FacebookShare on TwitterShare on WhatsAppSend via GMailSend via E-Mail,84,Flats_Peshawar,2026-08-10,https://www.zameen.com/Property/peshawar_university_road_for_sale_two-bed_furnished_apartment_in_saif_heights-52790912-397-1.html
Deans City Ring Road Imtaz Mall Flat,PKR 2.2 Crore,22000000,3,3,7.5 Marla,1687.5,13037,Flat,True,2,hot2Share on FacebookShare on TwitterShare on WhatsAppSend via GMailSend via E-Mail,83,Flats_Peshawar,2026-08-10,https://www.zameen.com/Property/peshawar_ring_road_deans_city_ring_road_imtaz_mall_flat-54559717-997-1.html
Ready To Sale A Flat 676 Square Feet In Nasir Bagh Road Nasir Bagh Road,PKR 54.08 Lakh,5408000,1,1,3 Marla,675.0,8011,Flat,True,22,hot22Share on FacebookShare on TwitterShare on WhatsAppSend via GMailSend via E-Mail,84,Flats_Peshawar,2026-08-10,https://www.zameen.com/Property/peshawar_nasir_bagh_road_ready_to_sale_a_flat_676_square_feet_in_nasir_bagh_road_nasir_bagh_road-52886606-1029-1.html
Hayatabad Deans Height 5m Flat Available For Sale,PKR 2.4 Crore,24000000,3,3,5 Marla,1125.0,21333,Flat,False,2,hot2Share on FacebookShare on TwitterShare on WhatsAppSend via GMailSend via E-Mail,83,Flats_Peshawar,2026-08-10,https://www.zameen.com/Property/hayatabad_deans_heights_hayatabad_deans_height_5m_flat_available_for_sale-54363971-10736-1.html
Qasr E Memaar | 1 Bed Apartment For Sale On Nasir Bagh Road Peshawar,PKR 39.71 Lakh,3971000,39,1,1.9 Marla,427.5,9288,Flat,True,13,13Share on FacebookShare on TwitterShare on WhatsAppSend via GMailSend via E-Mail,81,Flats_Peshawar,2026-08-10,https://www.zameen.com/Property/peshawar_nasir_bagh_road_qasr_e_memaar_1_bed_apartment_for_sale_on_nasir_bagh_road_peshawar-54169568-1029-1.html
Qasr E Memaar | Studio Apartment For Sale On Nasir Bagh Road Peshawar,PKR 34.85 Lakh,3485000,,1,1.6 Marla,360.0,9680,Flat,True,11,11Share on FacebookShare on TwitterShare on WhatsAppSend via GMailSend via E-Mail,81,Flats_Peshawar,2026-08-10,https://www.zameen.com/Property/peshawar_nasir_bagh_road_qasr_e_memaar_studio_apartment_for_sale_on_nasir_bagh_road_peshawar-54169539-1029-1.html
Qasr E Memaar | 2 Bed Apartment For Sale On Nasir Bagh Road Peshawar,PKR 79.33 Lakh,7933000,79,2,3.8 Marla,855.0,9278,Flat,True,12,12Share on FacebookShare on TwitterShare on WhatsAppSend via GMailSend via E-Mail,81,Flats_Peshawar,2026-08-10,https://www.zameen.com/Property/peshawar_nasir_bagh_road_qasr_e_memaar_2_bed_apartment_for_sale_on_nasir_bagh_road_peshawar-54169683-1029-1.html
apartment 3 rooms touch bath ground floor car porch 1621 sqr feet warsak Road,PKR 1.6 Crore,16000000,3,1,7.2 Marla,1620.0,9876,Flat,False,1,1Share on FacebookShare on TwitterShare on WhatsAppSend via GMailSend via E-Mail,80,Flats_Peshawar,2026-08-10,https://www.zameen.com/Property/peshawar_warsak_road_apartment_3_rooms_touch_bath_ground_floor_car_porch_1621_sqr_feet_warsak_road-54583256-1000-1.html
One Bed Appartment For Sale,PKR 50 Lakh,5000000,50,1,2 Marla,450.0,11111,Flat,False,1,1Share on FacebookShare on TwitterShare on WhatsAppSend via GMailSend via E-Mail,80,Flats_Peshawar,2026-08-10,https://www.zameen.com/Property/peshawar_nasir_bagh_road_one_bed_appartment_for_sale-54518358-1029-1.html
3 Bed Flat PHA Flat For Sale In Phase 5 Hayatabad,PKR 2 Crore,20000000,2,3,7.4 Marla,1665.0,12012,Flat,False,3,hot3Share on FacebookShare on TwitterShare on WhatsAppSend via GMailSend via E-Mail,83,Flats_Peshawar,2026-08-10,https://www.zameen.com/Property/hayatabad_hayatabad_phase_5_3_bed_flat_pha_flat_for_sale_in_phase_5_hayatabad-54138048-7626-1.html
Brand New Apartment For Sale,PKR 3 Crore,30000000,3,4,11.6 Marla,2610.0,11494,Flat,False,7,hot7Share on FacebookShare on TwitterShare on WhatsAppSend via GMailSend via E-Mail,83,Flats_Peshawar,2026-08-10,https://www.zameen.com/Property/peshawar_askari_6_brand_new_apartment_for_sale-46217880-9275-1.html
3 Bed Brand New Apartment For Sale,PKR 3.4 Crore,34000000,3,4,9 Marla,2025.0,16790,Flat,False,42,hot42Share on FacebookShare on TwitterShare on WhatsAppSend via GMailSend via E-Mail,84,Flats_Peshawar,2026-08-10,https://www.zameen.com/Property/peshawar_askari_6_3_bed_brand_new_apartment_for_sale-50227998-9275-1.html
Studio Apartment For Sale On Nasir Bagh Road Peshawar,PKR 34.85 Lakh,3485000,,1,1.6 Marla,360.0,9680,Flat,True,9,9Share on FacebookShare on TwitterShare on WhatsAppSend via GMailSend via E-Mail,80,Flats_Peshawar,2026-08-10,https://www.zameen.com/Property/peshawar_nasir_bagh_road_studio_apartment_for_sale_on_nasir_bagh_road_peshawar-54163608-1029-1.html
Beautiful Apartment At Askari 6 Dha Peshawar,PKR 3.2 Crore,32000000,4,4,12.4 Marla,2790.0,11469,Flat,False,9,9Share on FacebookShare on TwitterShare on WhatsAppSend via GMailSend via E-Mail,80,Flats_Peshawar,2026-08-10,https://www.zameen.com/Property/peshawar_askari_6_beautiful_apartment_at_askari_6_dha_peshawar-52230010-9275-1.html
Beautiful Flat At Askari 6,PKR 3.05 Crore,30500000,4,4,10 Marla,2250.0,13555,Flat,False,17,17Share on FacebookShare on TwitterShare on WhatsAppSend via GMailSend via E-Mail,81,Flats_Peshawar,2026-08-10,https://www.zameen.com/Property/peshawar_askari_6_beautiful_flat_at_askari_6-52498286-9275-1.html
3 Bed Apartment Available For Sale University Town Peshawar,PKR 1.48 Crore,14800000,1,3,7.5 Marla,1687.5,8770,Flat,True,,Share on FacebookShare on TwitterShare on WhatsAppSend via GMailSend via E-Mail,79,Flats_Peshawar,2026-08-10,https://www.zameen.com/Property/peshawar_university_town_3_bed_apartment_available_for_sale_university_town_peshawar-54182529-1437-1.html
3 Beds Flat Near Peshawar Defense,PKR 1.48 Crore,14800000,1,3,5.7 Marla,1282.5,11539,Flat,False,,Share on FacebookShare on TwitterShare on WhatsAppSend via GMailSend via E-Mail,79,Flats_Peshawar,2026-08-10,https://www.zameen.com/Property/peshawar_university_road_3_beds_flat_near_peshawar_defense-54588668-397-1.html
4 Bed Brand New Apartment For Sale,PKR 3.05 Crore,30500000,3,6,13 Marla,2925.0,10427,Flat,False,26,hot26Share on FacebookShare on TwitterShare on WhatsAppSend via GMailSend via E-Mail,84,Flats_Peshawar,2026-08-10,https://www.zameen.com/Property/peshawar_askari_6_4_bed_brand_new_apartment_for_sale-52091809-9275-1.html
Brand New Flat For Sale,PKR 3.15 Crore,31500000,3,5,12.4 Marla,2790.0,11290,Flat,False,21,hot21Share on FacebookShare on TwitterShare on WhatsAppSend via GMailSend via E-Mail,84,Flats_Peshawar,2026-08-10,https://www.zameen.com/Property/peshawar_askari_6_brand_new_flat_for_sale-52633026-9275-1.html
Beautiful 2 Bed Apartment Available For Sale At Saif Glorious Mall Peshawar,PKR 1.64 Crore,16399999,1,2,5.2 Marla,1170.0,14017,Flat,False,14,hot14Share on FacebookShare on TwitterShare on WhatsAppSend via GMailSend via E-Mail,84,Flats_Peshawar,2026-08-10,https://www.zameen.com/Property/peshawar_university_road_beautiful_2_bed_apartment_available_for_sale_at_saif_glorious_mall_peshawar-54487622-397-1.html
Qasr e Memaar | 2 Bed Apartment for Sale on Nasir Bagh Road Peshawar,PKR 79.33 Lakh,7933000,79,2,3.8 Marla,855.0,9278,Flat,True,17,17Share on FacebookShare on TwitterShare on WhatsAppSend via GMailSend via E-Mail,81,Flats_Peshawar,2026-08-10,https://www.zameen.com/Property/peshawar_nasir_bagh_road_qasr_e_memaar_2_bed_apartment_for_sale_on_nasir_bagh_road_peshawar-54174626-1029-1.html
Qasr e Memaar | 1 Bed Apartment for Sale on Nasir Bagh Road Peshawar,PKR 39.71 Lakh,3971000,39,1,1.9 Marla,427.5,9288,Flat,True,14,14Share on FacebookShare on TwitterShare on WhatsAppSend via GMailSend via E-Mail,81,Flats_Peshawar,2026-08-10,https://www.zameen.com/Property/peshawar_nasir_bagh_road_qasr_e_memaar_1_bed_apartment_for_sale_on_nasir_bagh_road_peshawar-54180455-1029-1.html
Qasr E Memaar | Studio Apartment For Sale On Nasir Bagh Road Peshawar,PKR 34.85 Lakh,3485000,,1,1.6 Marla,360.0,9680,Flat,True,13,13Share on FacebookShare on TwitterShare on WhatsAppSend via GMailSend via E-Mail,81,Flats_Peshawar,2026-08-10,https://www.zameen.com/Property/peshawar_nasir_bagh_road_qasr_e_memaar_studio_apartment_for_sale_on_nasir_bagh_road_peshawar-54184840-1029-1.html
Elegant 4 Beds Apartment For Sale Bara Lane Swati Gate Peshawar,PKR 1.9 Crore,19000000,1,4,9 Marla,2025.0,9382,Flat,False,12,12Share on FacebookShare on TwitterShare on WhatsAppSend via GMailSend via E-Mail,81,Flats_Peshawar,2026-08-10,https://www.zameen.com/Property/peshawar_swati_gate_elegant_4_beds_apartment_for_sale_bara_lane_swati_gate_peshawar-50920207-999-1.html
2 Bed Flat Available For Sale,PKR 90 Lakh,9000000,90,2,4.8 Marla,1080.0,8333,Flat,False,5,hot5Share on FacebookShare on TwitterShare on WhatsAppSend via GMailSend via E-Mail,83,Flats_Peshawar,2026-08-10,https://www.zameen.com/Property/peshawar_tajabad_2_bed_flat_available_for_sale-54498219-7671-1.html
Two Bed Apartment Awan Tower main University Road Peshawar,PKR 1.1 Crore,11000000,1,2,4.9 Marla,1102.5,9977,Flat,False,4,hot4Share on FacebookShare on TwitterShare on WhatsAppSend via GMailSend via E-Mail,83,Flats_Peshawar,2026-08-10,https://www.zameen.com/Property/peshawar_university_town_two_bed_apartment_awan_tower_main_university_road_peshawar-54462409-1437-1.html
Residential Flat For Sale In Oasis Heights DHA Quetta | Flat 5th-4,PKR 57.12 Lakh,5712000,1,1,2.1 Marla,472.5,12088,Flat,False,5,5Share on FacebookShare on TwitterShare on WhatsAppSend via GMailSend via E-Mail,80,Flats_Quetta,2026-08-10,https://www.zameen.com/Property/dha_defence_dha_defence_-_sector_a3_residential_flat_for_sale_in_oasis_heights_dha_quetta_flat_5th-4-54366094-20075-1.html
Residential Flat For Sale In Oasis Heights DHA Quetta | Flat 4th-4,PKR 66.64 Lakh,6664000,1,1,2.1 Marla,472.5,14103,Flat,False,5,5Share on FacebookShare on TwitterShare on WhatsAppSend via GMailSend via E-Mail,80,Flats_Quetta,2026-08-10,https://www.zameen.com/Property/dha_defence_dha_defence_-_sector_a3_residential_flat_for_sale_in_oasis_heights_dha_quetta_flat_4th-4-54365946-20075-1.html
Residential Flat For Sale In Oasis Heights DHA Quetta | Flat T4,PKR 76.16 Lakh,7616000,1,1,2.1 Marla,472.5,16118,Flat,False,5,5Share on FacebookShare on TwitterShare on WhatsAppSend via GMailSend via E-Mail,80,Flats_Quetta,2026-08-10,https://www.zameen.com/Property/dha_defence_dha_defence_-_sector_a3_residential_flat_for_sale_in_oasis_heights_dha_quetta_flat_t4-54241978-20075-1.html
Residential Flat For Sale In Oasis Heights DHA Quetta | Flat S4,PKR 78.84 Lakh,7884000,1,1,1.9 Marla,427.5,18442,Flat,False,5,5Share on FacebookShare on TwitterShare on WhatsAppSend via GMailSend via E-Mail,80,Flats_Quetta,2026-08-10,https://www.zameen.com/Property/dha_defence_dha_defence_-_sector_a3_residential_flat_for_sale_in_oasis_heights_dha_quetta_flat_s4-54241934-20075-1.html
