title,price,price_numeric,beds,baths,area,area_sqft,price_per_sqft,property_type,featured,photo_count,description,description_length,city,listing_mode,scraped_date,url
"3 MARLA HOUSE FOR SALE IN GHOURI TOWN PHASE 4-A, ISLAMABAD",PKR 75 Lakh,7500000,5,4,3 Marla,675.0,11111,House,False,20,"PKR75 LakhGhauri Town Phase 4A, Ghauri Town543 MarlaAdded: 2 days agoSMSCall",76,Houses_Islamabad,for_sale,2026-07-26,https://www.zameen.com/Property/ghauri_town_ghauri_town_phase_4a_3_marla_house_for_sale_in_ghouri_town_phase_4-a_islamabad-54472878-14956-1.html
House For Sale In Chatha Bakhtawar,PKR 1.95 Crore,19500000,6,5,3 Marla,675.0,28888,House,False,9,"PKR1.95 CroreChatha Bakhtawar, Islamabad653 MarlaAdded: 3 days ago(Updated: 12 hours ago)SMSCall",96,Houses_Islamabad,for_sale,2026-07-26,https://www.zameen.com/Property/islamabad_chatha_bakhtawar_house_for_sale_in_chatha_bakhtawar-54495363-3153-1.html
3 Marla Brand New House For Sale In Jhangi Syedan,PKR 62 Lakh,6200000,,,3 Marla,675.0,9185,House,False,8,"PKR62 LakhJhangi Syedan, Islamabad3 MarlaAdded: 5 days ago(Updated: 12 hours ago)SMSCall",88,Houses_Islamabad,for_sale,2026-07-26,https://www.zameen.com/Property/islamabad_jhangi_syedan_3_marla_brand_new_house_for_sale_in_jhangi_syedan-54501750-8851-1.html
Corner House For Sale,PKR 1.9 Crore,19000000,5,4,3 Marla,675.0,28148,House,False,9,"PKR1.9 CroreSoan Garden, Islamabad543 MarlaAdded: 2 weeks ago(Updated: 12 hours ago)SMSCall",91,Houses_Islamabad,for_sale,2026-07-26,https://www.zameen.com/Property/islamabad_soan_garden_corner_house_for_sale-52271434-338-1.html
Renovated House For Sale,PKR 3.4 Crore,34000000,4,3,3 Marla,675.0,50370,House,False,10,"PKR3.4 CroreG-10/4, G-10433 MarlaAdded: 3 weeks ago(Updated: 5 days ago)SMSCallEmail",84,Houses_Islamabad,for_sale,2026-07-26,https://www.zameen.com/Property/g_10_g-10_4_renovated_house_for_sale-54099474-3327-1.html
3 marla singal story new house for sale in bilal town khana pull rawal hospital islalmabad,PKR 95 Lakh,9500000,3,3,3 Marla,675.0,14074,House,False,14,"PKR95 LakhBilal Town, Lehtrar Road333 MarlaAdded: 11 hours ago(Updated: 11 hours ago)SMSCall",92,Houses_Islamabad,for_sale,2026-07-26,https://www.zameen.com/Property/lehtrar_road_bilal_town_3_marla_singal_story_new_house_for_sale_in_bilal_town_khana_pull_rawal_hospital_islalmabad-54521518-13227-1.html
"3 Marla Double Storey Cornor Brand New House For Sale In New Chatha Bukhtwar, Near Comset University And Park Enclave, Islamabad.",PKR 1.6 Crore,16000000,4,4,3 Marla,675.0,23703,House,False,22,"PKR1.6 CroreChatha Bakhtawar, Islamabad443 MarlaAdded: 2 days ago(Updated: 2 days ago)SMSCall",93,Houses_Islamabad,for_sale,2026-07-26,https://www.zameen.com/Property/islamabad_chatha_bakhtawar_3_marla_double_storey_cornor_brand_new_house_for_sale_in_new_chatha_bukhtwar_near_comset_university_and_park_enclave_islamabad-54371443-3153-1.html
"3.5 Marla House And 2 Shops For Sale Demand 16000000/- Gas, Water And Electricity Available 20 Feet Street In Chatha Bukhtwar, Near Milad Choke, Islamabad.",PKR 1.6 Crore,16000000,3,3,3 Marla,675.0,23703,House,False,6,"PKR1.6 CroreChatha Bakhtawar, Islamabad333 MarlaAdded: 2 days ago(Updated: 2 days ago)SMSCall",93,Houses_Islamabad,for_sale,2026-07-26,https://www.zameen.com/Property/islamabad_chatha_bakhtawar_3_5_marla_house_and_2_shops_for_sale_demand_16000000_-_gas_water_and_electricity_available_20_feet_street_in_chatha_bukhtwar_near_milad_choke_islamabad-54081163-3153-1.html
Adnan Property Offers A House For Sale,PKR 1.55 Crore,15500000,,,3 Marla,675.0,22962,House,False,9,"PKR1.55 CroreChatha Bakhtawar, Islamabad3 MarlaAdded: 2 days agoSMSCall",71,Houses_Islamabad,for_sale,2026-07-26,https://www.zameen.com/Property/islamabad_chatha_bakhtawar_adnan_property_offers_a_house_for_sale-53825441-3153-1.html
New 3 Marla House For Sale Final 60 Lack Electricity Water,PKR 59 Lakh,5900000,2,2,3 Marla,675.0,8740,House,False,32,"PKR59 LakhMarwa Town, Islamabad223 MarlaAdded: 3 days agoSMSCall",64,Houses_Islamabad,for_sale,2026-07-26,https://www.zameen.com/Property/islamabad_marwa_town_new_3_marla_house_for_sale_final_60_lack_electricity_water-53233987-10078-1.html
Want To Buy A Prime Location House In Ghauri Town?,PKR 55 Lakh,5500000,2,1,3 Marla,675.0,8148,House,False,8,"PKR55 LakhGhauri Town, Islamabad213 MarlaAdded: 2 days ago(Updated: 2 days ago)SMSCall",86,Houses_Islamabad,for_sale,2026-07-26,https://www.zameen.com/Property/islamabad_ghauri_town_want_to_buy_a_prime_location_house_in_ghauri_town-54513587-1314-1.html
3 Marla House Available For Sale In Bani Gala Sanjhalian,PKR 60 Lakh,6000000,2,2,3 Marla,675.0,8888,House,False,11,"PKR60 LakhBani Gala, Islamabad223 MarlaAdded: 3 days ago(Updated: 12 hours ago)SMSCallEmail",91,Houses_Islamabad,for_sale,2026-07-26,https://www.zameen.com/Property/islamabad_bani_gala_3_marla_house_available_for_sale_in_bani_gala_sanjhalian-54060693-340-1.html
Brand New Luxury Single Story House Available For Sale Near Nust Double Road Gate 7.,PKR 75 Lakh,7500000,2,2,3 Marla,675.0,11111,House,False,8,"PKR75 LakhH-13, Islamabad223 MarlaAdded: 4 days ago(Updated: 2 days ago)SMSCall",79,Houses_Islamabad,for_sale,2026-07-26,https://www.zameen.com/Property/islamabad_h-13_brand_new_luxury_single_story_house_available_for_sale_near_nust_double_road_gate_7-54458063-1039-1.html
New 3 Marla House Demand 50 lack Electricity Water 20 Feet Strteet Registery Intiqal,PKR 48 Lakh,4800000,2,2,3 Marla,675.0,7111,House,False,19,"PKR48 LakhThanda Pani, Islamabad223 MarlaAdded: 3 days ago(Updated: 12 hours ago)SMSCall",88,Houses_Islamabad,for_sale,2026-07-26,https://www.zameen.com/Property/islamabad_thanda_pani_new_3_marla_house_demand_50_lack_electricity_water_20_feet_strteet_registery_intiqal-54369976-8538-1.html
3.50 Marla Brand New House For Sale Tramari Chock Lehtrar Road Islamabad  best Location  Serious Buyers Contact,PKR 85 Lakh,8500000,2,3,3 Marla,675.0,12592,House,False,10,"PKR85 LakhTaramrri, Islamabad233 MarlaAdded: 4 days ago(Updated: 2 days ago)SMSCall",83,Houses_Islamabad,for_sale,2026-07-26,https://www.zameen.com/Property/islamabad_taramrri_3_50_marla_brand_new_house_for_sale_tramari_chock_lehtrar_road_islamabad_best_location_serious_buyers_contact-54362876-3500-1.html
3 Marla Structure House For Sale In Rehman Town,PKR 50 Lakh,5000000,,,3 Marla,675.0,7407,House,False,6,"PKR50 LakhJhangi Syedan, Islamabad3 MarlaAdded: 5 days ago(Updated: 12 hours ago)SMSCall",88,Houses_Islamabad,for_sale,2026-07-26,https://www.zameen.com/Property/islamabad_jhangi_syedan_3_marla_structure_house_for_sale_in_rehman_town-54501773-8851-1.html
3 Marla Single Storey House Available For Sale H 13,PKR 75 Lakh,7500000,1,2,3 Marla,675.0,11111,House,False,10,"PKR75 LakhH-13, Islamabad123 MarlaAdded: 5 days ago(Updated: 12 hours ago)SMSCall",81,Houses_Islamabad,for_sale,2026-07-26,https://www.zameen.com/Property/islamabad_h-13_3_marla_single_storey_house_available_for_sale_h_13-54348404-1039-1.html
Your Dream 3 Marla House Is Available In Opposite I-14,PKR 1.2 Crore,12000000,3,4,3 Marla,675.0,17777,House,False,19,"PKR1.2 CroreI-14, Islamabad343 MarlaAdded: 5 days ago(Updated: 12 hours ago)SMSCall",83,Houses_Islamabad,for_sale,2026-07-26,https://www.zameen.com/Property/islamabad_i-14_your_dream_3_marla_house_is_available_in_opposite_i-14-54080274-1045-1.html
3 Marla Double Storey House Near Zong Head Office,PKR 1.1 Crore,11000000,4,2,3 Marla,675.0,16296,House,False,13,"PKR1.1 CroreKuri Road, Islamabad423 MarlaAdded: 6 days ago(Updated: 2 days ago)SMSCall",86,Houses_Islamabad,for_sale,2026-07-26,https://www.zameen.com/Property/islamabad_kuri_road_3_marla_double_storey_house_near_zong_head_office-54493763-10322-1.html
G11 HOUSE FOR SALE DOBUL STORY,PKR 2.9 Crore,29000000,3,3,3 Marla,675.0,42962,House,False,7,"PKR2.9 CroreG-11/3, G-11333 MarlaAdded: 1 week ago(Updated: 12 hours ago)SMSCall",80,Houses_Islamabad,for_sale,2026-07-26,https://www.zameen.com/Property/g_11_g-11_3_g11_house_for_sale_dobul_story-54386741-3332-1.html
"Ideal 3 Marla House Available In Paradise Villa Apartments, Islamabad",PKR 1.5 Crore,15000000,3,3,3 Marla,675.0,22222,House,False,,"PKR1.5 CroreParadise Villa Apartments, D-17333 MarlaAdded: 1 week ago(Updated: 12 hours ago)SMSCall",99,Houses_Islamabad,for_sale,2026-07-26,https://www.zameen.com/Property/d_17_paradise_villa_apartments_ideal_3_marla_house_available_in_paradise_villa_apartments_islamabad-54481575-11039-1.html
Chatta Bakhtawar Triple Storey House For Sale  Near To Green Avenue Park Road,PKR 1.5 Crore,15000000,7,,3 Marla,675.0,22222,House,False,8,"PKR1.5 CroreChatha Bakhtawar, Islamabad73 MarlaAdded: 2 weeks ago(Updated: 2 days ago)SMSCallEmail",98,Houses_Islamabad,for_sale,2026-07-26,https://www.zameen.com/Property/islamabad_chatha_bakhtawar_chatta_bakhtawar_triple_storey_house_for_sale_near_to_green_avenue_park_road-54396638-3153-1.html
Model Valley 2.5 Marla House For Sale On Very Low Price,PKR 47 Lakh,4700000,2,2,3 Marla,675.0,6962,House,False,20,"PKR47 LakhJhangi Syedan, Islamabad223 MarlaAdded: 3 weeks ago(Updated: 1 week ago)SMSCall",89,Houses_Islamabad,for_sale,2026-07-26,https://www.zameen.com/Property/islamabad_jhangi_syedan_model_valley_2_5_marla_house_for_sale_on_very_low_price-54094783-8851-1.html
Brand New 3 Marla Double Storey House for Sale Park Road Islamabad,PKR 1.5 Crore,15000000,4,4,3 Marla,675.0,22222,House,False,21,"PKR1.5 CrorePark Road, Islamabad443 MarlaAdded: 3 weeks ago(Updated: 1 week ago)SMSCall",87,Houses_Islamabad,for_sale,2026-07-26,https://www.zameen.com/Property/islamabad_park_road_brand_new_3_marla_double_storey_house_for_sale_park_road_islamabad-54244110-3485-1.html
Triple Storey Corner House With 70K Rental Income-Best Investment Opportunity In H-13,PKR 1.25 Crore,12500000,6,5,3 Marla,675.0,18518,House,False,21,"PKR1.25 CroreH-13, Islamabad653 MarlaAdded: 3 weeks ago(Updated: 1 week ago)SMSCall",83,Houses_Islamabad,for_sale,2026-07-26,https://www.zameen.com/Property/islamabad_h-13_triple_storey_corner_house_with_70k_rental_income-best_investment_opportunity_in_h-13-54185213-1039-1.html
Prime Location 20 Marla House In Beautiful Location Of Top City 1,PKR 7.4 Crore,74000000,6,7,1 Kanal,4500.0,16444,House,True,22,super hot22Share on FacebookShare on TwitterShare on WhatsAppSend via GMailSend via E-Mail,90,Houses_Islamabad,for_sale,2026-07-26,https://www.zameen.com/Property/islamabad_top_city_1_prime_location_20_marla_house_in_beautiful_location_of_top_city_1-54192013-1383-1.html
70 Feet Road 7 Marla (30x60) House For Sale In G-13/3 Islamabad,PKR 6.9 Crore,69000000,6,6,7 Marla,1575.0,43809,House,True,28,super hot28Share on FacebookShare on TwitterShare on WhatsAppSend via GMailSend via E-Mail,90,Houses_Islamabad,for_sale,2026-07-26,https://www.zameen.com/Property/islamabad_g-13_70_feet_road_7_marla_30x60_house_for_sale_in_g-13_3_islamabad-53819596-330-1.html
10 Marla Luxury Designer House for Sale | Spacious Living | Outclass Finishing | Premium Lifestyle,PKR 5.95 Crore,59500000,5,6,10 Marla,2250.0,26444,House,True,37,super hot37Share on FacebookShare on TwitterShare on WhatsAppSend via GMailSend via E-Mail,90,Houses_Islamabad,for_sale,2026-07-26,https://www.zameen.com/Property/islamabad_top_city_1_10_marla_luxury_designer_house_for_sale_spacious_living_outclass_finishing_premium_lifestyle-54512208-1383-1.html
Low Price 5 Marla Luxury House For Sale in DHA 5,PKR 3.9 Crore,39000000,3,4,5 Marla,1125.0,34666,House,True,16,super hot16Share on FacebookShare on TwitterShare on WhatsAppSend via GMailSend via E-Mail,90,Houses_Islamabad,for_sale,2026-07-26,https://www.zameen.com/Property/dha_defence_dha_defence_phase_5_low_price_5_marla_luxury_house_for_sale_in_dha_5-54434113-10991-1.html
1 Kanal Brand New Designer House For Sale In DHA Phase 2 Islamabad,PKR 14.5 Crore,145000000,5,5,1 Kanal,4500.0,32222,House,True,15,super hot15Share on FacebookShare on TwitterShare on WhatsAppSend via GMailSend via E-Mail,90,Houses_Islamabad,for_sale,2026-07-26,https://www.zameen.com/Property/dha_defence_dha_defence_phase_2_1_kanal_brand_new_designer_house_for_sale_in_dha_phase_2_islamabad-54323212-339-1.html
Naval Anchorage designer House For Sale,PKR 2.4 Crore,24000000,4,5,5 Marla,1125.0,21333,House,True,25,super hot25Share on FacebookShare on TwitterShare on WhatsAppSend via GMailSend via E-Mail,90,Houses_Islamabad,for_sale,2026-07-26,https://www.zameen.com/Property/naval_anchorage_naval_anchorage_-_block_g_naval_anchorage_designer_house_for_sale-54521649-9158-1.html
4 Kanal Grey Structure Bahria   Garden City Zone 4,PKR 16.5 Crore,165000000,7,7,4 Kanal,18000.0,9166,House,True,5,super hot5Share on FacebookShare on TwitterShare on WhatsAppSend via GMailSend via E-Mail,89,Houses_Islamabad,for_sale,2026-07-26,https://www.zameen.com/Property/bahria_garden_city_bahria_garden_city_-_zone_4_4_kanal_grey_structure_bahria_garden_city_zone_4-54187594-10608-1.html
40*80 Doubble Story House Available For Sale,PKR 10.75 Crore,107500000,6,6,14 Marla,3150.0,34126,House,True,18,super hot18Share on FacebookShare on TwitterShare on WhatsAppSend via GMailSend via E-Mail,90,Houses_Islamabad,for_sale,2026-07-26,https://www.zameen.com/Property/islamabad_g-13_40_80_doubble_story_house_available_for_sale-54492613-330-1.html
7 Marla New House For Sale Park Face,PKR 4.7 Crore,47000000,5,6,7 Marla,1575.0,29841,House,True,14,super hot14Share on FacebookShare on TwitterShare on WhatsAppSend via GMailSend via E-Mail,90,Houses_Islamabad,for_sale,2026-07-26,https://www.zameen.com/Property/gulberg_residencia_gulberg_residencia_-_block_f_7_marla_new_house_for_sale_park_face-54280271-9116-1.html
G-13/3 Luxury House For Sale Size 30*60 Sun Facing,PKR 6.95 Crore,69500000,4,6,8 Marla,1800.0,38611,House,True,26,super hot261Share on FacebookShare on TwitterShare on WhatsAppSend via GMailSend via E-Mail,91,Houses_Islamabad,for_sale,2026-07-26,https://www.zameen.com/Property/islamabad_g-13_g-13_3_luxury_house_for_sale_size_30_60_sun_facing-54429034-330-1.html
Top Location Designer House Is For Sale In D-12 Islamabad,PKR 6.5 Crore,65000000,4,5,5 Marla,1125.0,57777,House,True,26,hot26Share on FacebookShare on TwitterShare on WhatsAppSend via GMailSend via E-Mail,84,Houses_Islamabad,for_sale,2026-07-26,https://www.zameen.com/Property/d_12_d-12_4_top_location_designer_house_is_for_sale_in_d-12_islamabad-54471590-3157-1.html
In D-12 You Can Find The Perfect House For sale,PKR 9 Crore,90000000,5,6,8 Marla,1800.0,50000,House,True,17,hot171Share on FacebookShare on TwitterShare on WhatsAppSend via GMailSend via E-Mail,85,Houses_Islamabad,for_sale,2026-07-26,https://www.zameen.com/Property/islamabad_d-12_in_d-12_you_can_find_the_perfect_house_for_sale-54065623-160-1.html
"5 Marla Designer House DHA Phase 5 ,Islamabad",PKR 3.75 Crore,37500000,3,4,5 Marla,1125.0,33333,House,False,44,hot44Share on FacebookShare on TwitterShare on WhatsAppSend via GMailSend via E-Mail,84,Houses_Islamabad,for_sale,2026-07-26,https://www.zameen.com/Property/dha_defence_dha_defence_phase_5_5_marla_designer_house_dha_phase_5_islamabad-54456167-10991-1.html
"10 Marla Designer House DHA Phase 5 ,Islamabad",PKR 6.85 Crore,68500000,5,7,10 Marla,2250.0,30444,House,False,49,hot49Share on FacebookShare on TwitterShare on WhatsAppSend via GMailSend via E-Mail,84,Houses_Islamabad,for_sale,2026-07-26,https://www.zameen.com/Property/dha_defence_dha_defence_phase_5_10_marla_designer_house_dha_phase_5_islamabad-54460755-10991-1.html
1.5 Storey Brand New House For Sale,PKR 1.4 Crore,14000000,3,4,5 Marla,1125.0,12444,House,False,28,hot28Share on FacebookShare on TwitterShare on WhatsAppSend via GMailSend via E-Mail,84,Houses_Islamabad,for_sale,2026-07-26,https://www.zameen.com/Property/islamabad_bani_gala_1_5_storey_brand_new_house_for_sale-53798942-340-1.html
10 Marla Beautiful House For Sale In DHA Phase-2 Islamabad,PKR 7.25 Crore,72500000,5,5,10 Marla,2250.0,32222,House,False,31,hot31VerifiedShare on FacebookShare on TwitterShare on WhatsAppSend via GMailSend via E-Mail,92,Houses_Islamabad,for_sale,2026-07-26,https://www.zameen.com/Property/dha_defence_dha_defence_phase_2_10_marla_beautiful_house_for_sale_in_dha_phase-2_islamabad-54321074-339-1.html
1 Kanal Modern & Designer House is available for sale at DHA-2 Islamabad.,PKR 14.5 Crore,145000000,6,6,1 Kanal,4500.0,32222,House,False,16,hot16Share on FacebookShare on TwitterShare on WhatsAppSend via GMailSend via E-Mail,84,Houses_Islamabad,for_sale,2026-07-26,https://www.zameen.com/Property/dha_defence_dha_defence_phase_2_1_kanal_modern_designer_house_is_available_for_sale_at_dha-2_islamabad-54378266-339-1.html
1 Kanal Brand New Designer Luxury House For Sale DHA Phase 2 Islamabad,PKR 10 Crore,100000000,6,6,1 Kanal,4500.0,22222,House,False,25,25Share on FacebookShare on TwitterShare on WhatsAppSend via GMailSend via E-Mail,81,Houses_Islamabad,for_sale,2026-07-26,https://www.zameen.com/Property/dha_defence_dha_defence_phase_2_1_kanal_brand_new_designer_luxury_house_for_sale_dha_phase_2_islamabad-53529650-339-1.html
8 Marla Designer Luxury White House Triple Storey Available For Sale,PKR 9.25 Crore,92500000,7,7,8 Marla,1800.0,51388,House,True,39,39VerifiedShare on FacebookShare on TwitterShare on WhatsAppSend via GMailSend via E-Mail,89,Houses_Islamabad,for_sale,2026-07-26,https://www.zameen.com/Property/d_12_d-12_1_8_marla_designer_luxury_white_house_triple_storey_available_for_sale-54313030-3154-1.html
5 Marla House For Sale In D-12,PKR 7.5 Crore,75000000,5,5,5 Marla,1125.0,66666,House,True,13,131VerifiedShare on FacebookShare on TwitterShare on WhatsAppSend via GMailSend via E-Mail,90,Houses_Islamabad,for_sale,2026-07-26,https://www.zameen.com/Property/islamabad_d-12_5_marla_house_for_sale_in_d-12-54313034-160-1.html
House Available In D-12 For Sale,PKR 5.7 Crore,57000000,3,4,4 Marla,900.0,63333,House,True,23,23Share on FacebookShare on TwitterShare on WhatsAppSend via GMailSend via E-Mail,81,Houses_Islamabad,for_sale,2026-07-26,https://www.zameen.com/Property/d_12_d-12_4_house_available_in_d-12_for_sale-54462550-3157-1.html
"Luxury 4.44 Marla Single Unit House For Sale CDA Sector D-12/1, Islamabad",PKR 5.3 Crore,53000000,3,4,4.4 Marla,990.0000000000001,53535,House,True,25,25Share on FacebookShare on TwitterShare on WhatsAppSend via GMailSend via E-Mail,81,Houses_Islamabad,for_sale,2026-07-26,https://www.zameen.com/Property/d_12_d-12_1_luxury_4_44_marla_single_unit_house_for_sale_cda_sector_d-12_1_islamabad-54464176-3154-1.html
8 Marla Luxury Double Unit House for Sale in CDA Sector D-12,PKR 8.5 Crore,85000000,5,6,8 Marla,1800.0,47222,House,True,15,15Share on FacebookShare on TwitterShare on WhatsAppSend via GMailSend via E-Mail,81,Houses_Islamabad,for_sale,2026-07-26,https://www.zameen.com/Property/islamabad_d-12_8_marla_luxury_double_unit_house_for_sale_in_cda_sector_d-12-54488006-160-1.html
25x50 Brand New Most Beautiful Luxurious House Available For Sale In G-14/4 Islamabad At Ideal Location,PKR 5.5 Crore,55000000,4,5,5 Marla,1125.0,48888,House,False,11,11Share on FacebookShare on TwitterShare on WhatsAppSend via GMailSend via E-Mail,81,Houses_Islamabad,for_sale,2026-07-26,https://www.zameen.com/Property/g_14_g-14_4_25x50_brand_new_most_beautiful_luxurious_house_available_for_sale_in_g-14_4_islamabad_at_ideal_location-54215491-3346-1.html
14 Marla House For Sale In D-12 Islamabad,PKR 18 Crore,180000000,9,7,14 Marla,3150.0,57142,House,False,18,18Share on FacebookShare on TwitterShare on WhatsAppSend via GMailSend via E-Mail,81,Houses_Islamabad,for_sale,2026-07-26,https://www.zameen.com/Property/islamabad_d-12_14_marla_house_for_sale_in_d-12_islamabad-54483032-160-1.html
"1 Kanal Luxury House For Sale In DHA Phase 2, Islamabad",PKR 12.5 Crore,125000000,5,6,1 Kanal,4500.0,27777,House,True,19,super hot19Share on FacebookShare on TwitterShare on WhatsAppSend via GMailSend via E-Mail,90,Houses_Islamabad,for_sale,2026-07-26,https://www.zameen.com/Property/dha_defence_dha_defence_phase_2_1_kanal_luxury_house_for_sale_in_dha_phase_2_islamabad-53583491-339-1.html
"Luxury Single Unit Designer House for Sale | House No. 785 | Executive Block, Faisal Hills | Near Islamabad",PKR 2.5 Crore,25000000,5,5,5 Marla,1125.0,22222,House,True,27,super hot27Share on FacebookShare on TwitterShare on WhatsAppSend via GMailSend via E-Mail,90,Houses_Islamabad,for_sale,2026-07-26,https://www.zameen.com/Property/faisal_hills_faisal_hills_-_executive_block_luxury_single_unit_designer_house_for_sale_house_no_785_executive_block_faisal_hills_near_islamabad-54520536-16527-1.html
Luxury Designer House for Sale Faisal Hills Block A (Single Unit),PKR 2.45 Crore,24500000,5,5,5 Marla,1125.0,21777,House,True,29,super hot29Share on FacebookShare on TwitterShare on WhatsAppSend via GMailSend via E-Mail,90,Houses_Islamabad,for_sale,2026-07-26,https://www.zameen.com/Property/faisal_hills_faisal_hills_-_block_a_luxury_designer_house_for_sale_faisal_hills_block_a_single_unit-54520535-12655-1.html
10 MARLA LUXURY HOUSE FOR SALE IN FAISAL TOWN BLOCK A,PKR 5.9 Crore,59000000,6,7,10 Marla,2250.0,26222,House,True,49,super hot49Share on FacebookShare on TwitterShare on WhatsAppSend via GMailSend via E-Mail,90,Houses_Islamabad,for_sale,2026-07-26,https://www.zameen.com/Property/faisal_town_phase_1_faisal_town_phase_1_-_block_a_10_marla_luxury_house_for_sale_in_faisal_town_block_a-54431508-16416-1.html
B17 Block E Brand New House Available For Sale A+ Construction,PKR 4.3 Crore,43000000,6,6,8 Marla,1800.0,23888,House,True,27,super hot27Share on FacebookShare on TwitterShare on WhatsAppSend via GMailSend via E-Mail,90,Houses_Islamabad,for_sale,2026-07-26,https://www.zameen.com/Property/mpchs_multi_gardens_mpchs_-_block_e_b17_block_e_brand_new_house_available_for_sale_a_construction-54457593-3120-1.html
G13 Brand New Luxury House For Sale Size 40*80 Original Picture Attached  Rental Value 350k,PKR 13 Crore,130000000,6,6,14 Marla,3150.0,41269,House,True,48,super hot481VerifiedShare on FacebookShare on TwitterShare on WhatsAppSend via GMailSend via E-Mail,99,Houses_Islamabad,for_sale,2026-07-26,https://www.zameen.com/Property/islamabad_g-13_g13_brand_new_luxury_house_for_sale_size_40_80_original_picture_attached_rental_value_350k-54034353-330-1.html
10 Marla Luxurious House for Sale in B-17 Islamabad,PKR 6.1 Crore,61000000,6,6,10 Marla,2250.0,27111,House,True,12,super hot12Share on FacebookShare on TwitterShare on WhatsAppSend via GMailSend via E-Mail,90,Houses_Islamabad,for_sale,2026-07-26,https://www.zameen.com/Property/mpchs_multi_gardens_mpchs_-_block_c_10_marla_luxurious_house_for_sale_in_b-17_islamabad-54517540-3118-1.html
Kanal Luxury Furnished House For Sale In Dha Phase 2 Islamabad,PKR 16.9 Crore,169000000,6,6,1 Kanal,4500.0,37555,House,True,18,super hot18Share on FacebookShare on TwitterShare on WhatsAppSend via GMailSend via E-Mail,90,Houses_Islamabad,for_sale,2026-07-26,https://www.zameen.com/Property/dha_defence_phase_5_dha_phase_5_-_sector_j_kanal_luxury_furnished_house_for_sale_in_dha_phase_2_islamabad-53485345-17389-1.html
brand new house for sale,PKR 4.95 Crore,49500000,6,6,10 Marla,2250.0,22000,House,True,17,super hot17Share on FacebookShare on TwitterShare on WhatsAppSend via GMailSend via E-Mail,90,Houses_Islamabad,for_sale,2026-07-26,https://www.zameen.com/Property/top_city_1_top_city_1_-_block_a_brand_new_house_for_sale-54519404-9231-1.html
10 Marla Modern Elevation Brand New House Available For Sale just 30 Scnd Drive From the Main Gate!!,PKR 5.6 Crore,56000000,5,6,10 Marla,2250.0,24888,House,True,50,super hot50Share on FacebookShare on TwitterShare on WhatsAppSend via GMailSend via E-Mail,90,Houses_Islamabad,for_sale,2026-07-26,https://www.zameen.com/Property/bahria_enclave_bahria_enclave_-_sector_a_10_marla_modern_elevation_brand_new_house_available_for_sale_just_30_scnd_drive_from_the_main_gate-54520595-11970-1.html
"10 Marla Luxury Corner Double Unit House for Sale CDA Sector D-12/1, Islamabad",PKR 13 Crore,130000000,5,7,10 Marla,2250.0,57777,House,True,17,hot17Share on FacebookShare on TwitterShare on WhatsAppSend via GMailSend via E-Mail,84,Houses_Islamabad,for_sale,2026-07-26,https://www.zameen.com/Property/d_12_d-12_1_10_marla_luxury_corner_double_unit_house_for_sale_cda_sector_d-12_1_islamabad-54462618-3154-1.html
F Block 60 Ft Road 25*50 Brand New House With Branded Accessories Modern Design,PKR 2.7 Crore,27000000,4,6,5 Marla,1125.0,24000,House,True,9,hot9Share on FacebookShare on TwitterShare on WhatsAppSend via GMailSend via E-Mail,83,Houses_Islamabad,for_sale,2026-07-26,https://www.zameen.com/Property/mpchs_multi_gardens_mpchs_-_block_f_f_block_60_ft_road_25_50_brand_new_house_with_branded_accessories_modern_design-54445856-8527-1.html
5 Marla Brand New Owner-Built Luxury Double Unit House for Sale,PKR 5 Crore,50000000,4,5,5 Marla,1125.0,44444,House,False,34,hot34Share on FacebookShare on TwitterShare on WhatsAppSend via GMailSend via E-Mail,84,Houses_Islamabad,for_sale,2026-07-26,https://www.zameen.com/Property/dha_defence_dha_defence_phase_2_5_marla_brand_new_owner-built_luxury_double_unit_house_for_sale-54508227-339-1.html
1 Kanal House Available For Sale Dha Phase 2,PKR 9 Crore,90000000,6,6,1 Kanal,4500.0,20000,House,False,7,hot7Share on FacebookShare on TwitterShare on WhatsAppSend via GMailSend via E-Mail,83,Houses_Islamabad,for_sale,2026-07-26,https://www.zameen.com/Property/dha_defence_dha_defence_phase_2_1_kanal_house_available_for_sale_dha_phase_2-53866271-339-1.html
F-8 Brand New HOUSE For Sale,PKR 44 Crore,440000000,6,6,17.8 Marla,4005.0,109862,House,False,41,hot41Share on FacebookShare on TwitterShare on WhatsAppSend via GMailSend via E-Mail,84,Houses_Islamabad,for_sale,2026-07-26,https://www.zameen.com/Property/islamabad_f-8_f-8_brand_new_house_for_sale-53260038-166-1.html
HOUSE FOR SALE,PKR 2.4 Crore,24000000,4,4,6 Marla,1350.0,17777,House,False,5,hot5Share on FacebookShare on TwitterShare on WhatsAppSend via GMailSend via E-Mail,83,Houses_Islamabad,for_sale,2026-07-26,https://www.zameen.com/Property/jinnah_gardens_jinnah_gardens_phase_1_house_for_sale-54297407-1421-1.html
5 Marla Brand New Designer House For Sale In DHA Phase 5 Islamabad,PKR 3.85 Crore,38500000,4,5,5 Marla,1125.0,34222,House,False,6,hot6Share on FacebookShare on TwitterShare on WhatsAppSend via GMailSend via E-Mail,83,Houses_Islamabad,for_sale,2026-07-26,https://www.zameen.com/Property/dha_defence_dha_defence_phase_5_5_marla_brand_new_designer_house_for_sale_in_dha_phase_5_islamabad-54443628-10991-1.html
"10 Marla Brand New Luxurious Designer House For Sale In B-17, Multi Gardens, Islamabad",PKR 7.25 Crore,72500000,5,5,10 Marla,2250.0,32222,House,False,42,42Share on FacebookShare on TwitterShare on WhatsAppSend via GMailSend via E-Mail,81,Houses_Islamabad,for_sale,2026-07-26,https://www.zameen.com/Property/b_17_mpchs_-_multi_gardens_10_marla_brand_new_luxurious_designer_house_for_sale_in_b-17_multi_gardens_islamabad-54328573-3115-1.html
BEUTIFULL BREND NEW HOUSE FOR SALE,PKR 11 Crore,110000000,6,6,8 Marla,1800.0,61111,House,True,23,23Share on FacebookShare on TwitterShare on WhatsAppSend via GMailSend via E-Mail,81,Houses_Islamabad,for_sale,2026-07-26,https://www.zameen.com/Property/islamabad_d-12_beutifull_brend_new_house_for_sale-53255303-160-1.html
High-Yield Property: 12-Bed Triple-Story Corner Mansion in G-14/4 | 3 Separate Units House For Sale,PKR 21 Crore,210000000,21,6,1.2 Kanal,5400.0,38888,House,False,48,48Share on FacebookShare on TwitterShare on WhatsAppSend via GMailSend via E-Mail,81,Houses_Islamabad,for_sale,2026-07-26,https://www.zameen.com/Property/g_14_g-14_4_high-yield_property_12-bed_triple-story_corner_mansion_in_g-14_4_3_separate_units_house_for_sale-54327590-3346-1.html
G-13 35X70 Brand New House Available For Sale,PKR 8.75 Crore,87500000,6,6,10 Marla,2250.0,38888,House,False,10,10Share on FacebookShare on TwitterShare on WhatsAppSend via GMailSend via E-Mail,81,Houses_Islamabad,for_sale,2026-07-26,https://www.zameen.com/Property/islamabad_g-13_g-13_35x70_brand_new_house_available_for_sale-54467701-330-1.html
G-13 30X60 Brand New Double Story Luxury House Available For Sale,PKR 6.85 Crore,68500000,5,6,7 Marla,1575.0,43492,House,False,19,19Share on FacebookShare on TwitterShare on WhatsAppSend via GMailSend via E-Mail,81,Houses_Islamabad,for_sale,2026-07-26,https://www.zameen.com/Property/islamabad_g-13_g-13_30x60_brand_new_double_story_luxury_house_available_for_sale-54499568-330-1.html
G-13 50*90 Luxury House available for sale,PKR 15.5 Crore,155000000,6,6,1 Kanal,4500.0,34444,House,False,18,18Share on FacebookShare on TwitterShare on WhatsAppSend via GMailSend via E-Mail,81,Houses_Islamabad,for_sale,2026-07-26,https://www.zameen.com/Property/islamabad_g-13_g-13_50_90_luxury_house_available_for_sale-54489555-330-1.html
G-13 40*80 Luxury House Available For Sale,PKR 12 Crore,120000000,6,6,14 Marla,3150.0,38095,House,False,17,17Share on FacebookShare on TwitterShare on WhatsAppSend via GMailSend via E-Mail,81,Houses_Islamabad,for_sale,2026-07-26,https://www.zameen.com/Property/islamabad_g-13_g-13_40_80_luxury_house_available_for_sale-54510899-330-1.html
1 Kanal Brand New Modern House Available For Sale In Soan Garden Block F,PKR 5.95 Crore,59500000,6,6,1 Kanal,4500.0,13222,House,False,35,35Share on FacebookShare on TwitterShare on WhatsAppSend via GMailSend via E-Mail,81,Houses_Islamabad,for_sale,2026-07-26,https://www.zameen.com/Property/islamabad_soan_garden_1_kanal_brand_new_modern_house_available_for_sale_in_soan_garden_block_f-54089869-338-1.html
1 Kanal Ultra Luxury Furnished House For Sale In DHA Phase 2 Islamabad,PKR 16.5 Crore,165000000,5,6,1 Kanal,4500.0,36666,House,True,42,super hot42Share on FacebookShare on TwitterShare on WhatsAppSend via GMailSend via E-Mail,90,Houses_Islamabad,for_sale,2026-07-26,https://www.zameen.com/Property/dha_defence_dha_defence_phase_2_1_kanal_ultra_luxury_furnished_house_for_sale_in_dha_phase_2_islamabad-54331723-339-1.html
Dha 2 1.5 Kanal Owner Built FULL FURNISHED HOUSE,PKR 15 Crore,150000000,7,6,1 Kanal,4500.0,33333,House,True,24,super hot24Share on FacebookShare on TwitterShare on WhatsAppSend via GMailSend via E-Mail,90,Houses_Islamabad,for_sale,2026-07-26,https://www.zameen.com/Property/dha_defence_dha_defence_phase_2_dha_2_1_5_kanal_owner_built_full_furnished_house-54060075-339-1.html
1 Kanal Ultra Luxury Furnished House For Sale In DHA Phase 2 Islamabad,PKR 16.5 Crore,165000000,5,6,1 Kanal,4500.0,36666,House,True,17,super hot17Share on FacebookShare on TwitterShare on WhatsAppSend via GMailSend via E-Mail,90,Houses_Islamabad,for_sale,2026-07-26,https://www.zameen.com/Property/dha_defence_phase_2_dha_phase_2_-_sector_b_1_kanal_ultra_luxury_furnished_house_for_sale_in_dha_phase_2_islamabad-54333102-3197-1.html
Brand New 1 Kanal Modern Contemporary Luxury House For Sale DHA 2,PKR 10.5 Crore,105000000,5,6,1 Kanal,4500.0,23333,House,True,40,super hot40Share on FacebookShare on TwitterShare on WhatsAppSend via GMailSend via E-Mail,90,Houses_Islamabad,for_sale,2026-07-26,https://www.zameen.com/Property/dha_defence_dha_defence_phase_2_brand_new_1_kanal_modern_contemporary_luxury_house_for_sale_dha_2-54250135-339-1.html
"INVESTOR ALERT PRIME F-6 PROPERTY FOR SALE Sector F-6, Islamabad | Margalla View Facing 1146 Sq. Yards | Corner Plot | Prime Investment Opportunity",PKR 56 Crore,560000000,4,5,2.3 Kanal,10350.0,54106,House,True,10,super hot10Share on FacebookShare on TwitterShare on WhatsAppSend via GMailSend via E-Mail,90,Houses_Islamabad,for_sale,2026-07-26,https://www.zameen.com/Property/islamabad_f-6_investor_alert_prime_f-6_property_for_sale_sector_f-6_islamabad_margalla_view_facing_1146_sq_yards_corner_plot_prime_investment_opportunity-54418179-164-1.html
5 marla(25x50) house available for sale in Mpchs multi garden b17 Islamabad,PKR 2 Crore,20000000,3,4,5 Marla,1125.0,17777,House,True,18,super hot18Share on FacebookShare on TwitterShare on WhatsAppSend via GMailSend via E-Mail,90,Houses_Islamabad,for_sale,2026-07-26,https://www.zameen.com/Property/b_17_mpchs_-_multi_gardens_5_marla_25x50_house_available_for_sale_in_mpchs_multi_garden_b17_islamabad-54520189-3115-1.html
Luxury 2.5 Beautiful House Available For Sale In B-17 Multi Garden Islamabad,PKR 14 Crore,140000000,,,2 Kanal,9000.0,15555,House,True,8,super hot8Share on FacebookShare on TwitterShare on WhatsAppSend via GMailSend via E-Mail,89,Houses_Islamabad,for_sale,2026-07-26,https://www.zameen.com/Property/islamabad_b-17_luxury_2_5_beautiful_house_available_for_sale_in_b-17_multi_garden_islamabad-54419626-616-1.html
Topcity Designer Corner Villa For Sale,PKR 6.3 Crore,63000000,5,6,10 Marla,2250.0,28000,House,True,9,super hot9Share on FacebookShare on TwitterShare on WhatsAppSend via GMailSend via E-Mail,89,Houses_Islamabad,for_sale,2026-07-26,https://www.zameen.com/Property/islamabad_top_city_1_topcity_designer_corner_villa_for_sale-54317774-1383-1.html
7 Marla Luxury Designer House For Sale,PKR 2.35 Crore,23500000,4,5,7 Marla,1575.0,14920,House,True,16,super hot16Share on FacebookShare on TwitterShare on WhatsAppSend via GMailSend via E-Mail,90,Houses_Islamabad,for_sale,2026-07-26,https://www.zameen.com/Property/islamabad_bani_gala_7_marla_luxury_designer_house_for_sale-54517611-340-1.html
7 Marla Double Storey House For Sale In Bani Gala Islamabad,PKR 2.65 Crore,26500000,4,6,7 Marla,1575.0,16825,House,True,11,super hot11Share on FacebookShare on TwitterShare on WhatsAppSend via GMailSend via E-Mail,90,Houses_Islamabad,for_sale,2026-07-26,https://www.zameen.com/Property/islamabad_bani_gala_7_marla_double_storey_house_for_sale_in_bani_gala_islamabad-54011008-340-1.html
"Brand New House for Sale Sector C2, Bahria Enclave Islamabad",PKR 5.5 Crore,55000000,5,5,10 Marla,2250.0,24444,House,True,14,hot14Share on FacebookShare on TwitterShare on WhatsAppSend via GMailSend via E-Mail,84,Houses_Islamabad,for_sale,2026-07-26,https://www.zameen.com/Property/bahria_enclave_bahria_enclave_-_sector_c2_brand_new_house_for_sale_sector_c2_bahria_enclave_islamabad-54466673-11988-1.html
5 Marla Brand New House For Sale Sector I Bahria Enclave Islamabad,PKR 2.7 Crore,27000000,3,3,5 Marla,1125.0,24000,House,True,10,hot10Share on FacebookShare on TwitterShare on WhatsAppSend via GMailSend via E-Mail,84,Houses_Islamabad,for_sale,2026-07-26,https://www.zameen.com/Property/bahria_enclave_bahria_enclave_-_sector_i_5_marla_brand_new_house_for_sale_sector_i_bahria_enclave_islamabad-54493439-11982-1.html
5 Marla Brand New House For Sale In DHA Phase 5 Islamabad,PKR 4 Crore,40000000,4,5,5 Marla,1125.0,35555,House,False,6,hot6Share on FacebookShare on TwitterShare on WhatsAppSend via GMailSend via E-Mail,83,Houses_Islamabad,for_sale,2026-07-26,https://www.zameen.com/Property/dha_defence_dha_defence_phase_5_5_marla_brand_new_house_for_sale_in_dha_phase_5_islamabad-54443646-10991-1.html
One Kanal Ultra Luxury Designer House For Sale In DHA Phase 2 Islamabad,PKR 10.5 Crore,105000000,5,6,1 Kanal,4500.0,23333,House,False,49,hot49Share on FacebookShare on TwitterShare on WhatsAppSend via GMailSend via E-Mail,84,Houses_Islamabad,for_sale,2026-07-26,https://www.zameen.com/Property/dha_defence_dha_defence_phase_2_one_kanal_ultra_luxury_designer_house_for_sale_in_dha_phase_2_islamabad-54104756-339-1.html
One Kanal Ultra Luxury House For Sale In DHA 2 Islamabad,PKR 10.25 Crore,102500000,5,6,1 Kanal,4500.0,22777,House,False,16,hot16Share on FacebookShare on TwitterShare on WhatsAppSend via GMailSend via E-Mail,84,Houses_Islamabad,for_sale,2026-07-26,https://www.zameen.com/Property/dha_defence_dha_defence_phase_2_one_kanal_ultra_luxury_house_for_sale_in_dha_2_islamabad-54105234-339-1.html
7 Marla beautiful design double story house for sale in Banigala,PKR 2.35 Crore,23500000,4,4,7 Marla,1575.0,14920,House,False,28,hot28Share on FacebookShare on TwitterShare on WhatsAppSend via GMailSend via E-Mail,84,Houses_Islamabad,for_sale,2026-07-26,https://www.zameen.com/Property/islamabad_bani_gala_7_marla_beautiful_design_double_story_house_for_sale_in_banigala-54521444-340-1.html
Faisal Town Phase 1  Block C,PKR 2.95 Crore,29500000,7,6,5 Marla,1125.0,26222,House,False,12,hot12Share on FacebookShare on TwitterShare on WhatsAppSend via GMailSend via E-Mail,84,Houses_Islamabad,for_sale,2026-07-26,https://www.zameen.com/Property/faisal_town_phase_1_faisal_town_phase_1_-_block_c_faisal_town_phase_1_block_c-54488139-16418-1.html
10 Marla Brand New House For Sale,PKR 11.5 Crore,115000000,5,7,10 Marla,2250.0,51111,House,False,9,9Share on FacebookShare on TwitterShare on WhatsAppSend via GMailSend via E-Mail,80,Houses_Islamabad,for_sale,2026-07-26,https://www.zameen.com/Property/islamabad_d-12_10_marla_brand_new_house_for_sale-54438399-160-1.html
House for sale in upper bani gala,PKR 2.35 Crore,23500000,4,5,7 Marla,1575.0,14920,House,False,26,26Share on FacebookShare on TwitterShare on WhatsAppSend via GMailSend via E-Mail,81,Houses_Islamabad,for_sale,2026-07-26,https://www.zameen.com/Property/islamabad_bani_gala_house_for_sale_in_upper_bani_gala-54521979-340-1.html
14 Marla Brand New House Available For Sale In Zaraj Housing Society Islamabad Opposite Dha Phase 2 Islamabad,PKR 5 Crore,50000000,5,6,14 Marla,3150.0,15873,House,True,9,9Share on FacebookShare on TwitterShare on WhatsAppSend via GMailSend via E-Mail,80,Houses_Islamabad,for_sale,2026-07-26,https://www.zameen.com/Property/islamabad_zaraj_housing_scheme_14_marla_brand_new_house_available_for_sale_in_zaraj_housing_society_islamabad_opposite_dha_phase_2_islamabad-54252845-3508-1.html
1 Kanal Luxury House For Sale In DHA 2 Islamabad,PKR 9.8 Crore,98000000,5,6,1 Kanal,4500.0,21777,House,True,5,5Share on FacebookShare on TwitterShare on WhatsAppSend via GMailSend via E-Mail,80,Houses_Islamabad,for_sale,2026-07-26,https://www.zameen.com/Property/dha_defence_dha_defence_phase_2_1_kanal_luxury_house_for_sale_in_dha_2_islamabad-54428777-339-1.html
"1 Kanal Luxury House For Sale In DHA Phase 2, Islamabad",PKR 8.5 Crore,85000000,7,7,1 Kanal,4500.0,18888,House,True,21,21Share on FacebookShare on TwitterShare on WhatsAppSend via GMailSend via E-Mail,81,Houses_Islamabad,for_sale,2026-07-26,https://www.zameen.com/Property/dha_defence_dha_defence_phase_2_1_kanal_luxury_house_for_sale_in_dha_phase_2_islamabad-54428873-339-1.html
1 Kanal Luxury House For Sale In DHA Phase 2 Islamabad,PKR 9.8 Crore,98000000,6,7,1 Kanal,4500.0,21777,House,True,10,10Share on FacebookShare on TwitterShare on WhatsAppSend via GMailSend via E-Mail,81,Houses_Islamabad,for_sale,2026-07-26,https://www.zameen.com/Property/dha_defence_dha_defence_phase_2_1_kanal_luxury_house_for_sale_in_dha_phase_2_islamabad-54429997-339-1.html
1 Kanal Luxurious Brand-New Modren Design House For Sale Park Enclave 1 Islamabad,PKR 16 Crore,160000000,6,,1 Kanal,4500.0,35555,House,False,32,32Share on FacebookShare on TwitterShare on WhatsAppSend via GMailSend via E-Mail,81,Houses_Islamabad,for_sale,2026-07-26,https://www.zameen.com/Property/islamabad_park_enclave_1_kanal_luxurious_brand-new_modren_design_house_for_sale_park_enclave_1_islamabad-50527398-1706-1.html
1 Brand New Designer House For Sale In DHA Phase 2 Sector E Islamabad,PKR 13.8 Crore,138000000,5,6,1 Kanal,4500.0,30666,House,True,29,29Share on FacebookShare on TwitterShare on WhatsAppSend via GMailSend via E-Mail,81,Houses_Islamabad,for_sale,2026-07-26,https://www.zameen.com/Property/dha_defence_dha_defence_phase_2_1_brand_new_designer_house_for_sale_in_dha_phase_2_sector_e_islamabad-54330897-339-1.html
1 Kanal Corner 50 Feet Road Designer House Is Available For sale In Top City 1,PKR 7.7 Crore,77000000,6,6,1 Kanal,4500.0,17111,House,True,45,super hot45Share on FacebookShare on TwitterShare on WhatsAppSend via GMailSend via E-Mail,90,Houses_Islamabad,for_sale,2026-07-26,https://www.zameen.com/Property/islamabad_top_city_1_1_kanal_corner_50_feet_road_designer_house_is_available_for_sale_in_top_city_1-54472448-1383-1.html
Investor Price House Available For Sale,PKR 25 Crore,250000000,6,6,19.5 Marla,4387.5,56980,House,True,5,super hot5Share on FacebookShare on TwitterShare on WhatsAppSend via GMailSend via E-Mail,89,Houses_Islamabad,for_sale,2026-07-26,https://www.zameen.com/Property/islamabad_f-6_investor_price_house_available_for_sale-54391266-164-1.html
Investor Price House Available For Sale In F6/3,PKR 55 Crore,550000000,6,6,2 Kanal,9000.0,61111,House,True,8,super hot8Share on FacebookShare on TwitterShare on WhatsAppSend via GMailSend via E-Mail,89,Houses_Islamabad,for_sale,2026-07-26,https://www.zameen.com/Property/f_6_f-6_3_investor_price_house_available_for_sale_in_f6_3-50510847-3301-1.html
Beautiful House Of A Prime Location Available For Sale In F6/3,PKR 80 Crore,800000000,9,,2 Kanal,9000.0,88888,House,True,6,super hot6Share on FacebookShare on TwitterShare on WhatsAppSend via GMailSend via E-Mail,89,Houses_Islamabad,for_sale,2026-07-26,https://www.zameen.com/Property/f_6_f-6_2_beautiful_house_of_a_prime_location_available_for_sale_in_f6_3-52276600-3300-1.html
Beautiful House Available For Sale In F6,PKR 1.3 Arab,1300000000,10,,5 Kanal,22500.0,57777,House,True,7,super hot7Share on FacebookShare on TwitterShare on WhatsAppSend via GMailSend via E-Mail,89,Houses_Islamabad,for_sale,2026-07-26,https://www.zameen.com/Property/islamabad_f-6_beautiful_house_available_for_sale_in_f6-52276724-164-1.html
8 Marla Bouble Unit Corner House Available For Sale In Banigala,PKR 3.7 Crore,37000000,5,5,8 Marla,1800.0,20555,House,True,20,super hot20Share on FacebookShare on TwitterShare on WhatsAppSend via GMailSend via E-Mail,90,Houses_Islamabad,for_sale,2026-07-26,https://www.zameen.com/Property/islamabad_bani_gala_8_marla_bouble_unit_corner_house_available_for_sale_in_banigala-54429768-340-1.html
House for sale,PKR 4.25 Crore,42500000,4,4,4.5 Marla,1012.5,41975,House,True,17,super hot17Share on FacebookShare on TwitterShare on WhatsAppSend via GMailSend via E-Mail,90,Houses_Islamabad,for_sale,2026-07-26,https://www.zameen.com/Property/d_12_d-12_1_house_for_sale-54519882-3154-1.html
2.5 Kanal Luxury Designer House for Sale | Prime Location | 15 KVA Solar | Near Park & Mosque,PKR 16 Crore,160000000,4,5,2.5 Kanal,11250.0,14222,House,True,49,super hot49Share on FacebookShare on TwitterShare on WhatsAppSend via GMailSend via E-Mail,90,Houses_Islamabad,for_sale,2026-07-26,https://www.zameen.com/Property/dha_defence_phase_5_dha_phase_5_-_sector_c_2_5_kanal_luxury_designer_house_for_sale_prime_location_15_kva_solar_near_park_mosque-54042967-8402-1.html
10 Marla Double Heighted Luxury House For Sale,PKR 5.95 Crore,59500000,8,7,10 Marla,2250.0,26444,House,True,35,super hot35Share on FacebookShare on TwitterShare on WhatsAppSend via GMailSend via E-Mail,90,Houses_Islamabad,for_sale,2026-07-26,https://www.zameen.com/Property/faisal_town_phase_1_faisal_town_phase_1_-_block_c_10_marla_double_heighted_luxury_house_for_sale-54070044-16418-1.html
Zam Zam Real Estate,PKR 5.03 Crore,50300000,5,6,11 Marla,2475.0,20323,House,True,19,super hot19Share on FacebookShare on TwitterShare on WhatsAppSend via GMailSend via E-Mail,90,Houses_Islamabad,for_sale,2026-07-26,https://www.zameen.com/Property/islamabad_bani_gala_zam_zam_real_estate-54504661-340-1.html
"10 Marla Boulevard House For Sale In Sector C1, Bahria Enclave Islamabad 5 Bedrooms",PKR 5.7 Crore,57000000,5,5,10 Marla,2250.0,25333,House,True,28,hot28Share on FacebookShare on TwitterShare on WhatsAppSend via GMailSend via E-Mail,84,Houses_Islamabad,for_sale,2026-07-26,https://www.zameen.com/Property/bahria_enclave_bahria_enclave_-_sector_c1_10_marla_boulevard_house_for_sale_in_sector_c1_bahria_enclave_islamabad_5_bedrooms-54141430-11987-1.html
Reserve A House Of 20 Marla Now In DHA Defence Phase 2,PKR 9.8 Crore,98000000,6,6,1 Kanal,4500.0,21777,House,True,25,hot25Share on FacebookShare on TwitterShare on WhatsAppSend via GMailSend via E-Mail,84,Houses_Islamabad,for_sale,2026-07-26,https://www.zameen.com/Property/dha_defence_dha_defence_phase_2_reserve_a_house_of_20_marla_now_in_dha_defence_phase_2-46159472-339-1.html
Brand New 30x60 70 FEET Road Prime Location in G-13/3 House For Sale,PKR 6.5 Crore,65000000,6,7,8 Marla,1800.0,36111,House,False,25,hot25Share on FacebookShare on TwitterShare on WhatsAppSend via GMailSend via E-Mail,84,Houses_Islamabad,for_sale,2026-07-26,https://www.zameen.com/Property/g_13_g-13_3_brand_new_30x60_70_feet_road_prime_location_in_g-13_3_house_for_sale-54351872-3339-1.html
"40x80 Outstanding Luxury House for Sale in G-13, Islamabad",PKR 11.75 Crore,117500000,8,7,14 Marla,3150.0,37301,House,False,12,hot12Share on FacebookShare on TwitterShare on WhatsAppSend via GMailSend via E-Mail,84,Houses_Islamabad,for_sale,2026-07-26,https://www.zameen.com/Property/islamabad_g-13_40x80_outstanding_luxury_house_for_sale_in_g-13_islamabad-54363281-330-1.html
1 Kanal Solid Construction House For Sale In Sector C Bahria Enclave Islamabad,PKR 10.5 Crore,105000000,6,6,1 Kanal,4500.0,23333,House,False,10,hot10Share on FacebookShare on TwitterShare on WhatsAppSend via GMailSend via E-Mail,84,Houses_Islamabad,for_sale,2026-07-26,https://www.zameen.com/Property/bahria_enclave_bahria_enclave_-_sector_c_1_kanal_solid_construction_house_for_sale_in_sector_c_bahria_enclave_islamabad-54260127-11973-1.html
F7 Kanal House Available For Sale More Options Available,PKR 32 Crore,320000000,4,6,1.2 Kanal,5400.0,59259,House,False,9,hot9Share on FacebookShare on TwitterShare on WhatsAppSend via GMailSend via E-Mail,83,Houses_Islamabad,for_sale,2026-07-26,https://www.zameen.com/Property/islamabad_f-7_f7_kanal_house_available_for_sale_more_options_available-54470247-165-1.html
F7 House Available For Sale,PKR 95 Crore,950000000,10,6,3.6 Kanal,16200.0,58641,House,False,15,hot15Share on FacebookShare on TwitterShare on WhatsAppSend via GMailSend via E-Mail,84,Houses_Islamabad,for_sale,2026-07-26,https://www.zameen.com/Property/islamabad_f-7_f7_house_available_for_sale-54472733-165-1.html
House Available For Sale In DHA Defence Phase 7 Oleander B Sector,PKR 90 Lakh,9000000,2,2,5 Marla,1125.0,8000,House,False,12,12Share on FacebookShare on TwitterShare on WhatsAppSend via GMailSend via E-Mail,81,Houses_Islamabad,for_sale,2026-07-26,https://www.zameen.com/Property/dha_defence_dha_defence_phase_7_house_available_for_sale_in_dha_defence_phase_7_oleander_b_sector-54254527-22460-1.html
"Brand New 5 Marla House for Sale in Sector I, Bahria Enclave Islamabad | Investor Rate",PKR 2.25 Crore,22500000,3,4,5 Marla,1125.0,20000,House,False,15,15Share on FacebookShare on TwitterShare on WhatsAppSend via GMailSend via E-Mail,81,Houses_Islamabad,for_sale,2026-07-26,https://www.zameen.com/Property/bahria_town_bahria_enclave_brand_new_5_marla_house_for_sale_in_sector_i_bahria_enclave_islamabad_investor_rate-54494954-1705-1.html
"5 Marla Brand New Owner-Built Front Open House For Sale | Sector B2, Bahria Enclave Islamabad",PKR 3.3 Crore,33000000,3,4,5 Marla,1125.0,29333,House,False,10,10Share on FacebookShare on TwitterShare on WhatsAppSend via GMailSend via E-Mail,81,Houses_Islamabad,for_sale,2026-07-26,https://www.zameen.com/Property/bahria_enclave_bahria_enclave_-_sector_b2_5_marla_brand_new_owner-built_front_open_house_for_sale_sector_b2_bahria_enclave_islamabad-54435505-11971-1.html
"5 Marla Brand New House For Sale In Sector N, Bahria Enclave Islamabad",PKR 2.85 Crore,28500000,3,4,5 Marla,1125.0,25333,House,False,28,28Share on FacebookShare on TwitterShare on WhatsAppSend via GMailSend via E-Mail,81,Houses_Islamabad,for_sale,2026-07-26,https://www.zameen.com/Property/bahria_enclave_bahria_enclave_-_sector_n_5_marla_brand_new_house_for_sale_in_sector_n_bahria_enclave_islamabad-54388980-11975-1.html
Bahria Enclave Islambad Sector N 7 Marla Brand New Corner House Available For Sale,PKR 3.1 Crore,31000000,4,4,7 Marla,1575.0,19682,House,False,24,24Share on FacebookShare on TwitterShare on WhatsAppSend via GMailSend via E-Mail,81,Houses_Islamabad,for_sale,2026-07-26,https://www.zameen.com/Property/bahria_enclave_bahria_enclave_-_sector_n_bahria_enclave_islambad_sector_n_7_marla_brand_new_corner_house_available_for_sale-54411816-11975-1.html
30*50 Cda Transfer Top Location Near Double Road Old Construction House Available In G *9/4,PKR 5 Crore,50000000,4,4,6.7 Marla,1507.5,33167,House,False,10,10Share on FacebookShare on TwitterShare on WhatsAppSend via GMailSend via E-Mail,81,Houses_Islamabad,for_sale,2026-07-26,https://www.zameen.com/Property/g_9_g-9_4_30_50_cda_transfer_top_location_near_double_road_old_construction_house_available_in_g_9_4-53815970-3387-1.html
30*50 Cda Transfer Old Constitution House Available In G-9/4,PKR 5 Crore,50000000,3,3,6.7 Marla,1507.5,33167,House,False,13,13Share on FacebookShare on TwitterShare on WhatsAppSend via GMailSend via E-Mail,81,Houses_Islamabad,for_sale,2026-07-26,https://www.zameen.com/Property/g_9_g-9_4_30_50_cda_transfer_old_constitution_house_available_in_g-9_4-53815949-3387-1.html
House Of 3200 Square Feet For sale In G-14,PKR 8.25 Crore,82500000,7,,14.2 Marla,3195.0,25821,House,False,13,13VerifiedShare on FacebookShare on TwitterShare on WhatsAppSend via GMailSend via E-Mail,89,Houses_Islamabad,for_sale,2026-07-26,https://www.zameen.com/Property/islamabad_g-14_house_of_3200_square_feet_for_sale_in_g-14-54521873-454-1.html
Luxurious 6 Bedroom House For Sale In Prime Location,PKR 46 Crore,460000000,46,6,2 Kanal,9000.0,51111,House,True,8,super hot8VerifiedShare on FacebookShare on TwitterShare on WhatsAppSend via GMailSend via E-Mail,97,Houses_Islamabad,for_sale,2026-07-26,https://www.zameen.com/Property/islamabad_f-7_luxurious_6_bedroom_house_for_sale_in_prime_location-49981663-165-1.html
Brand New House Available For Sale In F7,PKR 48 Crore,480000000,6,6,1.3 Kanal,5850.0,82051,House,True,7,super hot7Share on FacebookShare on TwitterShare on WhatsAppSend via GMailSend via E-Mail,89,Houses_Islamabad,for_sale,2026-07-26,https://www.zameen.com/Property/islamabad_f-7_brand_new_house_available_for_sale_in_f7-52498240-165-1.html
Investor Price House Available For Sale F7,PKR 80 Crore,800000000,10,,4 Kanal,18000.0,44444,House,True,5,super hot5Share on FacebookShare on TwitterShare on WhatsAppSend via GMailSend via E-Mail,89,Houses_Islamabad,for_sale,2026-07-26,https://www.zameen.com/Property/f_7_f-7_3_investor_price_house_available_for_sale_f7-52573056-3309-1.html
Investor Price House Available For Sale In F7,PKR 28 Crore,280000000,5,5,1 Kanal,4500.0,62222,House,True,5,super hot5Share on FacebookShare on TwitterShare on WhatsAppSend via GMailSend via E-Mail,89,Houses_Islamabad,for_sale,2026-07-26,https://www.zameen.com/Property/islamabad_f-7_investor_price_house_available_for_sale_in_f7-54145651-165-1.html
Prime Location House For Sale,PKR 22.5 Crore,225000000,5,5,1 Kanal,4500.0,50000,House,True,6,super hot6Share on FacebookShare on TwitterShare on WhatsAppSend via GMailSend via E-Mail,89,Houses_Islamabad,for_sale,2026-07-26,https://www.zameen.com/Property/islamabad_f-8_prime_location_house_for_sale-49330922-166-1.html
1 Kanal Beautiful Designer House,PKR 26 Crore,260000000,5,6,1 Kanal,4500.0,57777,House,True,42,super hot42Share on FacebookShare on TwitterShare on WhatsAppSend via GMailSend via E-Mail,90,Houses_Islamabad,for_sale,2026-07-26,https://www.zameen.com/Property/islamabad_d-12_1_kanal_beautiful_designer_house-54157577-160-1.html
Stunning Luxury Residence for Sale in DHA Phase 2 islamabad,PKR 12.9 Crore,129000000,7,7,1 Kanal,4500.0,28666,House,True,22,super hot22Share on FacebookShare on TwitterShare on WhatsAppSend via GMailSend via E-Mail,90,Houses_Islamabad,for_sale,2026-07-26,https://www.zameen.com/Property/dha_defence_dha_defence_phase_2_stunning_luxury_residence_for_sale_in_dha_phase_2_islamabad-54329708-339-1.html
10 Marla ( 30*70 ) Grey Structure House + Margalla Face + Near To Double Road.,PKR 2.65 Crore,26500000,5,6,10 Marla,2250.0,11777,House,True,19,super hot191VerifiedShare on FacebookShare on TwitterShare on WhatsAppSend via GMailSend via E-Mail,99,Houses_Islamabad,for_sale,2026-07-26,https://www.zameen.com/Property/islamabad_d-17_10_marla_30_70_grey_structure_house_margalla_face_near_to_double_road-54324552-737-1.html
Brand new House For Sale in Multi Garden B17 islamabad Block E,PKR 3.8 Crore,38000000,4,5,8 Marla,1800.0,21111,House,True,28,super hot28Share on FacebookShare on TwitterShare on WhatsAppSend via GMailSend via E-Mail,90,Houses_Islamabad,for_sale,2026-07-26,https://www.zameen.com/Property/mpchs_multi_gardens_mpchs_-_block_e_brand_new_house_for_sale_in_multi_garden_b17_islamabad_block_e-54516638-3120-1.html
E-11/3 Brand New Modran Designer House For Sale,PKR 15.25 Crore,152500000,10,6,1 Kanal,4500.0,33888,House,True,24,super hot24Share on FacebookShare on TwitterShare on WhatsAppSend via GMailSend via E-Mail,90,Houses_Islamabad,for_sale,2026-07-26,https://www.zameen.com/Property/e_11_e-11_3_e-11_3_brand_new_modran_designer_house_for_sale-54398784-3238-1.html
5 Marla corner House In Only Rs. 27000000,PKR 2.7 Crore,27000000,3,4,5 Marla,1125.0,24000,House,True,18,hot181Share on FacebookShare on TwitterShare on WhatsAppSend via GMailSend via E-Mail,85,Houses_Islamabad,for_sale,2026-07-26,https://www.zameen.com/Property/mpchs_multi_gardens_mpchs_-_block_f_5_marla_corner_house_in_only_rs_27000000-53968923-8527-1.html
1800 Square Feet House For Sale In B-17,PKR 3.8 Crore,38000000,5,5,8 Marla,1800.0,21111,House,True,15,hot15Share on FacebookShare on TwitterShare on WhatsAppSend via GMailSend via E-Mail,84,Houses_Islamabad,for_sale,2026-07-26,https://www.zameen.com/Property/mpchs_multi_gardens_mpchs_-_block_e_1800_square_feet_house_for_sale_in_b-17-53968918-3120-1.html
6 Marla Brand Double Storey New House For Sale In I-14/4 Islamabad.,PKR 3.1 Crore,31000000,5,5,6 Marla,1350.0,22962,House,False,11,hot11Share on FacebookShare on TwitterShare on WhatsAppSend via GMailSend via E-Mail,84,Houses_Islamabad,for_sale,2026-07-26,https://www.zameen.com/Property/i_14_i-14_4_6_marla_brand_double_storey_new_house_for_sale_in_i-14_4_islamabad-54471795-8343-1.html
35 Marla House Is Available For Sale In DHA Defence Phase 5 Islamabad,PKR 22 Crore,220000000,6,6,1.7 Kanal,7650.0,28758,House,False,17,hot17Share on FacebookShare on TwitterShare on WhatsAppSend via GMailSend via E-Mail,84,Houses_Islamabad,for_sale,2026-07-26,https://www.zameen.com/Property/dha_defence_phase_5_dha_phase_5_-_sector_a_35_marla_house_is_available_for_sale_in_dha_defence_phase_5_islamabad-49169334-8400-1.html
Kanal Brand New House Available For Sale In Dha Phase 2 Islamabad,PKR 14.5 Crore,145000000,6,6,1 Kanal,4500.0,32222,House,False,35,hot35Share on FacebookShare on TwitterShare on WhatsAppSend via GMailSend via E-Mail,84,Houses_Islamabad,for_sale,2026-07-26,https://www.zameen.com/Property/dha_defence_phase_2_dha_phase_2_-_sector_c_kanal_brand_new_house_available_for_sale_in_dha_phase_2_islamabad-50884666-3198-1.html
Luxury Furnished House For Sale In DHA Phase 2 Islamabad,PKR 26 Crore,260000000,6,6,2 Kanal,9000.0,28888,House,False,23,hot23Share on FacebookShare on TwitterShare on WhatsAppSend via GMailSend via E-Mail,84,Houses_Islamabad,for_sale,2026-07-26,https://www.zameen.com/Property/dha_defence_phase_2_dha_phase_2_-_sector_g_luxury_furnished_house_for_sale_in_dha_phase_2_islamabad-51418947-3202-1.html
Kanal fully furnished corner house for sale in Dha phase 2 islamabad,PKR 16.9 Crore,169000000,5,6,1 Kanal,4500.0,37555,House,False,17,hot17Share on FacebookShare on TwitterShare on WhatsAppSend via GMailSend via E-Mail,84,Houses_Islamabad,for_sale,2026-07-26,https://www.zameen.com/Property/dha_defence_phase_2_dha_phase_2_-_sector_j_kanal_fully_furnished_corner_house_for_sale_in_dha_phase_2_islamabad-54394444-8399-1.html
30*50 Cda Transfer Top Location Big Street Latest Renovated House Available In G-9/4,PKR 6.25 Crore,62500000,4,4,6.7 Marla,1507.5,41459,House,False,13,13Share on FacebookShare on TwitterShare on WhatsAppSend via GMailSend via E-Mail,81,Houses_Islamabad,for_sale,2026-07-26,https://www.zameen.com/Property/g_9_g-9_4_30_50_cda_transfer_top_location_big_street_latest_renovated_house_available_in_g-9_4-53815896-3387-1.html
"G9/3, Beautiful Location House Pindi Face Available",PKR 6.75 Crore,67500000,5,5,6.7 Marla,1507.5,44776,House,False,8,8Share on FacebookShare on TwitterShare on WhatsAppSend via GMailSend via E-Mail,80,Houses_Islamabad,for_sale,2026-07-26,https://www.zameen.com/Property/g_9_g-9_3_g9_3_beautiful_location_house_pindi_face_available-52706540-3386-1.html
"G9/1,4080,Good Condition In Good Location House For Sale Investor Price",PKR 10.25 Crore,102500000,5,5,14 Marla,3150.0,32539,House,False,16,16Share on FacebookShare on TwitterShare on WhatsAppSend via GMailSend via E-Mail,81,Houses_Islamabad,for_sale,2026-07-26,https://www.zameen.com/Property/islamabad_g-9_g9_1_4080_good_condition_in_good_location_house_for_sale_investor_price-52647863-171-1.html
G-9/1 40*80 Brand New Corner Double Storey House For Sale,PKR 16.5 Crore,165000000,7,6,16 Marla,3600.0,45833,House,False,11,11Share on FacebookShare on TwitterShare on WhatsAppSend via GMailSend via E-Mail,81,Houses_Islamabad,for_sale,2026-07-26,https://www.zameen.com/Property/islamabad_g-9_g-9_1_40_80_brand_new_corner_double_storey_house_for_sale-52612147-171-1.html
G9/1 Big Street Livable Double Storey House Available For Sale,PKR 9.5 Crore,95000000,5,5,14 Marla,3150.0,30158,House,False,14,14Share on FacebookShare on TwitterShare on WhatsAppSend via GMailSend via E-Mail,81,Houses_Islamabad,for_sale,2026-07-26,https://www.zameen.com/Property/g_9_g-9_1_g9_1_big_street_livable_double_storey_house_available_for_sale-52536836-3384-1.html
"G9/1,4080,Brand New Corner Double Storey House For Sale",PKR 17 Crore,170000000,6,6,16 Marla,3600.0,47222,House,False,11,11Share on FacebookShare on TwitterShare on WhatsAppSend via GMailSend via E-Mail,81,Houses_Islamabad,for_sale,2026-07-26,https://www.zameen.com/Property/g_9_g-9_3_g9_1_4080_brand_new_corner_double_storey_house_for_sale-52505842-3386-1.html
"G9/1,4080,Top Location House Available",PKR 9.25 Crore,92500000,5,5,14.2 Marla,3195.0,28951,House,False,10,10Share on FacebookShare on TwitterShare on WhatsAppSend via GMailSend via E-Mail,81,Houses_Islamabad,for_sale,2026-07-26,https://www.zameen.com/Property/g_9_g-9_1_g9_1_4080_top_location_house_available-53814802-3384-1.html
30*50 Cda Transfer Top Location House Available In G-9/4 Near Metro Station Near Service Road,PKR 5.45 Crore,54500000,4,4,6.7 Marla,1507.5,36152,House,False,8,8Share on FacebookShare on TwitterShare on WhatsAppSend via GMailSend via E-Mail,80,Houses_Islamabad,for_sale,2026-07-26,https://www.zameen.com/Property/g_9_g-9_4_30_50_cda_transfer_top_location_house_available_in_g-9_4_near_metro_station_near_service_road-53815764-3387-1.html
House For Sale With Extra Land,PKR 26 Crore,260000000,6,6,1.3 Kanal,5850.0,44444,House,True,5,super hot5Share on FacebookShare on TwitterShare on WhatsAppSend via GMailSend via E-Mail,89,Houses_Islamabad,for_sale,2026-07-26,https://www.zameen.com/Property/islamabad_f-8_house_for_sale_with_extra_land-49330955-166-1.html
"Luxurious Mansion For Sale In F-8 Sector - Prime Location, Exclusive Features",PKR 65 Crore,650000000,8,6,4 Kanal,18000.0,36111,House,True,19,super hot19Share on FacebookShare on TwitterShare on WhatsAppSend via GMailSend via E-Mail,90,Houses_Islamabad,for_sale,2026-07-26,https://www.zameen.com/Property/islamabad_f-8_luxurious_mansion_for_sale_in_f-8_sector_-_prime_location_exclusive_features-49610246-166-1.html
Magnificent 10-Bed Residence In Prime F-8 Location - CDA Transfer,PKR 30 Crore,300000000,30,,2 Kanal,9000.0,33333,House,True,6,super hot6Share on FacebookShare on TwitterShare on WhatsAppSend via GMailSend via E-Mail,89,Houses_Islamabad,for_sale,2026-07-26,https://www.zameen.com/Property/islamabad_f-8_magnificent_10-bed_residence_in_prime_f-8_location_-_cda_transfer-49706464-166-1.html
Brand New House Available For Sale,PKR 40 Crore,400000000,9,,1 Kanal,4500.0,88888,House,True,13,super hot13Share on FacebookShare on TwitterShare on WhatsAppSend via GMailSend via E-Mail,90,Houses_Islamabad,for_sale,2026-07-26,https://www.zameen.com/Property/islamabad_f-8_brand_new_house_available_for_sale-53153128-166-1.html
"Spanish Design, Luxurious House For Sale",PKR 9.6 Crore,96000000,7,6,1 Kanal,4500.0,21333,House,True,12,super hot12Share on FacebookShare on TwitterShare on WhatsAppSend via GMailSend via E-Mail,90,Houses_Islamabad,for_sale,2026-07-26,https://www.zameen.com/Property/islamabad_top_city_1_spanish_design_luxurious_house_for_sale-54187432-1383-1.html
Like Brand New With Solar,PKR 7.25 Crore,72500000,5,7,10 Marla,2250.0,32222,House,True,24,super hot24Share on FacebookShare on TwitterShare on WhatsAppSend via GMailSend via E-Mail,90,Houses_Islamabad,for_sale,2026-07-26,https://www.zameen.com/Property/dha_defence_dha_defence_phase_2_like_brand_new_with_solar-54455187-339-1.html
Brand New 14 Marla Double Storey House for Sale in G-14/3 Islamabad | 7 Bed | Prime Location | Water Bore,PKR 7.25 Crore,72500000,7,6,14 Marla,3150.0,23015,House,True,22,super hot22Share on FacebookShare on TwitterShare on WhatsAppSend via GMailSend via E-Mail,90,Houses_Islamabad,for_sale,2026-07-26,https://www.zameen.com/Property/g_14_g-14_3_brand_new_14_marla_double_storey_house_for_sale_in_g-14_3_islamabad_7_bed_prime_location_water_bore-54518609-3345-1.html
Elegant & Elevated Furnished Brand New House For Sale,PKR 11.8 Crore,118000000,5,,1 Kanal,4500.0,26222,House,True,30,super hot30Share on FacebookShare on TwitterShare on WhatsAppSend via GMailSend via E-Mail,90,Houses_Islamabad,for_sale,2026-07-26,https://www.zameen.com/Property/dha_defence_dha_defence_phase_2_elegant_elevated_furnished_brand_new_house_for_sale-52701424-339-1.html
ELEGANT & BEAUTIFUL DOUBLE STOREY HOUSE FOR SALE,PKR 3.3 Crore,33000000,6,7,6.7 Marla,1507.5,21890,House,True,32,super hot321Share on FacebookShare on TwitterShare on WhatsAppSend via GMailSend via E-Mail,91,Houses_Islamabad,for_sale,2026-07-26,https://www.zameen.com/Property/islamabad_mumtaz_city_elegant_beautiful_double_storey_house_for_sale-54398094-3464-1.html
HOUSE AVAILABLE FOR SALE C-1 SIZE 9.5 MARLA IN MULTI GARDENS B-17 ISLAMABAD,PKR 5.5 Crore,55000000,4,6,9 Marla,2025.0,27160,House,True,21,super hot211VerifiedShare on FacebookShare on TwitterShare on WhatsAppSend via GMailSend via E-Mail,99,Houses_Islamabad,for_sale,2026-07-26,https://www.zameen.com/Property/islamabad_b-17_house_available_for_sale_c-1_size_9_5_marla_in_multi_gardens_b-17_islamabad-54477846-616-1.html
Gorgeous 1800 Square Feet House For Sale Available In MPCHS - Block E,PKR 4.1 Crore,41000000,4,6,8 Marla,1800.0,22777,House,True,11,hot11Share on FacebookShare on TwitterShare on WhatsAppSend via GMailSend via E-Mail,84,Houses_Islamabad,for_sale,2026-07-26,https://www.zameen.com/Property/mpchs_multi_gardens_mpchs_-_block_e_gorgeous_1800_square_feet_house_for_sale_available_in_mpchs_-_block_e-53979051-3120-1.html
5.5 Marla Ideal Location Solid Constructed House With 10Kv Solar,PKR 2.85 Crore,28500000,3,4,5.5 Marla,1237.5,23030,House,True,23,hot231Share on FacebookShare on TwitterShare on WhatsAppSend via GMailSend via E-Mail,85,Houses_Islamabad,for_sale,2026-07-26,https://www.zameen.com/Property/bahria_enclave_bahria_enclave_-_sector_b1_5_5_marla_ideal_location_solid_constructed_house_with_10kv_solar-54085778-11972-1.html
Kanal Brand New House Available For Sale In Dha Phase 2 Islamabad,PKR 11.5 Crore,115000000,6,6,1 Kanal,4500.0,25555,House,False,19,hot19Share on FacebookShare on TwitterShare on WhatsAppSend via GMailSend via E-Mail,84,Houses_Islamabad,for_sale,2026-07-26,https://www.zameen.com/Property/dha_defence_phase_2_dha_phase_2_-_sector_h_kanal_brand_new_house_available_for_sale_in_dha_phase_2_islamabad-54399079-3203-1.html
CORNER 8 MARLA BRAND NEW DESIGNER HOUSE FOR SALE,PKR 4.1 Crore,41000000,5,6,8 Marla,1800.0,22777,House,False,30,hot30Share on FacebookShare on TwitterShare on WhatsAppSend via GMailSend via E-Mail,84,Houses_Islamabad,for_sale,2026-07-26,https://www.zameen.com/Property/b_17_mpchs_-_multi_gardens_corner_8_marla_brand_new_designer_house_for_sale-54480621-3115-1.html
G 13 1 Size 25x40 4 Marla brand new house for sale beautiful location,PKR 4.3 Crore,43000000,4,5,4 Marla,900.0,47777,House,False,28,hot28Share on FacebookShare on TwitterShare on WhatsAppSend via GMailSend via E-Mail,84,Houses_Islamabad,for_sale,2026-07-26,https://www.zameen.com/Property/g_13_g-13_1_g_13_1_size_25x40_4_marla_brand_new_house_for_sale_beautiful_location-54327529-3337-1.html
Prime Location Ultra Modern House At DHA For Sale,PKR 11.65 Crore,116500000,5,7,1 Kanal,4500.0,25888,House,False,33,hot33Share on FacebookShare on TwitterShare on WhatsAppSend via GMailSend via E-Mail,84,Houses_Islamabad,for_sale,2026-07-26,https://www.zameen.com/Property/dha_defence_dha_defence_phase_2_prime_location_ultra_modern_house_at_dha_for_sale-54001062-339-1.html
10 Marla House Available For Sale In Dha Phase 2,PKR 6.3 Crore,63000000,5,6,10 Marla,2250.0,28000,House,False,6,hot6Share on FacebookShare on TwitterShare on WhatsAppSend via GMailSend via E-Mail,83,Houses_Islamabad,for_sale,2026-07-26,https://www.zameen.com/Property/dha_defence_dha_defence_phase_2_10_marla_house_available_for_sale_in_dha_phase_2-48625457-339-1.html
30*50 Cda Transfer Top Location Corner House Available In G-9/4,PKR 6 Crore,60000000,4,4,6.7 Marla,1507.5,39800,House,False,17,17Share on FacebookShare on TwitterShare on WhatsAppSend via GMailSend via E-Mail,81,Houses_Islamabad,for_sale,2026-07-26,https://www.zameen.com/Property/g_9_g-9_4_30_50_cda_transfer_top_location_corner_house_available_in_g-9_4-53815809-3387-1.html
30*50 Cda Transfer Top Location Brand New House Available In G-9/4 Near Big Park Near Mosque And Market,PKR 7.75 Crore,77500000,5,5,6.7 Marla,1507.5,51409,House,False,19,19Share on FacebookShare on TwitterShare on WhatsAppSend via GMailSend via E-Mail,81,Houses_Islamabad,for_sale,2026-07-26,https://www.zameen.com/Property/g_9_g-9_4_30_50_cda_transfer_top_location_brand_new_house_available_in_g-9_4_near_big_park_near_mosque_and_market-53815872-3387-1.html
House for sale in sector i-11/2 Islamabad,PKR 3.2 Crore,32000000,4,4,4.5 Marla,1012.5,31604,House,False,9,9Share on FacebookShare on TwitterShare on WhatsAppSend via GMailSend via E-Mail,80,Houses_Islamabad,for_sale,2026-07-26,https://www.zameen.com/Property/i_11_i-11_2_house_for_sale_in_sector_i-11_2_islamabad-54521869-9879-1.html
G 10/4 35x70 House For Sale,PKR 7.75 Crore,77500000,5,5,10 Marla,2250.0,34444,House,False,7,7Share on FacebookShare on TwitterShare on WhatsAppSend via GMailSend via E-Mail,80,Houses_Islamabad,for_sale,2026-07-26,https://www.zameen.com/Property/g_10_g-10_4_g_10_4_35x70_house_for_sale-54254226-3327-1.html
G 9/4 35x70 House With Extra Land For Sale,PKR 7.8 Crore,78000000,5,5,10 Marla,2250.0,34666,House,False,8,8Share on FacebookShare on TwitterShare on WhatsAppSend via GMailSend via E-Mail,80,Houses_Islamabad,for_sale,2026-07-26,https://www.zameen.com/Property/islamabad_g-9_g_9_4_35x70_house_with_extra_land_for_sale-54206059-171-1.html
14 Marla Corner House Available For Sale In G-13 Islamabad,PKR 11.75 Crore,117500000,7,7,14 Marla,3150.0,37301,House,False,13,13Share on FacebookShare on TwitterShare on WhatsAppSend via GMailSend via E-Mail,81,Houses_Islamabad,for_sale,2026-07-26,https://www.zameen.com/Property/islamabad_g-13_14_marla_corner_house_available_for_sale_in_g-13_islamabad-54461985-330-1.html
30*60 8 Marla Brandnew Solid Construction House For Sale In G-13 Islamabad,PKR 6.85 Crore,68500000,6,7,8 Marla,1800.0,38055,House,False,23,23Share on FacebookShare on TwitterShare on WhatsAppSend via GMailSend via E-Mail,81,Houses_Islamabad,for_sale,2026-07-26,https://www.zameen.com/Property/g_13_g-13_3_30_60_8_marla_brandnew_solid_construction_house_for_sale_in_g-13_islamabad-54489038-3339-1.html
House Is Available For Sale,PKR 4.35 Crore,43500000,4,4,4 Marla,900.0,48333,House,False,10,10VerifiedShare on FacebookShare on TwitterShare on WhatsAppSend via GMailSend via E-Mail,89,Houses_Islamabad,for_sale,2026-07-26,https://www.zameen.com/Property/islamabad_d-12_house_is_available_for_sale-54228040-160-1.html
Get In Touch Now To Buy A 5 Marla House In Faisal Margalla City Islamabad,PKR 2.7 Crore,27000000,,,5 Marla,1125.0,24000,House,True,34,super hot34VerifiedShare on FacebookShare on TwitterShare on WhatsAppSend via GMailSend via E-Mail,98,Houses_Islamabad,for_sale,2026-07-26,https://www.zameen.com/Property/b_17_faisal_margalla_city_get_in_touch_now_to_buy_a_5_marla_house_in_faisal_margalla_city_islamabad-54315665-13424-1.html
10 Marla House In Top City 1 Is Available For Sale,PKR 6.1 Crore,61000000,5,5,10 Marla,2250.0,27111,House,True,20,super hot20Share on FacebookShare on TwitterShare on WhatsAppSend via GMailSend via E-Mail,90,Houses_Islamabad,for_sale,2026-07-26,https://www.zameen.com/Property/islamabad_top_city_1_10_marla_house_in_top_city_1_is_available_for_sale-54416158-1383-1.html
1 Kanal Slightly Used Beautiful Designer House Up For Sale In Dha2 Islamabad,PKR 10.45 Crore,104500000,6,6,1 Kanal,4500.0,23222,House,True,30,super hot30Share on FacebookShare on TwitterShare on WhatsAppSend via GMailSend via E-Mail,90,Houses_Islamabad,for_sale,2026-07-26,https://www.zameen.com/Property/dha_defence_dha_defence_phase_2_1_kanal_slightly_used_beautiful_designer_house_up_for_sale_in_dha2_islamabad-54451607-339-1.html
New House With Basement For Sale,PKR 28 Crore,280000000,9,6,1.2 Kanal,5400.0,51851,House,True,22,super hot22Share on FacebookShare on TwitterShare on WhatsAppSend via GMailSend via E-Mail,90,Houses_Islamabad,for_sale,2026-07-26,https://www.zameen.com/Property/i_8_i-8_2_new_house_with_basement_for_sale-54365410-3442-1.html
Brand New Designer House For Sale In Sector C1 A+ Construction Best Location For Living Bahria Enclave Islamabad,PKR 5.6 Crore,56000000,,,10 Marla,2250.0,24888,House,True,50,super hot50Share on FacebookShare on TwitterShare on WhatsAppSend via GMailSend via E-Mail,90,Houses_Islamabad,for_sale,2026-07-26,https://www.zameen.com/Property/bahria_enclave_bahria_enclave_-_sector_c1_brand_new_designer_house_for_sale_in_sector_c1_a_construction_best_location_for_living_bahria_enclave_islamabad-54299896-11987-1.html
9 Marla Luxury Spanish Design House For Sale In Bani Gala All Facilities Are Available.,PKR 2.8 Crore,28000000,3,4,9 Marla,2025.0,13827,House,True,14,super hot14Share on FacebookShare on TwitterShare on WhatsAppSend via GMailSend via E-Mail,90,Houses_Islamabad,for_sale,2026-07-26,https://www.zameen.com/Property/islamabad_bani_gala_9_marla_luxury_spanish_design_house_for_sale_in_bani_gala_all_facilities_are_available-54410604-340-1.html
9 Marla Semi Double Story House,PKR 2.8 Crore,28000000,4,5,9 Marla,2025.0,13827,House,True,15,super hot15Share on FacebookShare on TwitterShare on WhatsAppSend via GMailSend via E-Mail,90,Houses_Islamabad,for_sale,2026-07-26,https://www.zameen.com/Property/islamabad_bani_gala_9_marla_semi_double_story_house-54518147-340-1.html
Kanal Solid Used House with Basement | 7 Bedrooms | Prime Location | DHA Phase 2 Islamabad,PKR 8.6 Crore,86000000,8,6,1 Kanal,4500.0,19111,House,True,30,super hot30Share on FacebookShare on TwitterShare on WhatsAppSend via GMailSend via E-Mail,90,Houses_Islamabad,for_sale,2026-07-26,https://www.zameen.com/Property/dha_defence_dha_defence_phase_2_kanal_solid_used_house_with_basement_7_bedrooms_prime_location_dha_phase_2_islamabad-54516944-339-1.html
A 2200 Square Feet House Has Landed On Market In G-6,PKR 8.25 Crore,82500000,5,5,9.8 Marla,2205.0,37414,House,True,16,super hot161Share on FacebookShare on TwitterShare on WhatsAppSend via GMailSend via E-Mail,91,Houses_Islamabad,for_sale,2026-07-26,https://www.zameen.com/Property/islamabad_g-6_a_2200_square_feet_house_has_landed_on_market_in_g-6-52142556-169-1.html
Fully Furnished Luxury House For Sale | DHA Phase 2 Islamabad,PKR 16.5 Crore,165000000,5,,1 Kanal,4500.0,36666,House,True,34,super hot34Share on FacebookShare on TwitterShare on WhatsAppSend via GMailSend via E-Mail,90,Houses_Islamabad,for_sale,2026-07-26,https://www.zameen.com/Property/dha_defence_dha_defence_phase_2_fully_furnished_luxury_house_for_sale_dha_phase_2_islamabad-54452064-339-1.html
5 Marla Ideal Location Solid Constructed House With Back Open Lawn Space Up For Sale,PKR 2.84 Crore,28400000,3,4,5 Marla,1125.0,25244,House,True,50,hot50Share on FacebookShare on TwitterShare on WhatsAppSend via GMailSend via E-Mail,84,Houses_Islamabad,for_sale,2026-07-26,https://www.zameen.com/Property/bahria_enclave_bahria_enclave_-_sector_b1_5_marla_ideal_location_solid_constructed_house_with_back_open_lawn_space_up_for_sale-54311753-11972-1.html
Beautiful 5 Marla House Available For Sale,PKR 2.85 Crore,28500000,4,5,5 Marla,1125.0,25333,House,True,21,hot21Share on FacebookShare on TwitterShare on WhatsAppSend via GMailSend via E-Mail,84,Houses_Islamabad,for_sale,2026-07-26,https://www.zameen.com/Property/bahria_enclave_bahria_enclave_-_sector_h_beautiful_5_marla_house_available_for_sale-54180928-11983-1.html
Beautiful Owner Made House For Sale,PKR 1.95 Crore,19500000,5,7,5 Marla,1125.0,17333,House,False,15,hot15Share on FacebookShare on TwitterShare on WhatsAppSend via GMailSend via E-Mail,84,Houses_Islamabad,for_sale,2026-07-26,https://www.zameen.com/Property/islamabad_koral_chowk_beautiful_owner_made_house_for_sale-53973525-10701-1.html
Bahria Enclave Islamabad 5 Marla House For Sale,PKR 2.6 Crore,26000000,4,5,5 Marla,1125.0,23111,House,False,22,hot22Share on FacebookShare on TwitterShare on WhatsAppSend via GMailSend via E-Mail,84,Houses_Islamabad,for_sale,2026-07-26,https://www.zameen.com/Property/bahria_town_bahria_enclave_bahria_enclave_islamabad_5_marla_house_for_sale-54500922-1705-1.html
"Brand New 10 Marla Double Unit House for Sale Sector C2, Bahria Enclave Islamabad",PKR 5.6 Crore,56000000,5,6,10 Marla,2250.0,24888,House,False,30,hot30Share on FacebookShare on TwitterShare on WhatsAppSend via GMailSend via E-Mail,84,Houses_Islamabad,for_sale,2026-07-26,https://www.zameen.com/Property/bahria_enclave_bahria_enclave_-_sector_c2_brand_new_10_marla_double_unit_house_for_sale_sector_c2_bahria_enclave_islamabad-54405421-11988-1.html
1 Kanal House Available For Sale In Dha Phase 2,PKR 8.5 Crore,85000000,6,6,1 Kanal,4500.0,18888,House,False,6,hot6Share on FacebookShare on TwitterShare on WhatsAppSend via GMailSend via E-Mail,83,Houses_Islamabad,for_sale,2026-07-26,https://www.zameen.com/Property/dha_defence_dha_defence_phase_2_1_kanal_house_available_for_sale_in_dha_phase_2-54100049-339-1.html
30x60 (8 Marla) Brand New Double Heighted House Available For Sale In MPCHS Multi Garden B17 Islamabad,PKR 3.9 Crore,39000000,5,6,8 Marla,1800.0,21666,House,False,26,hot26Share on FacebookShare on TwitterShare on WhatsAppSend via GMailSend via E-Mail,84,Houses_Islamabad,for_sale,2026-07-26,https://www.zameen.com/Property/b_17_mpchs_-_multi_gardens_30x60_8_marla_brand_new_double_heighted_house_available_for_sale_in_mpchs_multi_garden_b17_islamabad-54418693-3115-1.html
Corner Brand New Designer  House For Sale,PKR 2.8 Crore,28000000,4,5,5 Marla,1125.0,24888,House,False,9,9VerifiedShare on FacebookShare on TwitterShare on WhatsAppSend via GMailSend via E-Mail,88,Houses_Islamabad,for_sale,2026-07-26,https://www.zameen.com/Property/islamabad_b-17_corner_brand_new_designer_house_for_sale-54228041-616-1.html
Brand New House For Sale,PKR 9.5 Crore,95000000,6,6,8 Marla,1800.0,52777,House,False,21,21VerifiedShare on FacebookShare on TwitterShare on WhatsAppSend via GMailSend via E-Mail,89,Houses_Islamabad,for_sale,2026-07-26,https://www.zameen.com/Property/d_12_d-12_3_brand_new_house_for_sale-54228046-3156-1.html
Brand New House For Sale,PKR 2.45 Crore,24500000,4,5,5 Marla,1125.0,21777,House,False,12,12Share on FacebookShare on TwitterShare on WhatsAppSend via GMailSend via E-Mail,81,Houses_Islamabad,for_sale,2026-07-26,https://www.zameen.com/Property/islamabad_b-17_brand_new_house_for_sale-54228049-616-1.html
New House For Sale In B-17,PKR 4.75 Crore,47500000,6,6,10 Marla,2250.0,21111,House,False,12,12VerifiedShare on FacebookShare on TwitterShare on WhatsAppSend via GMailSend via E-Mail,89,Houses_Islamabad,for_sale,2026-07-26,https://www.zameen.com/Property/islamabad_b-17_new_house_for_sale_in_b-17-54228050-616-1.html
Double Storey House For Sale,PKR 3 Crore,30000000,4,5,7 Marla,1575.0,19047,House,False,17,17Share on FacebookShare on TwitterShare on WhatsAppSend via GMailSend via E-Mail,81,Houses_Islamabad,for_sale,2026-07-26,https://www.zameen.com/Property/islamabad_shah_allah_ditta_double_storey_house_for_sale-54421021-8424-1.html
Brand New 9.5 Marla House Available For Sale In B-17 Block C1,PKR 5.2 Crore,52000000,5,5,9.5 Marla,2137.5,24327,House,True,11,111Share on FacebookShare on TwitterShare on WhatsAppSend via GMailSend via E-Mail,82,Houses_Islamabad,for_sale,2026-07-26,https://www.zameen.com/Property/mpchs_multi_gardens_mpchs_-_block_c1_brand_new_9_5_marla_house_available_for_sale_in_b-17_block_c1-53960122-12607-1.html
12 Marla Brand New Designer House For Sale In B-17 E Block 5.75 Crore,PKR 5.75 Crore,57500000,6,6,12 Marla,2700.0,21296,House,True,11,11Share on FacebookShare on TwitterShare on WhatsAppSend via GMailSend via E-Mail,81,Houses_Islamabad,for_sale,2026-07-26,https://www.zameen.com/Property/islamabad_b-17_12_marla_brand_new_designer_house_for_sale_in_b-17_e_block_5_75_crore-53973038-616-1.html
14 Marla Double Highted 3 Side Corner For Sale Block C,PKR 7.5 Crore,75000000,6,7,14 Marla,3150.0,23809,House,True,8,8Share on FacebookShare on TwitterShare on WhatsAppSend via GMailSend via E-Mail,80,Houses_Islamabad,for_sale,2026-07-26,https://www.zameen.com/Property/mpchs_multi_gardens_mpchs_-_block_c_14_marla_double_highted_3_side_corner_for_sale_block_c-53962029-3118-1.html
House For Sale in Sector M Main Aveune Open Murree View Side Open 10 Marla Green Patch 5 Bed A+ Quality House In Bahria Enclave Islamabad,PKR 5.5 Crore,55000000,5,6,10 Marla,2250.0,24444,House,True,49,super hot49Share on FacebookShare on TwitterShare on WhatsAppSend via GMailSend via E-Mail,90,Houses_Islamabad,for_sale,2026-07-26,https://www.zameen.com/Property/bahria_enclave_bahria_enclave_-_sector_m_house_for_sale_in_sector_m_main_aveune_open_murree_view_side_open_10_marla_green_patch_5_bed_a_quality_house_in_bahria_enclave_islamabad-54299081-11977-1.html
"4.44 Marla Single Unit House for Sale | Investor Rate | CDA Sector D-12/1, Islamabad",PKR 4.25 Crore,42500000,4,4,4.4 Marla,990.0000000000001,42929,House,True,19,super hot19Share on FacebookShare on TwitterShare on WhatsAppSend via GMailSend via E-Mail,90,Houses_Islamabad,for_sale,2026-07-26,https://www.zameen.com/Property/d_12_d-12_1_4_44_marla_single_unit_house_for_sale_investor_rate_cda_sector_d-12_1_islamabad-54514609-3154-1.html
"BRAND NEW!! 10 Marla Luxurious House Avialable For Sale, In Block-D, TopCity-1, Islamabad",PKR 4.5 Crore,45000000,4,6,10.1 Marla,2272.5,19801,House,True,30,super hot30Share on FacebookShare on TwitterShare on WhatsAppSend via GMailSend via E-Mail,90,Houses_Islamabad,for_sale,2026-07-26,https://www.zameen.com/Property/top_city_1_top_city_1_-_block_a_brand_new_10_marla_luxurious_house_avialable_for_sale_in_block-d_topcity-1_islamabad-54516922-9231-1.html
Rare Park Facing Two Kanal Property at Investor Rate,PKR 44 Crore,440000000,6,7,2 Kanal,9000.0,48888,House,True,11,super hot11Share on FacebookShare on TwitterShare on WhatsAppSend via GMailSend via E-Mail,90,Houses_Islamabad,for_sale,2026-07-26,https://www.zameen.com/Property/islamabad_f-8_rare_park_facing_two_kanal_property_at_investor_rate-54500963-166-1.html
Swimming Pool Sauna Steam Brand New House Is For SALE,PKR 43.5 Crore,435000000,6,7,17.8 Marla,4005.0,108614,House,True,34,super hot34Share on FacebookShare on TwitterShare on WhatsAppSend via GMailSend via E-Mail,90,Houses_Islamabad,for_sale,2026-07-26,https://www.zameen.com/Property/islamabad_f-8_swimming_pool_sauna_steam_brand_new_house_is_for_sale-54503670-166-1.html
"Modern 1 Kanal House for Sale | DHA Phase 2, Islamabad",PKR 14.5 Crore,145000000,5,6,1 Kanal,4500.0,32222,House,True,34,super hot34Share on FacebookShare on TwitterShare on WhatsAppSend via GMailSend via E-Mail,90,Houses_Islamabad,for_sale,2026-07-26,https://www.zameen.com/Property/dha_defence_dha_defence_phase_2_modern_1_kanal_house_for_sale_dha_phase_2_islamabad-54419284-339-1.html
10 Marla Single Unit House For Sale In DHA 2 Islamabad On Double Road . Second To Corner . It Will Be Ready In 15-20 Days .  Excellent And Beautiful House,PKR 8.25 Crore,82500000,5,6,10 Marla,2250.0,36666,House,True,22,super hot22Share on FacebookShare on TwitterShare on WhatsAppSend via GMailSend via E-Mail,90,Houses_Islamabad,for_sale,2026-07-26,https://www.zameen.com/Property/dha_defence_phase_2_dha_phase_2_-_sector_e_10_marla_single_unit_house_for_sale_in_dha_2_islamabad_on_double_road_second_to_corner_it_will_be_ready_in_15-20_days_excellent_and_beautiful_house-54069877-3200-1.html
"1 Kanal Double Unit House For Sale At DHA Phase II , Islamabad",PKR 11.95 Crore,119500000,5,7,1 Kanal,4500.0,26555,House,True,23,super hot23Share on FacebookShare on TwitterShare on WhatsAppSend via GMailSend via E-Mail,90,Houses_Islamabad,for_sale,2026-07-26,https://www.zameen.com/Property/dha_defence_dha_defence_phase_2_1_kanal_double_unit_house_for_sale_at_dha_phase_ii_islamabad-54001021-339-1.html
5 Marla Brand New Double Unit House For Sale Faisal Margalla City (FMC) Islamabad,PKR 2.8 Crore,28000000,5,6,5 Marla,1125.0,24888,House,True,34,super hot341VerifiedShare on FacebookShare on TwitterShare on WhatsAppSend via GMailSend via E-Mail,99,Houses_Islamabad,for_sale,2026-07-26,https://www.zameen.com/Property/b_17_faisal_margalla_city_5_marla_brand_new_double_unit_house_for_sale_faisal_margalla_city_fmc_islamabad-53796222-13424-1.html
10 Marla ( 30*70 ) Designer House Double Unit House Available For Sale In Margalla View Co-Operative Housing Society MVCHS D-17 Sector A D-17 Islamabad,PKR 4.25 Crore,42500000,5,6,9.3 Marla,2092.5,20310,House,True,29,super hot291VerifiedShare on FacebookShare on TwitterShare on WhatsAppSend via GMailSend via E-Mail,99,Houses_Islamabad,for_sale,2026-07-26,https://www.zameen.com/Property/islamabad_d-17_10_marla_30_70_designer_house_double_unit_house_available_for_sale_in_margalla_view_co-operative_housing_society_mvchs_d-17_sector_a_d-17_islamabad-54415780-737-1.html
Fully Furnished 1 Kanal Stylish House For Sale In DHA Phase 2 Islamabad,PKR 16 Crore,160000000,5,6,1 Kanal,4500.0,35555,House,True,14,hot14Share on FacebookShare on TwitterShare on WhatsAppSend via GMailSend via E-Mail,84,Houses_Islamabad,for_sale,2026-07-26,https://www.zameen.com/Property/dha_defence_dha_defence_phase_2_fully_furnished_1_kanal_stylish_house_for_sale_in_dha_phase_2_islamabad-54495231-339-1.html
1 Kanal Designer House For Sale Near To Central Park In DHA Phase 2 Islamabad,PKR 13.8 Crore,138000000,5,6,1 Kanal,4500.0,30666,House,True,34,hot34Share on FacebookShare on TwitterShare on WhatsAppSend via GMailSend via E-Mail,84,Houses_Islamabad,for_sale,2026-07-26,https://www.zameen.com/Property/dha_defence_dha_defence_phase_2_1_kanal_designer_house_for_sale_near_to_central_park_in_dha_phase_2_islamabad-54479443-339-1.html
"Brand New 8 Marla Modern House for Sale in Block C-1, MPCHS B-17 Islamabad",PKR 4.25 Crore,42500000,4,6,8 Marla,1800.0,23611,House,False,7,hot7Share on FacebookShare on TwitterShare on WhatsAppSend via GMailSend via E-Mail,83,Houses_Islamabad,for_sale,2026-07-26,https://www.zameen.com/Property/mpchs_multi_gardens_mpchs_-_block_c1_brand_new_8_marla_modern_house_for_sale_in_block_c-1_mpchs_b-17_islamabad-54505285-12607-1.html
"5 Marla Prime Corner House with Extra Land For Sale in F Block, MPCHS B-17",PKR 2.8 Crore,28000000,4,5,5 Marla,1125.0,24888,House,False,13,hot13Share on FacebookShare on TwitterShare on WhatsAppSend via GMailSend via E-Mail,84,Houses_Islamabad,for_sale,2026-07-26,https://www.zameen.com/Property/mpchs_multi_gardens_mpchs_-_block_f_5_marla_prime_corner_house_with_extra_land_for_sale_in_f_block_mpchs_b-17-54517707-8527-1.html
"Brand New 5 Marla Modern House For Sale in F Block, MPCHS B-17",PKR 2.6 Crore,26000000,3,4,5 Marla,1125.0,23111,House,False,11,hot11Share on FacebookShare on TwitterShare on WhatsAppSend via GMailSend via E-Mail,84,Houses_Islamabad,for_sale,2026-07-26,https://www.zameen.com/Property/mpchs_multi_gardens_mpchs_-_block_f_brand_new_5_marla_modern_house_for_sale_in_f_block_mpchs_b-17-54517696-8527-1.html
Brand New Designer House For Sale In B-17 Multi Garden Islamabad,PKR 3.5 Crore,35000000,4,4,8 Marla,1800.0,19444,House,False,6,hot6Share on FacebookShare on TwitterShare on WhatsAppSend via GMailSend via E-Mail,83,Houses_Islamabad,for_sale,2026-07-26,https://www.zameen.com/Property/islamabad_b-17_brand_new_designer_house_for_sale_in_b-17_multi_garden_islamabad-54447025-616-1.html
Topcity 10 Marla House For Sale,PKR 4.1 Crore,41000000,5,6,10 Marla,2250.0,18222,House,False,8,hot8Share on FacebookShare on TwitterShare on WhatsAppSend via GMailSend via E-Mail,83,Houses_Islamabad,for_sale,2026-07-26,https://www.zameen.com/Property/islamabad_top_city_1_topcity_10_marla_house_for_sale-54315956-1383-1.html
8 Marla Brand New House For Sale In Block E B-17,PKR 3 Crore,30000000,5,6,8 Marla,1800.0,16666,House,True,10,10Share on FacebookShare on TwitterShare on WhatsAppSend via GMailSend via E-Mail,81,Houses_Islamabad,for_sale,2026-07-26,https://www.zameen.com/Property/mpchs_multi_gardens_mpchs_-_block_e_8_marla_brand_new_house_for_sale_in_block_e_b-17-53961990-3120-1.html
5 Marla Brand New House For Sale In Block F,PKR 2.5 Crore,25000000,4,4,5 Marla,1125.0,22222,House,True,15,15Share on FacebookShare on TwitterShare on WhatsAppSend via GMailSend via E-Mail,81,Houses_Islamabad,for_sale,2026-07-26,https://www.zameen.com/Property/mpchs_multi_gardens_mpchs_-_block_f_5_marla_brand_new_house_for_sale_in_block_f-53960228-8527-1.html
Kanal Brand New House Available For Sale In Pwd,PKR 9 Crore,90000000,7,6,1 Kanal,4500.0,20000,House,False,20,20Share on FacebookShare on TwitterShare on WhatsAppSend via GMailSend via E-Mail,81,Houses_Islamabad,for_sale,2026-07-26,https://www.zameen.com/Property/islamabad_pwd_housing_scheme_kanal_brand_new_house_available_for_sale_in_pwd-54112252-424-1.html
10 Marla Double Storey House Available For Sale In Pakistan Town Phase 1 Owner Built,PKR 4 Crore,40000000,6,6,10.9 Marla,2452.5,16309,House,False,34,34Share on FacebookShare on TwitterShare on WhatsAppSend via GMailSend via E-Mail,81,Houses_Islamabad,for_sale,2026-07-26,https://www.zameen.com/Property/pakistan_town_pakistan_town_-_phase_1_10_marla_double_storey_house_available_for_sale_in_pakistan_town_phase_1_owner_built-54143901-14998-1.html
14 Marla Double Storey House Available For Sale In Pwd Housing Society,PKR 5.5 Crore,55000000,6,6,14 Marla,3150.0,17460,House,False,12,12Share on FacebookShare on TwitterShare on WhatsAppSend via GMailSend via E-Mail,81,Houses_Islamabad,for_sale,2026-07-26,https://www.zameen.com/Property/pwd_housing_scheme_pwd_housing_society_-_block_b_14_marla_double_storey_house_available_for_sale_in_pwd_housing_society-54220474-15003-1.html
You Can Find A Gorgeous House For Sale In Top City 1 - Block A,PKR 4.5 Crore,45000000,5,6,10 Marla,2250.0,20000,House,True,30,30VerifiedShare on FacebookShare on TwitterShare on WhatsAppSend via GMailSend via E-Mail,89,Houses_Islamabad,for_sale,2026-07-26,https://www.zameen.com/Property/top_city_1_top_city_1_-_block_a_you_can_find_a_gorgeous_house_for_sale_in_top_city_1_-_block_a-53753330-9231-1.html
House Of 10 Marla Available For sale In Top City 1,PKR 5.15 Crore,51500000,5,6,10 Marla,2250.0,22888,House,True,26,26VerifiedShare on FacebookShare on TwitterShare on WhatsAppSend via GMailSend via E-Mail,89,Houses_Islamabad,for_sale,2026-07-26,https://www.zameen.com/Property/islamabad_top_city_1_house_of_10_marla_available_for_sale_in_top_city_1-53681286-1383-1.html
Prime Location House Is For Sale,PKR 5.35 Crore,53500000,5,6,10 Marla,2250.0,23777,House,True,15,15VerifiedShare on FacebookShare on TwitterShare on WhatsAppSend via GMailSend via E-Mail,89,Houses_Islamabad,for_sale,2026-07-26,https://www.zameen.com/Property/islamabad_top_city_1_prime_location_house_is_for_sale-53103301-1383-1.html
1 Kanal (50x90) Ultra Luxury Designer Corner House For sale in Block C Mpchs Multi Garden B-17 Islamabad,PKR 10.5 Crore,105000000,6,6,1 Kanal,4500.0,23333,House,True,49,super hot49Share on FacebookShare on TwitterShare on WhatsAppSend via GMailSend via E-Mail,90,Houses_Islamabad,for_sale,2026-07-26,https://www.zameen.com/Property/mpchs_multi_gardens_mpchs_-_block_c_1_kanal_50x90_ultra_luxury_designer_corner_house_for_sale_in_block_c_mpchs_multi_garden_b-17_islamabad-54194131-3118-1.html
Corner 1 Kanal Elegant Design House Near Family Bee Park,PKR 13.25 Crore,132500000,6,7,1 Kanal,4500.0,29444,House,True,14,super hot14Share on FacebookShare on TwitterShare on WhatsAppSend via GMailSend via E-Mail,90,Houses_Islamabad,for_sale,2026-07-26,https://www.zameen.com/Property/dha_defence_dha_defence_phase_2_corner_1_kanal_elegant_design_house_near_family_bee_park-54421231-339-1.html
Corner 10 Marla House For Sale In Top City 1 - Block D Islamabad,PKR 6.4 Crore,64000000,4,4,10 Marla,2250.0,28444,House,True,17,super hot171VerifiedShare on FacebookShare on TwitterShare on WhatsAppSend via GMailSend via E-Mail,99,Houses_Islamabad,for_sale,2026-07-26,https://www.zameen.com/Property/top_city_1_top_city_1_-_block_d_corner_10_marla_house_for_sale_in_top_city_1_-_block_d_islamabad-54510777-9233-1.html
Buying A Prime Location House In Top City 1 - Block D,PKR 5.95 Crore,59500000,4,4,10 Marla,2250.0,26444,House,True,27,super hot271VerifiedShare on FacebookShare on TwitterShare on WhatsAppSend via GMailSend via E-Mail,99,Houses_Islamabad,for_sale,2026-07-26,https://www.zameen.com/Property/top_city_1_top_city_1_-_block_d_buying_a_prime_location_house_in_top_city_1_-_block_d-54510776-9233-1.html
Get A 10 Marla House For sale In Top City 1 - Block A,PKR 5.5 Crore,55000000,5,5,10 Marla,2250.0,24444,House,True,17,super hot171VerifiedShare on FacebookShare on TwitterShare on WhatsAppSend via GMailSend via E-Mail,99,Houses_Islamabad,for_sale,2026-07-26,https://www.zameen.com/Property/top_city_1_top_city_1_-_block_a_get_a_10_marla_house_for_sale_in_top_city_1_-_block_a-54510821-9231-1.html
2100 Sq Ft Brand New ( 30*70 ) Double Unit House. Available For Sale In Margalla View Co-Operative Housing Society. MVCHS D-17 Islamabad.,PKR 4.1 Crore,41000000,5,6,9.3 Marla,2092.5,19593,House,True,25,super hot251VerifiedShare on FacebookShare on TwitterShare on WhatsAppSend via GMailSend via E-Mail,99,Houses_Islamabad,for_sale,2026-07-26,https://www.zameen.com/Property/islamabad_d-17_2100_sq_ft_brand_new_30_70_double_unit_house_available_for_sale_in_margalla_view_co-operative_housing_society_mvchs_d-17_islamabad-54480421-737-1.html
2100 Sq Ft House Available For Sale In D-17 Islamabad.,PKR 3.75 Crore,37500000,4,4,9.3 Marla,2092.5,17921,House,True,8,super hot8Share on FacebookShare on TwitterShare on WhatsAppSend via GMailSend via E-Mail,89,Houses_Islamabad,for_sale,2026-07-26,https://www.zameen.com/Property/islamabad_d-17_2100_sq_ft_house_available_for_sale_in_d-17_islamabad-52494131-737-1.html
10 Marla House For Sale,PKR 9.5 Crore,95000000,5,7,10 Marla,2250.0,42222,House,True,44,super hot44Share on FacebookShare on TwitterShare on WhatsAppSend via GMailSend via E-Mail,90,Houses_Islamabad,for_sale,2026-07-26,https://www.zameen.com/Property/islamabad_f-11_10_marla_house_for_sale-53372358-163-1.html
G 11 Islamabad Brand New Designer House Double Story Double On Main 50 Feet Road Size 50x90 Very Ideal Location Solid Construction Very Near To Park,PKR 26.5 Crore,265000000,8,6,1 Kanal,4500.0,58888,House,True,5,super hot5Share on FacebookShare on TwitterShare on WhatsAppSend via GMailSend via E-Mail,89,Houses_Islamabad,for_sale,2026-07-26,https://www.zameen.com/Property/g_11_g-11_3_g_11_islamabad_brand_new_designer_house_double_story_double_on_main_50_feet_road_size_50x90_very_ideal_location_solid_construction_very_near_to_park-53490445-3332-1.html
Brand New 1 Kanal House For Sale Exceptional Value,PKR 9.95 Crore,99500000,5,6,1 Kanal,4500.0,22111,House,True,20,super hot20Share on FacebookShare on TwitterShare on WhatsAppSend via GMailSend via E-Mail,90,Houses_Islamabad,for_sale,2026-07-26,https://www.zameen.com/Property/dha_defence_dha_defence_phase_2_brand_new_1_kanal_house_for_sale_exceptional_value-54474429-339-1.html
Brand New 20 Marla House For Sale,PKR 7.5 Crore,75000000,6,7,1 Kanal,4500.0,16666,House,True,30,hot30Share on FacebookShare on TwitterShare on WhatsAppSend via GMailSend via E-Mail,84,Houses_Islamabad,for_sale,2026-07-26,https://www.zameen.com/Property/top_city_1_top_city_1_-_block_b_brand_new_20_marla_house_for_sale-53297226-9230-1.html
Brand New House For Sale With Basement,PKR 4.8 Crore,48000000,10,7,10 Marla,2250.0,21333,House,True,33,hot33Share on FacebookShare on TwitterShare on WhatsAppSend via GMailSend via E-Mail,84,Houses_Islamabad,for_sale,2026-07-26,https://www.zameen.com/Property/islamabad_top_city_1_brand_new_house_for_sale_with_basement-52362464-1383-1.html
1 Kanal Corner Designer House for sale,PKR 7.9 Crore,79000000,6,6,1 Kanal,4500.0,17555,House,False,13,hot13Share on FacebookShare on TwitterShare on WhatsAppSend via GMailSend via E-Mail,84,Houses_Islamabad,for_sale,2026-07-26,https://www.zameen.com/Property/islamabad_top_city_1_1_kanal_corner_designer_house_for_sale-54334148-1383-1.html
15 Marla Beautiful Double Unit House For Sale In Bani Gala,PKR 6 Crore,60000000,5,5,15 Marla,3375.0,17777,House,False,28,hot28VerifiedShare on FacebookShare on TwitterShare on WhatsAppSend via GMailSend via E-Mail,92,Houses_Islamabad,for_sale,2026-07-26,https://www.zameen.com/Property/islamabad_bani_gala_15_marla_beautiful_double_unit_house_for_sale_in_bani_gala-54083997-340-1.html
11 Marla Designer House For Sale In Banigala,PKR 4.85 Crore,48500000,5,5,11 Marla,2475.0,19595,House,False,28,hot28Share on FacebookShare on TwitterShare on WhatsAppSend via GMailSend via E-Mail,84,Houses_Islamabad,for_sale,2026-07-26,https://www.zameen.com/Property/islamabad_bani_gala_11_marla_designer_house_for_sale_in_banigala-54083973-340-1.html
7 Marla Spanish Villa For Sale In Banigala,PKR 3 Crore,30000000,4,4,7 Marla,1575.0,19047,House,False,17,hot17Share on FacebookShare on TwitterShare on WhatsAppSend via GMailSend via E-Mail,84,Houses_Islamabad,for_sale,2026-07-26,https://www.zameen.com/Property/islamabad_bani_gala_7_marla_spanish_villa_for_sale_in_banigala-54159665-340-1.html
7 Marla Brand New House for Sale | Block I | Gulberg Residencia Islamabad | Prime Location,PKR 4.4 Crore,44000000,5,5,7 Marla,1575.0,27936,House,False,16,hot16Share on FacebookShare on TwitterShare on WhatsAppSend via GMailSend via E-Mail,84,Houses_Islamabad,for_sale,2026-07-26,https://www.zameen.com/Property/gulberg_residencia_gulberg_residencia_-_block_i_7_marla_brand_new_house_for_sale_block_i_gulberg_residencia_islamabad_prime_location-54478043-9119-1.html
A 20 Marla House In Top City 1 Is On The Market For Sale,PKR 7.5 Crore,75000000,7,6,1 Kanal,4500.0,16666,House,True,25,25VerifiedShare on FacebookShare on TwitterShare on WhatsAppSend via GMailSend via E-Mail,89,Houses_Islamabad,for_sale,2026-07-26,https://www.zameen.com/Property/islamabad_top_city_1_a_20_marla_house_in_top_city_1_is_on_the_market_for_sale-52702576-1383-1.html
Prominently-Located House Available In Top City 1 - Block B For sale,PKR 7.25 Crore,72500000,6,6,1 Kanal,4500.0,16111,House,True,25,25VerifiedShare on FacebookShare on TwitterShare on WhatsAppSend via GMailSend via E-Mail,89,Houses_Islamabad,for_sale,2026-07-26,https://www.zameen.com/Property/top_city_1_top_city_1_-_block_b_prominently-located_house_available_in_top_city_1_-_block_b_for_sale-53648802-9230-1.html
Fully Furnished 10 Marla House For Sale In Top City 1 - Block A Islamabad,PKR 5.25 Crore,52500000,5,6,10 Marla,2250.0,23333,House,True,19,19VerifiedShare on FacebookShare on TwitterShare on WhatsAppSend via GMailSend via E-Mail,89,Houses_Islamabad,for_sale,2026-07-26,https://www.zameen.com/Property/top_city_1_top_city_1_-_block_a_fully_furnished_10_marla_house_for_sale_in_top_city_1_-_block_a_islamabad-53834045-9231-1.html
Corner House For Sale,PKR 6.35 Crore,63500000,5,6,10 Marla,2250.0,28222,House,True,21,21VerifiedShare on FacebookShare on TwitterShare on WhatsAppSend via GMailSend via E-Mail,89,Houses_Islamabad,for_sale,2026-07-26,https://www.zameen.com/Property/top_city_1_top_city_1_-_block_d_corner_house_for_sale-54239199-9233-1.html
Corner  House In Top City 1 - Block A?,PKR 5.25 Crore,52500000,5,6,10 Marla,2250.0,23333,House,True,16,16Share on FacebookShare on TwitterShare on WhatsAppSend via GMailSend via E-Mail,81,Houses_Islamabad,for_sale,2026-07-26,https://www.zameen.com/Property/top_city_1_top_city_1_-_block_a_corner_house_in_top_city_1_-_block_a-54239087-9231-1.html
Prime Location 10 Marla House available for sale in Top City 1 - Block A if you hurry,PKR 5.3 Crore,53000000,5,6,10 Marla,2250.0,23555,House,True,13,13VerifiedShare on FacebookShare on TwitterShare on WhatsAppSend via GMailSend via E-Mail,89,Houses_Islamabad,for_sale,2026-07-26,https://www.zameen.com/Property/top_city_1_top_city_1_-_block_a_prime_location_10_marla_house_available_for_sale_in_top_city_1_-_block_a_if_you_hurry-54239146-9231-1.html
Bahria Enclave Islambad Sector J 10 Marla Brand New Luxury House Available For Sale.,PKR 4.9 Crore,49000000,5,5,10 Marla,2250.0,21777,House,False,42,42Share on FacebookShare on TwitterShare on WhatsAppSend via GMailSend via E-Mail,81,Houses_Islamabad,for_sale,2026-07-26,https://www.zameen.com/Property/bahria_enclave_bahria_enclave_-_sector_j_bahria_enclave_islambad_sector_j_10_marla_brand_new_luxury_house_available_for_sale-54105138-11981-1.html
Bahria Enclave Islamabad 8 Marla Park Face House Available For Sale,PKR 4.2 Crore,42000000,5,5,8 Marla,1800.0,23333,House,False,48,48Share on FacebookShare on TwitterShare on WhatsAppSend via GMailSend via E-Mail,81,Houses_Islamabad,for_sale,2026-07-26,https://www.zameen.com/Property/bahria_enclave_bahria_enclave_-_sector_g_bahria_enclave_islamabad_8_marla_park_face_house_available_for_sale-54103295-11984-1.html
2 Bed Townhouse for Sale On 5 Year Installment Plan,PKR 1.39 Crore,13899999,1,2,5 Marla,1125.0,12355,House,True,9,super hot9Share on FacebookShare on TwitterShare on WhatsAppSend via GMailSend via E-Mail,89,Houses_Lahore,for_sale,2026-07-26,https://www.zameen.com/Property/lake_city_sector_m_8_lake_city_townhouses_2_bed_townhouse_for_sale_on_5_year_installment_plan-54511344-21955-1.html
"5 Marla Luxury Brand New House for Sale Park View City, Lahore",PKR 1.9 Crore,19000000,3,4,5 Marla,1125.0,16888,House,True,39,super hot39Share on FacebookShare on TwitterShare on WhatsAppSend via GMailSend via E-Mail,90,Houses_Lahore,for_sale,2026-07-26,https://www.zameen.com/Property/park_view_city_park_view_city_-_tulip_extension_block_5_marla_luxury_brand_new_house_for_sale_park_view_city_lahore-53991228-16719-1.html
10 MARLA MODERN BEAUTIFUL HOUSE FOR SALE IN DHA PHASE 6 NEAR TO DOLMEN MALL,PKR 5.45 Crore,54500000,4,5,10 Marla,2250.0,24222,House,True,27,super hot27Share on FacebookShare on TwitterShare on WhatsAppSend via GMailSend via E-Mail,90,Houses_Lahore,for_sale,2026-07-26,https://www.zameen.com/Property/dha_defence_dha_phase_6_10_marla_modern_beautiful_house_for_sale_in_dha_phase_6_near_to_dolmen_mall-54124513-1448-1.html
CORNER 2 KANAL FACING PARK BASEMENT HOUSE FOR SALE AT IDEAL LOCATION IN DHA PHASE 6,PKR 22.5 Crore,225000000,5,6,2 Kanal,9000.0,25000,House,True,44,super hot44Share on FacebookShare on TwitterShare on WhatsAppSend via GMailSend via E-Mail,90,Houses_Lahore,for_sale,2026-07-26,https://www.zameen.com/Property/dha_defence_dha_phase_6_corner_2_kanal_facing_park_basement_house_for_sale_at_ideal_location_in_dha_phase_6-51868784-1448-1.html
Furnished Full Basement 6 Bed 1 Kanal Spanish Bungalow For Sale,PKR 13.95 Crore,139500000,13,7,1 Kanal,4500.0,31000,House,True,24,super hot24Share on FacebookShare on TwitterShare on WhatsAppSend via GMailSend via E-Mail,90,Houses_Lahore,for_sale,2026-07-26,https://www.zameen.com/Property/dha_phase_5_dha_phase_5_-_block_k_furnished_full_basement_6_bed_1_kanal_spanish_bungalow_for_sale-54451813-1607-1.html
3 Marla Brand New Double Storey House For Sale In Al Kabir Town B Block Lahore,PKR 1.55 Crore,15500000,4,4,3 Marla,675.0,22962,House,True,37,super hot37Share on FacebookShare on TwitterShare on WhatsAppSend via GMailSend via E-Mail,90,Houses_Lahore,for_sale,2026-07-26,https://www.zameen.com/Property/al_kabir_town_al-kabir_town_-_phase_2_3_marla_brand_new_double_storey_house_for_sale_in_al_kabir_town_b_block_lahore-54212438-11704-1.html
1 Kanal Modern House In The Heart Of Phase 6,PKR 13.25 Crore,132500000,5,6,1 Kanal,4500.0,29444,House,True,30,super hot30Share on FacebookShare on TwitterShare on WhatsAppSend via GMailSend via E-Mail,90,Houses_Lahore,for_sale,2026-07-26,https://www.zameen.com/Property/dha_phase_6_dha_phase_6_-_block_g_1_kanal_modern_house_in_the_heart_of_phase_6-54494852-1616-1.html
5 Marla Slightly Used House for Sale,PKR 1.9 Crore,19000000,3,4,5 Marla,1125.0,16888,House,True,11,super hot11Share on FacebookShare on TwitterShare on WhatsAppSend via GMailSend via E-Mail,90,Houses_Lahore,for_sale,2026-07-26,https://www.zameen.com/Property/lahore_central_park_housing_scheme_5_marla_slightly_used_house_for_sale-54496247-1013-1.html
"5 Marla Ultra Modern Design House For Sale, Prime-Location In Central Park Housing Scheme Lahore.",PKR 2.3 Crore,23000000,4,5,5 Marla,1125.0,20444,House,True,14,super hot14Share on FacebookShare on TwitterShare on WhatsAppSend via GMailSend via E-Mail,90,Houses_Lahore,for_sale,2026-07-26,https://www.zameen.com/Property/lahore_central_park_housing_scheme_5_marla_ultra_modern_design_house_for_sale_prime-location_in_central_park_housing_scheme_lahore-54491674-1013-1.html
5 Marla Slightly Used House for Sale | Bank Loan Eligible | Prime Location | Central Park Housing Scheme Lahore,PKR 1.85 Crore,18500000,4,5,5 Marla,1125.0,16444,House,True,13,super hot13Share on FacebookShare on TwitterShare on WhatsAppSend via GMailSend via E-Mail,90,Houses_Lahore,for_sale,2026-07-26,https://www.zameen.com/Property/lahore_central_park_housing_scheme_5_marla_slightly_used_house_for_sale_bank_loan_eligible_prime_location_central_park_housing_scheme_lahore-54521825-1013-1.html
10 MARLA BRAND NEW MODERN HOUSE NEAR TO PARK DHA PHASE 7,PKR 6.3 Crore,63000000,4,5,10 Marla,2250.0,28000,House,True,24,hot24Share on FacebookShare on TwitterShare on WhatsAppSend via GMailSend via E-Mail,84,Houses_Lahore,for_sale,2026-07-26,https://www.zameen.com/Property/dha_defence_dha_phase_7_10_marla_brand_new_modern_house_near_to_park_dha_phase_7-54277987-1450-1.html
10 Marla Luxurious A++ House For Sale In Park View City Lahore,PKR 4 Crore,40000000,5,6,10 Marla,2250.0,17777,House,True,28,hot28VerifiedShare on FacebookShare on TwitterShare on WhatsAppSend via GMailSend via E-Mail,92,Houses_Lahore,for_sale,2026-07-26,https://www.zameen.com/Property/park_view_city_park_view_city_-_tulip_extension_block_10_marla_luxurious_a_house_for_sale_in_park_view_city_lahore-50302537-16719-1.html
Your Ideal 10 Marla House Has Just Become Available In Central Park Housing Scheme,PKR 3.25 Crore,32500000,6,6,10 Marla,2250.0,14444,House,False,14,hot14VerifiedShare on FacebookShare on TwitterShare on WhatsAppSend via GMailSend via E-Mail,92,Houses_Lahore,for_sale,2026-07-26,https://www.zameen.com/Property/lahore_central_park_housing_scheme_your_ideal_10_marla_house_has_just_become_available_in_central_park_housing_scheme-54514167-1013-1.html
5 Mara Double Storey House 6 Bed,PKR 3.5 Crore,35000000,3,6,5 Marla,1125.0,31111,House,False,29,hot29VerifiedShare on FacebookShare on TwitterShare on WhatsAppSend via GMailSend via E-Mail,92,Houses_Lahore,for_sale,2026-07-26,https://www.zameen.com/Property/johar_town_johar_town_phase_2_5_mara_double_storey_house_6_bed-54442962-3961-1.html
7.5 Marla House For Sale Double Unit,PKR 4 Crore,40000000,5,4,7.5 Marla,1687.5,23703,House,False,13,hot13VerifiedShare on FacebookShare on TwitterShare on WhatsAppSend via GMailSend via E-Mail,92,Houses_Lahore,for_sale,2026-07-26,https://www.zameen.com/Property/lahore_johar_town_7_5_marla_house_for_sale_double_unit-54442963-93-1.html
10 MARLA DOUBLE STOREY LEVISH HOUSE FOR SALE AT IDEAL LOCATION OF M-5 LAKE CITY,PKR 4.7 Crore,47000000,5,6,10 Marla,2250.0,20888,House,False,19,hot19VerifiedShare on FacebookShare on TwitterShare on WhatsAppSend via GMailSend via E-Mail,92,Houses_Lahore,for_sale,2026-07-26,https://www.zameen.com/Property/lake_city_lake_city_-_sector_m-5_10_marla_double_storey_levish_house_for_sale_at_ideal_location_of_m-5_lake_city-54442966-4007-1.html
10 MARLA DOUBLE STOREY LEVISH HOUSE FOR SALE AT IDEAL LOCATION OF M-5 LAKE CITY,PKR 4.7 Crore,47000000,5,6,10 Marla,2250.0,20888,House,False,19,hot19VerifiedShare on FacebookShare on TwitterShare on WhatsAppSend via GMailSend via E-Mail,92,Houses_Lahore,for_sale,2026-07-26,https://www.zameen.com/Property/lake_city_lake_city_-_sector_m-5_10_marla_double_storey_levish_house_for_sale_at_ideal_location_of_m-5_lake_city-54442968-4007-1.html
5 Marla Full House Available For Sale In DHA Rabhar,PKR 2.1 Crore,21000000,3,4,5 Marla,1125.0,18666,House,False,9,9Share on FacebookShare on TwitterShare on WhatsAppSend via GMailSend via E-Mail,80,Houses_Lahore,for_sale,2026-07-26,https://www.zameen.com/Property/lahore_dha_11_rahbar_5_marla_full_house_available_for_sale_in_dha_rabhar-54154523-1410-1.html
"Brand New, Near 2nd Gate, Best Location House For Sale",PKR 1.8 Crore,18000000,4,4,5 Marla,1125.0,16000,House,False,24,24Share on FacebookShare on TwitterShare on WhatsAppSend via GMailSend via E-Mail,81,Houses_Lahore,for_sale,2026-07-26,https://www.zameen.com/Property/park_view_city_park_view_city_-_crystal_block_brand_new_near_2nd_gate_best_location_house_for_sale-53804713-17960-1.html
5 Marla Brand New Luxury House Available For Sale In DHA Rabhar Sector 2,PKR 2.3 Crore,23000000,3,4,5 Marla,1125.0,20444,House,False,9,9Share on FacebookShare on TwitterShare on WhatsAppSend via GMailSend via E-Mail,80,Houses_Lahore,for_sale,2026-07-26,https://www.zameen.com/Property/dha_11_rahbar_dha_11_rahbar_sector_2_5_marla_brand_new_luxury_house_available_for_sale_in_dha_rabhar_sector_2-54333105-3717-1.html
Well-Constructed Brand New House Available For Sale In Park View City - Jade Extension Block,PKR 2.25 Crore,22500000,4,5,5 Marla,1125.0,20000,House,False,25,25VerifiedShare on FacebookShare on TwitterShare on WhatsAppSend via GMailSend via E-Mail,89,Houses_Lahore,for_sale,2026-07-26,https://www.zameen.com/Property/park_view_city_park_view_city_-_jade_extension_block_well-constructed_brand_new_house_available_for_sale_in_park_view_city_-_jade_extension_block-53775059-16242-1.html
10 MARLA LUXURY HOUSE FOR SALE IN OVERSEAS A BLOCK BAHRIA TOWN LAHORE,PKR 3.5 Crore,35000000,5,6,10 Marla,2250.0,15555,House,True,28,28Share on FacebookShare on TwitterShare on WhatsAppSend via GMailSend via E-Mail,81,Houses_Lahore,for_sale,2026-07-26,https://www.zameen.com/Property/bahria_town_overseas_enclave_bahria_town_-_overseas_a_10_marla_luxury_house_for_sale_in_overseas_a_block_bahria_town_lahore-54088777-1812-1.html
8 MARLA USED HOUSE FOR SALE | PRIME LOCATION | WELL MAINTAINED | URGENT FOR SALE,PKR 2.9 Crore,29000000,4,5,8 Marla,1800.0,16111,House,False,5,5Share on FacebookShare on TwitterShare on WhatsAppSend via GMailSend via E-Mail,80,Houses_Lahore,for_sale,2026-07-26,https://www.zameen.com/Property/bahria_town_sector_b_bahria_town_-_ali_block_8_marla_used_house_for_sale_prime_location_well_maintained_urgent_for_sale-54123838-1779-1.html
A BEAUTIFUL 1 KANAL HOUSE FOR SALE BABAR BLOCK BAHRIA TOWN LAHORE,PKR 8.4 Crore,84000000,5,6,1 Kanal,4500.0,18666,House,True,44,44Share on FacebookShare on TwitterShare on WhatsAppSend via GMailSend via E-Mail,81,Houses_Lahore,for_sale,2026-07-26,https://www.zameen.com/Property/bahria_town_sector_a_bahria_town_-_babar_block_a_beautiful_1_kanal_house_for_sale_babar_block_bahria_town_lahore-54058404-8352-1.html
"10 Marla Residential House For Sale In Shaheen Block, Nearby Commercial Market, School, Mosuqe and Health Care Canter",PKR 5 Crore,50000000,5,6,10 Marla,2250.0,22222,House,True,25,25Share on FacebookShare on TwitterShare on WhatsAppSend via GMailSend via E-Mail,81,Houses_Lahore,for_sale,2026-07-26,https://www.zameen.com/Property/bahria_town_sector_b_bahria_town_-_shaheen_block_10_marla_residential_house_for_sale_in_shaheen_block_nearby_commercial_market_school_mosuqe_and_health_care_canter-54522144-1775-1.html
1 KANAL BRAND NEW ULTRA MODERN DESIGNED BUNGALOW WITH BASEMENT FOR SALE TOP LOCATION IN DHA PHASE 6,PKR 10.35 Crore,103500000,5,6,1 Kanal,4500.0,23000,House,True,50,super hot50Share on FacebookShare on TwitterShare on WhatsAppSend via GMailSend via E-Mail,90,Houses_Lahore,for_sale,2026-07-26,https://www.zameen.com/Property/dha_defence_dha_phase_6_1_kanal_brand_new_ultra_modern_designed_bungalow_with_basement_for_sale_top_location_in_dha_phase_6-52646080-1448-1.html
One Kanal Brand New Luxury Ultra-Modern Design Most Beautiful Bungalow 2 Servant Quarter In Basement For Sale At Prime Location Of DHA Lahore Near To Park Masjid & Commercial Market.,PKR 11.75 Crore,117500000,5,6,1 Kanal,4500.0,26111,House,True,12,super hot12Share on FacebookShare on TwitterShare on WhatsAppSend via GMailSend via E-Mail,90,Houses_Lahore,for_sale,2026-07-26,https://www.zameen.com/Property/dha_phase_6_dha_phase_6_-_block_d_one_kanal_brand_new_luxury_ultra-modern_design_most_beautiful_bungalow_2_servant_quarter_in_basement_for_sale_at_prime_location_of_dha_lahore_near_to_park_masjid_commercial_market-54350099-1613-1.html
(Original Pictures And Price) 1 KANAL ELEGANT Slightly Used SUPER HOT LOCATED BUNGALOW IS AVAILABLE IN THE J BLOCK OF PHASE 5 DHA LAHORE NEAR JALAL SONS 100% ORIGINAL AD,PKR 11.9 Crore,119000000,5,6,1 Kanal,4500.0,26444,House,True,19,super hot19Share on FacebookShare on TwitterShare on WhatsAppSend via GMailSend via E-Mail,90,Houses_Lahore,for_sale,2026-07-26,https://www.zameen.com/Property/dha_phase_5_dha_phase_5_-_block_e_original_pictures_and_price_1_kanal_elegant_slightly_used_super_hot_located_bungalow_is_available_in_the_j_block_of_phase_5_dha_lahore_near_jalal_sons_100_original_ad-53404789-1602-1.html
Eyes Catching Brand New Luxurious House For Sale With Study Room Very Close To Park And Mosque Walking Distance Raya Fairway Very Reasonable Deal,PKR 6.71 Crore,67100000,5,6,1 Kanal,4500.0,14911,House,True,47,super hot47Share on FacebookShare on TwitterShare on WhatsAppSend via GMailSend via E-Mail,90,Houses_Lahore,for_sale,2026-07-26,https://www.zameen.com/Property/dha_phase_7_dha_phase_7_-_block_s_eyes_catching_brand_new_luxurious_house_for_sale_with_study_room_very_close_to_park_and_mosque_walking_distance_raya_fairway_very_reasonable_deal-54512098-1626-1.html
DESIRE HOMES OFFERS KANAL ELEGANTLY DESIGNED WING CHAIR FURNISHED HOUSE FOR SALE,PKR 7.47 Crore,74700000,5,6,1 Kanal,4500.0,16600,House,True,24,super hot24Share on FacebookShare on TwitterShare on WhatsAppSend via GMailSend via E-Mail,90,Houses_Lahore,for_sale,2026-07-26,https://www.zameen.com/Property/dha_defence_dha_phase_7_desire_homes_offers_kanal_elegantly_designed_wing_chair_furnished_house_for_sale-53985761-1450-1.html
1 Kanal Most Super Out House Prime Hot For Sale dha Phase4,PKR 7.8 Crore,78000000,5,6,1 Kanal,4500.0,17333,House,True,22,super hot22Share on FacebookShare on TwitterShare on WhatsAppSend via GMailSend via E-Mail,90,Houses_Lahore,for_sale,2026-07-26,https://www.zameen.com/Property/dha_defence_dha_phase_4_1_kanal_most_super_out_house_prime_hot_for_sale_dha_phase4-54435965-1446-1.html
ANW REAL ESTATE PROUDLY OFFERS: 10 MARLA BUNGALOW IS AVAILABLE IN THE BEST BLOCK OF DHA PHASE 5 LAHORE | SLIGHTLY USED FURNISHED & SPANISH,PKR 8 Crore,80000000,4,5,10 Marla,2250.0,35555,House,True,7,super hot7Share on FacebookShare on TwitterShare on WhatsAppSend via GMailSend via E-Mail,89,Houses_Lahore,for_sale,2026-07-26,https://www.zameen.com/Property/dha_defence_dha_phase_5_anw_real_estate_proudly_offers_10_marla_bungalow_is_available_in_the_best_block_of_dha_phase_5_lahore_slightly_used_furnished_spanish-54447187-1447-1.html
ANW REAL ESTATE PROUDLY OFFERS: 1 KANAL BUNGALOW IS AVAILABLE IN THE BEST BLOCK OF DHA PHASE 6 - LAHORE | SLIGHTLY USED & FURNISHED,PKR 11.5 Crore,115000000,5,6,1 Kanal,4500.0,25555,House,True,21,super hot21Share on FacebookShare on TwitterShare on WhatsAppSend via GMailSend via E-Mail,90,Houses_Lahore,for_sale,2026-07-26,https://www.zameen.com/Property/dha_phase_6_dha_phase_6_-_block_m_anw_real_estate_proudly_offers_1_kanal_bungalow_is_available_in_the_best_block_of_dha_phase_6_-_lahore_slightly_used_furnished-54447186-1621-1.html
ANW REAL ESTATE PROUDLY OFFERS: 10 MARLA ELEGANT AND FULLY MAINTAINED SUPER HOT LOCATED BUNGALOW IS AVAILABLE IN THE BEST BLOCK OF DHA PHASE 6 LAHORE,PKR 6.5 Crore,65000000,4,5,10 Marla,2250.0,28888,House,True,11,super hot11Share on FacebookShare on TwitterShare on WhatsAppSend via GMailSend via E-Mail,90,Houses_Lahore,for_sale,2026-07-26,https://www.zameen.com/Property/dha_defence_dha_phase_6_anw_real_estate_proudly_offers_10_marla_elegant_and_fully_maintained_super_hot_located_bungalow_is_available_in_the_best_block_of_dha_phase_6_lahore-54382423-1448-1.html
ANW REAL ESTATE PROUDLY OFFERS: 10 MARLA ELEGANT AND FULLY MAINTAINED SUPER HOT LOCATED BUNGALOW IS AVAILABLE IN THE BEST BLOCK OF DHA PHASE 7 LAHORE.,PKR 5.25 Crore,52500000,4,5,10 Marla,2250.0,23333,House,True,40,super hot40Share on FacebookShare on TwitterShare on WhatsAppSend via GMailSend via E-Mail,90,Houses_Lahore,for_sale,2026-07-26,https://www.zameen.com/Property/dha_defence_dha_phase_7_anw_real_estate_proudly_offers_10_marla_elegant_and_fully_maintained_super_hot_located_bungalow_is_available_in_the_best_block_of_dha_phase_7_lahore-54382431-1450-1.html
Find Your Ideal On Excellent Location House In Lahore Under Rs. 21500000,PKR 2.15 Crore,21500000,4,4,5 Marla,1125.0,19111,House,True,22,hot22VerifiedShare on FacebookShare on TwitterShare on WhatsAppSend via GMailSend via E-Mail,92,Houses_Lahore,for_sale,2026-07-26,https://www.zameen.com/Property/park_view_city_park_view_city_-_crystal_block_find_your_ideal_on_excellent_location_house_in_lahore_under_rs_21500000-54168379-17960-1.html
Prime Location House For sale In Lahore,PKR 2 Crore,20000000,4,4,5 Marla,1125.0,17777,House,True,14,hot14VerifiedShare on FacebookShare on TwitterShare on WhatsAppSend via GMailSend via E-Mail,92,Houses_Lahore,for_sale,2026-07-26,https://www.zameen.com/Property/park_view_city_park_view_city_-_tulip_overseas_prime_location_house_for_sale_in_lahore-54183346-13754-1.html
Modern Designer 5 Marla House For Sale Paragon City,PKR 2.55 Crore,25500000,3,3,5 Marla,1125.0,22666,House,False,14,hot14Share on FacebookShare on TwitterShare on WhatsAppSend via GMailSend via E-Mail,84,Houses_Lahore,for_sale,2026-07-26,https://www.zameen.com/Property/paragon_city_paragon_city_-_imperial_2_block_modern_designer_5_marla_house_for_sale_paragon_city-54323532-9247-1.html
5 Marla House Available For Sale In Lahore Motorway City T Block OZONE MARKETING,PKR 1.1 Crore,11000000,4,4,5 Marla,1125.0,9777,House,False,9,hot9Share on FacebookShare on TwitterShare on WhatsAppSend via GMailSend via E-Mail,83,Houses_Lahore,for_sale,2026-07-26,https://www.zameen.com/Property/lahore_lahore_motorway_city_5_marla_house_available_for_sale_in_lahore_motorway_city_t_block_ozone_marketing-54299002-8372-1.html
5 Marla House Eastern Ext Bahria Orchard,PKR 1.9 Crore,19000000,3,4,5 Marla,1125.0,16888,House,False,16,hot16Share on FacebookShare on TwitterShare on WhatsAppSend via GMailSend via E-Mail,84,Houses_Lahore,for_sale,2026-07-26,https://www.zameen.com/Property/lahore_bahria_orchard_5_marla_house_eastern_ext_bahria_orchard-53928518-1474-1.html
2 Kanal House For Sale In Paragon City Lahore,PKR 18.5 Crore,185000000,6,6,2 Kanal,9000.0,20555,House,False,15,hot15Share on FacebookShare on TwitterShare on WhatsAppSend via GMailSend via E-Mail,84,Houses_Lahore,for_sale,2026-07-26,https://www.zameen.com/Property/lahore_paragon_city_2_kanal_house_for_sale_in_paragon_city_lahore-50489778-1014-1.html
5 Marla House For Sale In Paragon City Lahore,PKR 2.4 Crore,24000000,3,4,5 Marla,1125.0,21333,House,False,19,hot19Share on FacebookShare on TwitterShare on WhatsAppSend via GMailSend via E-Mail,84,Houses_Lahore,for_sale,2026-07-26,https://www.zameen.com/Property/lahore_paragon_city_5_marla_house_for_sale_in_paragon_city_lahore-50908810-1014-1.html
5 MARLA EUROPEAN HOUSE FOR SALE IN SAFARI VILLAS SECTOR B BAHRIA TOWN LAHORE,PKR 1.55 Crore,15500000,3,3,5 Marla,1125.0,13777,House,True,21,21Share on FacebookShare on TwitterShare on WhatsAppSend via GMailSend via E-Mail,81,Houses_Lahore,for_sale,2026-07-26,https://www.zameen.com/Property/bahria_town_sector_b_bahria_town_-_safari_villas_5_marla_european_house_for_sale_in_safari_villas_sector_b_bahria_town_lahore-53950979-1782-1.html
1 KANAL ULTRA LUXURY MODREN HOUSE FOR SALE IN TIPU BLOCK SECTOR F BAHRIA TOWN LAHORE,PKR 7.5 Crore,75000000,5,6,1 Kanal,4500.0,16666,House,True,48,48Share on FacebookShare on TwitterShare on WhatsAppSend via GMailSend via E-Mail,81,Houses_Lahore,for_sale,2026-07-26,https://www.zameen.com/Property/bahria_town_sector_f_bahria_town_-_tipu_sultan_block_1_kanal_ultra_luxury_modren_house_for_sale_in_tipu_block_sector_f_bahria_town_lahore-53950961-8327-1.html
13 MARLA BEAUTIFUL HOUSE FOR SALE IN OVERSEAS A BLOCK BAHRIA TOWN LAHORE,PKR 5.3 Crore,53000000,5,6,13 Marla,2925.0,18119,House,True,39,39Share on FacebookShare on TwitterShare on WhatsAppSend via GMailSend via E-Mail,81,Houses_Lahore,for_sale,2026-07-26,https://www.zameen.com/Property/bahria_town_overseas_enclave_bahria_town_-_overseas_a_13_marla_beautiful_house_for_sale_in_overseas_a_block_bahria_town_lahore-53950959-1812-1.html
10 MARLA BEAUTIFUL HOUSE FOR SALE IN OVERSEAS B BAHRIA TOWN LAHORE,PKR 3.7 Crore,37000000,5,6,10 Marla,2250.0,16444,House,True,34,34Share on FacebookShare on TwitterShare on WhatsAppSend via GMailSend via E-Mail,81,Houses_Lahore,for_sale,2026-07-26,https://www.zameen.com/Property/bahria_town_overseas_enclave_bahria_town_-_overseas_b_10_marla_beautiful_house_for_sale_in_overseas_b_bahria_town_lahore-53950183-1813-1.html
10 MARLA DOUBLE HIGHT LOBBY HOUSE FOR SALE IN GHAZNVI BLOCK BAHRIA TOWN LAHORE,PKR 5 Crore,50000000,5,6,10 Marla,2250.0,22222,House,True,31,31Share on FacebookShare on TwitterShare on WhatsAppSend via GMailSend via E-Mail,81,Houses_Lahore,for_sale,2026-07-26,https://www.zameen.com/Property/bahria_town_sector_f_bahria_town_-_ghaznavi_block_10_marla_double_hight_lobby_house_for_sale_in_ghaznvi_block_bahria_town_lahore-53919496-8261-1.html
"10 Marla Residential House For Sale In Ghaznavi Block, Nearby Commercial Market, School, Mosuqe and Health Care Canter",PKR 5.8 Crore,58000000,5,6,10 Marla,2250.0,25777,House,True,26,26Share on FacebookShare on TwitterShare on WhatsAppSend via GMailSend via E-Mail,81,Houses_Lahore,for_sale,2026-07-26,https://www.zameen.com/Property/bahria_town_sector_f_bahria_town_-_ghaznavi_block_10_marla_residential_house_for_sale_in_ghaznavi_block_nearby_commercial_market_school_mosuqe_and_health_care_canter-54522137-8261-1.html
A PRIME LOCATION 13 MARLA HOUSE FOR SALE IN QUAID BLOCK BAHRIA TOWN LAHORE,PKR 6.25 Crore,62500000,5,6,13 Marla,2925.0,21367,House,True,50,50Share on FacebookShare on TwitterShare on WhatsAppSend via GMailSend via E-Mail,81,Houses_Lahore,for_sale,2026-07-26,https://www.zameen.com/Property/bahria_town_sector_e_bahria_town_-_quaid_block_a_prime_location_13_marla_house_for_sale_in_quaid_block_bahria_town_lahore-53471122-1808-1.html
2 kanal brand new at a reasonable price,PKR 23 Crore,230000000,5,6,2 Kanal,9000.0,25555,House,True,31,super hot31Share on FacebookShare on TwitterShare on WhatsAppSend via GMailSend via E-Mail,90,Houses_Lahore,for_sale,2026-07-26,https://www.zameen.com/Property/dha_defence_dha_phase_7_2_kanal_brand_new_at_a_reasonable_price-54521517-1450-1.html
Ultra Luxury 1 Kanal Fully Furnished with Full Basement House For Sale in DHA Phase 5 at a Top Location,PKR 24.5 Crore,245000000,5,6,1 Kanal,4500.0,54444,House,True,28,super hot28Share on FacebookShare on TwitterShare on WhatsAppSend via GMailSend via E-Mail,90,Houses_Lahore,for_sale,2026-07-26,https://www.zameen.com/Property/dha_defence_dha_phase_5_ultra_luxury_1_kanal_fully_furnished_with_full_basement_house_for_sale_in_dha_phase_5_at_a_top_location-54488560-1447-1.html
Fully Furnished Ultra Luxurious 2 Kanal House with Swimming Pool Available For Sale in DHA Phase 6,PKR 59 Crore,590000000,6,7,2 Kanal,9000.0,65555,House,True,35,super hot35Share on FacebookShare on TwitterShare on WhatsAppSend via GMailSend via E-Mail,90,Houses_Lahore,for_sale,2026-07-26,https://www.zameen.com/Property/dha_defence_dha_phase_6_fully_furnished_ultra_luxurious_2_kanal_house_with_swimming_pool_available_for_sale_in_dha_phase_6-54455375-1448-1.html
Ultra Modern Most Beautiful 1 Kanal Brand New House Available For Sale In DHA Phase 7 At A Prime Location,PKR 11 Crore,110000000,5,6,1 Kanal,4500.0,24444,House,True,39,super hot39Share on FacebookShare on TwitterShare on WhatsAppSend via GMailSend via E-Mail,90,Houses_Lahore,for_sale,2026-07-26,https://www.zameen.com/Property/dha_defence_dha_phase_7_ultra_modern_most_beautiful_1_kanal_brand_new_house_available_for_sale_in_dha_phase_7_at_a_prime_location-54400137-1450-1.html
Most Beautiful 5 Marla Fully Furnished House For Sale In DHA 9 Town Near To Commercial,PKR 3.9 Crore,39000000,3,4,5 Marla,1125.0,34666,House,True,15,super hot15Share on FacebookShare on TwitterShare on WhatsAppSend via GMailSend via E-Mail,90,Houses_Lahore,for_sale,2026-07-26,https://www.zameen.com/Property/dha_defence_dha_9_town_most_beautiful_5_marla_fully_furnished_house_for_sale_in_dha_9_town_near_to_commercial-54494269-1452-1.html
ANW REAL ESTATE PROUDLY OFFERS: 2 KANAL ELEGANT AND FULLY MAINTAINED SUPER HOT LOCATED BUNGALOW IS AVAILABLE IN THE BEST BLOCK OF DHA PHASE 6 LAHORE.,PKR 20 Crore,200000000,6,7,2 Kanal,9000.0,22222,House,True,39,super hot39Share on FacebookShare on TwitterShare on WhatsAppSend via GMailSend via E-Mail,90,Houses_Lahore,for_sale,2026-07-26,https://www.zameen.com/Property/dha_defence_dha_phase_6_anw_real_estate_proudly_offers_2_kanal_elegant_and_fully_maintained_super_hot_located_bungalow_is_available_in_the_best_block_of_dha_phase_6_lahore-54382373-1448-1.html
ANW REAL ESTATE PROUDLY OFFERS: 2 KANAL (1-KANAL LAWN) ELEGANT AND FULLY MAINTAINED SUPER HOT LOCATED BUNGALOW IS AVAILABLE IN THE BEST BLOCK OF DHA PHASE 7 LAHORE.,PKR 18 Crore,180000000,6,7,2 Kanal,9000.0,20000,House,True,39,super hot39Share on FacebookShare on TwitterShare on WhatsAppSend via GMailSend via E-Mail,90,Houses_Lahore,for_sale,2026-07-26,https://www.zameen.com/Property/dha_defence_dha_phase_7_anw_real_estate_proudly_offers_2_kanal_1-kanal_lawn_elegant_and_fully_maintained_super_hot_located_bungalow_is_available_in_the_best_block_of_dha_phase_7_lahore-54382383-1450-1.html
ANW REAL ESTATE PROUDLY OFFERS: 1 KANAL ELEGANT AND FULLY MAINTAINED SUPER HOT LOCATED BUNGALOW IS AVAILABLE IN THE BEST BLOCK OF DHA PHASE 5 LAHORE.,PKR 8.5 Crore,85000000,5,6,1 Kanal,4500.0,18888,House,True,39,super hot39Share on FacebookShare on TwitterShare on WhatsAppSend via GMailSend via E-Mail,90,Houses_Lahore,for_sale,2026-07-26,https://www.zameen.com/Property/dha_defence_dha_phase_5_anw_real_estate_proudly_offers_1_kanal_elegant_and_fully_maintained_super_hot_located_bungalow_is_available_in_the_best_block_of_dha_phase_5_lahore-54382311-1447-1.html
ANW REAL ESTATE PROUDLY OFFERS: 1 KANAL ELEGANT AND FULLY MAINTAINED SUPER HOT LOCATED BUNGALOW IS AVAILABLE IN THE BEST BLOCK OF DHA PHASE 6 LAHORE.,PKR 8 Crore,80000000,5,6,1 Kanal,4500.0,17777,House,True,39,super hot39Share on FacebookShare on TwitterShare on WhatsAppSend via GMailSend via E-Mail,90,Houses_Lahore,for_sale,2026-07-26,https://www.zameen.com/Property/dha_defence_dha_phase_6_anw_real_estate_proudly_offers_1_kanal_elegant_and_fully_maintained_super_hot_located_bungalow_is_available_in_the_best_block_of_dha_phase_6_lahore-54382314-1448-1.html
ANW REAL ESTATE PROUDLY OFFERS 1 KANAL ELEGANT AND FULLY MAINTAINED SUPER HOT LOCATED BUNGALOW IS AVAILABLE IN THE BEST BLOCK OF DHA PHASE 7 LAHORE,PKR 7 Crore,70000000,5,6,1 Kanal,4500.0,15555,House,True,39,super hot39Share on FacebookShare on TwitterShare on WhatsAppSend via GMailSend via E-Mail,90,Houses_Lahore,for_sale,2026-07-26,https://www.zameen.com/Property/dha_defence_dha_phase_7_anw_real_estate_proudly_offers_1_kanal_elegant_and_fully_maintained_super_hot_located_bungalow_is_available_in_the_best_block_of_dha_phase_7_lahore-54382330-1450-1.html
"**Prime 10 Marla House For Sale In Park View City, Lahore**",PKR 4.1 Crore,41000000,5,4,10 Marla,2250.0,18222,House,True,26,hot26Share on FacebookShare on TwitterShare on WhatsAppSend via GMailSend via E-Mail,84,Houses_Lahore,for_sale,2026-07-26,https://www.zameen.com/Property/lahore_park_view_city_prime_10_marla_house_for_sale_in_park_view_city_lahore-53673993-1466-1.html
1 KANAL VICTORIAN DESIGN LUXURY VILLA FOR SALE NEAR TO PARK.,PKR 9.35 Crore,93500000,5,6,1 Kanal,4500.0,20777,House,True,32,hot32Share on FacebookShare on TwitterShare on WhatsAppSend via GMailSend via E-Mail,84,Houses_Lahore,for_sale,2026-07-26,https://www.zameen.com/Property/dha_phase_6_dha_phase_6_-_block_a_1_kanal_victorian_design_luxury_villa_for_sale_near_to_park-53996788-1610-1.html
5 Marla Ideal Location House For Sale In Tulip Extension Block,PKR 2 Crore,20000000,4,4,5 Marla,1125.0,17777,House,False,11,hot11Share on FacebookShare on TwitterShare on WhatsAppSend via GMailSend via E-Mail,84,Houses_Lahore,for_sale,2026-07-26,https://www.zameen.com/Property/lahore_park_view_city_5_marla_ideal_location_house_for_sale_in_tulip_extension_block-54439598-1466-1.html
Get An Attractive House In Lahore Under Rs. 15000000,PKR 1.5 Crore,15000000,3,4,3 Marla,675.0,22222,House,False,27,hot27Share on FacebookShare on TwitterShare on WhatsAppSend via GMailSend via E-Mail,84,Houses_Lahore,for_sale,2026-07-26,https://www.zameen.com/Property/al_kabir_town_al-kabir_town_-_phase_2_get_an_attractive_house_in_lahore_under_rs_15000000-54354720-11704-1.html
"3 Marla Brand New House For Sale In E Block, Al Kabir Town Phase 2 | Prime Location Near Raiwind Road",PKR 1.45 Crore,14500000,4,5,3 Marla,675.0,21481,House,False,25,hot25Share on FacebookShare on TwitterShare on WhatsAppSend via GMailSend via E-Mail,84,Houses_Lahore,for_sale,2026-07-26,https://www.zameen.com/Property/al_kabir_town_phase_2_al-kabir_phase_2_-_block_e_3_marla_brand_new_house_for_sale_in_e_block_al_kabir_town_phase_2_prime_location_near_raiwind_road-54427409-13022-1.html
"3 Marla Brand New House For Sale In Ali Block, Al Kabir Town Phase 2 | Prime Location | Demand 135 Lac",PKR 1.55 Crore,15500000,4,5,3 Marla,675.0,22962,House,False,27,hot27Share on FacebookShare on TwitterShare on WhatsAppSend via GMailSend via E-Mail,84,Houses_Lahore,for_sale,2026-07-26,https://www.zameen.com/Property/al_kabir_town_phase_2_al-kabir_phase_2_-_ali_block_3_marla_brand_new_house_for_sale_in_ali_block_al_kabir_town_phase_2_prime_location_demand_135_lac-54443064-12415-1.html
Sabzazar Scheme House Sized 1 Kanal For Sale,PKR 5.25 Crore,52500000,5,6,1 Kanal,4500.0,11666,House,False,13,hot13VerifiedShare on FacebookShare on TwitterShare on WhatsAppSend via GMailSend via E-Mail,92,Houses_Lahore,for_sale,2026-07-26,https://www.zameen.com/Property/lahore_sabzazar_scheme_sabzazar_scheme_house_sized_1_kanal_for_sale-51440012-562-1.html
10 MARLA DOUBLE HIGHT LOBBY HOUSE FOR SALE IN JOHAR BLOCK BAHRIA TOWN LAHORE,PKR 4 Crore,40000000,5,6,10 Marla,2250.0,17777,House,True,20,20Share on FacebookShare on TwitterShare on WhatsAppSend via GMailSend via E-Mail,81,Houses_Lahore,for_sale,2026-07-26,https://www.zameen.com/Property/bahria_town_sector_e_bahria_town_-_johar_block_10_marla_double_hight_lobby_house_for_sale_in_johar_block_bahria_town_lahore-53417000-1809-1.html
10 MARLA LUXURY MODREN HOUSE FOR SALE IN NISHTER BLOCK BAHRIA TOWN LAHORE,PKR 3.5 Crore,35000000,5,6,10 Marla,2250.0,15555,House,True,38,38Share on FacebookShare on TwitterShare on WhatsAppSend via GMailSend via E-Mail,81,Houses_Lahore,for_sale,2026-07-26,https://www.zameen.com/Property/bahria_town_sector_e_bahria_town_-_nishtar_block_10_marla_luxury_modren_house_for_sale_in_nishter_block_bahria_town_lahore-52920264-1806-1.html
Beautiful Constructed 10.5 Marla Single Storey House For Sale In T & T Abpara Housing Society A Block,PKR 3.2 Crore,32000000,3,3,10 Marla,2250.0,14222,House,False,23,23Share on FacebookShare on TwitterShare on WhatsAppSend via GMailSend via E-Mail,81,Houses_Lahore,for_sale,2026-07-26,https://www.zameen.com/Property/lahore_t_t_aabpara_housing_society_beautiful_constructed_10_5_marla_single_storey_house_for_sale_in_t_t_abpara_housing_society_a_block-53494918-1517-1.html
5 MARLA ULTRA LUXURY HOUSE FOR SALE IN BB BLOCK SECTOR D BAHRIA TOWN LAHORE,PKR 2.2 Crore,22000000,3,4,5 Marla,1125.0,19555,House,True,14,14Share on FacebookShare on TwitterShare on WhatsAppSend via GMailSend via E-Mail,81,Houses_Lahore,for_sale,2026-07-26,https://www.zameen.com/Property/bahria_town_sector_d_bahria_town_-_block_bb_5_marla_ultra_luxury_house_for_sale_in_bb_block_sector_d_bahria_town_lahore-52447717-1798-1.html
A PRIME LOCATION 5 MARLA HOUSE FOR SALE IN TULIP EXT BLOCK SECTOR C BAHRIA TOWN LAHORE,PKR 2 Crore,20000000,3,4,5 Marla,1125.0,17777,House,True,14,14Share on FacebookShare on TwitterShare on WhatsAppSend via GMailSend via E-Mail,81,Houses_Lahore,for_sale,2026-07-26,https://www.zameen.com/Property/bahria_town_sector_c_bahria_town_-_tulip_block_a_prime_location_5_marla_house_for_sale_in_tulip_ext_block_sector_c_bahria_town_lahore-49265226-1789-1.html
"10 Marla Residential House For Sale In Overseas B, Nearby Commercial Market, School, Mosuqe and Health Care Canter",PKR 5.7 Crore,57000000,5,6,10 Marla,2250.0,25333,House,True,19,19Share on FacebookShare on TwitterShare on WhatsAppSend via GMailSend via E-Mail,81,Houses_Lahore,for_sale,2026-07-26,https://www.zameen.com/Property/bahria_town_overseas_enclave_bahria_town_-_overseas_b_10_marla_residential_house_for_sale_in_overseas_b_nearby_commercial_market_school_mosuqe_and_health_care_canter-54522132-1813-1.html
10 Marla Brand New Luxury House For Sale In LDA Avenue-1.,PKR 5 Crore,50000000,6,6,10 Marla,2250.0,22222,House,False,20,20Share on FacebookShare on TwitterShare on WhatsAppSend via GMailSend via E-Mail,81,Houses_Lahore,for_sale,2026-07-26,https://www.zameen.com/Property/lahore_lda_avenue_10_marla_brand_new_luxury_house_for_sale_in_lda_avenue-1-54045726-547-1.html
Brand New Triple Storey House For Sale In Johar Town Phase-2.,PKR 2.85 Crore,28500000,5,6,3 Marla,675.0,42222,House,False,5,5Share on FacebookShare on TwitterShare on WhatsAppSend via GMailSend via E-Mail,80,Houses_Lahore,for_sale,2026-07-26,https://www.zameen.com/Property/johar_town_johar_town_phase_2_brand_new_triple_storey_house_for_sale_in_johar_town_phase-2-54146535-3961-1.html
"Prime Location 5 Marla House For Sale In Park View City, Lahore",PKR 1.6 Crore,16000000,4,4,5 Marla,1125.0,14222,House,True,6,super hot6Share on FacebookShare on TwitterShare on WhatsAppSend via GMailSend via E-Mail,89,Houses_Lahore,for_sale,2026-07-26,https://www.zameen.com/Property/lahore_park_view_city_prime_location_5_marla_house_for_sale_in_park_view_city_lahore-50656512-1466-1.html
5 Marla House For Sale Near To Park TOP LOCATION WITH ORIGINAL PICTURES,PKR 2.7 Crore,27000000,4,4,5 Marla,1125.0,24000,House,True,11,super hot11Share on FacebookShare on TwitterShare on WhatsAppSend via GMailSend via E-Mail,90,Houses_Lahore,for_sale,2026-07-26,https://www.zameen.com/Property/dha_9_town_dha_9_town_-_block_a_5_marla_house_for_sale_near_to_park_top_location_with_original_pictures-52534465-8173-1.html
Fully Furnished With Swimming Pool & Cinema Theater 1 Kanal Ultra Modern House For Sale In DHA Phase 6,PKR 22 Crore,220000000,6,7,1 Kanal,4500.0,48888,House,True,47,super hot471Share on FacebookShare on TwitterShare on WhatsAppSend via GMailSend via E-Mail,91,Houses_Lahore,for_sale,2026-07-26,https://www.zameen.com/Property/dha_phase_6_dha_phase_6_-_block_k_fully_furnished_with_swimming_pool_cinema_theater_1_kanal_ultra_modern_house_for_sale_in_dha_phase_6-54065837-1619-1.html
1 Kanal Ultra Modern Brand-New House for Sale in DHA Phase 6,PKR 12 Crore,120000000,5,5,1 Kanal,4500.0,26666,House,True,11,super hot11Share on FacebookShare on TwitterShare on WhatsAppSend via GMailSend via E-Mail,90,Houses_Lahore,for_sale,2026-07-26,https://www.zameen.com/Property/dha_defence_dha_phase_6_1_kanal_ultra_modern_brand-new_house_for_sale_in_dha_phase_6-54391704-1448-1.html
1 Kanal Spacious House Is Available In DHA Phase 7 For Sale,PKR 7.65 Crore,76500000,5,6,1 Kanal,4500.0,17000,House,True,49,super hot49Share on FacebookShare on TwitterShare on WhatsAppSend via GMailSend via E-Mail,90,Houses_Lahore,for_sale,2026-07-26,https://www.zameen.com/Property/dha_defence_dha_phase_7_1_kanal_spacious_house_is_available_in_dha_phase_7_for_sale-51524283-1450-1.html
ANW REAL ESTATE PROUDLY OFFERS: 1 KANAL ELEGANT AND FULLY MAINTAINED SUPER HOT LOCATED BUNGALOW IS AVAILABLE IN THE BEST BLOCK OF DHA PHASE 8 LAHORE.,PKR 6.5 Crore,65000000,5,6,1 Kanal,4500.0,14444,House,True,39,super hot39Share on FacebookShare on TwitterShare on WhatsAppSend via GMailSend via E-Mail,90,Houses_Lahore,for_sale,2026-07-26,https://www.zameen.com/Property/dha_defence_dha_phase_8_anw_real_estate_proudly_offers_1_kanal_elegant_and_fully_maintained_super_hot_located_bungalow_is_available_in_the_best_block_of_dha_phase_8_lahore-54382343-1451-1.html
ANW REAL ESTATE PROUDLY OFFERS: 2 KANAL ELEGANT AND FULLY MAINTAINED SUPER HOT LOCATED BUNGALOW IS AVAILABLE IN THE BEST BLOCK OF DHA PHASE 7 LAHORE.,PKR 26 Crore,260000000,6,7,2 Kanal,9000.0,28888,House,True,39,super hot39Share on FacebookShare on TwitterShare on WhatsAppSend via GMailSend via E-Mail,90,Houses_Lahore,for_sale,2026-07-26,https://www.zameen.com/Property/dha_defence_dha_phase_7_anw_real_estate_proudly_offers_2_kanal_elegant_and_fully_maintained_super_hot_located_bungalow_is_available_in_the_best_block_of_dha_phase_7_lahore-54377499-1450-1.html
ANW REAL ESTATE PROUDLY OFFERS: 10 MARLA ELEGANT AND FULLY FURNISHED FULL BASEMENT SUPER HOT LOCATED BUNGALOW IS AVAILABLE IN THE BEST BLOCK OF DHA PHASE 1 LAHORE.,PKR 7.99 Crore,79900000,5,6,10 Marla,2250.0,35511,House,True,31,super hot31Share on FacebookShare on TwitterShare on WhatsAppSend via GMailSend via E-Mail,90,Houses_Lahore,for_sale,2026-07-26,https://www.zameen.com/Property/dha_defence_dha_phase_1_anw_real_estate_proudly_offers_10_marla_elegant_and_fully_furnished_full_basement_super_hot_located_bungalow_is_available_in_the_best_block_of_dha_phase_1_lahore-54329485-1442-1.html
Brand New 10 Marla Spanish House For Sale In Paragon City Lahore,PKR 6 Crore,60000000,5,6,10 Marla,2250.0,26666,House,True,33,super hot33Share on FacebookShare on TwitterShare on WhatsAppSend via GMailSend via E-Mail,90,Houses_Lahore,for_sale,2026-07-26,https://www.zameen.com/Property/lahore_paragon_city_brand_new_10_marla_spanish_house_for_sale_in_paragon_city_lahore-52077999-1014-1.html
"Luxury 8 Marla House Near Main Gate - Phase 3, Bahria Orchard",PKR 2.65 Crore,26500000,4,4,8 Marla,1800.0,14722,House,True,33,super hot331VerifiedShare on FacebookShare on TwitterShare on WhatsAppSend via GMailSend via E-Mail,99,Houses_Lahore,for_sale,2026-07-26,https://www.zameen.com/Property/bahria_orchard_bahria_orchard_phase_3_luxury_8_marla_house_near_main_gate_-_phase_3_bahria_orchard-54143370-10320-1.html
1 Kanal Ultra-Modern Mansion On 100 feet Road With & Cinema With Rooftop Garden & Solar & Private Office A Rare Gem In The Current Market,PKR 9.85 Crore,98500000,5,6,1 Kanal,4500.0,21888,House,True,35,hot35Share on FacebookShare on TwitterShare on WhatsAppSend via GMailSend via E-Mail,84,Houses_Lahore,for_sale,2026-07-26,https://www.zameen.com/Property/dha_defence_dha_phase_8_1_kanal_ultra-modern_mansion_on_100_feet_road_with_cinema_with_rooftop_garden_solar_private_office_a_rare_gem_in_the_current_market-54174372-1451-1.html
"KANAL BUNGALOW KANAL LAWN NEAR CARREFOUR House For Sale in DHA, LAHORE",PKR 11.5 Crore,115000000,5,7,2 Kanal,9000.0,12777,House,True,45,hot45Share on FacebookShare on TwitterShare on WhatsAppSend via GMailSend via E-Mail,84,Houses_Lahore,for_sale,2026-07-26,https://www.zameen.com/Property/dha_phase_7_dha_phase_7_-_block_y_kanal_bungalow_kanal_lawn_near_carrefour_house_for_sale_in_dha_lahore-54174543-1632-1.html
Corner 4 Marla House In Sabzazar Scheme For Sale At Good Location,PKR 2.25 Crore,22500000,4,4,4 Marla,900.0,25000,House,False,23,hot23Share on FacebookShare on TwitterShare on WhatsAppSend via GMailSend via E-Mail,84,Houses_Lahore,for_sale,2026-07-26,https://www.zameen.com/Property/lahore_sabzazar_scheme_corner_4_marla_house_in_sabzazar_scheme_for_sale_at_good_location-51622408-562-1.html
A 788 Square Feet Brand New House In Lahore Is On The Market For Sale,PKR 2.25 Crore,22500000,4,4,3.5 Marla,787.5,28571,House,False,15,hot15VerifiedShare on FacebookShare on TwitterShare on WhatsAppSend via GMailSend via E-Mail,92,Houses_Lahore,for_sale,2026-07-26,https://www.zameen.com/Property/sabzazar_scheme_sabzazar_scheme_-_block_p_a_788_square_feet_brand_new_house_in_lahore_is_on_the_market_for_sale-51880550-4178-1.html
Lake City 5 Marla Beautiful House For Sale,PKR 3.6 Crore,36000000,4,4,5 Marla,1125.0,32000,House,False,15,hot15Share on FacebookShare on TwitterShare on WhatsAppSend via GMailSend via E-Mail,84,Houses_Lahore,for_sale,2026-07-26,https://www.zameen.com/Property/raiwind_road_lake_city_lake_city_5_marla_beautiful_house_for_sale-54466890-1103-1.html
5 Marla House Available For Sale In Sabzazar Scheme,PKR 2.49 Crore,24900000,5,6,5 Marla,1125.0,22133,House,False,11,hot11VerifiedShare on FacebookShare on TwitterShare on WhatsAppSend via GMailSend via E-Mail,92,Houses_Lahore,for_sale,2026-07-26,https://www.zameen.com/Property/lahore_sabzazar_scheme_5_marla_house_available_for_sale_in_sabzazar_scheme-52101241-562-1.html
10 Marla House In Central Sabzazar Scheme For Sale,PKR 4.45 Crore,44500000,5,5,10 Marla,2250.0,19777,House,False,15,hot15Share on FacebookShare on TwitterShare on WhatsAppSend via GMailSend via E-Mail,84,Houses_Lahore,for_sale,2026-07-26,https://www.zameen.com/Property/lahore_sabzazar_scheme_10_marla_house_in_central_sabzazar_scheme_for_sale-52499840-562-1.html
5 Marla Registry Ultra Modren Design House For Sale,PKR 2.4 Crore,24000000,3,4,5 Marla,1125.0,21333,House,False,14,14Share on FacebookShare on TwitterShare on WhatsAppSend via GMailSend via E-Mail,81,Houses_Lahore,for_sale,2026-07-26,https://www.zameen.com/Property/bismillah_housing_scheme_bismillah_housing_scheme_-_haider_block_5_marla_registry_ultra_modren_design_house_for_sale-54372050-15551-1.html
5 Marla Modren Elevation Furnished House For Sale,PKR 2.6 Crore,26000000,4,5,5 Marla,1125.0,23111,House,False,19,19Share on FacebookShare on TwitterShare on WhatsAppSend via GMailSend via E-Mail,81,Houses_Lahore,for_sale,2026-07-26,https://www.zameen.com/Property/gt_road_bismillah_housing_scheme_5_marla_modren_elevation_furnished_house_for_sale-54394992-8446-1.html
5 Marla Furnished House For sale In Bismillah Housing Scheme,PKR 2.3 Crore,23000000,4,5,5 Marla,1125.0,20444,House,False,16,16Share on FacebookShare on TwitterShare on WhatsAppSend via GMailSend via E-Mail,81,Houses_Lahore,for_sale,2026-07-26,https://www.zameen.com/Property/gt_road_bismillah_housing_scheme_5_marla_furnished_house_for_sale_in_bismillah_housing_scheme-54493761-8446-1.html
Luxury 10 Marla Modern House For Sale In LDA Avenue-1.,PKR 4.5 Crore,45000000,7,6,10 Marla,2250.0,20000,House,False,32,32Share on FacebookShare on TwitterShare on WhatsAppSend via GMailSend via E-Mail,81,Houses_Lahore,for_sale,2026-07-26,https://www.zameen.com/Property/lahore_lda_avenue_luxury_10_marla_modern_house_for_sale_in_lda_avenue-1-54365756-547-1.html
10 Marla Good Location House For Sale In LDA Avenue-1.,PKR 3.45 Crore,34500000,5,6,10 Marla,2250.0,15333,House,False,14,14Share on FacebookShare on TwitterShare on WhatsAppSend via GMailSend via E-Mail,81,Houses_Lahore,for_sale,2026-07-26,https://www.zameen.com/Property/lahore_lda_avenue_10_marla_good_location_house_for_sale_in_lda_avenue-1-54321725-547-1.html
1 Kanal Most Luxurious House For Sale In LDA Avenue-1 Lahore.,PKR 5.95 Crore,59500000,7,6,1 Kanal,4500.0,13222,House,False,13,13Share on FacebookShare on TwitterShare on WhatsAppSend via GMailSend via E-Mail,81,Houses_Lahore,for_sale,2026-07-26,https://www.zameen.com/Property/lahore_lda_avenue_1_kanal_most_luxurious_house_for_sale_in_lda_avenue-1_lahore-54467429-547-1.html
"10 Marla Residential House For Sale In Sector C, Nearby Commercial Market, School, Mosuqe and Health Care Canter",PKR 5.6 Crore,56000000,5,6,10 Marla,2250.0,24888,House,True,22,22Share on FacebookShare on TwitterShare on WhatsAppSend via GMailSend via E-Mail,81,Houses_Lahore,for_sale,2026-07-26,https://www.zameen.com/Property/bahria_town_bahria_town_-_sector_c_10_marla_residential_house_for_sale_in_sector_c_nearby_commercial_market_school_mosuqe_and_health_care_canter-54522124-1784-1.html
1 Kanal Owner Built House on 60-Ft road is avaliable for sale in LDA Avenue-1 Lahore.,PKR 6.25 Crore,62500000,7,6,1 Kanal,4500.0,13888,House,False,44,44Share on FacebookShare on TwitterShare on WhatsAppSend via GMailSend via E-Mail,81,Houses_Lahore,for_sale,2026-07-26,https://www.zameen.com/Property/lahore_lda_avenue_1_kanal_owner_built_house_on_60-ft_road_is_avaliable_for_sale_in_lda_avenue-1_lahore-54506203-547-1.html
Luxury 1 Kanal House in DHA Phase 7 | Fully Furnished | Private Swimming Pool | Rooftop | Architect Mazhar Munir | 100% Original Deal,PKR 8.29 Crore,82899999,6,6,1 Kanal,4500.0,18422,House,True,48,super hot48Share on FacebookShare on TwitterShare on WhatsAppSend via GMailSend via E-Mail,90,Houses_Lahore,for_sale,2026-07-26,https://www.zameen.com/Property/dha_defence_dha_phase_7_luxury_1_kanal_house_in_dha_phase_7_fully_furnished_private_swimming_pool_rooftop_architect_mazhar_munir_100_original_deal-51823517-1450-1.html
10 Marla Brand New House For Sale In Lake City - Sector M-6 Raiwind Road Lahore,PKR 5.85 Crore,58500000,6,6,10 Marla,2250.0,26000,House,True,26,super hot26Share on FacebookShare on TwitterShare on WhatsAppSend via GMailSend via E-Mail,90,Houses_Lahore,for_sale,2026-07-26,https://www.zameen.com/Property/lake_city_lake_city_-_sector_m-6_10_marla_brand_new_house_for_sale_in_lake_city_-_sector_m-6_raiwind_road_lahore-54169067-4008-1.html
Eyes Catching Brand New Luxurious House For Sale With Study Room Very Close To Park And Mosque Walking Distance Raya Fairway Very Reasonable Deal In DHA Phase 6 Block N,PKR 8.12 Crore,81199999,5,6,1 Kanal,4500.0,18044,House,True,48,super hot48Share on FacebookShare on TwitterShare on WhatsAppSend via GMailSend via E-Mail,90,Houses_Lahore,for_sale,2026-07-26,https://www.zameen.com/Property/dha_defence_dha_phase_6_eyes_catching_brand_new_luxurious_house_for_sale_with_study_room_very_close_to_park_and_mosque_walking_distance_raya_fairway_very_reasonable_deal_in_dha_phase_6_block_n-54399157-1448-1.html
5 Marla Brand New Ultra Modern Design House For Sale In DHA 9 Town Top Location Near To Park Near To Commercial Area Near To Main Road,PKR 2.55 Crore,25500000,3,4,5 Marla,1125.0,22666,House,True,25,super hot25Share on FacebookShare on TwitterShare on WhatsAppSend via GMailSend via E-Mail,90,Houses_Lahore,for_sale,2026-07-26,https://www.zameen.com/Property/dha_defence_dha_9_town_5_marla_brand_new_ultra_modern_design_house_for_sale_in_dha_9_town_top_location_near_to_park_near_to_commercial_area_near_to_main_road-54521147-1452-1.html
Experience Grand Living | 1 Kanal Luxury Home With Premium Interiors,PKR 10.4 Crore,104000000,5,6,1 Kanal,4500.0,23111,House,True,28,super hot28Share on FacebookShare on TwitterShare on WhatsAppSend via GMailSend via E-Mail,90,Houses_Lahore,for_sale,2026-07-26,https://www.zameen.com/Property/dha_defence_dha_phase_7_experience_grand_living_1_kanal_luxury_home_with_premium_interiors-54489403-1450-1.html
Brand New Ultra Luxury Designer House | Grand Modern Elevation | Prime DHA Location,PKR 9 Crore,90000000,5,6,1 Kanal,4500.0,20000,House,True,19,super hot19Share on FacebookShare on TwitterShare on WhatsAppSend via GMailSend via E-Mail,90,Houses_Lahore,for_sale,2026-07-26,https://www.zameen.com/Property/dha_defence_dha_phase_7_brand_new_ultra_luxury_designer_house_grand_modern_elevation_prime_dha_location-54188650-1450-1.html
1 Kanal Brand New Luxury House | Prime Location | DHA Phase 7 Lahore,PKR 9 Crore,90000000,5,6,1 Kanal,4500.0,20000,House,True,31,super hot31Share on FacebookShare on TwitterShare on WhatsAppSend via GMailSend via E-Mail,90,Houses_Lahore,for_sale,2026-07-26,https://www.zameen.com/Property/dha_defence_dha_phase_7_1_kanal_brand_new_luxury_house_prime_location_dha_phase_7_lahore-54474178-1450-1.html
1 KANAL ULTRA LUXURY HOUSE FOR SALE IN THE HEART OF DHA,PKR 8 Crore,80000000,5,6,1 Kanal,4500.0,17777,House,True,19,super hot19Share on FacebookShare on TwitterShare on WhatsAppSend via GMailSend via E-Mail,90,Houses_Lahore,for_sale,2026-07-26,https://www.zameen.com/Property/dha_defence_dha_phase_7_1_kanal_ultra_luxury_house_for_sale_in_the_heart_of_dha-54153757-1450-1.html
Most Elegant Ultra Modern 10 Marla Designer House Available For Sale Near To Defence Raya Golf Course,PKR 4.75 Crore,47500000,4,5,10 Marla,2250.0,21111,House,True,13,super hot13Share on FacebookShare on TwitterShare on WhatsAppSend via GMailSend via E-Mail,90,Houses_Lahore,for_sale,2026-07-26,https://www.zameen.com/Property/dha_defence_dha_phase_7_most_elegant_ultra_modern_10_marla_designer_house_available_for_sale_near_to_defence_raya_golf_course-54501028-1450-1.html
3 Kanal Ultra-Luxury Modern Residence In Phase 7 Y Block_ A Masterpiece Of Contemporary Living 2 Street From Park,PKR 23.05 Crore,230500000,6,7,3 Kanal,13500.0,17074,House,True,48,super hot481VerifiedShare on FacebookShare on TwitterShare on WhatsAppSend via GMailSend via E-Mail,99,Houses_Lahore,for_sale,2026-07-26,https://www.zameen.com/Property/dha_phase_7_dha_phase_7_-_block_y_3_kanal_ultra-luxury_modern_residence_in_phase_7_y_block_a_masterpiece_of_contemporary_living_2_street_from_park-54258530-1632-1.html
1 Kanal Top Quality Build Luxurious Beautiful Ultra Modern Design Villa Full Furnished With Basement For Sale In DHA Lahore Phase 6 Prime Location,PKR 9.12 Crore,91199999,6,6,1 Kanal,4500.0,20266,House,True,47,hot47Share on FacebookShare on TwitterShare on WhatsAppSend via GMailSend via E-Mail,84,Houses_Lahore,for_sale,2026-07-26,https://www.zameen.com/Property/dha_phase_6_dha_phase_6_-_block_g_1_kanal_top_quality_build_luxurious_beautiful_ultra_modern_design_villa_full_furnished_with_basement_for_sale_in_dha_lahore_phase_6_prime_location-52647064-1616-1.html
1 Kanal Lawn Top Quality Build Luxurious Beautiful Ultra Modern Design Villa Full Furnished With Basement For Sale In DHA Lahore Phase 7 Prime Location,PKR 7.82 Crore,78200000,5,6,1 Kanal,4500.0,17377,House,True,49,hot49Share on FacebookShare on TwitterShare on WhatsAppSend via GMailSend via E-Mail,84,Houses_Lahore,for_sale,2026-07-26,https://www.zameen.com/Property/dha_phase_7_dha_phase_7_-_block_s_1_kanal_lawn_top_quality_build_luxurious_beautiful_ultra_modern_design_villa_full_furnished_with_basement_for_sale_in_dha_lahore_phase_7_prime_location-52659456-1626-1.html
5 MARLA BRAND NEW SPANISH DESIGN BUNGALOW FOR SALE NEAR PARK & ASKAR 11 IN DHA 9 TOWN,PKR 2.44 Crore,24400000,4,4,5 Marla,1125.0,21688,House,False,38,hot38Share on FacebookShare on TwitterShare on WhatsAppSend via GMailSend via E-Mail,84,Houses_Lahore,for_sale,2026-07-26,https://www.zameen.com/Property/dha_defence_dha_9_town_5_marla_brand_new_spanish_design_bungalow_for_sale_near_park_askar_11_in_dha_9_town-54419491-1452-1.html
House Of 1 Kanal In Wapda Town Phase 1 - Block H2 For Sale,PKR 3.5 Crore,35000000,2,3,1 Kanal,4500.0,7777,House,False,10,hot10VerifiedShare on FacebookShare on TwitterShare on WhatsAppSend via GMailSend via E-Mail,92,Houses_Lahore,for_sale,2026-07-26,https://www.zameen.com/Property/wapda_town_phase_1_wapda_town_phase_1_-_block_h2_house_of_1_kanal_in_wapda_town_phase_1_-_block_h2_for_sale-54319697-4320-1.html
10 Marla House For Sale,PKR 4.15 Crore,41500000,5,6,10 Marla,2250.0,18444,House,False,11,hot11Share on FacebookShare on TwitterShare on WhatsAppSend via GMailSend via E-Mail,84,Houses_Lahore,for_sale,2026-07-26,https://www.zameen.com/Property/wapda_town_phase_1_wapda_town_phase_1_-_block_f2_10_marla_house_for_sale-54498273-4314-1.html
"10 Marla Ultra Modern Design 500 Kanal Park Facing House For Sale, In Central park housing scheme Lahore.",PKR 4.25 Crore,42500000,5,6,10 Marla,2250.0,18888,House,False,15,hot15Share on FacebookShare on TwitterShare on WhatsAppSend via GMailSend via E-Mail,84,Houses_Lahore,for_sale,2026-07-26,https://www.zameen.com/Property/lahore_central_park_housing_scheme_10_marla_ultra_modern_design_500_kanal_park_facing_house_for_sale_in_central_park_housing_scheme_lahore-54491695-1013-1.html
Prime Location 2 Kanal 4 Marla Old House For Sale In Gulberg Lahore,PKR 28 Crore,280000000,6,6,2.2 Kanal,9900.0,28282,House,False,5,hot5Share on FacebookShare on TwitterShare on WhatsAppSend via GMailSend via E-Mail,83,Houses_Lahore,for_sale,2026-07-26,https://www.zameen.com/Property/lahore_gulberg_prime_location_2_kanal_4_marla_old_house_for_sale_in_gulberg_lahore-53825492-7-1.html
5 Marla Designer House for Sale | Hot Location,PKR 2 Crore,20000000,3,4,5 Marla,1125.0,17777,House,False,20,20Share on FacebookShare on TwitterShare on WhatsAppSend via GMailSend via E-Mail,81,Houses_Lahore,for_sale,2026-07-26,https://www.zameen.com/Property/bahria_town_sector_e_bahria_town_-_nishtar_extension_block_5_marla_designer_house_for_sale_hot_location-54489645-14414-1.html
5 Malra Luxury Designer Spanish House | Opportunity For Overseas,PKR 2.2 Crore,22000000,3,4,5 Marla,1125.0,19555,House,False,27,27Share on FacebookShare on TwitterShare on WhatsAppSend via GMailSend via E-Mail,81,Houses_Lahore,for_sale,2026-07-26,https://www.zameen.com/Property/bahria_town_overseas_enclave_bahria_town_-_overseas_c_5_malra_luxury_designer_spanish_house_opportunity_for_overseas-54490125-17552-1.html
"10 Marla Residential House For Sale In Janiper Bock, Nearby Commercial Market, School, Mosuqe and Health Care Canter",PKR 4.4 Crore,44000000,5,6,10 Marla,2250.0,19555,House,True,27,27Share on FacebookShare on TwitterShare on WhatsAppSend via GMailSend via E-Mail,81,Houses_Lahore,for_sale,2026-07-26,https://www.zameen.com/Property/bahria_town_sector_c_bahria_town_-_janiper_block_10_marla_residential_house_for_sale_in_janiper_bock_nearby_commercial_market_school_mosuqe_and_health_care_canter-54522105-1792-1.html
10 Marla House For Families | Prime Location | Reasonable Price,PKR 4.8 Crore,48000000,5,6,10 Marla,2250.0,21333,House,False,19,19Share on FacebookShare on TwitterShare on WhatsAppSend via GMailSend via E-Mail,81,Houses_Lahore,for_sale,2026-07-26,https://www.zameen.com/Property/bahria_town_sector_c_bahria_town_-_nargis_extension_10_marla_house_for_families_prime_location_reasonable_price-54498629-9839-1.html
"10 Marla Residential House For Sale In Jinnah Bock, Nearby Commercial Market, School, Mosuqe and Health Care Canter",PKR 4 Crore,40000000,5,6,10 Marla,2250.0,17777,House,True,20,20Share on FacebookShare on TwitterShare on WhatsAppSend via GMailSend via E-Mail,81,Houses_Lahore,for_sale,2026-07-26,https://www.zameen.com/Property/bahria_town_sector_e_bahria_town_-_jinnah_block_10_marla_residential_house_for_sale_in_jinnah_bock_nearby_commercial_market_school_mosuqe_and_health_care_canter-54522091-1804-1.html
5 Marla Brand New House Available For Sale In Lake City,PKR 2.8 Crore,28000000,4,4,5 Marla,1125.0,24888,House,True,11,11Share on FacebookShare on TwitterShare on WhatsAppSend via GMailSend via E-Mail,81,Houses_Lahore,for_sale,2026-07-26,https://www.zameen.com/Property/raiwind_road_lake_city_5_marla_brand_new_house_available_for_sale_in_lake_city-54244186-1103-1.html
5 Marla Brand New House Available For Sale In Lake City,PKR 3.2 Crore,32000000,4,4,5 Marla,1125.0,28444,House,True,19,19Share on FacebookShare on TwitterShare on WhatsAppSend via GMailSend via E-Mail,81,Houses_Lahore,for_sale,2026-07-26,https://www.zameen.com/Property/raiwind_road_lake_city_5_marla_brand_new_house_available_for_sale_in_lake_city-54477807-1103-1.html
1 Kanal House With Basement Avaliable For Sale in Lake City,PKR 12.5 Crore,125000000,6,6,1 Kanal,4500.0,27777,House,True,15,15Share on FacebookShare on TwitterShare on WhatsAppSend via GMailSend via E-Mail,81,Houses_Lahore,for_sale,2026-07-26,https://www.zameen.com/Property/raiwind_road_lake_city_1_kanal_house_with_basement_avaliable_for_sale_in_lake_city-54505448-1103-1.html
1 Kanal Very Luxury House | 5 Master Bedrooms | Grand Double Height Lobby,PKR 11.49 Crore,114900000,11,6,1 Kanal,4500.0,25533,House,True,49,super hot49Share on FacebookShare on TwitterShare on WhatsAppSend via GMailSend via E-Mail,90,Houses_Lahore,for_sale,2026-07-26,https://www.zameen.com/Property/dha_defence_dha_phase_6_1_kanal_very_luxury_house_5_master_bedrooms_grand_double_height_lobby-54489840-1448-1.html
5 Marla Ultra Modern Designer House For Sale in Lake City Lahore,PKR 3.24 Crore,32400000,4,5,5 Marla,1125.0,28800,House,True,17,super hot17Share on FacebookShare on TwitterShare on WhatsAppSend via GMailSend via E-Mail,90,Houses_Lahore,for_sale,2026-07-26,https://www.zameen.com/Property/lake_city_lake_city_-_sector_m-7b_5_marla_ultra_modern_designer_house_for_sale_in_lake_city_lahore-54520967-19059-1.html
2 Kanal House For Sale At Super Hot Location Near Park Commercial,PKR 21.75 Crore,217500000,6,6,2 Kanal,9000.0,24166,House,True,17,super hot17Share on FacebookShare on TwitterShare on WhatsAppSend via GMailSend via E-Mail,90,Houses_Lahore,for_sale,2026-07-26,https://www.zameen.com/Property/dha_phase_6_dha_phase_6_-_block_k_2_kanal_house_for_sale_at_super_hot_location_near_park_commercial-51813229-1619-1.html
Kanal Modern Luxury House For Sale Close To Macdonold Park & Commercial,PKR 7.65 Crore,76500000,5,6,1 Kanal,4500.0,17000,House,True,20,super hot20Share on FacebookShare on TwitterShare on WhatsAppSend via GMailSend via E-Mail,90,Houses_Lahore,for_sale,2026-07-26,https://www.zameen.com/Property/dha_phase_7_dha_phase_7_-_block_y_kanal_modern_luxury_house_for_sale_close_to_macdonold_park_commercial-54467604-1632-1.html
1 Kanal Luxury Bungalow For Sale in DHA Lahore,PKR 9.5 Crore,95000000,5,6,1 Kanal,4500.0,21111,House,True,17,super hot17Share on FacebookShare on TwitterShare on WhatsAppSend via GMailSend via E-Mail,90,Houses_Lahore,for_sale,2026-07-26,https://www.zameen.com/Property/dha_phase_7_dha_phase_7_-_block_u_1_kanal_luxury_bungalow_for_sale_in_dha_lahore-54426520-1628-1.html
House For Sale,PKR 10.75 Crore,107500000,5,6,1 Kanal,4500.0,23888,House,True,38,super hot38Share on FacebookShare on TwitterShare on WhatsAppSend via GMailSend via E-Mail,90,Houses_Lahore,for_sale,2026-07-26,https://www.zameen.com/Property/bahria_town_bahria_town_-_sector_d_house_for_sale-54474055-1796-1.html
9 Marla Double Story House For Sale Near College Road,PKR 3.1 Crore,31000000,5,6,9 Marla,2025.0,15308,House,True,5,super hot5Share on FacebookShare on TwitterShare on WhatsAppSend via GMailSend via E-Mail,89,Houses_Lahore,for_sale,2026-07-26,https://www.zameen.com/Property/lahore_pcsir_staff_colony_9_marla_double_story_house_for_sale_near_college_road-54468880-4573-1.html
5 MARLA BRAND NEW ULTRA MODERN HOUSE FOR SALE NEAR TO PARK DHA,PKR 2.34 Crore,23400000,3,4,5 Marla,1125.0,20800,House,True,20,super hot20Share on FacebookShare on TwitterShare on WhatsAppSend via GMailSend via E-Mail,90,Houses_Lahore,for_sale,2026-07-26,https://www.zameen.com/Property/dha_defence_dha_9_town_5_marla_brand_new_ultra_modern_house_for_sale_near_to_park_dha-54520449-1452-1.html
5-Marla Brand New Corner House For Sale,PKR 2.65 Crore,26500000,5,5,5 Marla,1125.0,23555,House,True,37,super hot37Share on FacebookShare on TwitterShare on WhatsAppSend via GMailSend via E-Mail,90,Houses_Lahore,for_sale,2026-07-26,https://www.zameen.com/Property/lahore_canal_garden_5-marla_brand_new_corner_house_for_sale-54436444-1287-1.html
1 Kanal Corner Single Storey House For Sale In Punjab Coop Housing Society LHR,PKR 4.45 Crore,44500000,3,4,1 Kanal,4500.0,9888,House,True,6,super hot6Share on FacebookShare on TwitterShare on WhatsAppSend via GMailSend via E-Mail,89,Houses_Lahore,for_sale,2026-07-26,https://www.zameen.com/Property/punjab_coop_housing_society_punjab_coop_housing_-_block_b_1_kanal_corner_single_storey_house_for_sale_in_punjab_coop_housing_society_lhr-49142408-4152-1.html
2 Kanal Used Modern Design Most Beautiful 6-Bedroom Bungalow For Sale At Prime Location Of Dha Lahore Near To Park Masjid & Commercial Market .,PKR 14.5 Crore,145000000,14,7,2 Kanal,9000.0,16111,House,True,23,hot23Share on FacebookShare on TwitterShare on WhatsAppSend via GMailSend via E-Mail,84,Houses_Lahore,for_sale,2026-07-26,https://www.zameen.com/Property/dha_phase_3_dha_phase_3_-_block_w_2_kanal_used_modern_design_most_beautiful_6-bedroom_bungalow_for_sale_at_prime_location_of_dha_lahore_near_to_park_masjid_commercial_market-53546639-1584-1.html
Ultra Luxury 1 Kanal House For Sale In Bahria Town Lahore,PKR 7.5 Crore,75000000,6,6,1 Kanal,4500.0,16666,House,True,24,hot24Share on FacebookShare on TwitterShare on WhatsAppSend via GMailSend via E-Mail,84,Houses_Lahore,for_sale,2026-07-26,https://www.zameen.com/Property/bahria_town_sector_c_bahria_town_-_nargis_block_ultra_luxury_1_kanal_house_for_sale_in_bahria_town_lahore-54341531-1791-1.html
1 Kanal Full Basement Fully Furnished Luxury House With Solar System For Sale In K Block DHA Phase 6 Lahore,PKR 25.5 Crore,255000000,5,6,1 Kanal,4500.0,56666,House,False,48,hot48Share on FacebookShare on TwitterShare on WhatsAppSend via GMailSend via E-Mail,84,Houses_Lahore,for_sale,2026-07-26,https://www.zameen.com/Property/dha_phase_6_dha_phase_6_-_block_k_1_kanal_full_basement_fully_furnished_luxury_house_with_solar_system_for_sale_in_k_block_dha_phase_6_lahore-53815135-1619-1.html
"ULTRA MODERN 1 KANAL BRAND NEW HOUSE FOR SALE Location: DHA Phase 7, Lahore | Prime Location",PKR 6.95 Crore,69500000,5,7,1 Kanal,4500.0,15444,House,False,49,hot49Share on FacebookShare on TwitterShare on WhatsAppSend via GMailSend via E-Mail,84,Houses_Lahore,for_sale,2026-07-26,https://www.zameen.com/Property/dha_phase_7_dha_phase_7_-_block_t_ultra_modern_1_kanal_brand_new_house_for_sale_location_dha_phase_7_lahore_prime_location-54472135-1627-1.html
5 Marla Beautiful Modern House for Sale,PKR 2.85 Crore,28500000,4,4,5 Marla,1125.0,25333,House,False,18,hot18Share on FacebookShare on TwitterShare on WhatsAppSend via GMailSend via E-Mail,84,Houses_Lahore,for_sale,2026-07-26,https://www.zameen.com/Property/paragon_city_paragon_city_-_woods_block_5_marla_beautiful_modern_house_for_sale-54332958-4114-1.html
1 Kanal Exceptional House with High-Quality Construction,PKR 7.5 Crore,75000000,6,7,1 Kanal,4500.0,16666,House,False,21,hot21Share on FacebookShare on TwitterShare on WhatsAppSend via GMailSend via E-Mail,84,Houses_Lahore,for_sale,2026-07-26,https://www.zameen.com/Property/paragon_city_paragon_city_-_imperial_block_1_kanal_exceptional_house_with_high-quality_construction-54394630-9245-1.html
100 % Original Deal One Kanal Most Beautiful Fully Furnished Galleria Design House Available For Sale Near To Jalal Sons DHA Phase 5,PKR 13.75 Crore,137500000,5,6,1.3 Kanal,5850.0,23504,House,False,38,hot38Share on FacebookShare on TwitterShare on WhatsAppSend via GMailSend via E-Mail,84,Houses_Lahore,for_sale,2026-07-26,https://www.zameen.com/Property/dha_phase_5_dha_phase_5_-_block_k_100_original_deal_one_kanal_most_beautiful_fully_furnished_galleria_design_house_available_for_sale_near_to_jalal_sons_dha_phase_5-54418910-1607-1.html
1 Kanal Ultra Modern Brand New House For Sale In Wapda Town - Block E1 Lahore,PKR 9 Crore,90000000,6,6,1 Kanal,4500.0,20000,House,True,21,21Share on FacebookShare on TwitterShare on WhatsAppSend via GMailSend via E-Mail,81,Houses_Lahore,for_sale,2026-07-26,https://www.zameen.com/Property/wapda_town_phase_1_wapda_town_phase_1_-_block_e1_1_kanal_ultra_modern_brand_new_house_for_sale_in_wapda_town_-_block_e1_lahore-54240929-4311-1.html
"10 Marla Residential House For Sale In Quaid Bock, Nearby Commercial Market, School, Mosuqe and Health Care Canter",PKR 3.3 Crore,33000000,5,6,10 Marla,2250.0,14666,House,True,17,17Share on FacebookShare on TwitterShare on WhatsAppSend via GMailSend via E-Mail,81,Houses_Lahore,for_sale,2026-07-26,https://www.zameen.com/Property/bahria_town_sector_e_bahria_town_-_quaid_block_10_marla_residential_house_for_sale_in_quaid_bock_nearby_commercial_market_school_mosuqe_and_health_care_canter-54522085-1808-1.html
Corner 5 Marla Brand New House For Sale In Lake City - Sector M-7B Lake City Lahore,PKR 2.85 Crore,28500000,4,5,5 Marla,1125.0,25333,House,True,17,17Share on FacebookShare on TwitterShare on WhatsAppSend via GMailSend via E-Mail,81,Houses_Lahore,for_sale,2026-07-26,https://www.zameen.com/Property/lake_city_lake_city_-_sector_m-7b_corner_5_marla_brand_new_house_for_sale_in_lake_city_-_sector_m-7b_lake_city_lahore-54233919-19059-1.html
12 Marla Slightly Used HOuse For Sale In Lake City Raieind Road Lahore,PKR 4.9 Crore,49000000,5,5,12 Marla,2700.0,18148,House,True,29,29Share on FacebookShare on TwitterShare on WhatsAppSend via GMailSend via E-Mail,81,Houses_Lahore,for_sale,2026-07-26,https://www.zameen.com/Property/raiwind_road_lake_city_12_marla_slightly_used_house_for_sale_in_lake_city_raieind_road_lahore-54233880-1103-1.html
5 Marla Brand New House For Sale In Lake City - Sector M-6 Raiwind Road Lahore,PKR 3.6 Crore,36000000,4,5,5 Marla,1125.0,32000,House,True,15,15Share on FacebookShare on TwitterShare on WhatsAppSend via GMailSend via E-Mail,81,Houses_Lahore,for_sale,2026-07-26,https://www.zameen.com/Property/lake_city_lake_city_-_sector_m-6_5_marla_brand_new_house_for_sale_in_lake_city_-_sector_m-6_raiwind_road_lahore-54227877-4008-1.html
"10 Marla Residential House For Sale In Chambelli Block, Nearby Commercial Market, School, Mosuqe and Health Care Canter",PKR 5.85 Crore,58500000,5,6,10 Marla,2250.0,26000,House,True,22,22Share on FacebookShare on TwitterShare on WhatsAppSend via GMailSend via E-Mail,81,Houses_Lahore,for_sale,2026-07-26,https://www.zameen.com/Property/bahria_town_sector_c_bahria_town_-_chambelli_block_10_marla_residential_house_for_sale_in_chambelli_block_nearby_commercial_market_school_mosuqe_and_health_care_canter-54522081-1788-1.html
5 Marla House Available For Sale In Lahore Motorway City,PKR 74.5 Lakh,7450000,3,3,5 Marla,1125.0,6622,House,False,9,9Share on FacebookShare on TwitterShare on WhatsAppSend via GMailSend via E-Mail,80,Houses_Lahore,for_sale,2026-07-26,https://www.zameen.com/Property/lahore_motorway_city_lahore_motorway_city_-_block_s_5_marla_house_available_for_sale_in_lahore_motorway_city-51333913-15571-1.html
5 Marla Grey Structure House Available For Sale In Lahore Motorway City,PKR 58.5 Lakh,5850000,3,3,5 Marla,1125.0,5200,House,False,31,31Share on FacebookShare on TwitterShare on WhatsAppSend via GMailSend via E-Mail,81,Houses_Lahore,for_sale,2026-07-26,https://www.zameen.com/Property/lahore_lahore_motorway_city_5_marla_grey_structure_house_available_for_sale_in_lahore_motorway_city-52878845-8372-1.html
1 Kanal Luxury Look House For Sale In DHA Phase 6 Lahore,PKR 11.5 Crore,115000000,5,6,1 Kanal,4500.0,25555,House,True,20,super hot20Share on FacebookShare on TwitterShare on WhatsAppSend via GMailSend via E-Mail,90,Houses_Lahore,for_sale,2026-07-26,https://www.zameen.com/Property/dha_defence_dha_phase_6_1_kanal_luxury_look_house_for_sale_in_dha_phase_6_lahore-54456227-1448-1.html
3 Marla Ready For Possession House On 3 Years Installments In LDA Approved Scheme Central Cottages Lahore,PKR 1.25 Crore,12500000,3,3,3 Marla,675.0,18518,House,True,11,super hot11Share on FacebookShare on TwitterShare on WhatsAppSend via GMailSend via E-Mail,90,Houses_Lahore,for_sale,2026-07-26,https://www.zameen.com/Property/ferozepur_road_central_cottages_housing_scheme_3_marla_ready_for_possession_house_on_3_years_installments_in_lda_approved_scheme_central_cottages_lahore-54226329-22574-1.html
100% Original Add 1 Kanal Brand New Fully Furnished Ultra Modern House For Sale In DHA Phase 6 Near Raya,PKR 10.25 Crore,102500000,5,6,1 Kanal,4500.0,22777,House,True,46,super hot46Share on FacebookShare on TwitterShare on WhatsAppSend via GMailSend via E-Mail,90,Houses_Lahore,for_sale,2026-07-26,https://www.zameen.com/Property/dha_phase_6_dha_phase_6_-_block_k_100_original_add_1_kanal_brand_new_fully_furnished_ultra_modern_house_for_sale_in_dha_phase_6_near_raya-54385595-1619-1.html
1 Kanal Top Quality Build Luxurious Beautiful Modern Design Villa With Basement For Sale In DHA Lahore Phase 7 Prime Location Near To Park,PKR 8.25 Crore,82500000,5,6,1 Kanal,4500.0,18333,House,True,27,super hot27Share on FacebookShare on TwitterShare on WhatsAppSend via GMailSend via E-Mail,90,Houses_Lahore,for_sale,2026-07-26,https://www.zameen.com/Property/dha_phase_7_dha_phase_7_-_block_y_1_kanal_top_quality_build_luxurious_beautiful_modern_design_villa_with_basement_for_sale_in_dha_lahore_phase_7_prime_location_near_to_park-54516849-1632-1.html
5 Marla Brand New House Available For Sale In Lake City,PKR 3.15 Crore,31500000,4,4,5 Marla,1125.0,28000,House,True,17,super hot17Share on FacebookShare on TwitterShare on WhatsAppSend via GMailSend via E-Mail,90,Houses_Lahore,for_sale,2026-07-26,https://www.zameen.com/Property/lake_city_sector_m_8_lake_city_sector_m8_-_block_b2_5_marla_brand_new_house_available_for_sale_in_lake_city-54476912-18653-1.html
1 Kanal Modern Slightly Use House For Sale In Punjab Coop Housing Society,PKR 6.45 Crore,64500000,5,6,1 Kanal,4500.0,14333,House,True,50,super hot50Share on FacebookShare on TwitterShare on WhatsAppSend via GMailSend via E-Mail,90,Houses_Lahore,for_sale,2026-07-26,https://www.zameen.com/Property/lahore_punjab_coop_housing_society_1_kanal_modern_slightly_use_house_for_sale_in_punjab_coop_housing_society-47755587-456-1.html
Find Your Ideal House In Lahore Under Rs. 62000000,PKR 6.2 Crore,62000000,4,5,9 Marla,2025.0,30617,House,True,36,super hot361VerifiedShare on FacebookShare on TwitterShare on WhatsAppSend via GMailSend via E-Mail,99,Houses_Lahore,for_sale,2026-07-26,https://www.zameen.com/Property/dha_phase_4_dha_phase_4_-_block_kk_find_your_ideal_house_in_lahore_under_rs_62000000-54245814-17171-1.html
"12 Marla Corner Stylish Villa Available For Sale In DHA Phase 7, Y Block",PKR 4.75 Crore,47500000,4,5,12 Marla,2700.0,17592,House,True,19,super hot19Share on FacebookShare on TwitterShare on WhatsAppSend via GMailSend via E-Mail,90,Houses_Lahore,for_sale,2026-07-26,https://www.zameen.com/Property/dha_defence_dha_phase_7_12_marla_corner_stylish_villa_available_for_sale_in_dha_phase_7_y_block-54483774-1450-1.html
Fully Designer Bungalow At Prime Location Of Dha Phase 6,PKR 11.75 Crore,117500000,6,7,1 Kanal,4500.0,26111,House,True,20,super hot20Share on FacebookShare on TwitterShare on WhatsAppSend via GMailSend via E-Mail,90,Houses_Lahore,for_sale,2026-07-26,https://www.zameen.com/Property/dha_phase_6_dha_phase_6_-_block_k_fully_designer_bungalow_at_prime_location_of_dha_phase_6-54349616-1619-1.html
5 Marla Brand New House For Sale in Phase 2 G Block Bahria Orchard Lahore,PKR 1.85 Crore,18500000,3,5,5 Marla,1125.0,16444,House,True,18,super hot18Share on FacebookShare on TwitterShare on WhatsAppSend via GMailSend via E-Mail,90,Houses_Lahore,for_sale,2026-07-26,https://www.zameen.com/Property/bahria_orchard_bahria_orchard_phase_2_5_marla_brand_new_house_for_sale_in_phase_2_g_block_bahria_orchard_lahore-54521146-8236-1.html
4 Marla Corner Triple Storey House Is Up For Sale,PKR 1.65 Crore,16500000,4,4,4 Marla,900.0,18333,House,True,17,hot17Share on FacebookShare on TwitterShare on WhatsAppSend via GMailSend via E-Mail,84,Houses_Lahore,for_sale,2026-07-26,https://www.zameen.com/Property/lahore_pak_arab_housing_society_4_marla_corner_triple_storey_house_is_up_for_sale-51803229-1006-1.html
10 Marla House Is Up For Sale At B Block,PKR 3.3 Crore,33000000,5,6,10 Marla,2250.0,14666,House,True,24,hot24Share on FacebookShare on TwitterShare on WhatsAppSend via GMailSend via E-Mail,84,Houses_Lahore,for_sale,2026-07-26,https://www.zameen.com/Property/lahore_pak_arab_housing_society_10_marla_house_is_up_for_sale_at_b_block-51804959-1006-1.html
3 Marla Single Storey House On 48 Month Installment Plan With 40% Possession For Sale In Lahore (Kahna),PKR 55 Lakh,5500000,2,2,3 Marla,675.0,8148,House,False,8,hot8Share on FacebookShare on TwitterShare on WhatsAppSend via GMailSend via E-Mail,83,Houses_Lahore,for_sale,2026-07-26,https://www.zameen.com/Property/lahore_kahna_3_marla_single_storey_house_on_48_month_installment_plan_with_40_possession_for_sale_in_lahore_kahna-54202837-9358-1.html
Your Search For House In Green Cap Housing Society Ends Here,PKR 2.65 Crore,26500000,6,6,7 Marla,1575.0,16825,House,False,6,hot6VerifiedShare on FacebookShare on TwitterShare on WhatsAppSend via GMailSend via E-Mail,91,Houses_Lahore,for_sale,2026-07-26,https://www.zameen.com/Property/lahore_green_cap_housing_society_your_search_for_house_in_green_cap_housing_society_ends_here-54140913-8150-1.html
Ideal House For sale In DHA Phase 7 - Block Y,PKR 5.15 Crore,51500000,4,4,10 Marla,2250.0,22888,House,False,30,hot30VerifiedShare on FacebookShare on TwitterShare on WhatsAppSend via GMailSend via E-Mail,92,Houses_Lahore,for_sale,2026-07-26,https://www.zameen.com/Property/dha_phase_7_dha_phase_7_-_block_y_ideal_house_for_sale_in_dha_phase_7_-_block_y-54140918-1632-1.html
Ready To Buy A House 3 Marla In Green Cap Housing Society,PKR 78 Lakh,7800000,3,3,3 Marla,675.0,11555,House,False,24,hot24VerifiedShare on FacebookShare on TwitterShare on WhatsAppSend via GMailSend via E-Mail,92,Houses_Lahore,for_sale,2026-07-26,https://www.zameen.com/Property/lahore_green_cap_housing_society_ready_to_buy_a_house_3_marla_in_green_cap_housing_society-54385730-8150-1.html
Book A 3 Marla House In Green Cap Housing Society,PKR 80 Lakh,8000000,2,2,3 Marla,675.0,11851,House,False,16,hot16Share on FacebookShare on TwitterShare on WhatsAppSend via GMailSend via E-Mail,84,Houses_Lahore,for_sale,2026-07-26,https://www.zameen.com/Property/lahore_green_cap_housing_society_book_a_3_marla_house_in_green_cap_housing_society-54385748-8150-1.html
10 Marla House For Sale In Paragon City Lahore,PKR 4.5 Crore,45000000,5,6,10 Marla,2250.0,20000,House,False,16,16Share on FacebookShare on TwitterShare on WhatsAppSend via GMailSend via E-Mail,81,Houses_Lahore,for_sale,2026-07-26,https://www.zameen.com/Property/lahore_paragon_city_10_marla_house_for_sale_in_paragon_city_lahore-50891456-1014-1.html
10 Marla House For Sale In Paragon City Lahore,PKR 6 Crore,60000000,5,6,10 Marla,2250.0,26666,House,False,28,28Share on FacebookShare on TwitterShare on WhatsAppSend via GMailSend via E-Mail,81,Houses_Lahore,for_sale,2026-07-26,https://www.zameen.com/Property/lahore_paragon_city_10_marla_house_for_sale_in_paragon_city_lahore-50907568-1014-1.html
5 Marla House For Sale In Paragon City Lahore,PKR 2.3 Crore,23000000,3,4,5 Marla,1125.0,20444,House,False,18,18Share on FacebookShare on TwitterShare on WhatsAppSend via GMailSend via E-Mail,81,Houses_Lahore,for_sale,2026-07-26,https://www.zameen.com/Property/lahore_paragon_city_5_marla_house_for_sale_in_paragon_city_lahore-50959912-1014-1.html
1 Kanal Brand New Full Furnished House For Sale In M3 Block,PKR 13 Crore,130000000,5,6,1 Kanal,4500.0,28888,House,False,12,12Share on FacebookShare on TwitterShare on WhatsAppSend via GMailSend via E-Mail,81,Houses_Lahore,for_sale,2026-07-26,https://www.zameen.com/Property/lake_city_lake_city_-_sector_m-3_1_kanal_brand_new_full_furnished_house_for_sale_in_m3_block-54339718-8346-1.html
3 Years Installment Plan Luxury 10 Marla Brand New House In Park View City Lahore,PKR 3.15 Crore,31500000,5,6,10 Marla,2250.0,14000,House,False,13,13Share on FacebookShare on TwitterShare on WhatsAppSend via GMailSend via E-Mail,81,Houses_Lahore,for_sale,2026-07-26,https://www.zameen.com/Property/lahore_park_view_city_3_years_installment_plan_luxury_10_marla_brand_new_house_in_park_view_city_lahore-54506721-1466-1.html
3 Years Installment Plan Luxury 5 Marla Brand New House In Park View City Lahore,PKR 1.5 Crore,15000000,3,2,5 Marla,1125.0,13333,House,False,12,12Share on FacebookShare on TwitterShare on WhatsAppSend via GMailSend via E-Mail,81,Houses_Lahore,for_sale,2026-07-26,https://www.zameen.com/Property/lahore_park_view_city_3_years_installment_plan_luxury_5_marla_brand_new_house_in_park_view_city_lahore-54512156-1466-1.html
3 Years Installment Plan Luxury 5 Marla Brand New House In Park View City Lahore,PKR 1.65 Crore,16500000,4,5,5 Marla,1125.0,14666,House,False,11,11Share on FacebookShare on TwitterShare on WhatsAppSend via GMailSend via E-Mail,81,Houses_Lahore,for_sale,2026-07-26,https://www.zameen.com/Property/lahore_park_view_city_3_years_installment_plan_luxury_5_marla_brand_new_house_in_park_view_city_lahore-54511965-1466-1.html
3 Years Installment Plan Luxury 5 Marla Brand New House In Park View City Lahore,PKR 2 Crore,20000000,4,5,5 Marla,1125.0,17777,House,False,15,15Share on FacebookShare on TwitterShare on WhatsAppSend via GMailSend via E-Mail,81,Houses_Lahore,for_sale,2026-07-26,https://www.zameen.com/Property/lahore_park_view_city_3_years_installment_plan_luxury_5_marla_brand_new_house_in_park_view_city_lahore-54512002-1466-1.html
10 MARLA MODERN DESIGNE TOP LOCATION BUNGALOW DHA LAHORE FOR SALE,PKR 5.5 Lakh,550000,5,6,10 Marla,2250.0,244,House,True,14,super hot14Share on FacebookShare on TwitterShare on WhatsAppSend via GMailSend via E-Mail,90,Houses_Lahore,for_sale,2026-07-26,https://www.zameen.com/Property/dha_phase_8_ex_air_avenue_air_avenue_-_block_m_10_marla_modern_designe_top_location_bungalow_dha_lahore_for_sale-54030599-8182-1.html
10 Marla House For Sale In Near Defence Raya Fair Ways,PKR 5.1 Crore,51000000,5,5,10 Marla,2250.0,22666,House,True,11,super hot11Share on FacebookShare on TwitterShare on WhatsAppSend via GMailSend via E-Mail,90,Houses_Lahore,for_sale,2026-07-26,https://www.zameen.com/Property/dha_phase_7_dha_phase_7_-_block_y_10_marla_house_for_sale_in_near_defence_raya_fair_ways-53986283-1632-1.html
5 brand new house for sale in extension block with solar Plus camera,PKR 2.15 Crore,21500000,4,4,5 Marla,1125.0,19111,House,True,41,super hot41Share on FacebookShare on TwitterShare on WhatsAppSend via GMailSend via E-Mail,90,Houses_Lahore,for_sale,2026-07-26,https://www.zameen.com/Property/park_view_city_park_view_city_-_tulip_extension_block_5_brand_new_house_for_sale_in_extension_block_with_solar_plus_camera-54520258-16719-1.html
1 KANAL MODERN HOUSE IN DHA PHASE 6 GOOD LOCATION,PKR 8.7 Crore,87000000,5,6,1 Kanal,4500.0,19333,House,True,19,super hot19Share on FacebookShare on TwitterShare on WhatsAppSend via GMailSend via E-Mail,90,Houses_Lahore,for_sale,2026-07-26,https://www.zameen.com/Property/dha_defence_dha_phase_6_1_kanal_modern_house_in_dha_phase_6_good_location-50961419-1448-1.html
5.5 Marla Corner Modran Designer Luxury House For Sale In DHA 9 town top location near to commercial near to park,PKR 2.95 Crore,29500000,4,5,5 Marla,1125.0,26222,House,True,22,super hot22Share on FacebookShare on TwitterShare on WhatsAppSend via GMailSend via E-Mail,90,Houses_Lahore,for_sale,2026-07-26,https://www.zameen.com/Property/dha_defence_dha_9_town_5_5_marla_corner_modran_designer_luxury_house_for_sale_in_dha_9_town_top_location_near_to_commercial_near_to_park-54519923-1452-1.html
5 Marla Double Storey New House For Sale,PKR 2.9 Crore,29000000,4,4,5 Marla,1125.0,25777,House,True,24,super hot24Share on FacebookShare on TwitterShare on WhatsAppSend via GMailSend via E-Mail,90,Houses_Lahore,for_sale,2026-07-26,https://www.zameen.com/Property/lahore_samanabad_5_marla_double_storey_new_house_for_sale-53419891-377-1.html
Luxury 5 Marla Black Diamond Facade House for Sale | 3 Master Bedrooms | Double Height Design | DHA Rahbar Phase 11 Sector 2 Block G,PKR 3.45 Crore,34500000,3,4,5 Marla,1125.0,30666,House,True,39,super hot39Share on FacebookShare on TwitterShare on WhatsAppSend via GMailSend via E-Mail,90,Houses_Lahore,for_sale,2026-07-26,https://www.zameen.com/Property/dha_11_rahbar_sector_2_dha_11_rahbar_sector_2_-_block_g_luxury_5_marla_black_diamond_facade_house_for_sale_3_master_bedrooms_double_height_design_dha_rahbar_phase_11_sector_2_block_g-54521092-3721-1.html
TASK EST OFFER : 10 Marla Designer House AI Generated Photo 5 years Old Good Location Park Masjid And Commercial Reasonable Deal For Genuine Custormer In Phase 6 DHA,PKR 5.95 Crore,59500000,4,5,10 Marla,2250.0,26444,House,True,23,super hot23Share on FacebookShare on TwitterShare on WhatsAppSend via GMailSend via E-Mail,90,Houses_Lahore,for_sale,2026-07-26,https://www.zameen.com/Property/dha_phase_6_dha_phase_6_-_block_d_task_est_offer_10_marla_designer_house_ai_generated_photo_5_years_old_good_location_park_masjid_and_commercial_reasonable_deal_for_genuine_custormer_in_phase_6_dha-54512598-1613-1.html
Luxurious 5 Marla Lavish Brand New Bungalow On Top Location For Sale in DHA Phase 9 Town Lahore,PKR 2.74 Crore,27400000,3,4,5 Marla,1125.0,24355,House,True,20,super hot20Share on FacebookShare on TwitterShare on WhatsAppSend via GMailSend via E-Mail,90,Houses_Lahore,for_sale,2026-07-26,https://www.zameen.com/Property/dha_defence_dha_9_town_luxurious_5_marla_lavish_brand_new_bungalow_on_top_location_for_sale_in_dha_phase_9_town_lahore-54520752-1452-1.html
10 Marla House For Sale,PKR 2.6 Crore,26000000,5,6,10 Marla,2250.0,11555,House,True,43,super hot43Share on FacebookShare on TwitterShare on WhatsAppSend via GMailSend via E-Mail,90,Houses_Lahore,for_sale,2026-07-26,https://www.zameen.com/Property/lahore_al_jalil_garden_10_marla_house_for_sale-54238367-8911-1.html
Ideal House For Sale In Pak Arab Housing Society,PKR 2.4 Crore,24000000,3,4,4 Marla,900.0,26666,House,True,27,hot27Share on FacebookShare on TwitterShare on WhatsAppSend via GMailSend via E-Mail,84,Houses_Lahore,for_sale,2026-07-26,https://www.zameen.com/Property/lahore_pak_arab_housing_society_ideal_house_for_sale_in_pak_arab_housing_society-51804918-1006-1.html
5 Marla Luxurious House Is Up For Sale,PKR 2.35 Crore,23500000,5,6,5 Marla,1125.0,20888,House,True,42,hot42Share on FacebookShare on TwitterShare on WhatsAppSend via GMailSend via E-Mail,84,Houses_Lahore,for_sale,2026-07-26,https://www.zameen.com/Property/lahore_shadab_garden_5_marla_luxurious_house_is_up_for_sale-51804903-4451-1.html
5 Marla Home In Gulshan e Lahore Society ( Beside Wapda Town ),PKR 2.45 Crore,24500000,5,5,5 Marla,1125.0,21777,House,False,50,hot50Share on FacebookShare on TwitterShare on WhatsAppSend via GMailSend via E-Mail,84,Houses_Lahore,for_sale,2026-07-26,https://www.zameen.com/Property/lahore_t_t_aabpara_housing_society_5_marla_home_in_gulshan_e_lahore_society_beside_wapda_town-54114751-1517-1.html
3 Years Installment Plan Luxury 1.5 Story 5 Marla Brand New House In Park View City Lahore,PKR 1.45 Crore,14500000,3,2,5 Marla,1125.0,12888,House,False,14,hot14Share on FacebookShare on TwitterShare on WhatsAppSend via GMailSend via E-Mail,84,Houses_Lahore,for_sale,2026-07-26,https://www.zameen.com/Property/lahore_park_view_city_3_years_installment_plan_luxury_1_5_story_5_marla_brand_new_house_in_park_view_city_lahore-54373695-1466-1.html
3 Years Installments Plan 10 Marla Brand New House For Sale In Park View City,PKR 3.15 Crore,31500000,5,6,10 Marla,2250.0,14000,House,False,13,hot13Share on FacebookShare on TwitterShare on WhatsAppSend via GMailSend via E-Mail,84,Houses_Lahore,for_sale,2026-07-26,https://www.zameen.com/Property/lahore_park_view_city_3_years_installments_plan_10_marla_brand_new_house_for_sale_in_park_view_city-54343175-1466-1.html
3 Years Installment Plan Luxury Brand New House In Park View City Lahore,PKR 1.65 Crore,16500000,4,5,5 Marla,1125.0,14666,House,False,17,hot17VerifiedShare on FacebookShare on TwitterShare on WhatsAppSend via GMailSend via E-Mail,92,Houses_Lahore,for_sale,2026-07-26,https://www.zameen.com/Property/lahore_park_view_city_3_years_installment_plan_luxury_brand_new_house_in_park_view_city_lahore-54443253-1466-1.html
3 Years Installment Plan Luxury 5 Marla Brand New House In Park View City Lahore,PKR 1.6 Crore,16000000,4,5,5 Marla,1125.0,14222,House,False,11,hot11Share on FacebookShare on TwitterShare on WhatsAppSend via GMailSend via E-Mail,84,Houses_Lahore,for_sale,2026-07-26,https://www.zameen.com/Property/lahore_park_view_city_3_years_installment_plan_luxury_5_marla_brand_new_house_in_park_view_city_lahore-54460347-1466-1.html
3 Years Installment Plan Luxury 5 Marla Brand New House In Park View City Lahore,PKR 1.7 Crore,17000000,4,5,5 Marla,1125.0,15111,House,False,14,14Share on FacebookShare on TwitterShare on WhatsAppSend via GMailSend via E-Mail,81,Houses_Lahore,for_sale,2026-07-26,https://www.zameen.com/Property/lahore_park_view_city_3_years_installment_plan_luxury_5_marla_brand_new_house_in_park_view_city_lahore-54512092-1466-1.html
3 Years Installment Plan Luxury 5 Marla Brand New House In Park View City Lahore,PKR 2.2 Crore,22000000,4,5,5 Marla,1125.0,19555,House,False,14,14Share on FacebookShare on TwitterShare on WhatsAppSend via GMailSend via E-Mail,81,Houses_Lahore,for_sale,2026-07-26,https://www.zameen.com/Property/lahore_park_view_city_3_years_installment_plan_luxury_5_marla_brand_new_house_in_park_view_city_lahore-54512163-1466-1.html
5 Marla Luxury House For Sale In Park View City Lahore,PKR 2 Crore,20000000,5,4,5 Marla,1125.0,17777,House,True,18,18Share on FacebookShare on TwitterShare on WhatsAppSend via GMailSend via E-Mail,81,Houses_Lahore,for_sale,2026-07-26,https://www.zameen.com/Property/lahore_park_view_city_5_marla_luxury_house_for_sale_in_park_view_city_lahore-52406089-1466-1.html
5 Marla House For Sale In Park ViewCity Lahore,PKR 1.8 Crore,18000000,4,4,5 Marla,1125.0,16000,House,True,14,14Share on FacebookShare on TwitterShare on WhatsAppSend via GMailSend via E-Mail,81,Houses_Lahore,for_sale,2026-07-26,https://www.zameen.com/Property/lahore_park_view_city_5_marla_house_for_sale_in_park_viewcity_lahore-51957661-1466-1.html
5 Marla Luxury House For Sale In Park View City Lahore,PKR 2.5 Crore,25000000,4,5,5 Marla,1125.0,22222,House,True,18,18Share on FacebookShare on TwitterShare on WhatsAppSend via GMailSend via E-Mail,81,Houses_Lahore,for_sale,2026-07-26,https://www.zameen.com/Property/lahore_park_view_city_5_marla_luxury_house_for_sale_in_park_view_city_lahore-52314845-1466-1.html
5 Marla Luxury House For Sale In Park View City Lahore,PKR 2.05 Crore,20500000,4,5,5 Marla,1125.0,18222,House,True,48,48VerifiedShare on FacebookShare on TwitterShare on WhatsAppSend via GMailSend via E-Mail,89,Houses_Lahore,for_sale,2026-07-26,https://www.zameen.com/Property/lahore_park_view_city_5_marla_luxury_house_for_sale_in_park_view_city_lahore-52400351-1466-1.html
1.75 Marla Single Storey House For Sale,PKR 38 Lakh,3800000,1,1,1.7 Marla,382.5,9934,House,False,,Share on FacebookShare on TwitterShare on WhatsAppSend via GMailSend via E-Mail,79,Houses_Lahore,for_sale,2026-07-26,https://www.zameen.com/Property/lahore_tajpura_1_75_marla_single_storey_house_for_sale-53885874-760-1.html
Sale A House In Lahore Prime Location,PKR 6.4 Crore,64000000,4,5,10 Marla,2250.0,28444,House,True,31,super hot31VerifiedShare on FacebookShare on TwitterShare on WhatsAppSend via GMailSend via E-Mail,98,Houses_Lahore,for_sale,2026-07-26,https://www.zameen.com/Property/dha_defence_dha_phase_7_sale_a_house_in_lahore_prime_location-54452042-1450-1.html
DHA Phase 7 House Sized 1 Kanal Is Available,PKR 10 Crore,100000000,5,6,1 Kanal,4500.0,22222,House,True,21,super hot21VerifiedShare on FacebookShare on TwitterShare on WhatsAppSend via GMailSend via E-Mail,98,Houses_Lahore,for_sale,2026-07-26,https://www.zameen.com/Property/dha_defence_dha_phase_7_dha_phase_7_house_sized_1_kanal_is_available-54452110-1450-1.html
One Kanal Slightly Used Like Brand New Ultra Modern Designer Owner Build Bungalow For Sale At Prime Location Of DHA Lahore Near To Park Masjid & Commercial Market,PKR 7.5 Crore,75000000,3,5,1 Kanal,4500.0,16666,House,True,12,super hot12Share on FacebookShare on TwitterShare on WhatsAppSend via GMailSend via E-Mail,90,Houses_Lahore,for_sale,2026-07-26,https://www.zameen.com/Property/dha_phase_2_dha_phase_2_-_block_t_one_kanal_slightly_used_like_brand_new_ultra_modern_designer_owner_build_bungalow_for_sale_at_prime_location_of_dha_lahore_near_to_park_masjid_commercial_market-54070947-1573-1.html
10 Marla Slightly Used Like New House For Sale,PKR 3.8 Crore,38000000,5,6,10 Marla,2250.0,16888,House,True,10,super hot10Share on FacebookShare on TwitterShare on WhatsAppSend via GMailSend via E-Mail,90,Houses_Lahore,for_sale,2026-07-26,https://www.zameen.com/Property/bahria_town_bahria_town_-_sector_f_10_marla_slightly_used_like_new_house_for_sale-54281691-3097-1.html
10 Marla House for Sale,PKR 6.15 Crore,61500000,4,6,10 Marla,2250.0,27333,House,True,15,super hot15Share on FacebookShare on TwitterShare on WhatsAppSend via GMailSend via E-Mail,90,Houses_Lahore,for_sale,2026-07-26,https://www.zameen.com/Property/dha_defence_dha_phase_7_10_marla_house_for_sale-54496252-1450-1.html
Beautifully Constructed Facing Park House Is Available For Sale In Al Jalil Garden - Block G,PKR 3.5 Crore,35000000,5,6,10 Marla,2250.0,15555,House,True,47,super hot471VerifiedShare on FacebookShare on TwitterShare on WhatsAppSend via GMailSend via E-Mail,99,Houses_Lahore,for_sale,2026-07-26,https://www.zameen.com/Property/al_jalil_garden_al_jalil_garden_-_block_g_beautifully_constructed_facing_park_house_is_available_for_sale_in_al_jalil_garden_-_block_g-54379522-16337-1.html
5 Marla Value To Money Modern House Available For Sale IN DHA Phase 9 Town,PKR 2.43 Crore,24300000,3,5,5 Marla,1125.0,21600,House,True,19,super hot19Share on FacebookShare on TwitterShare on WhatsAppSend via GMailSend via E-Mail,90,Houses_Lahore,for_sale,2026-07-26,https://www.zameen.com/Property/dha_defence_dha_9_town_5_marla_value_to_money_modern_house_available_for_sale_in_dha_phase_9_town-54410205-1452-1.html
One Kanal Brand New Modern Ultra Luxury Supreme Location House In DHA Lahore,PKR 11.5 Crore,115000000,5,6,1 Kanal,4500.0,25555,House,True,15,super hot15Share on FacebookShare on TwitterShare on WhatsAppSend via GMailSend via E-Mail,90,Houses_Lahore,for_sale,2026-07-26,https://www.zameen.com/Property/dha_defence_dha_phase_6_one_kanal_brand_new_modern_ultra_luxury_supreme_location_house_in_dha_lahore-54079918-1448-1.html
"100 Percent Original Add Near McDonald's , Perk And Masjid One Kanal Brand New Modern Ultra Luxury Supreme Location House In DHA Lahore",PKR 9.75 Crore,97500000,5,,1 Kanal,4500.0,21666,House,True,15,super hot15Share on FacebookShare on TwitterShare on WhatsAppSend via GMailSend via E-Mail,90,Houses_Lahore,for_sale,2026-07-26,https://www.zameen.com/Property/dha_phase_7_dha_phase_7_-_block_y_100_percent_original_add_near_mcdonald_s_perk_and_masjid_one_kanal_brand_new_modern_ultra_luxury_supreme_location_house_in_dha_lahore-54451195-1632-1.html
Owner Needy 1 Kanal Most Beautiful Modern Design Bungalow For Sale At Prime Location Reasonable Price,PKR 11 Crore,110000000,6,7,1 Kanal,4500.0,24444,House,True,26,super hot26Share on FacebookShare on TwitterShare on WhatsAppSend via GMailSend via E-Mail,90,Houses_Lahore,for_sale,2026-07-26,https://www.zameen.com/Property/dha_defence_dha_phase_6_owner_needy_1_kanal_most_beautiful_modern_design_bungalow_for_sale_at_prime_location_reasonable_price-54404097-1448-1.html
5 Marla Brand New Spanish House Is Up For Sale,PKR 2.55 Crore,25500000,3,4,5 Marla,1125.0,22666,House,True,39,hot39Share on FacebookShare on TwitterShare on WhatsAppSend via GMailSend via E-Mail,84,Houses_Lahore,for_sale,2026-07-26,https://www.zameen.com/Property/lahore_pak_arab_housing_society_5_marla_brand_new_spanish_house_is_up_for_sale-51804888-1006-1.html
"Elegant 10 Marla House In Prime Location Of Pak Arab Brand Construction, Gated Society",PKR 4.8 Crore,48000000,5,6,10 Marla,2250.0,21333,House,True,35,hot35Share on FacebookShare on TwitterShare on WhatsAppSend via GMailSend via E-Mail,84,Houses_Lahore,for_sale,2026-07-26,https://www.zameen.com/Property/lahore_pak_arab_housing_society_elegant_10_marla_house_in_prime_location_of_pak_arab_brand_construction_gated_society-51804879-1006-1.html
2 Kanal Slyghtly Use House Dha Phase 1 B Block Prime Loction,PKR 19.9 Crore,199000000,6,7,2 Kanal,9000.0,22111,House,False,29,hot29Share on FacebookShare on TwitterShare on WhatsAppSend via GMailSend via E-Mail,84,Houses_Lahore,for_sale,2026-07-26,https://www.zameen.com/Property/dha_defence_dha_phase_1_2_kanal_slyghtly_use_house_dha_phase_1_b_block_prime_loction-54481343-1442-1.html
2 Kanal With Bedrooms Prime Loction DHA Phase 3 Y Block,PKR 23.5 Crore,235000000,23,7,2 Kanal,9000.0,26111,House,False,30,hot30Share on FacebookShare on TwitterShare on WhatsAppSend via GMailSend via E-Mail,84,Houses_Lahore,for_sale,2026-07-26,https://www.zameen.com/Property/dha_phase_3_dha_phase_3_-_block_y_2_kanal_with_bedrooms_prime_loction_dha_phase_3_y_block-54475002-1587-1.html
ANW REAL ESTATE PROUDLY OFFERS: 10 MARLA ELEGANT AND FULLY MAINTAINED SUPER HOT LOCATED BUNGALOW IS AVAILABLE IN THE BEST BLOCK OF DHA PHASE 6 LAHORE.,PKR 5.99 Crore,59900000,4,5,10 Marla,2250.0,26622,House,True,39,hot39Share on FacebookShare on TwitterShare on WhatsAppSend via GMailSend via E-Mail,84,Houses_Lahore,for_sale,2026-07-26,https://www.zameen.com/Property/dha_defence_dha_phase_6_anw_real_estate_proudly_offers_10_marla_elegant_and_fully_maintained_super_hot_located_bungalow_is_available_in_the_best_block_of_dha_phase_6_lahore-54382419-1448-1.html
ANW REAL ESTATE PROUDLY OFFERS: 10 MARLA ELEGANT AND FULLY MAINTAINED SUPER HOT LOCATED BUNGALOW IS AVAILABLE IN THE BEST BLOCK OF DHA PHASE 7 LAHORE.,PKR 5.75 Crore,57500000,4,5,10 Marla,2250.0,25555,House,True,19,hot19Share on FacebookShare on TwitterShare on WhatsAppSend via GMailSend via E-Mail,84,Houses_Lahore,for_sale,2026-07-26,https://www.zameen.com/Property/dha_defence_dha_phase_7_anw_real_estate_proudly_offers_10_marla_elegant_and_fully_maintained_super_hot_located_bungalow_is_available_in_the_best_block_of_dha_phase_7_lahore-54382435-1450-1.html
500 Sqft And 50 SQ Ft Triple Stories House For Sale,PKR 1.2 Crore,12000000,3,3,2.2 Marla,495.00000000000006,24242,House,False,17,17Share on FacebookShare on TwitterShare on WhatsAppSend via GMailSend via E-Mail,81,Houses_Lahore,for_sale,2026-07-26,https://www.zameen.com/Property/main_canal_bank_road_al_hafeez_garden_-_phase_5_500_sqft_and_50_sq_ft_triple_stories_house_for_sale-53956818-18829-1.html
3 Marla Double Storey House For Sale,PKR 1.4 Crore,14000000,3,3,3 Marla,675.0,20740,House,False,9,9Share on FacebookShare on TwitterShare on WhatsAppSend via GMailSend via E-Mail,80,Houses_Lahore,for_sale,2026-07-26,https://www.zameen.com/Property/main_canal_bank_road_al_hafeez_garden_-_phase_2_3_marla_double_storey_house_for_sale-54265216-11172-1.html
Your Search For Prime Location House In Lahore Ends Here,PKR 1.4 Crore,14000000,3,4,3 Marla,675.0,20740,House,False,26,261VerifiedShare on FacebookShare on TwitterShare on WhatsAppSend via GMailSend via E-Mail,90,Houses_Lahore,for_sale,2026-07-26,https://www.zameen.com/Property/main_canal_bank_road_al_hafeez_garden_-_phase_2_your_search_for_prime_location_house_in_lahore_ends_here-54378823-11172-1.html
Prime Location 3 Marla House For Sale In Main Canal Bank Road,PKR 1.5 Crore,15000000,3,4,3 Marla,675.0,22222,House,False,25,251VerifiedShare on FacebookShare on TwitterShare on WhatsAppSend via GMailSend via E-Mail,90,Houses_Lahore,for_sale,2026-07-26,https://www.zameen.com/Property/main_canal_bank_road_al_hafeez_garden_-_phase_5_prime_location_3_marla_house_for_sale_in_main_canal_bank_road-54378826-18829-1.html
3 Marla Double Stories House For Sale,PKR 1.3 Crore,13000000,3,3,3 Marla,675.0,19259,House,False,9,9Share on FacebookShare on TwitterShare on WhatsAppSend via GMailSend via E-Mail,80,Houses_Lahore,for_sale,2026-07-26,https://www.zameen.com/Property/harbanspura_dewan_villas_3_marla_double_stories_house_for_sale-54199683-9685-1.html
5 Marla Double Stories House For Sale,PKR 1.5 Crore,15000000,4,4,5 Marla,1125.0,13333,House,False,36,36Share on FacebookShare on TwitterShare on WhatsAppSend via GMailSend via E-Mail,81,Houses_Lahore,for_sale,2026-07-26,https://www.zameen.com/Property/ghous_garden_ghous_garden_-_phase_4_5_marla_double_stories_house_for_sale-54096086-12026-1.html
10 marla brand new house for sale near wapda town lahore,PKR 4.75 Crore,47500000,5,6,10 Marla,2250.0,21111,House,False,27,27Share on FacebookShare on TwitterShare on WhatsAppSend via GMailSend via E-Mail,81,Houses_Lahore,for_sale,2026-07-26,https://www.zameen.com/Property/wapda_town_phase_1_wapda_town_phase_1_-_block_k2_10_marla_brand_new_house_for_sale_near_wapda_town_lahore-54521976-4327-1.html
5 Marla Brand New Luxurious House For sale in Park View City Lahore,PKR 2.4 Crore,24000000,4,4,5 Marla,1125.0,21333,House,False,19,19Share on FacebookShare on TwitterShare on WhatsAppSend via GMailSend via E-Mail,81,Houses_Lahore,for_sale,2026-07-26,https://www.zameen.com/Property/lahore_park_view_city_5_marla_brand_new_luxurious_house_for_sale_in_park_view_city_lahore-54429212-1466-1.html
"Sector C 10 Marla House For Sale LDA Approved Nearby School, Mosque, Medical Store And All Commercial",PKR 2.75 Crore,27500000,5,6,10 Marla,2250.0,12222,House,True,20,super hot20Share on FacebookShare on TwitterShare on WhatsAppSend via GMailSend via E-Mail,90,Houses_Lahore,for_sale,2026-07-26,https://www.zameen.com/Property/bahria_town_bahria_town_-_sector_c_sector_c_10_marla_house_for_sale_lda_approved_nearby_school_mosque_medical_store_and_all_commercial-51828020-1784-1.html
Top Location This 8 Marla Corner + Facing Park Slightly Used House For Sale In Phase 1 Southern Block,PKR 2.5 Crore,25000000,5,6,8 Marla,1800.0,13888,House,True,22,super hot22Share on FacebookShare on TwitterShare on WhatsAppSend via GMailSend via E-Mail,90,Houses_Lahore,for_sale,2026-07-26,https://www.zameen.com/Property/bahria_orchard_phase_1_bahria_orchard_phase_1_-_southern_top_location_this_8_marla_corner_facing_park_slightly_used_house_for_sale_in_phase_1_southern_block-53676034-8240-1.html
5 Marla Modern Design House Available For Sale In DHA Very Affordable Price,PKR 2.45 Crore,24500000,3,4,5 Marla,1125.0,21777,House,True,13,super hot13Share on FacebookShare on TwitterShare on WhatsAppSend via GMailSend via E-Mail,90,Houses_Lahore,for_sale,2026-07-26,https://www.zameen.com/Property/dha_defence_dha_9_town_5_marla_modern_design_house_available_for_sale_in_dha_very_affordable_price-54141372-1452-1.html
Full Basement Furnished 2 Kanal Luxury Modern House for Sale in DHA Lahore,PKR 24.5 Crore,245000000,6,7,2 Kanal,9000.0,27222,House,True,49,super hot49Share on FacebookShare on TwitterShare on WhatsAppSend via GMailSend via E-Mail,90,Houses_Lahore,for_sale,2026-07-26,https://www.zameen.com/Property/dha_defence_dha_phase_5_full_basement_furnished_2_kanal_luxury_modern_house_for_sale_in_dha_lahore-54433941-1447-1.html
Most Beautiful One Kanal Modren Design Luxury Bungalow For Sale At Super Hot Location In Dha Phase 7,PKR 7.35 Crore,73500000,5,6,1 Kanal,4500.0,16333,House,True,26,super hot26Share on FacebookShare on TwitterShare on WhatsAppSend via GMailSend via E-Mail,90,Houses_Lahore,for_sale,2026-07-26,https://www.zameen.com/Property/dha_phase_7_dha_phase_7_-_block_s_most_beautiful_one_kanal_modren_design_luxury_bungalow_for_sale_at_super_hot_location_in_dha_phase_7-52087490-1626-1.html
Your Dream Brand New 5 Marla House Is Available In Park View City - Jade Extension Block,PKR 2.4 Crore,24000000,4,5,5 Marla,1125.0,21333,House,True,28,super hot28VerifiedShare on FacebookShare on TwitterShare on WhatsAppSend via GMailSend via E-Mail,98,Houses_Lahore,for_sale,2026-07-26,https://www.zameen.com/Property/park_view_city_park_view_city_-_jade_extension_block_your_dream_brand_new_5_marla_house_is_available_in_park_view_city_-_jade_extension_block-53775057-16242-1.html
110% Orginally ADDS Brand New 5-Marla Modern Marvel Elegant Bungalow For Sale At Super Hot Location,PKR 2.6 Crore,26000000,3,4,5 Marla,1125.0,23111,House,True,12,super hot12Share on FacebookShare on TwitterShare on WhatsAppSend via GMailSend via E-Mail,90,Houses_Lahore,for_sale,2026-07-26,https://www.zameen.com/Property/dha_defence_dha_9_town_110_orginally_adds_brand_new_5-marla_modern_marvel_elegant_bungalow_for_sale_at_super_hot_location-54225509-1452-1.html
5 Marla House For Sale In Lake City - Sector M-7 Block -C Raiwind Road Lahore,PKR 2.95 Crore,29500000,4,5,5 Marla,1125.0,26222,House,True,25,super hot25Share on FacebookShare on TwitterShare on WhatsAppSend via GMailSend via E-Mail,90,Houses_Lahore,for_sale,2026-07-26,https://www.zameen.com/Property/raiwind_road_lake_city_5_marla_house_for_sale_in_lake_city_-_sector_m-7_block_-c_raiwind_road_lahore-53962060-1103-1.html
Beautiful Interior Designed 1 Kanal House Is Available In Phase 7 DHA,PKR 9 Crore,90000000,5,5,1 Kanal,4500.0,20000,House,True,41,super hot41Share on FacebookShare on TwitterShare on WhatsAppSend via GMailSend via E-Mail,90,Houses_Lahore,for_sale,2026-07-26,https://www.zameen.com/Property/dha_defence_dha_phase_7_beautiful_interior_designed_1_kanal_house_is_available_in_phase_7_dha-54364116-1450-1.html
Signature Luxury Living | 1 Kanal Fully Furnished Designer Residence with Basement | Prime Main Road Location,PKR 11.45 Crore,114500000,5,6,1 Kanal,4500.0,25444,House,True,22,super hot22Share on FacebookShare on TwitterShare on WhatsAppSend via GMailSend via E-Mail,90,Houses_Lahore,for_sale,2026-07-26,https://www.zameen.com/Property/bahria_town_bahria_town_-_sector_c_signature_luxury_living_1_kanal_fully_furnished_designer_residence_with_basement_prime_main_road_location-54519587-1784-1.html
5 Marla Brand New House Is Up For Sale,PKR 2.65 Crore,26500000,3,4,5 Marla,1125.0,23555,House,True,33,hot33Share on FacebookShare on TwitterShare on WhatsAppSend via GMailSend via E-Mail,84,Houses_Lahore,for_sale,2026-07-26,https://www.zameen.com/Property/lahore_pak_arab_housing_society_5_marla_brand_new_house_is_up_for_sale-51804819-1006-1.html
"Luxury 3 Marla Triple Storey House For Sale 4 Bedrooms, Near Pak Arab, Vital Homes Lahore",PKR 1.45 Crore,14500000,1,4,3 Marla,675.0,21481,House,True,25,hot25Share on FacebookShare on TwitterShare on WhatsAppSend via GMailSend via E-Mail,84,Houses_Lahore,for_sale,2026-07-26,https://www.zameen.com/Property/lahore_pak_arab_housing_society_luxury_3_marla_triple_storey_house_for_sale_4_bedrooms_near_pak_arab_vital_homes_lahore-52819665-1006-1.html
ANW REAL ESTATE PROUDLY OFFERS: 1 KANAL ELEGANT AND FULLY MAINTAINED SUPER HOT LOCATED BUNGALOW IS AVAILABLE IN THE BEST BLOCK OF DHA PHASE 8 LAHORE.,PKR 7.5 Crore,75000000,5,6,1 Kanal,4500.0,16666,House,True,38,hot38Share on FacebookShare on TwitterShare on WhatsAppSend via GMailSend via E-Mail,84,Houses_Lahore,for_sale,2026-07-26,https://www.zameen.com/Property/dha_defence_dha_phase_8_anw_real_estate_proudly_offers_1_kanal_elegant_and_fully_maintained_super_hot_located_bungalow_is_available_in_the_best_block_of_dha_phase_8_lahore-54382355-1451-1.html
ANW REAL ESTATE PROUDLY OFFERS 2 KANAL ELEGANT AND FULLY MAINTAINED SUPER HOT LOCATED BUNGALOW IS AVAILABLE IN THE BEST BLOCK OF DHA PHASE 1 LAHORE,PKR 11.5 Crore,115000000,6,7,2 Kanal,9000.0,12777,House,True,37,hot37Share on FacebookShare on TwitterShare on WhatsAppSend via GMailSend via E-Mail,84,Houses_Lahore,for_sale,2026-07-26,https://www.zameen.com/Property/dha_defence_dha_phase_1_anw_real_estate_proudly_offers_2_kanal_elegant_and_fully_maintained_super_hot_located_bungalow_is_available_in_the_best_block_of_dha_phase_1_lahore-54382359-1442-1.html
ANW REAL ESTATE PROUDLY OFFERS: 2 KANAL ELEGANT AND FULLY MAINTAINED SUPER HOT LOCATED BUNGALOW IS AVAILABLE IN THE BEST BLOCK OF DHA PHASE 3 LAHORE.,PKR 12 Crore,120000000,6,7,2 Kanal,9000.0,13333,House,True,39,hot39Share on FacebookShare on TwitterShare on WhatsAppSend via GMailSend via E-Mail,84,Houses_Lahore,for_sale,2026-07-26,https://www.zameen.com/Property/dha_defence_dha_phase_3_anw_real_estate_proudly_offers_2_kanal_elegant_and_fully_maintained_super_hot_located_bungalow_is_available_in_the_best_block_of_dha_phase_3_lahore-54382363-1454-1.html
ANW REAL ESTATE PROUDLY OFFERS: 2 KANAL ELEGANT AND FULLY MAINTAINED SUPER HOT LOCATED BUNGALOW IS AVAILABLE IN THE BEST BLOCK OF DHA PHASE 2 LAHORE.,PKR 11.5 Crore,115000000,6,7,2 Kanal,9000.0,12777,House,True,39,hot39Share on FacebookShare on TwitterShare on WhatsAppSend via GMailSend via E-Mail,84,Houses_Lahore,for_sale,2026-07-26,https://www.zameen.com/Property/dha_defence_dha_phase_2_anw_real_estate_proudly_offers_2_kanal_elegant_and_fully_maintained_super_hot_located_bungalow_is_available_in_the_best_block_of_dha_phase_2_lahore-54382366-1444-1.html
ANW REAL ESTATE PROUDLY OFFERS: 2 KANAL ELEGANT AND FULLY MAINTAINED SUPER HOT LOCATED BUNGALOW IS AVAILABLE IN THE BEST BLOCK OF DHA PHASE 6 LAHORE.,PKR 22 Crore,220000000,6,7,2 Kanal,9000.0,24444,House,True,39,hot39Share on FacebookShare on TwitterShare on WhatsAppSend via GMailSend via E-Mail,84,Houses_Lahore,for_sale,2026-07-26,https://www.zameen.com/Property/dha_defence_dha_phase_6_anw_real_estate_proudly_offers_2_kanal_elegant_and_fully_maintained_super_hot_located_bungalow_is_available_in_the_best_block_of_dha_phase_6_lahore-54382381-1448-1.html
5 Marla Brand New Luxurious House For Sale In Park View City Lahore,PKR 2.3 Crore,23000000,4,4,5 Marla,1125.0,20444,House,False,9,9Share on FacebookShare on TwitterShare on WhatsAppSend via GMailSend via E-Mail,80,Houses_Lahore,for_sale,2026-07-26,https://www.zameen.com/Property/lahore_park_view_city_5_marla_brand_new_luxurious_house_for_sale_in_park_view_city_lahore-54424216-1466-1.html
3 Marla Brand New House For Sale In Al Kabir Town Phase 2 B Block Al Hafeez Estate,PKR 1.5 Crore,15000000,4,4,3 Marla,675.0,22222,House,False,17,17Share on FacebookShare on TwitterShare on WhatsAppSend via GMailSend via E-Mail,81,Houses_Lahore,for_sale,2026-07-26,https://www.zameen.com/Property/al_kabir_town_phase_2_al-kabir_phase_2_-_block_b_3_marla_brand_new_house_for_sale_in_al_kabir_town_phase_2_b_block_al_hafeez_estate-54212338-11706-1.html
House Of 1 Kanal Is Available In Contemporary Neighborhood Of Sabzazar Scheme,PKR 7.95 Crore,79500000,7,6,1 Kanal,4500.0,17666,House,False,33,33VerifiedShare on FacebookShare on TwitterShare on WhatsAppSend via GMailSend via E-Mail,89,Houses_Lahore,for_sale,2026-07-26,https://www.zameen.com/Property/lahore_sabzazar_scheme_house_of_1_kanal_is_available_in_contemporary_neighborhood_of_sabzazar_scheme-52109641-562-1.html
10 marla house is available for sale,PKR 4.75 Crore,47500000,5,5,10 Marla,2250.0,21111,House,False,15,15Share on FacebookShare on TwitterShare on WhatsAppSend via GMailSend via E-Mail,81,Houses_Lahore,for_sale,2026-07-26,https://www.zameen.com/Property/wapda_town_phase_1_wapda_town_phase_1_-_block_e2_10_marla_house_is_available_for_sale-54521959-4312-1.html
5 Marla Renovated House For Sale,PKR 2.85 Crore,28500000,3,4,5 Marla,1125.0,25333,House,False,16,16Share on FacebookShare on TwitterShare on WhatsAppSend via GMailSend via E-Mail,81,Houses_Lahore,for_sale,2026-07-26,https://www.zameen.com/Property/wapda_town_phase_1_wapda_town_phase_1_-_block_g4_5_marla_renovated_house_for_sale-54159760-4317-1.html
10 Marla House Is Available For Sale In Wapda Town,PKR 5 Crore,50000000,6,6,10 Marla,2250.0,22222,House,False,16,16Share on FacebookShare on TwitterShare on WhatsAppSend via GMailSend via E-Mail,81,Houses_Lahore,for_sale,2026-07-26,https://www.zameen.com/Property/wapda_town_phase_1_wapda_town_phase_1_-_block_f2_10_marla_house_is_available_for_sale_in_wapda_town-54489501-4314-1.html
3 Years Installment Plan Luxury 10 Marla Brand New House In Park View City Lahore,PKR 3.25 Crore,32500000,4,5,10 Marla,2250.0,14444,House,False,15,15Share on FacebookShare on TwitterShare on WhatsAppSend via GMailSend via E-Mail,81,Houses_Lahore,for_sale,2026-07-26,https://www.zameen.com/Property/lahore_park_view_city_3_years_installment_plan_luxury_10_marla_brand_new_house_in_park_view_city_lahore-54511226-1466-1.html
"Fully Furnished 5 Marla House For Sale | Overseas C, Bahria Town Lahore",PKR 2.4 Crore,24000000,3,4,5 Marla,1125.0,21333,House,True,8,8Share on FacebookShare on TwitterShare on WhatsAppSend via GMailSend via E-Mail,80,Houses_Lahore,for_sale,2026-07-26,https://www.zameen.com/Property/bahria_town_overseas_enclave_bahria_town_-_overseas_c_fully_furnished_5_marla_house_for_sale_overseas_c_bahria_town_lahore-54421319-17552-1.html
Ready to Move 4 & 5 Bedroom 272 Square Yards Villa Available For Sale in Bahria Town Karachi,PKR 2.9 Crore,29000000,5,5,272 Sq. Yd,2448.0,11846,House,True,10,"TitaniumPKR2.9 CroreBahria Town Karachi, Karachi55272 Sq. Yd.Added: 42 minutes agoSMSCall",89,Houses_Karachi,for_sale,2026-07-26,https://www.zameen.com/Property/karachi_bahria_town_karachi_ready_to_move_4_5_bedroom_272_square_yards_villa_available_for_sale_in_bahria_town_karachi-54487599-8298-1.html
235 Square Yard Villas At Precinct-31 Close To Gallery And Mosque Are Available FOR SALE,PKR 1.57 Crore,15700000,3,3,235 Sq. Yd,2115.0,7423,House,True,23,"TitaniumPKR1.57 CroreBahria Town - Precinct 31, Bahria Town Karachi33235 Sq. Yd.Added: 8 hours ago(Updated: 2 hours ago)SMSCall",127,Houses_Karachi,for_sale,2026-07-26,https://www.zameen.com/Property/bahria_town_karachi_bahria_town_-_precinct_31_235_square_yard_villas_at_precinct-31_close_to_gallery_and_mosque_are_available_for_sale-53351745-10045-1.html
"235 Sq Yd Villa For Sale Precinct-31, Bahria Town Karachi Near Sports City Villas | 3 Bedrooms, Drawing, Dining, Closed Italian Kitchen & TV Lounge | Amenities Nearby | 15 Min Drive From Main Gate.",PKR 1.52 Crore,15200000,3,3,235 Sq. Yd,2115.0,7186,House,True,22,"TitaniumPKR1.52 CroreBahria Town - Precinct 31, Bahria Town Karachi33235 Sq. Yd.Added: 12 hours ago(Updated: 12 hours ago)SMSCall",129,Houses_Karachi,for_sale,2026-07-26,https://www.zameen.com/Property/bahria_town_karachi_bahria_town_-_precinct_31_235_sq_yd_villa_for_sale_precinct-31_bahria_town_karachi_near_sports_city_villas_3_bedrooms_drawing_dining_closed_italian_kitchen_tv_lounge_amenities_nearby_15_min_drive_from_main_gate-54414568-10045-1.html
"3Bed DDL 125sq Yard Villa FOR SALE At ALI BLOCK All Amenities Nearby Including MOSQUE, General Store & Parks",PKR 1.4 Crore,14000000,3,3,125 Sq. Yd,1125.0,12444,House,True,13,"TitaniumPKR1.4 CroreBahria Town - Ali Block, Bahria Town - Precinct 1233125 Sq. Yd.Added: 17 hours agoSMSCall",109,Houses_Karachi,for_sale,2026-07-26,https://www.zameen.com/Property/bahria_town_precinct_12_bahria_town_-_ali_block_3bed_ddl_125sq_yard_villa_for_sale_at_ali_block_all_amenities_nearby_including_mosque_general_store_parks-54164822-10023-1.html
500 Yards Bahria Hills Villa With Full Basement 6 Bed DD A+ Solid Construction With Cinema Room Grand Mosque View For Sale in Bahria Town Karachi,PKR 8 Crore,80000000,6,6,500 Sq. Yd,4500.0,17777,House,True,23,"TitaniumPKR8 CroreBahria Hills, Bahria Town Karachi66500 Sq. Yd.Added: 18 hours agoSMSCall",90,Houses_Karachi,for_sale,2026-07-26,https://www.zameen.com/Property/bahria_town_karachi_bahria_hills_500_yards_bahria_hills_villa_with_full_basement_6_bed_dd_a_solid_construction_with_cinema_room_grand_mosque_view_for_sale_in_bahria_town_karachi-53126049-13173-1.html
G+1 House Available For Sale,PKR 7.5 Crore,75000000,6,6,240 Sq. Yd,2160.0,34722,House,True,18,"PKR7.5 CroreFederal B Area - Block 10, Federal B Area66240 Sq. Yd.Added: 4 minutes agoSMSCall",93,Houses_Karachi,for_sale,2026-07-26,https://www.zameen.com/Property/federal_b_area_federal_b_area_-_block_10_g_1_house_available_for_sale-53142581-6694-1.html
A Prime Location 233 Square Yards House In Karachi Is On The Market For Sale,PKR 8.65 Crore,86500000,6,6,233 Sq. Yd,2097.0,41249,House,True,7,"PKR8.65 CroreNorth Nazimabad - Block L, North Nazimabad66233 Sq. Yd.Added: 8 hours agoSMSCall",93,Houses_Karachi,for_sale,2026-07-26,https://www.zameen.com/Property/north_nazimabad_north_nazimabad_-_block_l_a_prime_location_233_square_yards_house_in_karachi_is_on_the_market_for_sale-53266864-7220-1.html
3 Bed Luxury Apartment Available In Easy Monthly Installment At Most Prime Location Of Nazimabad,PKR 1 Crore,10000000,3,2,97 Sq. Yd,873.0,11454,House,True,5,"PKR1 CroreNorth Nazimabad, Karachi3297 Sq. Yd.Added: 8 hours agoSMSCall",71,Houses_Karachi,for_sale,2026-07-26,https://www.zameen.com/Property/karachi_north_nazimabad_3_bed_luxury_apartment_available_in_easy_monthly_installment_at_most_prime_location_of_nazimabad-54452074-11-1.html
Corner Ground plus 1 House,PKR 1.1 Crore,11000000,,,80 Sq. Yd,720.0,15277,House,True,12,"PKR1.1 CroreNorth Town Residency, Surjani Town80 Sq. Yd.Added: 10 hours ago(Updated: 2 hours ago)SMSCall",104,Houses_Karachi,for_sale,2026-07-26,https://www.zameen.com/Property/surjani_town_north_town_residency_corner_ground_plus_1_house-54521621-10674-1.html
BRAND NEW Victorian Style 400 Sq. Yd BUNGALOW FOR SALE IN GULISTAN E JAUHAR,PKR 11 Crore,110000000,8,7,400 Sq. Yd,3600.0,30555,House,True,23,"PKR11 CroreGulistan-e-Jauhar, Karachi87400 Sq. Yd.Added: 11 hours ago(Updated: 11 hours ago)SMSCall",99,Houses_Karachi,for_sale,2026-07-26,https://www.zameen.com/Property/karachi_gulistan-e-jauhar_brand_new_victorian_style_400_sq_yd_bungalow_for_sale_in_gulistan_e_jauhar-51576364-232-1.html
Prime Location 125 Square Yards Villas Available For Sale In Precinct-12 Bahria Town Karachi,PKR 1.45 Crore,14500000,3,3,125 Sq. Yd,1125.0,12888,House,True,17,"TitaniumPKR1.45 CroreBahria Town - Precinct 12, Bahria Town Karachi33125 Sq. Yd.Added: 40 minutes agoSMSCall",108,Houses_Karachi,for_sale,2026-07-26,https://www.zameen.com/Property/bahria_town_karachi_bahria_town_-_precinct_12_prime_location_125_square_yards_villas_available_for_sale_in_precinct-12_bahria_town_karachi-54239931-10022-1.html
"Ready to Move 3 Bedroom 200 Square Yards Villa Available For Sale in Precinct-10a, Bahria Town Karachi",PKR 2.05 Crore,20500000,3,3,200 Sq. Yd,1800.0,11388,House,True,17,"TitaniumPKR2.05 CroreBahria Town - Precinct 10-A, Bahria Town Karachi33200 Sq. Yd.Added: 42 minutes agoSMSCall",110,Houses_Karachi,for_sale,2026-07-26,https://www.zameen.com/Property/bahria_town_karachi_bahria_town_-_precinct_10-a_ready_to_move_3_bedroom_200_square_yards_villa_available_for_sale_in_precinct-10a_bahria_town_karachi-54487602-18125-1.html
Prime Location Federal B Area - Block 12 House Sized 200 Square Yards Is Available,PKR 7.5 Crore,75000000,,,200 Sq. Yd,1800.0,41666,House,False,5,"PKR7.5 CroreFederal B Area - Block 12, Federal B Area200 Sq. Yd.Added: 22 minutes ago(Updated: 22 minutes ago)SMSCallEmail",122,Houses_Karachi,for_sale,2026-07-26,https://www.zameen.com/Property/federal_b_area_federal_b_area_-_block_12_prime_location_federal_b_area_-_block_12_house_sized_200_square_yards_is_available-54060040-6696-1.html
Get Your Hands On Prime Location House In Karachi Best Area,PKR 25 Crore,250000000,8,6,"1,000 Sq. Yd",9000.0,27777,House,False,6,"PKR25 CroreNorth Nazimabad - Block F, North Nazimabad861,000 Sq. Yd.Added: 24 minutes agoSMSCallEmail",101,Houses_Karachi,for_sale,2026-07-26,https://www.zameen.com/Property/north_nazimabad_north_nazimabad_-_block_f_get_your_hands_on_prime_location_house_in_karachi_best_area-54162781-7214-1.html
House For Sale,PKR 9.5 Crore,95000000,9,6,400 Sq. Yd,3600.0,26388,House,False,5,"PKR9.5 CroreFederal B Area - Block 12, Federal B Area96400 Sq. Yd.Added: 24 minutes agoSMSCallEmail",99,Houses_Karachi,for_sale,2026-07-26,https://www.zameen.com/Property/federal_b_area_federal_b_area_-_block_12_house_for_sale-54224461-6696-1.html
240 SQUARE YARDS CORNER HOUSE FOR SALE,PKR 6.5 Crore,65000000,6,6,240 Sq. Yd,2160.0,30092,House,False,31,"PKR6.5 CroreShadman Town - Sector-14/B, Shadman66240 Sq. Yd.Added: 48 minutes ago(Updated: 48 minutes ago)SMSCall",113,Houses_Karachi,for_sale,2026-07-26,https://www.zameen.com/Property/shadman_shadman_town_-_sector-14_b_240_square_yards_corner_house_for_sale-54330367-11291-1.html
"Ideal 500 + 500 Yards Duplex Square Yards House Has Landed On Market In DHA Phase 8, Karachi",PKR 50 Crore,500000000,10,6,"1,000 Sq. Yd",9000.0,55555,House,False,50,"PKR50 CroreDHA Phase 8, DHA Defence1061,000 Sq. Yd.Added: 2 hours agoSMSCall",76,Houses_Karachi,for_sale,2026-07-26,https://www.zameen.com/Property/dha_defence_dha_phase_8_ideal_500_500_yards_duplex_square_yards_house_has_landed_on_market_in_dha_phase_8_karachi-54319305-1485-1.html
New Construction 120 Sq. Yd House Available For Sale.,PKR 3 Crore,30000000,4,4,120 Sq. Yd,1080.0,27777,House,False,20,"PKR3 CroreFederal B Area - Block 9, Federal B Area44120 Sq. Yd.Added: 15 minutes ago(Updated: 15 minutes ago)SMSCall",116,Houses_Karachi,for_sale,2026-07-26,https://www.zameen.com/Property/federal_b_area_federal_b_area_-_block_9_new_construction_120_sq_yd_house_available_for_sale-53984037-6693-1.html
Become Owner Of Your Corner House Today Which Is Centrally Located In North Nazimabad - Block J In Karachi,PKR 8.5 Crore,85000000,5,5,400 Sq. Yd,3600.0,23611,House,False,17,"PKR8.5 CroreNorth Nazimabad - Block J, North Nazimabad55400 Sq. Yd.Added: 15 minutes agoSMSCall",95,Houses_Karachi,for_sale,2026-07-26,https://www.zameen.com/Property/north_nazimabad_north_nazimabad_-_block_j_become_owner_of_your_corner_house_today_which_is_centrally_located_in_north_nazimabad_-_block_j_in_karachi-53985791-7218-1.html
Highly-Coveted Facing Park 400 Square Yards House Is Available In North Nazimabad For Sale,PKR 8.5 Crore,85000000,5,5,400 Sq. Yd,3600.0,23611,House,False,14,"PKR8.5 CroreNorth Nazimabad, Karachi55400 Sq. Yd.Added: 15 minutes ago(Updated: 15 minutes ago)SMSCall",102,Houses_Karachi,for_sale,2026-07-26,https://www.zameen.com/Property/karachi_north_nazimabad_highly-coveted_facing_park_400_square_yards_house_is_available_in_north_nazimabad_for_sale-53985792-11-1.html
Prime Location 240 Square Yards House For Sale Available In Federal B Area,PKR 5.5 Crore,55000000,4,4,240 Sq. Yd,2160.0,25462,House,False,7,"PKR5.5 CroreFederal B Area - Block 9, Federal B Area44240 Sq. Yd.Added: 15 minutes agoSMSCall",93,Houses_Karachi,for_sale,2026-07-26,https://www.zameen.com/Property/federal_b_area_federal_b_area_-_block_9_prime_location_240_square_yards_house_for_sale_available_in_federal_b_area-53989661-6693-1.html
120 Square Yards House Is Available For Sale,PKR 2.95 Crore,29500000,4,4,120 Sq. Yd,1080.0,27314,House,False,6,"PKR2.95 CrorePunjabi Saudagaran Phase 1, Sector 25-A - Punjabi Saudagar Multi Purpose Society44120 Sq. Yd.Added: 17 minutes agoSMSCallEmail",139,Houses_Karachi,for_sale,2026-07-26,https://www.zameen.com/Property/sector_25_a_punjabi_saudagar_multi_purpose_society_punjabi_saudagaran_phase_1_120_square_yards_house_is_available_for_sale-54083161-21945-1.html
Get Your Dream House In Capital Cooperative Housing Society Karachi,PKR 3.3 Crore,33000000,,,120 Sq. Yd,1080.0,30555,House,False,17,"PKR3.3 CroreCapital Cooperative Housing Society, Scheme 33 - Sector 35-A120 Sq. Yd.Added: 17 minutes agoSMSCallEmail",116,Houses_Karachi,for_sale,2026-07-26,https://www.zameen.com/Property/scheme_33_sector_35_a_capital_cooperative_housing_society_get_your_dream_house_in_capital_cooperative_housing_society_karachi-54212783-8908-1.html
Good 240 Square Yards House For Sale In Capital Cooperative Housing Society,PKR 5.65 Crore,56500000,6,6,240 Sq. Yd,2160.0,26157,House,False,25,"PKR5.65 CroreCapital Cooperative Housing Society, Scheme 33 - Sector 35-A66240 Sq. Yd.Added: 17 minutes agoSMSCallEmail",119,Houses_Karachi,for_sale,2026-07-26,https://www.zameen.com/Property/scheme_33_sector_35_a_capital_cooperative_housing_society_good_240_square_yards_house_for_sale_in_capital_cooperative_housing_society-54212784-8908-1.html
120 Square Yards House In Beautiful Location Of Sector 31 - Punjabi Saudagar City Phase 2 In Karachi,PKR 2.55 Crore,25500000,4,4,120 Sq. Yd,1080.0,23611,House,False,10,"PKR2.55 CroreSector 31 - Punjabi Saudagar City Phase 2, Scheme 33 - Sector 3144120 Sq. Yd.Added: 17 minutes ago(Updated: 17 minutes ago)SMSCallEmail",148,Houses_Karachi,for_sale,2026-07-26,https://www.zameen.com/Property/scheme_33_sector_31_sector_31_-_punjabi_saudagar_city_phase_2_120_square_yards_house_in_beautiful_location_of_sector_31_-_punjabi_saudagar_city_phase_2_in_karachi-54194409-15498-1.html
Naya Nazimabad Block C 120 Sqyd Bungalow For Sale,PKR 4.15 Crore,41500000,4,5,120 Sq. Yd,1080.0,38425,House,True,10,super hot101Share on FacebookShare on TwitterShare on WhatsAppSend via GMailSend via E-Mail,91,Houses_Karachi,for_sale,2026-07-26,https://www.zameen.com/Property/naya_nazimabad_naya_nazimabad_-_block_c_naya_nazimabad_block_c_120_sqyd_bungalow_for_sale-54106456-14293-1.html
Brand New Owner Built A+ Built Quality 6 Bed DD Villa for sale at Bahria Hills Most Prime location,PKR 9 Crore,90000000,9,6,512 Sq. Yd,4608.0,19531,House,True,18,super hot18Share on FacebookShare on TwitterShare on WhatsAppSend via GMailSend via E-Mail,90,Houses_Karachi,for_sale,2026-07-26,https://www.zameen.com/Property/bahria_town_karachi_bahria_hills_brand_new_owner_built_a_built_quality_6_bed_dd_villa_for_sale_at_bahria_hills_most_prime_location-54431585-13173-1.html
300 yards bungalow for sale,PKR 11 Crore,110000000,5,6,300 Sq. Yd,2700.0,40740,House,True,20,super hot20Share on FacebookShare on TwitterShare on WhatsAppSend via GMailSend via E-Mail,90,Houses_Karachi,for_sale,2026-07-26,https://www.zameen.com/Property/dha_defence_dha_phase_4_300_yards_bungalow_for_sale-54512634-1481-1.html
Naya Nazimabad Block B Single 120 SqYd For Sale,PKR 3.15 Crore,31500000,2,2,120 Sq. Yd,1080.0,29166,House,True,5,super hot5Share on FacebookShare on TwitterShare on WhatsAppSend via GMailSend via E-Mail,89,Houses_Karachi,for_sale,2026-07-26,https://www.zameen.com/Property/naya_nazimabad_naya_nazimabad_-_block_b_naya_nazimabad_block_b_single_120_sqyd_for_sale-54520080-14292-1.html
Brand New West Open Residence For Sale | 6 Bedrooms | Swimming Pool | Basement | Khayaban-E-Faisal | DHA Phase VIII Karachi,PKR 31 Crore,310000000,31,7,500 Sq. Yd,4500.0,68888,House,True,12,super hot12Share on FacebookShare on TwitterShare on WhatsAppSend via GMailSend via E-Mail,90,Houses_Karachi,for_sale,2026-07-26,https://www.zameen.com/Property/dha_defence_dha_phase_8_brand_new_west_open_residence_for_sale_6_bedrooms_swimming_pool_basement_khayaban-e-faisal_dha_phase_viii_karachi-54375074-1485-1.html
240 Sq. Yd Bungalow For Sale In Gulistan-E-Jauhar (VIP Block ),PKR 6.4 Crore,64000000,6,6,240 Sq. Yd,2160.0,29629,House,True,11,super hot11Share on FacebookShare on TwitterShare on WhatsAppSend via GMailSend via E-Mail,90,Houses_Karachi,for_sale,2026-07-26,https://www.zameen.com/Property/karachi_gulistan-e-jauhar_240_sq_yd_bungalow_for_sale_in_gulistan-e-jauhar_vip_block-54396255-232-1.html
425 Sq. Yd Ground Plus One Luxurious Bunglow For Sale In Gulistan-E-Jauhar Block 14,PKR 11.5 Crore,115000000,6,7,425 Sq. Yd,3825.0,30065,House,True,41,super hot41Share on FacebookShare on TwitterShare on WhatsAppSend via GMailSend via E-Mail,90,Houses_Karachi,for_sale,2026-07-26,https://www.zameen.com/Property/karachi_gulistan-e-jauhar_425_sq_yd_ground_plus_one_luxurious_bunglow_for_sale_in_gulistan-e-jauhar_block_14-54507787-232-1.html
1000 Yards Bungalow Available For Sale  Phase Vi,PKR 42 Crore,420000000,6,6,"1,000 Sq. Yd",9000.0,46666,House,True,43,super hot43Share on FacebookShare on TwitterShare on WhatsAppSend via GMailSend via E-Mail,90,Houses_Karachi,for_sale,2026-07-26,https://www.zameen.com/Property/dha_defence_dha_phase_6_1000_yards_bungalow_available_for_sale_phase_vi-54344391-1483-1.html
"3 Bed DDL 125sq Yd Villa FOR SALE At ALI BLOCK All Amenities Nearby Including MOSQUE, General Store & Parks",PKR 1.9 Crore,19000000,1,3,200 Sq. Yd,1800.0,10555,House,True,18,super hot18Share on FacebookShare on TwitterShare on WhatsAppSend via GMailSend via E-Mail,90,Houses_Karachi,for_sale,2026-07-26,https://www.zameen.com/Property/bahria_town_karachi_bahria_town_-_precinct_10-a_3_bed_ddl_125sq_yd_villa_for_sale_at_ali_block_all_amenities_nearby_including_mosque_general_store_parks-54326344-18125-1.html
1000 Yards Super Luxury Brand New Designer Bungalow For Sale,PKR 85 Crore,850000000,6,6,"1,000 Sq. Yd",9000.0,94444,House,True,24,super hot24Share on FacebookShare on TwitterShare on WhatsAppSend via GMailSend via E-Mail,90,Houses_Karachi,for_sale,2026-07-26,https://www.zameen.com/Property/dha_defence_dha_phase_8_1000_yards_super_luxury_brand_new_designer_bungalow_for_sale-52159324-1485-1.html
350 Square Yard Gray Structure Villa At LOWEST RATE Of MARKET,PKR 2.12 Crore,21200000,4,4,350 Sq. Yd,3150.0,6730,House,True,25,hot25Share on FacebookShare on TwitterShare on WhatsAppSend via GMailSend via E-Mail,84,Houses_Karachi,for_sale,2026-07-26,https://www.zameen.com/Property/bahria_town_karachi_bahria_sports_city_350_square_yard_gray_structure_villa_at_lowest_rate_of_market-53324613-10061-1.html
235 Square Yard Villas At Precinct-31 Close To Gallery And Mosque Are Available FOR SALE,PKR 1.57 Crore,15700000,3,3,235 Sq. Yd,2115.0,7423,House,True,14,hot141Share on FacebookShare on TwitterShare on WhatsAppSend via GMailSend via E-Mail,85,Houses_Karachi,for_sale,2026-07-26,https://www.zameen.com/Property/bahria_town_karachi_bahria_town_-_precinct_31_235_square_yard_villas_at_precinct-31_close_to_gallery_and_mosque_are_available_for_sale-53900269-10045-1.html
Reserve A Prime Location House Now In KAECHS - Block 2,PKR 11.25 Crore,112500000,7,6,300 Sq. Yd,2700.0,41666,House,False,8,hot8VerifiedShare on FacebookShare on TwitterShare on WhatsAppSend via GMailSend via E-Mail,91,Houses_Karachi,for_sale,2026-07-26,https://www.zameen.com/Property/karachi_administration_employees_society_kaechs_-_block_2_reserve_a_prime_location_house_now_in_kaechs_-_block_2-53891913-19884-1.html
For Sale,PKR 22 Crore,220000000,,,600 Sq. Yd,5400.0,40740,House,False,6,hot6Share on FacebookShare on TwitterShare on WhatsAppSend via GMailSend via E-Mail,83,Houses_Karachi,for_sale,2026-07-26,https://www.zameen.com/Property/jamshed_town_karachi_administration_employees_society_for_sale-54256357-750-1.html
120 Square Yards House In Only Rs. 29000000,PKR 2.9 Crore,29000000,4,4,120 Sq. Yd,1080.0,26851,House,False,9,9VerifiedShare on FacebookShare on TwitterShare on WhatsAppSend via GMailSend via E-Mail,88,Houses_Karachi,for_sale,2026-07-26,https://www.zameen.com/Property/scheme_33_hansa_society_120_square_yards_house_in_only_rs_29000000-54107051-9217-1.html
240 Square Yards House In Only Rs. 53500000,PKR 5.35 Crore,53500000,6,6,240 Sq. Yd,2160.0,24768,House,False,11,11VerifiedShare on FacebookShare on TwitterShare on WhatsAppSend via GMailSend via E-Mail,89,Houses_Karachi,for_sale,2026-07-26,https://www.zameen.com/Property/sector_25_a_punjabi_saudagar_multi_purpose_society_punjabi_saudagaran_phase_1_240_square_yards_house_in_only_rs_53500000-54100288-21945-1.html
Well-Constructed Prime Location House Available For Sale In Federal B Area - Block 10,PKR 12.5 Crore,125000000,,,600 Sq. Yd,5400.0,23148,House,False,5,5VerifiedShare on FacebookShare on TwitterShare on WhatsAppSend via GMailSend via E-Mail,88,Houses_Karachi,for_sale,2026-07-26,https://www.zameen.com/Property/federal_b_area_federal_b_area_-_block_10_well-constructed_prime_location_house_available_for_sale_in_federal_b_area_-_block_10-53855551-6694-1.html
End Your Search For Prime Location House Here And sale Now,PKR 12 Crore,120000000,,,600 Sq. Yd,5400.0,22222,House,False,5,5VerifiedShare on FacebookShare on TwitterShare on WhatsAppSend via GMailSend via E-Mail,88,Houses_Karachi,for_sale,2026-07-26,https://www.zameen.com/Property/federal_b_area_federal_b_area_-_block_11_end_your_search_for_prime_location_house_here_and_sale_now-53855552-6695-1.html
Prime Location House Is Available For Sale In Federal B Area - Block 10,PKR 8.6 Crore,86000000,,,400 Sq. Yd,3600.0,23888,House,False,5,5VerifiedShare on FacebookShare on TwitterShare on WhatsAppSend via GMailSend via E-Mail,88,Houses_Karachi,for_sale,2026-07-26,https://www.zameen.com/Property/federal_b_area_federal_b_area_-_block_10_prime_location_house_is_available_for_sale_in_federal_b_area_-_block_10-53855559-6694-1.html
Prime Location House Sized 400 Square Yards Is Available For Sale In Federal B Area - Block 13,PKR 11.5 Crore,115000000,,,400 Sq. Yd,3600.0,31944,House,False,5,5VerifiedShare on FacebookShare on TwitterShare on WhatsAppSend via GMailSend via E-Mail,88,Houses_Karachi,for_sale,2026-07-26,https://www.zameen.com/Property/federal_b_area_federal_b_area_-_block_13_prime_location_house_sized_400_square_yards_is_available_for_sale_in_federal_b_area_-_block_13-54060039-6697-1.html
Prime Location House For Sale In Karachi,PKR 9 Crore,90000000,,,400 Sq. Yd,3600.0,25000,House,False,5,5VerifiedShare on FacebookShare on TwitterShare on WhatsAppSend via GMailSend via E-Mail,88,Houses_Karachi,for_sale,2026-07-26,https://www.zameen.com/Property/federal_b_area_federal_b_area_-_block_13_prime_location_house_for_sale_in_karachi-53855542-6697-1.html
Prime Location House For Sale In Federal B Area - Block 12,PKR 3.8 Crore,38000000,,,200 Sq. Yd,1800.0,21111,House,False,5,5VerifiedShare on FacebookShare on TwitterShare on WhatsAppSend via GMailSend via E-Mail,88,Houses_Karachi,for_sale,2026-07-26,https://www.zameen.com/Property/federal_b_area_federal_b_area_-_block_12_prime_location_house_for_sale_in_federal_b_area_-_block_12-54060041-6696-1.html
Luxury Bungalow For Sale | 6 Bedrooms | Basement | Swimming Pool | Near Saheem Masjid | DHA Phase VI,PKR 52 Crore,520000000,52,7,"1,000 Sq. Yd",9000.0,57777,House,True,8,super hot8Share on FacebookShare on TwitterShare on WhatsAppSend via GMailSend via E-Mail,89,Houses_Karachi,for_sale,2026-07-26,https://www.zameen.com/Property/dha_defence_dha_phase_6_luxury_bungalow_for_sale_6_bedrooms_basement_swimming_pool_near_saheem_masjid_dha_phase_vi-54375154-1483-1.html
Modern Luxury Bungalow For Sale | Jacuzzi & Auto Gate | DHA Phase 5 Karachi,PKR 21.5 Crore,215000000,6,7,500 Sq. Yd,4500.0,47777,House,True,27,super hot27Share on FacebookShare on TwitterShare on WhatsAppSend via GMailSend via E-Mail,90,Houses_Karachi,for_sale,2026-07-26,https://www.zameen.com/Property/dha_defence_dha_phase_5_modern_luxury_bungalow_for_sale_jacuzzi_auto_gate_dha_phase_5_karachi-54376015-1482-1.html
"Brand New Fully Furnished Designer Residence For Sale | Pool, Theater & Lift | Khayaban-E-Roomi | DHA Phase 8 Karachi",PKR 57 Crore,570000000,6,6,"1,000 Sq. Yd",9000.0,63333,House,True,12,super hot12VerifiedShare on FacebookShare on TwitterShare on WhatsAppSend via GMailSend via E-Mail,98,Houses_Karachi,for_sale,2026-07-26,https://www.zameen.com/Property/dha_defence_dha_phase_8_brand_new_fully_furnished_designer_residence_for_sale_pool_theater_lift_khayaban-e-roomi_dha_phase_8_karachi-54383439-1485-1.html
Luxury Bungalow For Sale | Prime Location | DHA Phase 8 Karachi,PKR 16 Crore,160000000,6,5,500 Sq. Yd,4500.0,35555,House,True,15,super hot15Share on FacebookShare on TwitterShare on WhatsAppSend via GMailSend via E-Mail,90,Houses_Karachi,for_sale,2026-07-26,https://www.zameen.com/Property/dha_defence_dha_phase_8_luxury_bungalow_for_sale_prime_location_dha_phase_8_karachi-54393527-1485-1.html
500 Yards Bungalow For Sale in Phase 5,PKR 13 Crore,130000000,4,5,500 Sq. Yd,4500.0,28888,House,True,19,super hot19Share on FacebookShare on TwitterShare on WhatsAppSend via GMailSend via E-Mail,90,Houses_Karachi,for_sale,2026-07-26,https://www.zameen.com/Property/dha_defence_dha_phase_5_500_yards_bungalow_for_sale_in_phase_5-54398298-1482-1.html
1000 Sq Yard Brand New Bungalow Dha Phase 8 2+4 Bedroom With Swimming Pools Basement Home Theatre Lift Install Extraordinary House Away From Sea Ready To Move Top Of The Line Bungalow,PKR 75 Crore,750000000,75,6,"1,000 Sq. Yd",9000.0,83333,House,True,12,super hot12Share on FacebookShare on TwitterShare on WhatsAppSend via GMailSend via E-Mail,90,Houses_Karachi,for_sale,2026-07-26,https://www.zameen.com/Property/dha_defence_dha_phase_8_1000_sq_yard_brand_new_bungalow_dha_phase_8_2_4_bedroom_with_swimming_pools_basement_home_theatre_lift_install_extraordinary_house_away_from_sea_ready_to_move_top_of_the_line_bungalow-50603239-1485-1.html
Ground Plus One Brand New Corner Bungalow (40 Feet Road),PKR 2.88 Crore,28800000,5,6,120 Sq. Yd,1080.0,26666,House,True,24,super hot24Share on FacebookShare on TwitterShare on WhatsAppSend via GMailSend via E-Mail,90,Houses_Karachi,for_sale,2026-07-26,https://www.zameen.com/Property/saadi_town_saadi_town_-_block_2_ground_plus_one_brand_new_corner_bungalow_40_feet_road-54427392-12969-1.html
Ground Plus One Bungalow Available For Sale In The Heart Block 5 Of Saadi Town staff loan / bank loan applicable,PKR 3.5 Crore,35000000,6,6,240 Sq. Yd,2160.0,16203,House,True,12,super hot12Share on FacebookShare on TwitterShare on WhatsAppSend via GMailSend via E-Mail,90,Houses_Karachi,for_sale,2026-07-26,https://www.zameen.com/Property/saadi_town_saadi_town_-_block_5_ground_plus_one_bungalow_available_for_sale_in_the_heart_block_5_of_saadi_town_staff_loan_bank_loan_applicable-53779354-12971-1.html
BEAUTIFUL HOUSE FOR SALE 5 Bed DD Lounge,PKR 3.35 Crore,33500000,3,3,120 Sq. Yd,1080.0,31018,House,True,39,super hot391VerifiedShare on FacebookShare on TwitterShare on WhatsAppSend via GMailSend via E-Mail,99,Houses_Karachi,for_sale,2026-07-26,https://www.zameen.com/Property/gulistan_e_jauhar_gulistan-e-jauhar_-_block_7_beautiful_house_for_sale_5_bed_dd_lounge-54414015-6831-1.html
Brand New Architect Ultra Luxury Designed Semi Furnished Smart Home Available For Sale In DHA Phase 6,PKR 78.5 Crore,785000000,7,7,"1,000 Sq. Yd",9000.0,87222,House,True,30,super hot301Share on FacebookShare on TwitterShare on WhatsAppSend via GMailSend via E-Mail,91,Houses_Karachi,for_sale,2026-07-26,https://www.zameen.com/Property/dha_defence_dha_phase_6_brand_new_architect_ultra_luxury_designed_semi_furnished_smart_home_available_for_sale_in_dha_phase_6-54295119-1483-1.html
Prime Location House Sized 666 Square Yards In DHA Phase 8,PKR 40 Crore,400000000,6,6,666 Sq. Yd,5994.0,66733,House,True,7,hot7VerifiedShare on FacebookShare on TwitterShare on WhatsAppSend via GMailSend via E-Mail,91,Houses_Karachi,for_sale,2026-07-26,https://www.zameen.com/Property/dha_defence_dha_phase_8_prime_location_house_sized_666_square_yards_in_dha_phase_8-54325991-1485-1.html
In Karachi You Can Find The Perfect Prime Location House For sale,PKR 14.5 Crore,145000000,4,4,300 Sq. Yd,2700.0,53703,House,True,10,hot10VerifiedShare on FacebookShare on TwitterShare on WhatsAppSend via GMailSend via E-Mail,92,Houses_Karachi,for_sale,2026-07-26,https://www.zameen.com/Property/dha_defence_dha_phase_8_in_karachi_you_can_find_the_perfect_prime_location_house_for_sale-54326040-1485-1.html
288 Square Yards House For Sale In North Karachi - Sector 11A,PKR 5.3 Crore,53000000,9,6,288 Sq. Yd,2592.0,20447,House,False,21,hot21Share on FacebookShare on TwitterShare on WhatsAppSend via GMailSend via E-Mail,84,Houses_Karachi,for_sale,2026-07-26,https://www.zameen.com/Property/north_karachi_north_karachi_-_sector_11a_288_square_yards_house_for_sale_in_north_karachi_-_sector_11a-53351702-7184-1.html
Gorgeous Prime Location 435 Square Yards House For sale Available In North Nazimabad - Block L,PKR 9.5 Crore,95000000,6,6,435 Sq. Yd,3915.0,24265,House,False,14,hot14Share on FacebookShare on TwitterShare on WhatsAppSend via GMailSend via E-Mail,84,Houses_Karachi,for_sale,2026-07-26,https://www.zameen.com/Property/north_nazimabad_north_nazimabad_-_block_l_gorgeous_prime_location_435_square_yards_house_for_sale_available_in_north_nazimabad_-_block_l-53473733-7220-1.html
House Spread Over 120 Square Yards In Shadman Town - Sector-14/B Available,PKR 3.75 Crore,37500000,6,6,120 Sq. Yd,1080.0,34722,House,False,9,hot9VerifiedShare on FacebookShare on TwitterShare on WhatsAppSend via GMailSend via E-Mail,91,Houses_Karachi,for_sale,2026-07-26,https://www.zameen.com/Property/shadman_shadman_town_-_sector-14_b_house_spread_over_120_square_yards_in_shadman_town_-_sector-14_b_available-54386086-11291-1.html
Gorgeous Prime Location 233 Square Yards House For Sale Available In North Nazimabad - Block H,PKR 5.5 Crore,55000000,3,3,233 Sq. Yd,2097.0,26227,House,False,9,hot9VerifiedShare on FacebookShare on TwitterShare on WhatsAppSend via GMailSend via E-Mail,91,Houses_Karachi,for_sale,2026-07-26,https://www.zameen.com/Property/north_nazimabad_north_nazimabad_-_block_h_gorgeous_prime_location_233_square_yards_house_for_sale_available_in_north_nazimabad_-_block_h-54386097-7216-1.html
Precinct 1 272 Sq Yds Brand New Designer Villa for Sale | A++ Construction | Near Masjid & Park,PKR 3.5 Crore,35000000,4,5,272 Sq. Yd,2448.0,14297,House,False,8,hot8Share on FacebookShare on TwitterShare on WhatsAppSend via GMailSend via E-Mail,83,Houses_Karachi,for_sale,2026-07-26,https://www.zameen.com/Property/bahria_town_karachi_bahria_town_-_precinct_1_precinct_1_272_sq_yds_brand_new_designer_villa_for_sale_a_construction_near_masjid_park-54251691-10007-1.html
A Prime Location 400 Square Yards House Has Landed On Market In Federal B Area - Block 11 Of Karachi,PKR 4.5 Crore,45000000,,,400 Sq. Yd,3600.0,12500,House,False,5,5VerifiedShare on FacebookShare on TwitterShare on WhatsAppSend via GMailSend via E-Mail,88,Houses_Karachi,for_sale,2026-07-26,https://www.zameen.com/Property/federal_b_area_federal_b_area_-_block_11_a_prime_location_400_square_yards_house_has_landed_on_market_in_federal_b_area_-_block_11_of_karachi-54060043-6695-1.html
Spacious Prime Location 240 Square Yards House Available For sale In Federal B Area - Block 9,PKR 7.5 Crore,75000000,8,6,200 Sq. Yd,1800.0,41666,House,False,13,13VerifiedShare on FacebookShare on TwitterShare on WhatsAppSend via GMailSend via E-Mail,89,Houses_Karachi,for_sale,2026-07-26,https://www.zameen.com/Property/federal_b_area_federal_b_area_-_block_9_spacious_prime_location_240_square_yards_house_available_for_sale_in_federal_b_area_-_block_9-54197692-6693-1.html
Single Storey 200 Square Yards House Available In Scheme 33 For sale,PKR 2.6 Crore,26000000,,,200 Sq. Yd,1800.0,14444,House,False,18,18VerifiedShare on FacebookShare on TwitterShare on WhatsAppSend via GMailSend via E-Mail,89,Houses_Karachi,for_sale,2026-07-26,https://www.zameen.com/Property/karachi_scheme_33_single_storey_200_square_yards_house_available_in_scheme_33_for_sale-54404432-495-1.html
Prime Location 260 Square Yards House In North Karachi For sale At Good Location,PKR 5.5 Crore,55000000,6,6,260 Sq. Yd,2340.0,23504,House,False,13,13VerifiedShare on FacebookShare on TwitterShare on WhatsAppSend via GMailSend via E-Mail,89,Houses_Karachi,for_sale,2026-07-26,https://www.zameen.com/Property/north_karachi_north_karachi_-_sector_11a_prime_location_260_square_yards_house_in_north_karachi_for_sale_at_good_location-54272041-7184-1.html
Prime Location House For Sale In Beautiful North Karachi - Sector 11B,PKR 4.5 Crore,45000000,6,6,240 Sq. Yd,2160.0,20833,House,False,13,13VerifiedShare on FacebookShare on TwitterShare on WhatsAppSend via GMailSend via E-Mail,89,Houses_Karachi,for_sale,2026-07-26,https://www.zameen.com/Property/north_karachi_north_karachi_-_sector_11b_prime_location_house_for_sale_in_beautiful_north_karachi_-_sector_11b-54301802-7185-1.html
Prime Location North Nazimabad - Block D House For sale Sized 600 Square Yards,PKR 12 Crore,120000000,5,5,577 Sq. Yd,5193.0,23108,House,False,5,5Share on FacebookShare on TwitterShare on WhatsAppSend via GMailSend via E-Mail,80,Houses_Karachi,for_sale,2026-07-26,https://www.zameen.com/Property/north_nazimabad_north_nazimabad_-_block_d_prime_location_north_nazimabad_-_block_d_house_for_sale_sized_600_square_yards-54301810-7212-1.html
11B 240Sq Yard House Available For Sale.,PKR 4.8 Crore,48000000,6,6,240 Sq. Yd,2160.0,22222,House,False,8,8VerifiedShare on FacebookShare on TwitterShare on WhatsAppSend via GMailSend via E-Mail,88,Houses_Karachi,for_sale,2026-07-26,https://www.zameen.com/Property/north_karachi_north_karachi_-_sector_11b_11b_240sq_yard_house_available_for_sale-54301813-7185-1.html
"Gulshan E Maymar, Sector R  Brand New G+1 House For Sale.    #GulshanEMaymar #HouseForSale #DreamHome",PKR 2 Crore,20000000,4,5,120 Sq. Yd,1080.0,18518,House,False,9,9Share on FacebookShare on TwitterShare on WhatsAppSend via GMailSend via E-Mail,80,Houses_Karachi,for_sale,2026-07-26,https://www.zameen.com/Property/gulshan_e_maymar_gulshan-e-maymar_-_sector_r_gulshan_e_maymar_sector_r_brand_new_g_1_house_for_sale_gulshanemaymar_houseforsale_dreamhome-54013247-6754-1.html
1000 Yards Fully Furnished Luxury Bungalow for Sale | Khayaban-e-Hilal | DHA Phase 6 Karachi,PKR 45 Crore,450000000,6,6,"1,000 Sq. Yd",9000.0,50000,House,True,34,super hot34Share on FacebookShare on TwitterShare on WhatsAppSend via GMailSend via E-Mail,90,Houses_Karachi,for_sale,2026-07-26,https://www.zameen.com/Property/dha_defence_dha_phase_6_1000_yards_fully_furnished_luxury_bungalow_for_sale_khayaban-e-hilal_dha_phase_6_karachi-54399723-1483-1.html
"Ultra-Luxury Fully Furnished Designer Mansion For Sale | Pool, Jacuzzi, Lift & Basement | Zone B | DHA Phase 8 Karachi",PKR 75 Crore,750000000,7,,"1,000 Sq. Yd",9000.0,83333,House,True,47,super hot47Share on FacebookShare on TwitterShare on WhatsAppSend via GMailSend via E-Mail,90,Houses_Karachi,for_sale,2026-07-26,https://www.zameen.com/Property/dha_defence_dha_phase_8_ultra-luxury_fully_furnished_designer_mansion_for_sale_pool_jacuzzi_lift_basement_zone_b_dha_phase_8_karachi-54400432-1485-1.html
666 Yards Architect-Designed Brand New Owner-Built Bungalow for Sale | Zone A | DHA Phase 8 Karachi,PKR 35 Crore,350000000,6,7,666 Sq. Yd,5994.0,58391,House,True,27,super hot27Share on FacebookShare on TwitterShare on WhatsAppSend via GMailSend via E-Mail,90,Houses_Karachi,for_sale,2026-07-26,https://www.zameen.com/Property/dha_phase_8_dha_phase_8_-_zone_a_666_yards_architect-designed_brand_new_owner-built_bungalow_for_sale_zone_a_dha_phase_8_karachi-54403214-6677-1.html
CLIFTON BLOCK 08 425 YARDS BUNGALOW FOR SALE,PKR 15.1 Crore,151000000,4,5,425 Sq. Yd,3825.0,39477,House,True,11,super hot11Share on FacebookShare on TwitterShare on WhatsAppSend via GMailSend via E-Mail,90,Houses_Karachi,for_sale,2026-07-26,https://www.zameen.com/Property/clifton_clifton_-_block_8_clifton_block_08_425_yards_bungalow_for_sale-54408770-1670-1.html
"1000 Yards Luxury Bungalow for Sale | Pool, Basement & Garden | Khayaban-e-Hilal | DHA Phase 6 Karachi",PKR 45 Crore,450000000,6,7,"1,000 Sq. Yd",9000.0,50000,House,True,49,super hot49Share on FacebookShare on TwitterShare on WhatsAppSend via GMailSend via E-Mail,90,Houses_Karachi,for_sale,2026-07-26,https://www.zameen.com/Property/dha_defence_dha_phase_6_1000_yards_luxury_bungalow_for_sale_pool_basement_garden_khayaban-e-hilal_dha_phase_6_karachi-54412582-1483-1.html
Your Dream 240 Square Yards House Is Available In Saima Luxury Homes,PKR 4.1 Crore,41000000,3,3,240 Sq. Yd,2160.0,18981,House,True,12,super hot12VerifiedShare on FacebookShare on TwitterShare on WhatsAppSend via GMailSend via E-Mail,98,Houses_Karachi,for_sale,2026-07-26,https://www.zameen.com/Property/karachi_saima_luxury_homes_your_dream_240_square_yards_house_is_available_in_saima_luxury_homes-54270108-10136-1.html
250 Square Yard Bungalow Available for Sale,PKR 7 Crore,70000000,4,5,250 Sq. Yd,2250.0,31111,House,True,8,super hot8Share on FacebookShare on TwitterShare on WhatsAppSend via GMailSend via E-Mail,89,Houses_Karachi,for_sale,2026-07-26,https://www.zameen.com/Property/pechs_pechs_block_6_250_square_yard_bungalow_available_for_sale-54093605-6935-1.html
Brand New 240 Square Yards Bungalow For Sale Located At Prime Location Of Block 7,PKR 6 Crore,60000000,6,6,240 Sq. Yd,2160.0,27777,House,True,15,super hot151VerifiedShare on FacebookShare on TwitterShare on WhatsAppSend via GMailSend via E-Mail,99,Houses_Karachi,for_sale,2026-07-26,https://www.zameen.com/Property/gulistan_e_jauhar_gulistan-e-jauhar_-_block_7_brand_new_240_square_yards_bungalow_for_sale_located_at_prime_location_of_block_7-54344282-6831-1.html
"3Bed DDL 200sq yd Villa FOR SALE. All amenities nearby including Parks, Mosques and Gallery",PKR 1.8 Crore,18000000,1,3,200 Sq. Yd,1800.0,10000,House,True,18,super hot181Share on FacebookShare on TwitterShare on WhatsAppSend via GMailSend via E-Mail,91,Houses_Karachi,for_sale,2026-07-26,https://www.zameen.com/Property/bahria_town_karachi_bahria_town_-_precinct_10-a_3bed_ddl_200sq_yd_villa_for_sale_all_amenities_nearby_including_parks_mosques_and_gallery-54468650-18125-1.html
House Is Available For Sale,PKR 7.85 Crore,78500000,5,6,375 Sq. Yd,3375.0,23259,House,True,23,super hot23Share on FacebookShare on TwitterShare on WhatsAppSend via GMailSend via E-Mail,90,Houses_Karachi,for_sale,2026-07-26,https://www.zameen.com/Property/malir_cantonment_askari_6_house_is_available_for_sale-50669609-21109-1.html
"Ideal Prime Location 250 Square Yards House Available In DHA Phase 6, Karachi",PKR 11 Crore,110000000,4,4,250 Sq. Yd,2250.0,48888,House,True,13,hot13VerifiedShare on FacebookShare on TwitterShare on WhatsAppSend via GMailSend via E-Mail,92,Houses_Karachi,for_sale,2026-07-26,https://www.zameen.com/Property/dha_defence_dha_phase_6_ideal_prime_location_250_square_yards_house_available_in_dha_phase_6_karachi-54326043-1483-1.html
Luxury Living in DHA Phase 5 Fully Renovated 1000 Yard House with Swimming Pool,PKR 30 Crore,300000000,6,6,"1,000 Sq. Yd",9000.0,33333,House,True,21,hot21VerifiedShare on FacebookShare on TwitterShare on WhatsAppSend via GMailSend via E-Mail,92,Houses_Karachi,for_sale,2026-07-26,https://www.zameen.com/Property/dha_defence_dha_phase_5_luxury_living_in_dha_phase_5_fully_renovated_1000_yard_house_with_swimming_pool-54343830-1482-1.html
Bahria Paradise 500sq Yds Brand New Villa | A++ Construction Prime Location Near By Masjid,PKR 4.65 Crore,46500000,4,5,500 Sq. Yd,4500.0,10333,House,False,9,hot9Share on FacebookShare on TwitterShare on WhatsAppSend via GMailSend via E-Mail,83,Houses_Karachi,for_sale,2026-07-26,https://www.zameen.com/Property/bahria_town_karachi_bahria_paradise_bahria_paradise_500sq_yds_brand_new_villa_a_construction_prime_location_near_by_masjid-54252289-11458-1.html
"Precinct 31, 235sq yds Brand New Villa for Sale | Near by Masjid Prime Location Well Maintain Brand New",PKR 1.65 Crore,16500000,3,3,235 Sq. Yd,2115.0,7801,House,False,12,hot12Share on FacebookShare on TwitterShare on WhatsAppSend via GMailSend via E-Mail,84,Houses_Karachi,for_sale,2026-07-26,https://www.zameen.com/Property/bahria_town_karachi_bahria_town_-_precinct_31_precinct_31_235sq_yds_brand_new_villa_for_sale_near_by_masjid_prime_location_well_maintain_brand_new-54382760-10045-1.html
160 Sq. Yards Spacious House For Sale In Saima Villas,PKR 1.59 Crore,15900000,3,3,160 Sq. Yd,1440.0,11041,House,False,12,hot12Share on FacebookShare on TwitterShare on WhatsAppSend via GMailSend via E-Mail,84,Houses_Karachi,for_sale,2026-07-26,https://www.zameen.com/Property/karachi_motorway_saima_villas_160_sq_yards_spacious_house_for_sale_in_saima_villas-53815076-10570-1.html
300 Sq Yard Stylish Bungalow Phase 4 Available for Sale,PKR 14.5 Crore,145000000,5,6,300 Sq. Yd,2700.0,53703,House,False,9,hot9Share on FacebookShare on TwitterShare on WhatsAppSend via GMailSend via E-Mail,83,Houses_Karachi,for_sale,2026-07-26,https://www.zameen.com/Property/dha_defence_dha_phase_4_300_sq_yard_stylish_bungalow_phase_4_available_for_sale-54521655-1481-1.html
SINGLE STOREY HOUSE FOR SALE,PKR 13 Crore,130000000,4,4,600 Sq. Yd,5400.0,24074,House,False,5,hot5Share on FacebookShare on TwitterShare on WhatsAppSend via GMailSend via E-Mail,83,Houses_Karachi,for_sale,2026-07-26,https://www.zameen.com/Property/north_nazimabad_north_nazimabad_-_block_j_single_storey_house_for_sale-52082335-7218-1.html
BEAUTIFUL HOUSE IDEAL LOCATION,PKR 6.5 Crore,65000000,6,5,133 Sq. Yd,1197.0,54302,House,False,11,11Share on FacebookShare on TwitterShare on WhatsAppSend via GMailSend via E-Mail,81,Houses_Karachi,for_sale,2026-07-26,https://www.zameen.com/Property/gulshan_e_iqbal_gulshan-e-iqbal_-_block_16_beautiful_house_ideal_location-54419521-6878-1.html
152 Square Yards Villa Available For Sale In Bahria Town Karachi,PKR 1.3 Crore,13000000,3,3,152 Sq. Yd,1368.0,9502,House,True,20,20Share on FacebookShare on TwitterShare on WhatsAppSend via GMailSend via E-Mail,81,Houses_Karachi,for_sale,2026-07-26,https://www.zameen.com/Property/karachi_bahria_town_karachi_152_square_yards_villa_available_for_sale_in_bahria_town_karachi-54036651-8298-1.html
272 Square Yards Villa Available For Sale in Bahria Town Karachi,PKR 2.3 Crore,23000000,5,5,272 Sq. Yd,2448.0,9395,House,True,28,28Share on FacebookShare on TwitterShare on WhatsAppSend via GMailSend via E-Mail,81,Houses_Karachi,for_sale,2026-07-26,https://www.zameen.com/Property/karachi_bahria_town_karachi_272_square_yards_villa_available_for_sale_in_bahria_town_karachi-54036653-8298-1.html
152 Square Yards Villas Available For Sale In Prime Location Bahria Town Karachi,PKR 1.35 Crore,13500000,3,3,152 Sq. Yd,1368.0,9868,House,True,16,16Share on FacebookShare on TwitterShare on WhatsAppSend via GMailSend via E-Mail,81,Houses_Karachi,for_sale,2026-07-26,https://www.zameen.com/Property/karachi_bahria_town_karachi_152_square_yards_villas_available_for_sale_in_prime_location_bahria_town_karachi-54239932-8298-1.html
100 Feet Road Prime Location 11B North Karachi House For Sale,PKR 6.5 Crore,65000000,5,5,240 Sq. Yd,2160.0,30092,House,False,37,37VerifiedShare on FacebookShare on TwitterShare on WhatsAppSend via GMailSend via E-Mail,89,Houses_Karachi,for_sale,2026-07-26,https://www.zameen.com/Property/north_karachi_north_karachi_-_sector_11b_100_feet_road_prime_location_11b_north_karachi_house_for_sale-54383286-7185-1.html
600 Yards Bungalow In Block 11 F B Area,PKR 11.75 Crore,117500000,7,6,600 Sq. Yd,5400.0,21759,House,False,5,5VerifiedShare on FacebookShare on TwitterShare on WhatsAppSend via GMailSend via E-Mail,88,Houses_Karachi,for_sale,2026-07-26,https://www.zameen.com/Property/federal_b_area_federal_b_area_-_block_11_600_yards_bungalow_in_block_11_f_b_area-54449022-6695-1.html
400 SQUARE YARD BUNGALOW AVAILABLE FOR SALE,PKR 11.25 Crore,112500000,4,4,400 Sq. Yd,3600.0,31250,House,False,7,7VerifiedShare on FacebookShare on TwitterShare on WhatsAppSend via GMailSend via E-Mail,88,Houses_Karachi,for_sale,2026-07-26,https://www.zameen.com/Property/karachi_federal_b_area_400_square_yard_bungalow_available_for_sale-54449020-12-1.html
600 Yards Bungalow In Block 11 F B Area,PKR 12.25 Crore,122500000,7,6,600 Sq. Yd,5400.0,22685,House,False,5,5VerifiedShare on FacebookShare on TwitterShare on WhatsAppSend via GMailSend via E-Mail,88,Houses_Karachi,for_sale,2026-07-26,https://www.zameen.com/Property/federal_b_area_federal_b_area_-_block_11_600_yards_bungalow_in_block_11_f_b_area-54267762-6695-1.html
500 Yards Brand New Architect-Designed Bungalow for Sale | Full Basement | DHA Phase 8 Karachi,PKR 34 Crore,340000000,6,7,500 Sq. Yd,4500.0,75555,House,True,6,super hot6Share on FacebookShare on TwitterShare on WhatsAppSend via GMailSend via E-Mail,89,Houses_Karachi,for_sale,2026-07-26,https://www.zameen.com/Property/dha_defence_dha_phase_8_500_yards_brand_new_architect-designed_bungalow_for_sale_full_basement_dha_phase_8_karachi-54412847-1485-1.html
Bungalow For Sale,PKR 23 Crore,230000000,7,6,"1,080 Sq. Yd",9720.0,23662,House,True,12,super hot12VerifiedShare on FacebookShare on TwitterShare on WhatsAppSend via GMailSend via E-Mail,98,Houses_Karachi,for_sale,2026-07-26,https://www.zameen.com/Property/dha_defence_dha_phase_5_bungalow_for_sale-54453645-1482-1.html
500 Square Yards Brand New Luxury Bungalow For Sale | 5 Bedrooms | Swimming Pool | Basement | Semi-Furnished | DHA Phase VIII Karachi,PKR 31.5 Crore,315000000,31,6,500 Sq. Yd,4500.0,70000,House,True,12,super hot12Share on FacebookShare on TwitterShare on WhatsAppSend via GMailSend via E-Mail,90,Houses_Karachi,for_sale,2026-07-26,https://www.zameen.com/Property/dha_defence_dha_phase_8_500_square_yards_brand_new_luxury_bungalow_for_sale_5_bedrooms_swimming_pool_basement_semi-furnished_dha_phase_viii_karachi-54468339-1485-1.html
Ultra Modern Fully Furnished Bungalow For Sale | 7 Bedrooms | Full Basement | West Open | DHA Phase V Karachi,PKR 42 Crore,420000000,42,7,689 Sq. Yd,6201.0,67731,House,True,13,super hot13Share on FacebookShare on TwitterShare on WhatsAppSend via GMailSend via E-Mail,90,Houses_Karachi,for_sale,2026-07-26,https://www.zameen.com/Property/dha_defence_dha_phase_5_ultra_modern_fully_furnished_bungalow_for_sale_7_bedrooms_full_basement_west_open_dha_phase_v_karachi-54468370-1482-1.html
Luxury Bungalow For Sale | 5 Bedrooms | Full Basement | Zulfiqar Street | DHA Phase VIII Karachi,PKR 29 Crore,290000000,29,6,500 Sq. Yd,4500.0,64444,House,True,10,super hot10Share on FacebookShare on TwitterShare on WhatsAppSend via GMailSend via E-Mail,90,Houses_Karachi,for_sale,2026-07-26,https://www.zameen.com/Property/dha_defence_dha_phase_8_luxury_bungalow_for_sale_5_bedrooms_full_basement_zulfiqar_street_dha_phase_viii_karachi-54468517-1485-1.html
Own A House In 240 Square Yards Nazimabad,PKR 6.95 Crore,69500000,6,6,400 Sq. Yd,3600.0,19305,House,True,11,super hot11VerifiedShare on FacebookShare on TwitterShare on WhatsAppSend via GMailSend via E-Mail,98,Houses_Karachi,for_sale,2026-07-26,https://www.zameen.com/Property/karachi_north_nazimabad_own_a_house_in_240_square_yards_nazimabad-54401246-11-1.html
BRAND NEW BUNGALOW,PKR 31.95 Crore,319500000,6,6,600 Sq. Yd,5400.0,59166,House,True,7,super hot7Share on FacebookShare on TwitterShare on WhatsAppSend via GMailSend via E-Mail,89,Houses_Karachi,for_sale,2026-07-26,https://www.zameen.com/Property/dha_defence_dha_phase_8_brand_new_bungalow-54504188-1485-1.html
Brand New Double Storey House Available For Sale,PKR 8.75 Crore,87500000,6,7,233 Sq. Yd,2097.0,41726,House,True,32,super hot32Share on FacebookShare on TwitterShare on WhatsAppSend via GMailSend via E-Mail,90,Houses_Karachi,for_sale,2026-07-26,https://www.zameen.com/Property/north_nazimabad_north_nazimabad_-_block_l_brand_new_double_storey_house_available_for_sale-53973289-7220-1.html
Double Storey House Available For Sale,PKR 15.5 Crore,155000000,6,7,500 Sq. Yd,4500.0,34444,House,True,18,super hot18Share on FacebookShare on TwitterShare on WhatsAppSend via GMailSend via E-Mail,90,Houses_Karachi,for_sale,2026-07-26,https://www.zameen.com/Property/north_nazimabad_north_nazimabad_-_block_b_double_storey_house_available_for_sale-54340472-7210-1.html
Double Story Brand New House Available For Sale,PKR 15 Crore,150000000,6,7,400 Sq. Yd,3600.0,41666,House,True,15,super hot15Share on FacebookShare on TwitterShare on WhatsAppSend via GMailSend via E-Mail,90,Houses_Karachi,for_sale,2026-07-26,https://www.zameen.com/Property/north_nazimabad_north_nazimabad_-_block_n_double_story_brand_new_house_available_for_sale-54437215-7222-1.html
500 Yards Artistic Villa For Sale In Phase 6,PKR 25 Crore,250000000,6,6,500 Sq. Yd,4500.0,55555,House,True,30,hot30VerifiedShare on FacebookShare on TwitterShare on WhatsAppSend via GMailSend via E-Mail,92,Houses_Karachi,for_sale,2026-07-26,https://www.zameen.com/Property/dha_defence_dha_phase_6_500_yards_artistic_villa_for_sale_in_phase_6-54343832-1483-1.html
300 Yards Independent Bungalow For Sale DHA Karachi,PKR 13 Crore,130000000,4,5,300 Sq. Yd,2700.0,48148,House,True,5,hot5VerifiedShare on FacebookShare on TwitterShare on WhatsAppSend via GMailSend via E-Mail,91,Houses_Karachi,for_sale,2026-07-26,https://www.zameen.com/Property/dha_defence_dha_phase_7_300_yards_independent_bungalow_for_sale_dha_karachi-54343827-1484-1.html
"Premium, Spacious 120 Sq. Yd Bungalow With Contemporary Design Ready To Move In A Dream Home Awaits",PKR 5.35 Crore,53500000,4,5,120 Sq. Yd,1080.0,49537,House,True,16,hot16Share on FacebookShare on TwitterShare on WhatsAppSend via GMailSend via E-Mail,84,Houses_Karachi,for_sale,2026-07-26,https://www.zameen.com/Property/dha_defence_dha_phase_7_extension_premium_spacious_120_sq_yd_bungalow_with_contemporary_design_ready_to_move_in_a_dream_home_awaits-53956293-1674-1.html
A House 400 Square Yards In Gulistan-e-Jauhar - Block 2,PKR 6.7 Crore,67000000,3,4,400 Sq. Yd,3600.0,18611,House,False,12,hot12Share on FacebookShare on TwitterShare on WhatsAppSend via GMailSend via E-Mail,84,Houses_Karachi,for_sale,2026-07-26,https://www.zameen.com/Property/gulistan_e_jauhar_gulistan-e-jauhar_-_block_2_a_house_400_square_yards_in_gulistan-e-jauhar_-_block_2-54218133-6825-1.html
Get This Amazing 400 Square Yards House Available In Gulistan-e-Jauhar - Block 2,PKR 8 Crore,80000000,8,,400 Sq. Yd,3600.0,22222,House,False,9,hot9Share on FacebookShare on TwitterShare on WhatsAppSend via GMailSend via E-Mail,83,Houses_Karachi,for_sale,2026-07-26,https://www.zameen.com/Property/gulistan_e_jauhar_gulistan-e-jauhar_-_block_2_get_this_amazing_400_square_yards_house_available_in_gulistan-e-jauhar_-_block_2-51734422-6825-1.html
House For Sale,PKR 8.75 Crore,87500000,7,,400 Sq. Yd,3600.0,24305,House,False,8,hot8Share on FacebookShare on TwitterShare on WhatsAppSend via GMailSend via E-Mail,83,Houses_Karachi,for_sale,2026-07-26,https://www.zameen.com/Property/gulistan_e_jauhar_gulistan-e-jauhar_-_block_14_house_for_sale-50579608-6838-1.html
House For Sale,PKR 8.95 Crore,89500000,7,6,400 Sq. Yd,3600.0,24861,House,False,14,hot14Share on FacebookShare on TwitterShare on WhatsAppSend via GMailSend via E-Mail,84,Houses_Karachi,for_sale,2026-07-26,https://www.zameen.com/Property/gulistan_e_jauhar_gulistan-e-jauhar_-_block_15_house_for_sale-52077889-6839-1.html
Bungalow For Sale On Ameer Khusro Road,PKR 23 Crore,230000000,6,6,650 Sq. Yd,5850.0,39316,House,False,7,7VerifiedShare on FacebookShare on TwitterShare on WhatsAppSend via GMailSend via E-Mail,88,Houses_Karachi,for_sale,2026-07-26,https://www.zameen.com/Property/karachi_amir_khusro_bungalow_for_sale_on_ameer_khusro_road-54420035-526-1.html
Brand New Lavish Elevation House Available For Genuine Buyer . Direct Owner Meeting .,PKR 3.47 Crore,34700000,4,5,120 Sq. Yd,1080.0,32129,House,False,17,17Share on FacebookShare on TwitterShare on WhatsAppSend via GMailSend via E-Mail,81,Houses_Karachi,for_sale,2026-07-26,https://www.zameen.com/Property/scheme_33_sector_25_a_sector_25-a_-_punjabi_saudagar_multi_purpose_society_brand_new_lavish_elevation_house_available_for_genuine_buyer_direct_owner_meeting-52001739-9145-1.html
Brand New Lavish Elevation House Direct Owner Meeting Available . GAS AVAILABLE,PKR 2.93 Crore,29300000,4,5,120 Sq. Yd,1080.0,27129,House,False,7,7Share on FacebookShare on TwitterShare on WhatsAppSend via GMailSend via E-Mail,80,Houses_Karachi,for_sale,2026-07-26,https://www.zameen.com/Property/scheme_33_hansa_society_brand_new_lavish_elevation_house_direct_owner_meeting_available_gas_available-51035997-9217-1.html
Brand New Lavish Elevation House Direct Owner Meeting Available Chance DEAL,PKR 5.43 Crore,54300000,6,6,240 Sq. Yd,2160.0,25138,House,False,17,17Share on FacebookShare on TwitterShare on WhatsAppSend via GMailSend via E-Mail,81,Houses_Karachi,for_sale,2026-07-26,https://www.zameen.com/Property/scheme_33_sector_35_a_capital_cooperative_housing_society_brand_new_lavish_elevation_house_direct_owner_meeting_available_chance_deal-51962977-8908-1.html
Well Maintained Lavish Elevation House Available For Genuine Buyer Owner Meeting,PKR 5.48 Crore,54800000,6,6,240 Sq. Yd,2160.0,25370,House,False,29,29Share on FacebookShare on TwitterShare on WhatsAppSend via GMailSend via E-Mail,81,Houses_Karachi,for_sale,2026-07-26,https://www.zameen.com/Property/scheme_33_sector_35_a_capital_cooperative_housing_society_well_maintained_lavish_elevation_house_available_for_genuine_buyer_owner_meeting-50176758-8908-1.html
Brand New House Available For Genuine Buyer,PKR 5.56 Crore,55599999,6,6,240 Sq. Yd,2160.0,25740,House,False,10,10Share on FacebookShare on TwitterShare on WhatsAppSend via GMailSend via E-Mail,81,Houses_Karachi,for_sale,2026-07-26,https://www.zameen.com/Property/scheme_33_sector_35_a_capital_cooperative_housing_society_brand_new_house_available_for_genuine_buyer-50182297-8908-1.html
Brand New Lavish Elevation House,PKR 5.25 Crore,52500000,6,6,240 Sq. Yd,2160.0,24305,House,False,22,22Share on FacebookShare on TwitterShare on WhatsAppSend via GMailSend via E-Mail,81,Houses_Karachi,for_sale,2026-07-26,https://www.zameen.com/Property/scheme_33_meerut_society_brand_new_lavish_elevation_house-52634915-9078-1.html
Brand New Lavish Elevation House Direct Owner Meeting Available,PKR 5.35 Crore,53500000,6,6,240 Sq. Yd,2160.0,24768,House,False,12,12Share on FacebookShare on TwitterShare on WhatsAppSend via GMailSend via E-Mail,81,Houses_Karachi,for_sale,2026-07-26,https://www.zameen.com/Property/scheme_33_sector_25_a_sector_25-a_-_punjabi_saudagar_multi_purpose_society_brand_new_lavish_elevation_house_direct_owner_meeting_available-52649901-9145-1.html
256 SQ YARD G+ 2 BRAND NEW HOUSE AVAILABLE FOR SALE IN GOVT TECAHERS HOUSING SOCIETY SECTOR 21-A SCHEME 33 KARACHI,PKR 6.5 Crore,65000000,11,7,256 Sq. Yd,2304.0,28211,House,True,13,super hot13Share on FacebookShare on TwitterShare on WhatsAppSend via GMailSend via E-Mail,90,Houses_Karachi,for_sale,2026-07-26,https://www.zameen.com/Property/scheme_33_sector_21_a_government_teacher_society_-_sector_21-a_256_sq_yard_g_2_brand_new_house_available_for_sale_in_govt_tecahers_housing_society_sector_21-a_scheme_33_karachi-53373433-9192-1.html
240 Yards Luxurious Villa In Block D,PKR 7.3 Crore,73000000,5,6,240 Sq. Yd,2160.0,33796,House,True,32,super hot32Share on FacebookShare on TwitterShare on WhatsAppSend via GMailSend via E-Mail,90,Houses_Karachi,for_sale,2026-07-26,https://www.zameen.com/Property/karachi_naya_nazimabad_240_yards_luxurious_villa_in_block_d-54190457-10079-1.html
350 Square Yard 4 Bed DD Lounge Sports Villas With 100 Square Yard Back Yard LAWN At LOWEST RATE Of MARKET,PKR 2.15 Crore,21500000,2,4,350 Sq. Yd,3150.0,6825,House,True,15,super hot151Share on FacebookShare on TwitterShare on WhatsAppSend via GMailSend via E-Mail,91,Houses_Karachi,for_sale,2026-07-26,https://www.zameen.com/Property/bahria_town_karachi_bahria_sports_city_350_square_yard_4_bed_dd_lounge_sports_villas_with_100_square_yard_back_yard_lawn_at_lowest_rate_of_market-53900199-10061-1.html
Bungalow for Sale 1000 Square yards in DHA phase 6,PKR 45 Crore,450000000,6,7,"1,000 Sq. Yd",9000.0,50000,House,True,50,super hot50Share on FacebookShare on TwitterShare on WhatsAppSend via GMailSend via E-Mail,90,Houses_Karachi,for_sale,2026-07-26,https://www.zameen.com/Property/dha_defence_dha_phase_6_bungalow_for_sale_1000_square_yards_in_dha_phase_6-54453399-1483-1.html
West Open Bungalow D cutting,PKR 21 Crore,210000000,7,5,500 Sq. Yd,4500.0,46666,House,True,11,super hot11Share on FacebookShare on TwitterShare on WhatsAppSend via GMailSend via E-Mail,90,Houses_Karachi,for_sale,2026-07-26,https://www.zameen.com/Property/dha_phase_8_dha_phase_8_-_zone_b_west_open_bungalow_d_cutting-54467025-6678-1.html
Property For Sale In North Nazimabad - Block F Karachi Is Available Under Rs. 230000000,PKR 23 Crore,230000000,8,6,750 Sq. Yd,6750.0,34074,House,True,32,super hot32VerifiedShare on FacebookShare on TwitterShare on WhatsAppSend via GMailSend via E-Mail,98,Houses_Karachi,for_sale,2026-07-26,https://www.zameen.com/Property/north_nazimabad_north_nazimabad_-_block_f_property_for_sale_in_north_nazimabad_-_block_f_karachi_is_available_under_rs_230000000-54509433-7214-1.html
Fully Furnished 120 Sq Yds Ground Plus 1 West Open House For Sale In Hansa Society Scheme 33,PKR 2.85 Crore,28500000,4,6,120 Sq. Yd,1080.0,26388,House,True,31,super hot31Share on FacebookShare on TwitterShare on WhatsAppSend via GMailSend via E-Mail,90,Houses_Karachi,for_sale,2026-07-26,https://www.zameen.com/Property/scheme_33_hansa_society_fully_furnished_120_sq_yds_ground_plus_1_west_open_house_for_sale_in_hansa_society_scheme_33-54520554-9217-1.html
"350 Sqyds Extensively Renovated 5 Bedded Bungalow For Sale With New Flooring, Doors, Widows, Bathrooms And Kitchen In Phase 1 Of Navy Housing Scheme Karsaz For Those Looking For A Home In Move-In-Read",PKR 25 Crore,250000000,25,25,350 Sq. Yd,3150.0,79365,House,True,5,super hot5Share on FacebookShare on TwitterShare on WhatsAppSend via GMailSend via E-Mail,89,Houses_Karachi,for_sale,2026-07-26,https://www.zameen.com/Property/navy_housing_scheme_karsaz_navy_housing_scheme_karsaz_-_phase_1_350_sqyds_extensively_renovated_5_bedded_bungalow_for_sale_with_new_flooring_doors_widows_bathrooms_and_kitchen_in_phase_1_of_navy_housing_scheme_karsaz_for_those_looking_for_a_home_in_move-in-ready_state-54520406-11580-1.html
Luxury House For Sale Brand New,PKR 42 Crore,420000000,7,,"1,000 Sq. Yd",9000.0,46666,House,True,19,super hot19Share on FacebookShare on TwitterShare on WhatsAppSend via GMailSend via E-Mail,90,Houses_Karachi,for_sale,2026-07-26,https://www.zameen.com/Property/dha_defence_dha_phase_6_luxury_house_for_sale_brand_new-54090288-1483-1.html
North Town Residency Phase 1 L-85 Old Block 80 Sq Yard Structure.,PKR 94 Lakh,9400000,6,4,80 Sq. Yd,720.0,13055,House,True,12,super hot12Share on FacebookShare on TwitterShare on WhatsAppSend via GMailSend via E-Mail,90,Houses_Karachi,for_sale,2026-07-26,https://www.zameen.com/Property/surjani_town_north_town_residency_north_town_residency_phase_1_l-85_old_block_80_sq_yard_structure-54494951-10674-1.html
2 Bedroom Ready To Move Apartment available at The VIEWS TOWER EMAAR KARACHI,PKR 8.3 Crore,83000000,8,3,201 Sq. Yd,1809.0,45881,House,True,15,hot15Share on FacebookShare on TwitterShare on WhatsAppSend via GMailSend via E-Mail,84,Houses_Karachi,for_sale,2026-07-26,https://www.zameen.com/Property/dha_phase_8_emaar_the_views_2_bedroom_ready_to_move_apartment_available_at_the_views_tower_emaar_karachi-54380998-17808-1.html
Brand New Extra Ordianory Modern Style Top of The Line Bungalow,PKR 45 Crore,450000000,6,6,666 Sq. Yd,5994.0,75075,House,True,25,hot25Share on FacebookShare on TwitterShare on WhatsAppSend via GMailSend via E-Mail,84,Houses_Karachi,for_sale,2026-07-26,https://www.zameen.com/Property/dha_phase_8_dha_phase_8_-_zone_b_brand_new_extra_ordianory_modern_style_top_of_the_line_bungalow-53967116-6678-1.html
House For Sale,PKR 12.5 Crore,125000000,8,6,400 Sq. Yd,3600.0,34722,House,False,33,hot33Share on FacebookShare on TwitterShare on WhatsAppSend via GMailSend via E-Mail,84,Houses_Karachi,for_sale,2026-07-26,https://www.zameen.com/Property/gulistan_e_jauhar_latifi_cooperative_housing_society_house_for_sale-53613043-12397-1.html
House For Sale,PKR 8.45 Crore,84500000,6,5,400 Sq. Yd,3600.0,23472,House,False,5,hot5Share on FacebookShare on TwitterShare on WhatsAppSend via GMailSend via E-Mail,83,Houses_Karachi,for_sale,2026-07-26,https://www.zameen.com/Property/gulistan_e_jauhar_gulistan-e-jauhar_-_block_2_house_for_sale-53526126-6825-1.html
House For Sale,PKR 5.25 Crore,52500000,6,6,400 Sq. Yd,3600.0,14583,House,False,12,hot12Share on FacebookShare on TwitterShare on WhatsAppSend via GMailSend via E-Mail,84,Houses_Karachi,for_sale,2026-07-26,https://www.zameen.com/Property/scheme_33_sector_34_a_al_muslim_society_house_for_sale-53804805-9292-1.html
Avail Yourself A Great 140 Square Yards House In Capital Cooperative Housing Society,PKR 3.95 Crore,39500000,6,6,140 Sq. Yd,1260.0,31349,House,False,20,hot20Share on FacebookShare on TwitterShare on WhatsAppSend via GMailSend via E-Mail,84,Houses_Karachi,for_sale,2026-07-26,https://www.zameen.com/Property/scheme_33_sector_35_a_capital_cooperative_housing_society_avail_yourself_a_great_140_square_yards_house_in_capital_cooperative_housing_society-54220908-8908-1.html
240 Sq. Yd G+1 Bungalow For Sale In Gulistan-E-Jauhar block 15 Mein 100FIT Road,PKR 7.75 Crore,77500000,6,7,240 Sq. Yd,2160.0,35879,House,False,7,hot7Share on FacebookShare on TwitterShare on WhatsAppSend via GMailSend via E-Mail,83,Houses_Karachi,for_sale,2026-07-26,https://www.zameen.com/Property/karachi_gulistan-e-jauhar_240_sq_yd_g_1_bungalow_for_sale_in_gulistan-e-jauhar_block_15_mein_100fit_road-54386712-232-1.html
Brand New Lavish Elevation House Outstanding Construction,PKR 2.95 Crore,29500000,6,6,120 Sq. Yd,1080.0,27314,House,False,13,13Share on FacebookShare on TwitterShare on WhatsAppSend via GMailSend via E-Mail,81,Houses_Karachi,for_sale,2026-07-26,https://www.zameen.com/Property/scheme_33_soomra_society_brand_new_lavish_elevation_house_outstanding_construction-52650457-12877-1.html
Brand New Lavish Elevation House Direct Owner Meeting PHOTO NOT ORIGINAL For Sale,PKR 2.88 Crore,28800000,4,5,120 Sq. Yd,1080.0,26666,House,False,12,12Share on FacebookShare on TwitterShare on WhatsAppSend via GMailSend via E-Mail,81,Houses_Karachi,for_sale,2026-07-26,https://www.zameen.com/Property/scheme_33_hansa_society_brand_new_lavish_elevation_house_direct_owner_meeting_photo_not_original_for_sale-52849946-9217-1.html
Elegant 300 Square Yards House For Sale Prime Location DHA Ph 8,PKR 13 Crore,130000000,5,6,300 Sq. Yd,2700.0,48148,House,False,50,501VerifiedShare on FacebookShare on TwitterShare on WhatsAppSend via GMailSend via E-Mail,90,Houses_Karachi,for_sale,2026-07-26,https://www.zameen.com/Property/dha_defence_dha_phase_8_elegant_300_square_yards_house_for_sale_prime_location_dha_ph_8-53770456-1485-1.html
Brand New Lavish Elevation House Direct Owner Meeting 40 Feet Road Near Park,PKR 2.75 Crore,27500000,4,5,120 Sq. Yd,1080.0,25462,House,False,11,11Share on FacebookShare on TwitterShare on WhatsAppSend via GMailSend via E-Mail,81,Houses_Karachi,for_sale,2026-07-26,https://www.zameen.com/Property/scheme_33_andaleeb_cooperative_housing_society_brand_new_lavish_elevation_house_direct_owner_meeting_40_feet_road_near_park-54157598-13849-1.html
"GROUND PLUS 1 HOUSE FOR SALE, NORTH NAZIMABAD BLOCK E",PKR 2.7 Crore,27000000,5,6,180 Sq. Yd,1620.0,16666,House,False,10,10Share on FacebookShare on TwitterShare on WhatsAppSend via GMailSend via E-Mail,81,Houses_Karachi,for_sale,2026-07-26,https://www.zameen.com/Property/north_nazimabad_north_nazimabad_-_block_e_ground_plus_1_house_for_sale_north_nazimabad_block_e-54513047-7213-1.html
400 Sq/yd Brand New Luxury House,PKR 10 Crore,100000000,10,,400 Sq. Yd,3600.0,27777,House,False,16,16Share on FacebookShare on TwitterShare on WhatsAppSend via GMailSend via E-Mail,81,Houses_Karachi,for_sale,2026-07-26,https://www.zameen.com/Property/scheme_33_karachi_university_housing_society_400_sq_yd_brand_new_luxury_house-54266288-9184-1.html
"Fully Renovated Apartment for Sale in Askari 4 3 Bed DD | 2,300 Sq. Ft. | West Open Beautiful Tile & Wooden Flooring Servant Quarter with Attached Bathroom Prime Location | Secure & Family-Friendly Co",PKR 6.75 Crore,67500000,6,6,256 Sq. Yd,2304.0,29296,House,False,13,13Share on FacebookShare on TwitterShare on WhatsAppSend via GMailSend via E-Mail,81,Houses_Karachi,for_sale,2026-07-26,https://www.zameen.com/Property/gulistan_e_jauhar_askari_4_fully_renovated_apartment_for_sale_in_askari_4_3_bed_dd_2_300_sq_ft_west_open_beautiful_tile_wooden_flooring_servant_quarter_with_attached_bathroom_prime_location_secure_family-friendly_community_demand_6_crore_75_lakh_contact_0300-2022089-54521755-6648-1.html
Prime Location 240 Square Yards House For Sale In Beautiful Gulshan-E-Maymar - Sector T,PKR 4.85 Crore,48500000,6,6,240 Sq. Yd,2160.0,22453,House,False,10,101VerifiedShare on FacebookShare on TwitterShare on WhatsAppSend via GMailSend via E-Mail,90,Houses_Karachi,for_sale,2026-07-26,https://www.zameen.com/Property/gulshan_e_maymar_gulshan-e-maymar_-_sector_t_prime_location_240_square_yards_house_for_sale_in_beautiful_gulshan-e-maymar_-_sector_t-54347476-6756-1.html
Bungalow For Sale 1000 Square Yards In DHA Phase 7,PKR 25 Crore,250000000,6,7,"1,000 Sq. Yd",9000.0,27777,House,True,6,super hot6Share on FacebookShare on TwitterShare on WhatsAppSend via GMailSend via E-Mail,89,Houses_Karachi,for_sale,2026-07-26,https://www.zameen.com/Property/dha_defence_dha_phase_7_bungalow_for_sale_1000_square_yards_in_dha_phase_7-54467865-1484-1.html
Bungalow For Sale 1600 Square Yards In DHA Phase 6,PKR 70 Crore,700000000,6,7,"1,600 Sq. Yd",14400.0,48611,House,True,40,super hot40Share on FacebookShare on TwitterShare on WhatsAppSend via GMailSend via E-Mail,90,Houses_Karachi,for_sale,2026-07-26,https://www.zameen.com/Property/dha_defence_dha_phase_6_bungalow_for_sale_1600_square_yards_in_dha_phase_6-54494324-1483-1.html
Bungalow for Sale 1000 Square yards in DHA phase 6,PKR 30 Crore,300000000,6,7,"1,000 Sq. Yd",9000.0,33333,House,True,23,super hot23Share on FacebookShare on TwitterShare on WhatsAppSend via GMailSend via E-Mail,90,Houses_Karachi,for_sale,2026-07-26,https://www.zameen.com/Property/dha_defence_dha_phase_6_bungalow_for_sale_1000_square_yards_in_dha_phase_6-54504913-1483-1.html
240 SQ. Yds. Luxurious Villa,PKR 6.8 Crore,68000000,6,6,240 Sq. Yd,2160.0,31481,House,True,36,super hot36Share on FacebookShare on TwitterShare on WhatsAppSend via GMailSend via E-Mail,90,Houses_Karachi,for_sale,2026-07-26,https://www.zameen.com/Property/karachi_naya_nazimabad_240_sq_yds_luxurious_villa-54495189-10079-1.html
A Well Designed Prime Location House Is Up For sale In An Ideal Location In Naya Nazimabad,PKR 4.5 Crore,45000000,4,4,120 Sq. Yd,1080.0,41666,House,True,16,super hot161VerifiedShare on FacebookShare on TwitterShare on WhatsAppSend via GMailSend via E-Mail,99,Houses_Karachi,for_sale,2026-07-26,https://www.zameen.com/Property/karachi_naya_nazimabad_a_well_designed_prime_location_house_is_up_for_sale_in_an_ideal_location_in_naya_nazimabad-54508421-10079-1.html
SLIGHTLY USED BUNGALOW FOR SALE,PKR 18 Crore,180000000,6,6,500 Sq. Yd,4500.0,40000,House,True,8,super hot8Share on FacebookShare on TwitterShare on WhatsAppSend via GMailSend via E-Mail,89,Houses_Karachi,for_sale,2026-07-26,https://www.zameen.com/Property/dha_defence_dha_phase_6_slightly_used_bungalow_for_sale-54519594-1483-1.html
240 Sq Yds West Open Corner Fully Furnished One Unit House For Sale,PKR 5.25 Crore,52500000,5,6,240 Sq. Yd,2160.0,24305,House,True,24,super hot24Share on FacebookShare on TwitterShare on WhatsAppSend via GMailSend via E-Mail,90,Houses_Karachi,for_sale,2026-07-26,https://www.zameen.com/Property/scheme_33_sector_35_a_capital_cooperative_housing_society_240_sq_yds_west_open_corner_fully_furnished_one_unit_house_for_sale-54455848-8908-1.html
400 Sq Yds G+1.5 Leased Fully Furnished 9-Bed House For Sale In Capital Society Scheme 33,PKR 8.5 Crore,85000000,8,7,400 Sq. Yd,3600.0,23611,House,True,37,super hot37Share on FacebookShare on TwitterShare on WhatsAppSend via GMailSend via E-Mail,90,Houses_Karachi,for_sale,2026-07-26,https://www.zameen.com/Property/scheme_33_sector_35_a_capital_cooperative_housing_society_400_sq_yds_g_1_5_leased_fully_furnished_9-bed_house_for_sale_in_capital_society_scheme_33-54476398-8908-1.html
BRAND NEW BANGLOW AVAILABLE FOR SALE 10 BED D/D LOUNGE 2 KITCHEN BIG GARDEN 10 CAR PARKING SWIMMING POOL,PKR 1.35 Arab,1350000000,1,6,"3,000 Sq. Yd",27000.0,50000,House,True,36,super hot36Share on FacebookShare on TwitterShare on WhatsAppSend via GMailSend via E-Mail,90,Houses_Karachi,for_sale,2026-07-26,https://www.zameen.com/Property/dha_defence_dha_phase_8_brand_new_banglow_available_for_sale_10_bed_d_d_lounge_2_kitchen_big_garden_10_car_parking_swimming_pool-54107677-1485-1.html
Luxury White House In Best Location Of Gulshan E Iqbal Block 7,PKR 25 Crore,250000000,7,6,"1,000 Sq. Yd",9000.0,27777,House,True,43,super hot43Share on FacebookShare on TwitterShare on WhatsAppSend via GMailSend via E-Mail,90,Houses_Karachi,for_sale,2026-07-26,https://www.zameen.com/Property/gulshan_e_iqbal_gulshan-e-iqbal_-_block_7_luxury_white_house_in_best_location_of_gulshan_e_iqbal_block_7-54519620-6868-1.html
"235 Sq Yd Villa For Sale Precinct-31, Bahria Town Karachi Near Sports City Villas | 3 Bedrooms, Drawing, Dining, Closed Italian Kitchen & TV Lounge | Amenities Nearby | 15 Min Drive From Main Gate.",PKR 1.38 Crore,13799999,1,3,235 Sq. Yd,2115.0,6524,House,True,15,hot15Share on FacebookShare on TwitterShare on WhatsAppSend via GMailSend via E-Mail,84,Houses_Karachi,for_sale,2026-07-26,https://www.zameen.com/Property/bahria_town_karachi_bahria_town_-_precinct_31_235_sq_yd_villa_for_sale_precinct-31_bahria_town_karachi_near_sports_city_villas_3_bedrooms_drawing_dining_closed_italian_kitchen_tv_lounge_amenities_nearby_15_min_drive_from_main_gate-54420599-10045-1.html
500 Yards Brand New Top Quality Bungalow With Pool Basement Available For Sale,PKR 31.5 Crore,315000000,6,6,500 Sq. Yd,4500.0,70000,House,True,48,hot48Share on FacebookShare on TwitterShare on WhatsAppSend via GMailSend via E-Mail,84,Houses_Karachi,for_sale,2026-07-26,https://www.zameen.com/Property/dha_defence_dha_phase_8_500_yards_brand_new_top_quality_bungalow_with_pool_basement_available_for_sale-54384174-1485-1.html
Gulistan-E-Jauhar Block 2 Single Belt House For Sale 110 Square Yard Ground Plus One,PKR 3.2 Crore,32000000,5,5,110 Sq. Yd,990.0,32323,House,False,20,hot20Share on FacebookShare on TwitterShare on WhatsAppSend via GMailSend via E-Mail,84,Houses_Karachi,for_sale,2026-07-26,https://www.zameen.com/Property/karachi_gulistan-e-jauhar_gulistan-e-jauhar_block_2_single_belt_house_for_sale_110_square_yard_ground_plus_one-52227323-232-1.html
400 Sq. Yd Bungalow For Sale In Gulistan-E-Jauhar VIP Block,PKR 8.5 Crore,85000000,4,4,400 Sq. Yd,3600.0,23611,House,False,48,hot48Share on FacebookShare on TwitterShare on WhatsAppSend via GMailSend via E-Mail,84,Houses_Karachi,for_sale,2026-07-26,https://www.zameen.com/Property/karachi_gulistan-e-jauhar_400_sq_yd_bungalow_for_sale_in_gulistan-e-jauhar_vip_block-53317022-232-1.html
500 Sq Yd Ground Plus One With Basement House For Sale In Gulistan E Johar Block 1,PKR 9.7 Crore,97000000,5,6,500 Sq. Yd,4500.0,21555,House,False,11,hot11Share on FacebookShare on TwitterShare on WhatsAppSend via GMailSend via E-Mail,84,Houses_Karachi,for_sale,2026-07-26,https://www.zameen.com/Property/karachi_gulistan-e-jauhar_500_sq_yd_ground_plus_one_with_basement_house_for_sale_in_gulistan_e_johar_block_1-52450456-232-1.html
DOUBLE STORY HOUSE FOR SALE,PKR 2.4 Crore,24000000,4,5,120 Sq. Yd,1080.0,22222,House,False,5,hot5Share on FacebookShare on TwitterShare on WhatsAppSend via GMailSend via E-Mail,83,Houses_Karachi,for_sale,2026-07-26,https://www.zameen.com/Property/gulzar_e_hijri_sadaf_cooperative_housing_society_double_story_house_for_sale-54412072-9164-1.html
LUXURIOUS | DOUBLE STOREY HOUSE FOR SALE,PKR 3.05 Crore,30500000,4,5,120 Sq. Yd,1080.0,28240,House,False,11,hot11Share on FacebookShare on TwitterShare on WhatsAppSend via GMailSend via E-Mail,84,Houses_Karachi,for_sale,2026-07-26,https://www.zameen.com/Property/scheme_33_zeenatabad_luxurious_double_storey_house_for_sale-54412291-9195-1.html
Brand New House Available For Sale,PKR 5.5 Crore,55000000,9,7,240 Sq. Yd,2160.0,25462,House,False,46,46Share on FacebookShare on TwitterShare on WhatsAppSend via GMailSend via E-Mail,81,Houses_Karachi,for_sale,2026-07-26,https://www.zameen.com/Property/scheme_33_saadi_town_brand_new_house_available_for_sale-54177255-6853-1.html
House Available For Sale,PKR 1.45 Crore,14500000,2,3,120 Sq. Yd,1080.0,13425,House,False,8,8Share on FacebookShare on TwitterShare on WhatsAppSend via GMailSend via E-Mail,80,Houses_Karachi,for_sale,2026-07-26,https://www.zameen.com/Property/gulshan_e_maymar_gulshan-e-maymar_-_sector_r_house_available_for_sale-54215991-6754-1.html
Brand New House Available For Sale,PKR 5.7 Crore,57000000,6,7,240 Sq. Yd,2160.0,26388,House,False,45,45Share on FacebookShare on TwitterShare on WhatsAppSend via GMailSend via E-Mail,81,Houses_Karachi,for_sale,2026-07-26,https://www.zameen.com/Property/scheme_33_sector_35_a_capital_cooperative_housing_society_brand_new_house_available_for_sale-54224027-8908-1.html
Brand New House Available For Sale,PKR 4.5 Crore,45000000,6,7,240 Sq. Yd,2160.0,20833,House,False,39,39Share on FacebookShare on TwitterShare on WhatsAppSend via GMailSend via E-Mail,81,Houses_Karachi,for_sale,2026-07-26,https://www.zameen.com/Property/scheme_33_saadi_town_brand_new_house_available_for_sale-54238338-6853-1.html
Brand New House Available For Sale,PKR 6.5 Crore,65000000,9,7,400 Sq. Yd,3600.0,18055,House,False,50,50Share on FacebookShare on TwitterShare on WhatsAppSend via GMailSend via E-Mail,81,Houses_Karachi,for_sale,2026-07-26,https://www.zameen.com/Property/scheme_33_saadi_town_brand_new_house_available_for_sale-54241121-6853-1.html
Prime Location 240 Square Yards House In Capital Cooperative Housing Society Is Available,PKR 5.6 Crore,56000000,6,6,240 Sq. Yd,2160.0,25925,House,False,24,241VerifiedShare on FacebookShare on TwitterShare on WhatsAppSend via GMailSend via E-Mail,90,Houses_Karachi,for_sale,2026-07-26,https://www.zameen.com/Property/scheme_33_sector_35_a_capital_cooperative_housing_society_prime_location_240_square_yards_house_in_capital_cooperative_housing_society_is_available-54117095-8908-1.html
Brand New House Available For Sale,PKR 1.65 Crore,16500000,2,3,120 Sq. Yd,1080.0,15277,House,False,7,7Share on FacebookShare on TwitterShare on WhatsAppSend via GMailSend via E-Mail,80,Houses_Karachi,for_sale,2026-07-26,https://www.zameen.com/Property/saadi_garden_saadi_garden_-_block_5_brand_new_house_available_for_sale-54177245-9089-1.html
Brand New House Available For Sale,PKR 1.75 Crore,17500000,2,3,120 Sq. Yd,1080.0,16203,House,False,13,13Share on FacebookShare on TwitterShare on WhatsAppSend via GMailSend via E-Mail,81,Houses_Karachi,for_sale,2026-07-26,https://www.zameen.com/Property/saadi_garden_saadi_garden_-_block_5_brand_new_house_available_for_sale-54106404-9089-1.html
Prime Location House Of 120 Square Yards Is Available For Sale,PKR 3.9 Crore,39000000,4,4,120 Sq. Yd,1080.0,36111,House,True,19,super hot191VerifiedShare on FacebookShare on TwitterShare on WhatsAppSend via GMailSend via E-Mail,99,Houses_Karachi,for_sale,2026-07-26,https://www.zameen.com/Property/karachi_naya_nazimabad_prime_location_house_of_120_square_yards_is_available_for_sale-54508422-10079-1.html
Corner 100 Yards Slightly Used West Open Bungalow For Sale DHA Phase 7 Extension.,PKR 5.5 Crore,55000000,4,4,100 Sq. Yd,900.0,61111,House,True,22,super hot22Share on FacebookShare on TwitterShare on WhatsAppSend via GMailSend via E-Mail,90,Houses_Karachi,for_sale,2026-07-26,https://www.zameen.com/Property/dha_defence_dha_phase_7_extension_corner_100_yards_slightly_used_west_open_bungalow_for_sale_dha_phase_7_extension-54399337-1674-1.html
Hot Deal! 120 Sq Yard Greenbelt Facing House Near Entrance Naya Nazimabad,PKR 4.15 Crore,41500000,4,4,120 Sq. Yd,1080.0,38425,House,True,18,super hot18Share on FacebookShare on TwitterShare on WhatsAppSend via GMailSend via E-Mail,90,Houses_Karachi,for_sale,2026-07-26,https://www.zameen.com/Property/naya_nazimabad_naya_nazimabad_-_block_a_hot_deal_120_sq_yard_greenbelt_facing_house_near_entrance_naya_nazimabad-54115825-14291-1.html
LUXURY BRAND NEW 240 SQUARE YARD GROUND+ONE HOUSE FOR SALE IN SECTOR 25-A PUNJABI SAUDAGARAN SOCIETY SCHEME 33 KARACHI,PKR 5.75 Crore,57500000,6,6,240 Sq. Yd,2160.0,26620,House,True,28,super hot281Share on FacebookShare on TwitterShare on WhatsAppSend via GMailSend via E-Mail,91,Houses_Karachi,for_sale,2026-07-26,https://www.zameen.com/Property/scheme_33_sector_25_a_sector_25-a_-_punjabi_saudagar_multi_purpose_society_luxury_brand_new_240_square_yard_ground_one_house_for_sale_in_sector_25-a_punjabi_saudagaran_society_scheme_33_karachi-53650530-9145-1.html
Brand New House For Sale Purpose,PKR 8 Crore,80000000,5,6,375 Sq. Yd,3375.0,23703,House,True,5,super hot5Share on FacebookShare on TwitterShare on WhatsAppSend via GMailSend via E-Mail,89,Houses_Karachi,for_sale,2026-07-26,https://www.zameen.com/Property/malir_cantonment_askari_6_brand_new_house_for_sale_purpose-44838384-21109-1.html
Well Maintained 500 Sq. Yards House Available For Sale In Falcon Complex New Malir,PKR 11 Crore,110000000,5,5,500 Sq. Yd,4500.0,24444,House,True,6,super hot6Share on FacebookShare on TwitterShare on WhatsAppSend via GMailSend via E-Mail,89,Houses_Karachi,for_sale,2026-07-26,https://www.zameen.com/Property/malir_falcon_complex_new_malir_well_maintained_500_sq_yards_house_available_for_sale_in_falcon_complex_new_malir-54478432-9582-1.html
Brand New 350 Sq. Yards House Available For Sale In Falcon Complex New Malir Prime Location,PKR 9.25 Crore,92500000,4,5,350 Sq. Yd,3150.0,29365,House,True,7,super hot7Share on FacebookShare on TwitterShare on WhatsAppSend via GMailSend via E-Mail,89,Houses_Karachi,for_sale,2026-07-26,https://www.zameen.com/Property/malir_falcon_complex_new_malir_brand_new_350_sq_yards_house_available_for_sale_in_falcon_complex_new_malir_prime_location-54478732-9582-1.html
FALCON COMPLEX BRAND NEW 350 SQYD HOUSE,PKR 9 Crore,90000000,4,5,350 Sq. Yd,3150.0,28571,House,True,12,super hot12Share on FacebookShare on TwitterShare on WhatsAppSend via GMailSend via E-Mail,90,Houses_Karachi,for_sale,2026-07-26,https://www.zameen.com/Property/malir_falcon_complex_new_malir_falcon_complex_brand_new_350_sqyd_house-54482446-9582-1.html
Prime Location House For sale In Beautiful CP Barar Society,PKR 15 Crore,150000000,10,6,300 Sq. Yd,2700.0,55555,House,True,30,super hot301VerifiedShare on FacebookShare on TwitterShare on WhatsAppSend via GMailSend via E-Mail,99,Houses_Karachi,for_sale,2026-07-26,https://www.zameen.com/Property/gulshan_e_iqbal_town_cp_barar_society_prime_location_house_for_sale_in_beautiful_cp_barar_society-54195319-9654-1.html
500 SQ YARDS VILLA FOR SALE IN FALCON LUXURY LIVING!,PKR 11.8 Crore,118000000,5,5,500 Sq. Yd,4500.0,26222,House,True,24,super hot241Share on FacebookShare on TwitterShare on WhatsAppSend via GMailSend via E-Mail,91,Houses_Karachi,for_sale,2026-07-26,https://www.zameen.com/Property/malir_falcon_complex_new_malir_500_sq_yards_villa_for_sale_in_falcon_luxury_living-53084494-9582-1.html
120Sq. Yard Bungalow Block M,PKR 3 Crore,30000000,3,3,120 Sq. Yd,1080.0,27777,House,True,11,hot11Share on FacebookShare on TwitterShare on WhatsAppSend via GMailSend via E-Mail,84,Houses_Karachi,for_sale,2026-07-26,https://www.zameen.com/Property/karachi_naya_nazimabad_120sq_yard_bungalow_block_m-54255286-10079-1.html
Spacious Prime Location House Is Available In Naya Nazimabad For sale,PKR 4.25 Crore,42500000,4,4,120 Sq. Yd,1080.0,39351,House,True,6,hot6VerifiedShare on FacebookShare on TwitterShare on WhatsAppSend via GMailSend via E-Mail,91,Houses_Karachi,for_sale,2026-07-26,https://www.zameen.com/Property/karachi_naya_nazimabad_spacious_prime_location_house_is_available_in_naya_nazimabad_for_sale-54508537-10079-1.html
300 Sq Yd Ground Plus One Bungalow For Sell In Gulistan-e-Jauhar Block 1,PKR 8.25 Crore,82500000,7,7,300 Sq. Yd,2700.0,30555,House,False,8,hot8Share on FacebookShare on TwitterShare on WhatsAppSend via GMailSend via E-Mail,83,Houses_Karachi,for_sale,2026-07-26,https://www.zameen.com/Property/gulistan_e_jauhar_gulistan-e-jauhar_-_block_1_300_sq_yd_ground_plus_one_bungalow_for_sell_in_gulistan-e-jauhar_block_1-53998884-6823-1.html
240 Sq Yd Ground Plus One Ultra Luxury Owner Build-Up Bungalow For Sell In Gulistan-e-Jauhar Block 14,PKR 7.6 Crore,76000000,4,4,240 Sq. Yd,2160.0,35185,House,False,37,hot37Share on FacebookShare on TwitterShare on WhatsAppSend via GMailSend via E-Mail,84,Houses_Karachi,for_sale,2026-07-26,https://www.zameen.com/Property/gulistan_e_jauhar_gulistan-e-jauhar_-_block_14_240_sq_yd_ground_plus_one_ultra_luxury_owner_build-up_bungalow_for_sell_in_gulistan-e-jauhar_block_14-53998763-6838-1.html
240 Sq Yd Ground Plus Two Corner Bungalow For Sell In Gulistan-E-Jauhar Block 15,PKR 6.6 Crore,66000000,8,7,240 Sq. Yd,2160.0,30555,House,False,25,hot25Share on FacebookShare on TwitterShare on WhatsAppSend via GMailSend via E-Mail,84,Houses_Karachi,for_sale,2026-07-26,https://www.zameen.com/Property/gulistan_e_jauhar_gulistan-e-jauhar_-_block_15_240_sq_yd_ground_plus_two_corner_bungalow_for_sell_in_gulistan-e-jauhar_block_15-53819723-6839-1.html
240 Sq. Yard Ground Plus One bungalow For Sell In Gulistan-E-Jauhar,PKR 7 Crore,70000000,6,7,240 Sq. Yd,2160.0,32407,House,False,35,hot35Share on FacebookShare on TwitterShare on WhatsAppSend via GMailSend via E-Mail,84,Houses_Karachi,for_sale,2026-07-26,https://www.zameen.com/Property/karachi_gulistan-e-jauhar_240_sq_yard_ground_plus_one_bungalow_for_sell_in_gulistan-e-jauhar-54090987-232-1.html
400 Sq. Yd Ultra Luxurious Bungalow For Sale In Gulistan-E- Jauhar,PKR 10.5 Crore,105000000,8,7,400 Sq. Yd,3600.0,29166,House,False,25,hot25Share on FacebookShare on TwitterShare on WhatsAppSend via GMailSend via E-Mail,84,Houses_Karachi,for_sale,2026-07-26,https://www.zameen.com/Property/karachi_gulistan-e-jauhar_400_sq_yd_ultra_luxurious_bungalow_for_sale_in_gulistan-e-_jauhar-54137975-232-1.html
Brand New House Available For Sale,PKR 4 Crore,40000000,6,7,240 Sq. Yd,2160.0,18518,House,False,30,30Share on FacebookShare on TwitterShare on WhatsAppSend via GMailSend via E-Mail,81,Houses_Karachi,for_sale,2026-07-26,https://www.zameen.com/Property/gadap_town_gulshan-e-maymar_brand_new_house_available_for_sale-53774909-680-1.html
Brand New House Available For Sale,PKR 6 Crore,60000000,6,7,417 Sq. Yd,3753.0,15987,House,False,38,381Share on FacebookShare on TwitterShare on WhatsAppSend via GMailSend via E-Mail,82,Houses_Karachi,for_sale,2026-07-26,https://www.zameen.com/Property/gulshan_e_maymar_gulshan-e-maymar_-_sector_v_brand_new_house_available_for_sale-53971020-6758-1.html
Brand New House Available For Sale,PKR 4 Crore,40000000,6,7,240 Sq. Yd,2160.0,18518,House,False,32,321Share on FacebookShare on TwitterShare on WhatsAppSend via GMailSend via E-Mail,82,Houses_Karachi,for_sale,2026-07-26,https://www.zameen.com/Property/gulshan_e_maymar_gulshan-e-maymar_-_sector_t_brand_new_house_available_for_sale-53275247-6756-1.html
House Available For Sale,PKR 5 Crore,50000000,5,7,400 Sq. Yd,3600.0,13888,House,False,47,47Share on FacebookShare on TwitterShare on WhatsAppSend via GMailSend via E-Mail,81,Houses_Karachi,for_sale,2026-07-26,https://www.zameen.com/Property/gadap_town_gulshan-e-maymar_house_available_for_sale-53379955-680-1.html
Corner House Available For Sale,PKR 4.1 Crore,41000000,6,7,260 Sq. Yd,2340.0,17521,House,False,43,43Share on FacebookShare on TwitterShare on WhatsAppSend via GMailSend via E-Mail,81,Houses_Karachi,for_sale,2026-07-26,https://www.zameen.com/Property/gulshan_e_maymar_gulshan-e-maymar_-_sector_t_corner_house_available_for_sale-52940099-6756-1.html
Brand New House Available For Sale,PKR 4.25 Crore,42500000,6,7,240 Sq. Yd,2160.0,19675,House,False,48,48Share on FacebookShare on TwitterShare on WhatsAppSend via GMailSend via E-Mail,81,Houses_Karachi,for_sale,2026-07-26,https://www.zameen.com/Property/gulshan_e_maymar_gulshan-e-maymar_-_sector_t_brand_new_house_available_for_sale-53049062-6756-1.html
Brand New House Available For Sale,PKR 5.4 Crore,54000000,6,7,240 Sq. Yd,2160.0,25000,House,False,50,50Share on FacebookShare on TwitterShare on WhatsAppSend via GMailSend via E-Mail,81,Houses_Karachi,for_sale,2026-07-26,https://www.zameen.com/Property/scheme_33_sector_25_a_sector_25-a_-_punjabi_saudagar_multi_purpose_society_brand_new_house_available_for_sale-54134268-9145-1.html
Brand New House Available For Sale,PKR 2.95 Crore,29500000,4,4,120 Sq. Yd,1080.0,27314,House,False,26,26Share on FacebookShare on TwitterShare on WhatsAppSend via GMailSend via E-Mail,81,Houses_Karachi,for_sale,2026-07-26,https://www.zameen.com/Property/scheme_33_meerut_society_brand_new_house_available_for_sale-54165505-9078-1.html
350 Square Yards Fully Renovated House For Sale,PKR 8.55 Crore,85500000,4,5,350 Sq. Yd,3150.0,27142,House,True,36,super hot361VerifiedShare on FacebookShare on TwitterShare on WhatsAppSend via GMailSend via E-Mail,99,Houses_Karachi,for_sale,2026-07-26,https://www.zameen.com/Property/malir_falcon_complex_new_malir_350_square_yards_fully_renovated_house_for_sale-45261204-9582-1.html
Available For Sale Block M One Unit Banglow,PKR 3.05 Crore,30500000,4,4,120 Sq. Yd,1080.0,28240,House,True,16,super hot16Share on FacebookShare on TwitterShare on WhatsAppSend via GMailSend via E-Mail,90,Houses_Karachi,for_sale,2026-07-26,https://www.zameen.com/Property/naya_nazimabad_naya_nazimabad_-_block_m_available_for_sale_block_m_one_unit_banglow-54418334-14297-1.html
1000 yards Brand New Bungalow with Pool Basement Available for sale,PKR 42 Crore,420000000,6,6,"1,000 Sq. Yd",9000.0,46666,House,True,30,super hot30Share on FacebookShare on TwitterShare on WhatsAppSend via GMailSend via E-Mail,90,Houses_Karachi,for_sale,2026-07-26,https://www.zameen.com/Property/dha_defence_dha_phase_6_1000_yards_brand_new_bungalow_with_pool_basement_available_for_sale-54517151-1483-1.html
Luxury 2 Bed Sea-Facing Apartment | The Trillium | Gated Community | Flexible Payment Plan,PKR 9.97 Crore,99700000,9,3,209 Sq. Yd,1881.0,53003,House,True,38,super hot38Share on FacebookShare on TwitterShare on WhatsAppSend via GMailSend via E-Mail,90,Houses_Karachi,for_sale,2026-07-26,https://www.zameen.com/Property/dha_phase_5_the_trillium_luxury_2_bed_sea-facing_apartment_the_trillium_gated_community_flexible_payment_plan-54473680-22580-1.html
1000 SQ Yard Villa Available For Sale,PKR 29 Crore,290000000,7,6,"1,000 Sq. Yd",9000.0,32222,House,True,20,super hot20Share on FacebookShare on TwitterShare on WhatsAppSend via GMailSend via E-Mail,90,Houses_Karachi,for_sale,2026-07-26,https://www.zameen.com/Property/dha_defence_dha_phase_7_1000_sq_yard_villa_available_for_sale-54396202-1484-1.html
200 Square Yards House Available In KESC Housing Society For sale,PKR 7.5 Crore,75000000,6,6,200 Sq. Yd,1800.0,41666,House,True,29,super hot291Share on FacebookShare on TwitterShare on WhatsAppSend via GMailSend via E-Mail,91,Houses_Karachi,for_sale,2026-07-26,https://www.zameen.com/Property/scheme_33_kesc_housing_society_200_square_yards_house_available_in_kesc_housing_society_for_sale-54465695-9075-1.html
METROPOLIS LUXURY 3 BED FLAT FOR SELL,PKR 3.1 Crore,31000000,3,5,278 Sq. Yd,2502.0,12390,House,True,9,super hot9Share on FacebookShare on TwitterShare on WhatsAppSend via GMailSend via E-Mail,89,Houses_Karachi,for_sale,2026-07-26,https://www.zameen.com/Property/jinnah_avenue_metropolis_residency_metropolis_luxury_3_bed_flat_for_sell-54477916-11073-1.html
Aesthetic Prime Location House Of 300 Square Yards For Sale Is Available,PKR 7.25 Crore,72500000,3,3,300 Sq. Yd,2700.0,26851,House,True,19,super hot19VerifiedShare on FacebookShare on TwitterShare on WhatsAppSend via GMailSend via E-Mail,98,Houses_Karachi,for_sale,2026-07-26,https://www.zameen.com/Property/gulistan_e_jauhar_gulistan-e-jauhar_-_block_15_aesthetic_prime_location_house_of_300_square_yards_for_sale_is_available-54439417-6839-1.html
BRAND NEW WEST OPEN   GROUND PLUS ONE HOUSE FOR SALE,PKR 2.85 Crore,28500000,4,6,120 Sq. Yd,1080.0,26388,House,True,8,super hot8Share on FacebookShare on TwitterShare on WhatsAppSend via GMailSend via E-Mail,89,Houses_Karachi,for_sale,2026-07-26,https://www.zameen.com/Property/scheme_33_sector_50_punjabi_saudagar_society_phase_2_brand_new_west_open_ground_plus_one_house_for_sale-54210872-12712-1.html
BEAUTIFUL 80 SQ YARDS G+1 HOUSE FOR SALE AT GOLD BLOCK NTR-01,PKR 1.3 Crore,13000000,4,4,80 Sq. Yd,720.0,18055,House,True,8,super hot8Share on FacebookShare on TwitterShare on WhatsAppSend via GMailSend via E-Mail,89,Houses_Karachi,for_sale,2026-07-26,https://www.zameen.com/Property/surjani_town_north_town_residency_beautiful_80_sq_yards_g_1_house_for_sale_at_gold_block_ntr-01-54327606-10674-1.html
BRAND NEW HOUSE FOR SALE PURPOSE,PKR 8.2 Crore,82000000,5,6,375 Sq. Yd,3375.0,24296,House,True,14,hot14Share on FacebookShare on TwitterShare on WhatsAppSend via GMailSend via E-Mail,84,Houses_Karachi,for_sale,2026-07-26,https://www.zameen.com/Property/malir_cantonment_askari_6_brand_new_house_for_sale_purpose-53407107-21109-1.html
BRAND NEW 500 SQ YARD HOUSE FOR SALE IN KARACHI,PKR 11.9 Crore,119000000,5,5,500 Sq. Yd,4500.0,26444,House,True,22,hot221Share on FacebookShare on TwitterShare on WhatsAppSend via GMailSend via E-Mail,85,Houses_Karachi,for_sale,2026-07-26,https://www.zameen.com/Property/malir_falcon_complex_new_malir_brand_new_500_sq_yard_house_for_sale_in_karachi-51726024-9582-1.html
Brand New 400 Sq. Yd Ultra Luxurious Bungalow For Sale In Gulistan-E- Jauhar,PKR 10.5 Crore,105000000,6,7,400 Sq. Yd,3600.0,29166,House,False,20,hot20Share on FacebookShare on TwitterShare on WhatsAppSend via GMailSend via E-Mail,84,Houses_Karachi,for_sale,2026-07-26,https://www.zameen.com/Property/karachi_gulistan-e-jauhar_brand_new_400_sq_yd_ultra_luxurious_bungalow_for_sale_in_gulistan-e-_jauhar-54138107-232-1.html
House Villa for Sale,PKR 1.4 Crore,14000000,4,5,120 Sq. Yd,1080.0,12962,House,False,9,hot9Share on FacebookShare on TwitterShare on WhatsAppSend via GMailSend via E-Mail,83,Houses_Karachi,for_sale,2026-07-26,https://www.zameen.com/Property/malir_falaknaz_dreams_house_villa_for_sale-54226829-9697-1.html
350 Sq. Yd Bunglow For Sale In Gulistan-E-Jauhar Block 14 (VIP Block ),PKR 11 Crore,110000000,6,7,350 Sq. Yd,3150.0,34920,House,False,10,hot10Share on FacebookShare on TwitterShare on WhatsAppSend via GMailSend via E-Mail,84,Houses_Karachi,for_sale,2026-07-26,https://www.zameen.com/Property/karachi_gulistan-e-jauhar_350_sq_yd_bunglow_for_sale_in_gulistan-e-jauhar_block_14_vip_block-54386752-232-1.html
Brand New Bungalow Available For Sale DHA Phase Viii,PKR 27 Crore,270000000,6,6,500 Sq. Yd,4500.0,60000,House,False,10,hot10Share on FacebookShare on TwitterShare on WhatsAppSend via GMailSend via E-Mail,84,Houses_Karachi,for_sale,2026-07-26,https://www.zameen.com/Property/dha_defence_dha_phase_8_brand_new_bungalow_available_for_sale_dha_phase_viii-53944501-1485-1.html
FULLY RENOVATED LUXURY BUNGALOW FOR SALE,PKR 40 Crore,400000000,6,6,"1,000 Sq. Yd",9000.0,44444,House,False,36,hot36Share on FacebookShare on TwitterShare on WhatsAppSend via GMailSend via E-Mail,84,Houses_Karachi,for_sale,2026-07-26,https://www.zameen.com/Property/dha_defence_dha_phase_6_fully_renovated_luxury_bungalow_for_sale-54358260-1483-1.html
Brand New House Available For Sale,PKR 2.85 Crore,28500000,5,6,120 Sq. Yd,1080.0,26388,House,False,23,23Share on FacebookShare on TwitterShare on WhatsAppSend via GMailSend via E-Mail,81,Houses_Karachi,for_sale,2026-07-26,https://www.zameen.com/Property/scheme_33_saadi_town_brand_new_house_available_for_sale-54177251-6853-1.html
Brand New House Available For Sale,PKR 1.7 Crore,17000000,2,3,120 Sq. Yd,1080.0,15740,House,False,13,13Share on FacebookShare on TwitterShare on WhatsAppSend via GMailSend via E-Mail,81,Houses_Karachi,for_sale,2026-07-26,https://www.zameen.com/Property/scheme_33_saadi_garden_brand_new_house_available_for_sale-54283764-9087-1.html
Well Maintained House For Sale,PKR 5.5 Crore,55000000,6,6,240 Sq. Yd,2160.0,25462,House,False,10,10Share on FacebookShare on TwitterShare on WhatsAppSend via GMailSend via E-Mail,81,Houses_Karachi,for_sale,2026-07-26,https://www.zameen.com/Property/gulistan_e_jauhar_gulistan-e-jauhar_-_block_15_well_maintained_house_for_sale-53187708-6839-1.html
Urgent Sale Ideal Location House Basement Ground +One House For Sale,PKR 7.99 Crore,79900000,7,6,400 Sq. Yd,3600.0,22194,House,False,9,9Share on FacebookShare on TwitterShare on WhatsAppSend via GMailSend via E-Mail,80,Houses_Karachi,for_sale,2026-07-26,https://www.zameen.com/Property/gulistan_e_jauhar_gulistan-e-jauhar_-_block_1_urgent_sale_ideal_location_house_basement_ground_one_house_for_sale-54289747-6823-1.html
URGENT SALE MAIN UNIVERSITY ROAD MOSMIYAT BOUNDRY WALLED SOCIETY GROUND +2 HOUSE FOR SALE,PKR 3.29 Crore,32900000,6,6,133 Sq. Yd,1197.0,27485,House,False,7,7Share on FacebookShare on TwitterShare on WhatsAppSend via GMailSend via E-Mail,80,Houses_Karachi,for_sale,2026-07-26,https://www.zameen.com/Property/karachi_university_road_urgent_sale_main_university_road_mosmiyat_boundry_walled_society_ground_2_house_for_sale-54289753-324-1.html
Property For Sale In Gulshan-E-Iqbal - Block 13/D-1 Karachi Is Available Under Rs. 40000000,PKR 4 Crore,40000000,6,6,120 Sq. Yd,1080.0,37037,House,False,21,21VerifiedShare on FacebookShare on TwitterShare on WhatsAppSend via GMailSend via E-Mail,89,Houses_Karachi,for_sale,2026-07-26,https://www.zameen.com/Property/gulshan_e_iqbal_gulshan-e-iqbal_-_block_13_d-1_property_for_sale_in_gulshan-e-iqbal_-_block_13_d-1_karachi_is_available_under_rs_40000000-54521739-6875-1.html
Leased House New Brand Ground Plus 1 In State Bank Society Sector 17A Scheme 33 Karachi,PKR 4.9 Crore,49000000,7,6,200 Sq. Yd,1800.0,27222,House,False,19,191Share on FacebookShare on TwitterShare on WhatsAppSend via GMailSend via E-Mail,82,Houses_Karachi,for_sale,2026-07-26,https://www.zameen.com/Property/scheme_33_sector_17_a_state_bank_of_pakistan_housing_society_leased_house_new_brand_ground_plus_1_in_state_bank_society_sector_17a_scheme_33_karachi-53721749-9085-1.html
New Brand leased WEST OPEN House Available For Sale In State Bank Society Karachi,PKR 4.8 Crore,48000000,6,6,200 Sq. Yd,1800.0,26666,House,False,31,31VerifiedShare on FacebookShare on TwitterShare on WhatsAppSend via GMailSend via E-Mail,89,Houses_Karachi,for_sale,2026-07-26,https://www.zameen.com/Property/scheme_33_sector_17_a_state_bank_of_pakistan_housing_society_new_brand_leased_west_open_house_available_for_sale_in_state_bank_society_karachi-54111662-9085-1.html
PRIME LOCATION CHANCE DEAL BRAND NEW House For Sale In ASKARI 6 Karachi,PKR 7.3 Crore,73000000,5,5,300 Sq. Yd,2700.0,27037,House,True,30,super hot301Share on FacebookShare on TwitterShare on WhatsAppSend via GMailSend via E-Mail,91,Houses_Karachi,for_sale,2026-07-26,https://www.zameen.com/Property/malir_cantonment_askari_6_prime_location_chance_deal_brand_new_house_for_sale_in_askari_6_karachi-53957649-21109-1.html
WEST OPEN BRAND NEW SUH 375 SQY HOUSE ASK 6 AVAIALBE FOR SALE IN MALIR CANTT KARACHI,PKR 8.7 Crore,87000000,5,5,375 Sq. Yd,3375.0,25777,House,True,14,super hot141Share on FacebookShare on TwitterShare on WhatsAppSend via GMailSend via E-Mail,91,Houses_Karachi,for_sale,2026-07-26,https://www.zameen.com/Property/malir_cantonment_askari_6_west_open_brand_new_suh_375_sqy_house_ask_6_avaialbe_for_sale_in_malir_cantt_karachi-51380378-21109-1.html
PRIME LOCATION SUH 427 SQUARE YARD HOUSE SECTOR H AVAILABLE FOR SALE IN ASKARI 5 MALIR CANTT KARACHI,PKR 9.85 Crore,98500000,5,5,427 Sq. Yd,3843.0,25631,House,True,17,super hot17VerifiedShare on FacebookShare on TwitterShare on WhatsAppSend via GMailSend via E-Mail,98,Houses_Karachi,for_sale,2026-07-26,https://www.zameen.com/Property/askari_5_askari_5_-_sector_h_prime_location_suh_427_square_yard_house_sector_h_available_for_sale_in_askari_5_malir_cantt_karachi-51022058-12243-1.html
Architectural Perfection Brand New 500 Yards Bungalow For Sale in DHA Phase 8 Karachi,PKR 28 Crore,280000000,6,7,500 Sq. Yd,4500.0,62222,House,True,48,super hot48Share on FacebookShare on TwitterShare on WhatsAppSend via GMailSend via E-Mail,90,Houses_Karachi,for_sale,2026-07-26,https://www.zameen.com/Property/dha_defence_dha_phase_8_architectural_perfection_brand_new_500_yards_bungalow_for_sale_in_dha_phase_8_karachi-54415297-1485-1.html
Contemporary Elegance Brand New 500 Yards Bungalow For Sale in DHA Phase 8 Karachi,PKR 30.5 Crore,305000000,6,7,500 Sq. Yd,4500.0,67777,House,True,9,super hot9Share on FacebookShare on TwitterShare on WhatsAppSend via GMailSend via E-Mail,89,Houses_Karachi,for_sale,2026-07-26,https://www.zameen.com/Property/dha_defence_dha_phase_8_contemporary_elegance_brand_new_500_yards_bungalow_for_sale_in_dha_phase_8_karachi-54435401-1485-1.html
BEAUTIFUL NEW 120 SQ YARDS SINGLE STOREY HOUSE FOR SALE AT MUSALMANAN E PUNJAB SOCIETY,PKR 1.75 Crore,17500000,2,2,120 Sq. Yd,1080.0,16203,House,True,11,super hot11Share on FacebookShare on TwitterShare on WhatsAppSend via GMailSend via E-Mail,90,Houses_Karachi,for_sale,2026-07-26,https://www.zameen.com/Property/karachi_scheme_33_beautiful_new_120_sq_yards_single_storey_house_for_sale_at_musalmanan_e_punjab_society-54327685-495-1.html
BEAUTIFUL LEASED CORNER G+1 HOUSE FOR SALE AT OLD BLOCK NTR-01,PKR 1.4 Crore,14000000,4,4,80 Sq. Yd,720.0,19444,House,True,33,super hot33Share on FacebookShare on TwitterShare on WhatsAppSend via GMailSend via E-Mail,90,Houses_Karachi,for_sale,2026-07-26,https://www.zameen.com/Property/surjani_town_north_town_residency_beautiful_leased_corner_g_1_house_for_sale_at_old_block_ntr-01-54369912-10674-1.html
BEAUTIFUL WEST OPEN 80 SQUARE YARDS HOUSE FOR SALE AT GOLD BLOCK NTR-01,PKR 95 Lakh,9500000,2,2,80 Sq. Yd,720.0,13194,House,True,17,super hot17Share on FacebookShare on TwitterShare on WhatsAppSend via GMailSend via E-Mail,90,Houses_Karachi,for_sale,2026-07-26,https://www.zameen.com/Property/surjani_town_north_town_residency_beautiful_west_open_80_square_yards_house_for_sale_at_gold_block_ntr-01-54380983-10674-1.html
BEAUTIFUL 80 SQ YARDS G+1 LUXERIOUS HOUSE FOR SALE AT NTR-PHASE 01,PKR 1.4 Crore,14000000,4,5,80 Sq. Yd,720.0,19444,House,True,18,super hot18Share on FacebookShare on TwitterShare on WhatsAppSend via GMailSend via E-Mail,90,Houses_Karachi,for_sale,2026-07-26,https://www.zameen.com/Property/surjani_town_north_town_residency_beautiful_80_sq_yards_g_1_luxerious_house_for_sale_at_ntr-phase_01-54452837-10674-1.html
Newly Constructed Beautiful House For Sale,PKR 1.8 Crore,18000000,4,6,120 Sq. Yd,1080.0,16666,House,True,27,super hot271VerifiedShare on FacebookShare on TwitterShare on WhatsAppSend via GMailSend via E-Mail,99,Houses_Karachi,for_sale,2026-07-26,https://www.zameen.com/Property/surjani_town_north_town_residency_newly_constructed_beautiful_house_for_sale-54407976-10674-1.html
350 Sq Yards Corner Bungalow Chance Deal Falcon Complex New Malir,PKR 8.1 Crore,81000000,4,5,350 Sq. Yd,3150.0,25714,House,True,14,hot14Share on FacebookShare on TwitterShare on WhatsAppSend via GMailSend via E-Mail,84,Houses_Karachi,for_sale,2026-07-26,https://www.zameen.com/Property/malir_falcon_complex_new_malir_350_sq_yards_corner_bungalow_chance_deal_falcon_complex_new_malir-44060251-9582-1.html
"235 Sq Yd Semi-Corner Villa For Sale Precinct-31, Bahria Town Karachi Near Sports City Villas | 3 Bedrooms, Drawing, Dining, Closed Italian Kitchen & TV Lounge | 20 Ft Extra Greenbelt | Amenities Near",PKR 1.44 Crore,14400000,1,3,235 Sq. Yd,2115.0,6808,House,True,22,hot22Share on FacebookShare on TwitterShare on WhatsAppSend via GMailSend via E-Mail,84,Houses_Karachi,for_sale,2026-07-26,https://www.zameen.com/Property/bahria_town_karachi_bahria_town_-_precinct_31_235_sq_yd_semi-corner_villa_for_sale_precinct-31_bahria_town_karachi_near_sports_city_villas_3_bedrooms_drawing_dining_closed_italian_kitchen_tv_lounge_20_ft_extra_greenbelt_amenities_nearby_15_min_drive_from_main_gate-54420639-10045-1.html
"5 Bed Room Luxury Villa At Prime Location In Bahria Town Karachi, 2km From Main Gate, Near Commercial, Gallery And IMTIAZ Mega Store",PKR 5 Crore,50000000,5,5,500 Sq. Yd,4500.0,11111,House,False,11,hot11Share on FacebookShare on TwitterShare on WhatsAppSend via GMailSend via E-Mail,84,Houses_Karachi,for_sale,2026-07-26,https://www.zameen.com/Property/bahria_town_karachi_bahria_town_-_precinct_9_5_bed_room_luxury_villa_at_prime_location_in_bahria_town_karachi_2km_from_main_gate_near_commercial_gallery_and_imtiaz_mega_store-54475660-10017-1.html
"West Open Disner Villa 3Bed DDL 125sq Yd Villa FOR SALE At ALI BLOCK All Amenities Nearby Including MOSQUE, General Store & Parks",PKR 1.75 Crore,17500000,1,3,125 Sq. Yd,1125.0,15555,House,False,11,hot11Share on FacebookShare on TwitterShare on WhatsAppSend via GMailSend via E-Mail,84,Houses_Karachi,for_sale,2026-07-26,https://www.zameen.com/Property/bahria_town_precinct_12_bahria_town_-_ali_block_west_open_disner_villa_3bed_ddl_125sq_yd_villa_for_sale_at_ali_block_all_amenities_nearby_including_mosque_general_store_parks-54448796-10023-1.html
"125sq yd VILLA FOR SALE, in Precinct-15 opposite to ALI BLOCK. A-PLUS Construction. 3 Bedrooms, Drawing, Dining, TV Lounge & Americal Kitchen. 10min Drive from Main Gate of Bahria Town Karachi.",PKR 1 Crore,10000000,1,3,125 Sq. Yd,1125.0,8888,House,False,12,hot12Share on FacebookShare on TwitterShare on WhatsAppSend via GMailSend via E-Mail,84,Houses_Karachi,for_sale,2026-07-26,https://www.zameen.com/Property/bahria_town_karachi_bahria_town_-_precinct_15_125sq_yd_villa_for_sale_in_precinct-15_opposite_to_ali_block_a-plus_construction_3_bedrooms_drawing_dining_tv_lounge_americal_kitchen_10min_drive_from_main_gate_of_bahria_town_karachi-54294229-10025-1.html
300 Sq Yards | G+1 Leased House For Sale | 3 Bed DD Each | Block 14 | Gulistan-E-Johar | Karachi,PKR 7.25 Crore,72500000,7,6,300 Sq. Yd,2700.0,26851,House,False,9,hot9Share on FacebookShare on TwitterShare on WhatsAppSend via GMailSend via E-Mail,83,Houses_Karachi,for_sale,2026-07-26,https://www.zameen.com/Property/gulistan_e_jauhar_gulistan-e-jauhar_-_block_14_300_sq_yards_g_1_leased_house_for_sale_3_bed_dd_each_block_14_gulistan-e-johar_karachi-54476993-6838-1.html
Naveed Bungalows 200 Sq Yd | 1 + 3 Bed DD | Boundary Wall Project | Block 17 | Gulistan E Johar,PKR 5 Crore,50000000,5,3,200 Sq. Yd,1800.0,27777,House,False,5,hot5Share on FacebookShare on TwitterShare on WhatsAppSend via GMailSend via E-Mail,83,Houses_Karachi,for_sale,2026-07-26,https://www.zameen.com/Property/gulistan_e_jauhar_gulistan-e-jauhar_-_block_17_naveed_bungalows_200_sq_yd_1_3_bed_dd_boundary_wall_project_block_17_gulistan_e_johar-54475333-6841-1.html
Leased House New Brand Ground Plus 1 In State Bank Society Sector 17A Scheme 33 Karachi,PKR 4.9 Crore,49000000,7,6,200 Sq. Yd,1800.0,27222,House,False,19,19VerifiedShare on FacebookShare on TwitterShare on WhatsAppSend via GMailSend via E-Mail,89,Houses_Karachi,for_sale,2026-07-26,https://www.zameen.com/Property/scheme_33_sector_17_a_state_bank_of_pakistan_housing_society_leased_house_new_brand_ground_plus_1_in_state_bank_society_sector_17a_scheme_33_karachi-54111661-9085-1.html
Ideally Located Prime Location House Of 200 Square Yards Is Available For Sale In Karachi,PKR 4.8 Crore,48000000,6,6,200 Sq. Yd,1800.0,26666,House,False,29,29VerifiedShare on FacebookShare on TwitterShare on WhatsAppSend via GMailSend via E-Mail,89,Houses_Karachi,for_sale,2026-07-26,https://www.zameen.com/Property/scheme_33_sector_17_a_state_bank_of_pakistan_housing_society_ideally_located_prime_location_house_of_200_square_yards_is_available_for_sale_in_karachi-54133911-9085-1.html
Prime Location House Of 400 Square Yards Is Available In Contemporary Neighborhood Of North Nazimabad,PKR 9.5 Crore,95000000,6,6,400 Sq. Yd,3600.0,26388,House,False,9,9VerifiedShare on FacebookShare on TwitterShare on WhatsAppSend via GMailSend via E-Mail,88,Houses_Karachi,for_sale,2026-07-26,https://www.zameen.com/Property/north_nazimabad_north_nazimabad_-_block_h_prime_location_house_of_400_square_yards_is_available_in_contemporary_neighborhood_of_north_nazimabad-54386107-7216-1.html
Prime Location 400 Square Yards House In North Nazimabad Of Karachi Is Available For Sale,PKR 6.5 Crore,65000000,6,6,400 Sq. Yd,3600.0,18055,House,False,13,13Share on FacebookShare on TwitterShare on WhatsAppSend via GMailSend via E-Mail,81,Houses_Karachi,for_sale,2026-07-26,https://www.zameen.com/Property/north_nazimabad_north_nazimabad_-_block_j_prime_location_400_square_yards_house_in_north_nazimabad_of_karachi_is_available_for_sale-52162702-7218-1.html
Get In Touch Now To Buy A Prime Location House In North Nazimabad - Block I,PKR 7.5 Crore,75000000,6,6,400 Sq. Yd,3600.0,20833,House,False,7,7VerifiedShare on FacebookShare on TwitterShare on WhatsAppSend via GMailSend via E-Mail,88,Houses_Karachi,for_sale,2026-07-26,https://www.zameen.com/Property/north_nazimabad_north_nazimabad_-_block_i_get_in_touch_now_to_buy_a_prime_location_house_in_north_nazimabad_-_block_i-54386110-7217-1.html
Ready To Move Best Location 272 Square Yard 5 Bedroom DDL Luxury Villa FOR SALE In Precinct 8,PKR 3.65 Crore,36500000,3,6,272 Sq. Yd,2448.0,14910,House,False,9,9Share on FacebookShare on TwitterShare on WhatsAppSend via GMailSend via E-Mail,80,Houses_Karachi,for_sale,2026-07-26,https://www.zameen.com/Property/bahria_town_karachi_bahria_town_-_precinct_8_ready_to_move_best_location_272_square_yard_5_bedroom_ddl_luxury_villa_for_sale_in_precinct_8-52727573-10016-1.html
"Bahria Hills, P9 designer villa at Most Prime Location, Is Available For Sale in bahria town karachi",PKR 6.65 Crore,66500000,5,6,512 Sq. Yd,4608.0,14431,House,False,6,6Share on FacebookShare on TwitterShare on WhatsAppSend via GMailSend via E-Mail,80,Houses_Karachi,for_sale,2026-07-26,https://www.zameen.com/Property/karachi_bahria_town_karachi_bahria_hills_p9_designer_villa_at_most_prime_location_is_available_for_sale_in_bahria_town_karachi-54251337-8298-1.html
Precinct 2 Iqbal Villa Available For Sale,PKR 1.88 Crore,18800000,3,4,152 Sq. Yd,1368.0,13742,House,False,38,38Share on FacebookShare on TwitterShare on WhatsAppSend via GMailSend via E-Mail,81,Houses_Karachi,for_sale,2026-07-26,https://www.zameen.com/Property/bahria_town_karachi_bahria_town_-_precinct_2_precinct_2_iqbal_villa_available_for_sale-52721713-10010-1.html
1 Kanal House For Sale In Bahria Town Rawalpindi,PKR 8 Crore,80000000,8,6,1 Kanal,4500.0,17777,House,True,48,super hot48Share on FacebookShare on TwitterShare on WhatsAppSend via GMailSend via E-Mail,90,Houses_Rawalpindi,for_sale,2026-07-26,https://www.zameen.com/Property/bahria_town_rawalpindi_bahria_town_phase_5_1_kanal_house_for_sale_in_bahria_town_rawalpindi-49763694-3045-1.html
Luxurious Designer House available For Sale,PKR 6.3 Crore,63000000,5,6,10 Marla,2250.0,28000,House,True,50,super hot50Share on FacebookShare on TwitterShare on WhatsAppSend via GMailSend via E-Mail,90,Houses_Rawalpindi,for_sale,2026-07-26,https://www.zameen.com/Property/bahria_greens_overseas_enclave_bahria_greens_-_overseas_enclave_-_sector_2_luxurious_designer_house_available_for_sale-54499804-8301-1.html
Investor Rate Brand New House Back Open,PKR 4.25 Crore,42500000,5,6,12 Marla,2700.0,15740,House,True,46,super hot46Share on FacebookShare on TwitterShare on WhatsAppSend via GMailSend via E-Mail,90,Houses_Rawalpindi,for_sale,2026-07-26,https://www.zameen.com/Property/bahria_town_phase_8_bahria_town_phase_8_-_block_c_investor_rate_brand_new_house_back_open-54357034-3051-1.html
Elegant 1 Kanal White House For Sale At Investor Price,PKR 8.5 Crore,85000000,5,6,1 Kanal,4500.0,18888,House,True,21,super hot21Share on FacebookShare on TwitterShare on WhatsAppSend via GMailSend via E-Mail,90,Houses_Rawalpindi,for_sale,2026-07-26,https://www.zameen.com/Property/bahria_town_phase_8_bahria_greens_-_overseas_enclave_elegant_1_kanal_white_house_for_sale_at_investor_price-54442721-3081-1.html
Artistic 10 Marla Designer House For Sale In Bahria Phase 8,PKR 3.9 Crore,39000000,5,6,10 Marla,2250.0,17333,House,True,11,super hot11Share on FacebookShare on TwitterShare on WhatsAppSend via GMailSend via E-Mail,90,Houses_Rawalpindi,for_sale,2026-07-26,https://www.zameen.com/Property/bahria_town_phase_8_bahria_town_phase_8_-_safari_valley_artistic_10_marla_designer_house_for_sale_in_bahria_phase_8-53746991-3074-1.html
On Excellent Location Bahria Town Phase 8,PKR 5.9 Crore,59000000,5,6,12 Marla,2700.0,21851,House,True,43,super hot431Share on FacebookShare on TwitterShare on WhatsAppSend via GMailSend via E-Mail,91,Houses_Rawalpindi,for_sale,2026-07-26,https://www.zameen.com/Property/bahria_town_phase_8_bahria_town_phase_8_-_block_c_on_excellent_location_bahria_town_phase_8-54476035-3051-1.html
10 Marla House Urgent For Sale,PKR 8 Crore,80000000,5,6,10 Marla,2250.0,35555,House,True,29,super hot29Share on FacebookShare on TwitterShare on WhatsAppSend via GMailSend via E-Mail,90,Houses_Rawalpindi,for_sale,2026-07-26,https://www.zameen.com/Property/satellite_town_satellite_town_-_block_e_10_marla_house_urgent_for_sale-50607778-10239-1.html
5 Marla Designer House for Sale in Bahria Town Phase 8,PKR 2.55 Crore,25500000,3,4,5 Marla,1125.0,22666,House,True,9,super hot91Share on FacebookShare on TwitterShare on WhatsAppSend via GMailSend via E-Mail,90,Houses_Rawalpindi,for_sale,2026-07-26,https://www.zameen.com/Property/bahria_town_phase_8_bahria_town_phase_8_-_block_m_5_marla_designer_house_for_sale_in_bahria_town_phase_8-54489847-3062-1.html
Prime Location Designer House For Sale,PKR 2.3 Crore,23000000,4,4,5 Marla,1125.0,20444,House,True,12,super hot12Share on FacebookShare on TwitterShare on WhatsAppSend via GMailSend via E-Mail,90,Houses_Rawalpindi,for_sale,2026-07-26,https://www.zameen.com/Property/bahria_town_phase_8_bahria_town_phase_8_-_rafi_block_prime_location_designer_house_for_sale-54519314-3071-1.html
Get Your Hands On Brand New House In Rawalpindi Best Area,PKR 1.45 Crore,14500000,4,4,5 Marla,1125.0,12888,House,True,29,super hot29Share on FacebookShare on TwitterShare on WhatsAppSend via GMailSend via E-Mail,90,Houses_Rawalpindi,for_sale,2026-07-26,https://www.zameen.com/Property/snober_city_snober_city_-_green_villas_get_your_hands_on_brand_new_house_in_rawalpindi_best_area-54231226-16235-1.html
Kanal Brand New House For Sale,PKR 8.8 Crore,88000000,6,6,1.1 Kanal,4950.0,17777,House,True,31,hot31Share on FacebookShare on TwitterShare on WhatsAppSend via GMailSend via E-Mail,84,Houses_Rawalpindi,for_sale,2026-07-26,https://www.zameen.com/Property/bahria_town_rawalpindi_bahria_town_phase_3_kanal_brand_new_house_for_sale-54458156-3036-1.html
High Quality 5 Marla House For Sale In Bahria Town Rawalpindi,PKR 2.3 Crore,23000000,4,5,5 Marla,1125.0,20444,House,True,13,hot13Share on FacebookShare on TwitterShare on WhatsAppSend via GMailSend via E-Mail,84,Houses_Rawalpindi,for_sale,2026-07-26,https://www.zameen.com/Property/bahria_town_phase_8_bahria_town_phase_8_-_block_m_high_quality_5_marla_house_for_sale_in_bahria_town_rawalpindi-54351626-3062-1.html
Luxury House With Garden Available For Sale In Safari Villas 1,PKR 8 Crore,80000000,8,6,1.3 Kanal,5850.0,13675,House,False,15,hot15Share on FacebookShare on TwitterShare on WhatsAppSend via GMailSend via E-Mail,84,Houses_Rawalpindi,for_sale,2026-07-26,https://www.zameen.com/Property/bahria_town_rawalpindi_bahria_town_-_safari_villas_luxury_house_with_garden_available_for_sale_in_safari_villas_1-54240638-3078-1.html
Luxury Beautiful House Available For Sale,PKR 9.2 Crore,92000000,6,6,1 Kanal,4500.0,20444,House,False,24,hot24Share on FacebookShare on TwitterShare on WhatsAppSend via GMailSend via E-Mail,84,Houses_Rawalpindi,for_sale,2026-07-26,https://www.zameen.com/Property/bahria_town_rawalpindi_bahria_town_phase_5_luxury_beautiful_house_available_for_sale-54428128-3045-1.html
"Designer House 12.5 Marla Bahria Town Phase 8 ,Rawalpindi",PKR 5.95 Crore,59500000,5,6,12 Marla,2700.0,22037,House,False,32,hot32Share on FacebookShare on TwitterShare on WhatsAppSend via GMailSend via E-Mail,84,Houses_Rawalpindi,for_sale,2026-07-26,https://www.zameen.com/Property/bahria_town_rawalpindi_bahria_town_phase_8_designer_house_12_5_marla_bahria_town_phase_8_rawalpindi-54450480-3048-1.html
House For Sale,PKR 7.5 Crore,75000000,6,6,5 Marla,1125.0,66666,House,False,24,hot24Share on FacebookShare on TwitterShare on WhatsAppSend via GMailSend via E-Mail,84,Houses_Rawalpindi,for_sale,2026-07-26,https://www.zameen.com/Property/satellite_town_satellite_town_-_block_e_house_for_sale-50562043-10239-1.html
committee chowk House for sale,PKR 12.5 Crore,125000000,10,6,10 Marla,2250.0,55555,House,False,45,hot45Share on FacebookShare on TwitterShare on WhatsAppSend via GMailSend via E-Mail,84,Houses_Rawalpindi,for_sale,2026-07-26,https://www.zameen.com/Property/rawalpindi_committee_chowk_committee_chowk_house_for_sale-54521733-8122-1.html
Ultra Modern 22 Marla Hilltop House In Overseas,PKR 10.9 Crore,109000000,5,6,1.1 Kanal,4950.0,22020,House,True,19,19Share on FacebookShare on TwitterShare on WhatsAppSend via GMailSend via E-Mail,81,Houses_Rawalpindi,for_sale,2026-07-26,https://www.zameen.com/Property/bahria_town_phase_8_bahria_greens_-_overseas_enclave_ultra_modern_22_marla_hilltop_house_in_overseas-48255110-3081-1.html
Designer 22 Marla 6 Bed House At The Start Of Phase 8,PKR 11.25 Crore,112500000,11,7,1.1 Kanal,4950.0,22727,House,True,25,25Share on FacebookShare on TwitterShare on WhatsAppSend via GMailSend via E-Mail,81,Houses_Rawalpindi,for_sale,2026-07-26,https://www.zameen.com/Property/bahria_town_rawalpindi_bahria_town_phase_8_designer_22_marla_6_bed_house_at_the_start_of_phase_8-53760893-3048-1.html
10 Marla Park face new House For Sale In phase 4,PKR 4.3 Crore,43000000,5,5,10 Marla,2250.0,19111,House,False,12,12Share on FacebookShare on TwitterShare on WhatsAppSend via GMailSend via E-Mail,81,Houses_Rawalpindi,for_sale,2026-07-26,https://www.zameen.com/Property/bahria_town_rawalpindi_bahria_town_phase_4_10_marla_park_face_new_house_for_sale_in_phase_4-54172928-3041-1.html
1 Kanal Beautiful Double Storey House For Sale,PKR 6 Crore,60000000,8,,1 Kanal,4500.0,13333,House,False,42,42Share on FacebookShare on TwitterShare on WhatsAppSend via GMailSend via E-Mail,81,Houses_Rawalpindi,for_sale,2026-07-26,https://www.zameen.com/Property/rawalpindi_airport_housing_society_1_kanal_beautiful_double_storey_house_for_sale-53952290-426-1.html
Elegant 14 Marla House With 3 Marla Extra Land,PKR 5.25 Crore,52500000,5,6,17 Marla,3825.0,13725,House,True,13,13Share on FacebookShare on TwitterShare on WhatsAppSend via GMailSend via E-Mail,81,Houses_Rawalpindi,for_sale,2026-07-26,https://www.zameen.com/Property/bahria_town_phase_8_bahria_town_phase_8_-_block_c_elegant_14_marla_house_with_3_marla_extra_land-53795278-3051-1.html
Elegant 1 Kanal House At Investor Rate In Bahria Phase 8,PKR 7.9 Crore,79000000,6,7,1 Kanal,4500.0,17555,House,True,36,36Share on FacebookShare on TwitterShare on WhatsAppSend via GMailSend via E-Mail,81,Houses_Rawalpindi,for_sale,2026-07-26,https://www.zameen.com/Property/bahria_town_rawalpindi_bahria_town_phase_8_elegant_1_kanal_house_at_investor_rate_in_bahria_phase_8-53366218-3048-1.html
Elegant 12 Marla House In Bahria Overseas,PKR 4.65 Crore,46500000,4,5,12 Marla,2700.0,17222,House,True,47,47Share on FacebookShare on TwitterShare on WhatsAppSend via GMailSend via E-Mail,81,Houses_Rawalpindi,for_sale,2026-07-26,https://www.zameen.com/Property/bahria_town_phase_8_bahria_greens_-_overseas_enclave_elegant_12_marla_house_in_bahria_overseas-53278228-3081-1.html
Low Price 10 Marla Luxury House For Sale In Bahria Phase 8,PKR 3.5 Crore,35000000,5,6,10 Marla,2250.0,15555,House,True,12,12Share on FacebookShare on TwitterShare on WhatsAppSend via GMailSend via E-Mail,81,Houses_Rawalpindi,for_sale,2026-07-26,https://www.zameen.com/Property/bahria_town_rawalpindi_bahria_town_phase_8_low_price_10_marla_luxury_house_for_sale_in_bahria_phase_8-53197065-3048-1.html
Modern Design 6 Marla Luxury House For Sale,PKR 2.85 Crore,28500000,3,4,6 Marla,1350.0,21111,House,True,21,super hot211Share on FacebookShare on TwitterShare on WhatsAppSend via GMailSend via E-Mail,91,Houses_Rawalpindi,for_sale,2026-07-26,https://www.zameen.com/Property/bahria_town_phase_8_bahria_town_phase_8_-_safari_valley_modern_design_6_marla_luxury_house_for_sale-54419022-3074-1.html
10 Marla Double Storey Double Unit Brand New House Available For Sale.,PKR 3.45 Crore,34500000,6,6,10 Marla,2250.0,15333,House,True,45,super hot45Share on FacebookShare on TwitterShare on WhatsAppSend via GMailSend via E-Mail,90,Houses_Rawalpindi,for_sale,2026-07-26,https://www.zameen.com/Property/gulshan_abad_gulshan_abad_sector_2_10_marla_double_storey_double_unit_brand_new_house_available_for_sale-54301097-14739-1.html
House Is Available For Sale,PKR 4.75 Crore,47500000,5,6,10 Marla,2250.0,21111,House,True,14,super hot14Share on FacebookShare on TwitterShare on WhatsAppSend via GMailSend via E-Mail,90,Houses_Rawalpindi,for_sale,2026-07-26,https://www.zameen.com/Property/bahria_town_rawalpindi_bahria_town_phase_3_house_is_available_for_sale-54438870-3036-1.html
Used House is Available for Sale,PKR 4.15 Crore,41500000,5,6,10 Marla,2250.0,18444,House,True,18,super hot181Share on FacebookShare on TwitterShare on WhatsAppSend via GMailSend via E-Mail,91,Houses_Rawalpindi,for_sale,2026-07-26,https://www.zameen.com/Property/bahria_town_rawalpindi_bahria_town_phase_2_used_house_is_available_for_sale-54439178-3035-1.html
Amazing House is Available For sale,PKR 6.9 Crore,69000000,6,6,12 Marla,2700.0,25555,House,True,31,super hot311Share on FacebookShare on TwitterShare on WhatsAppSend via GMailSend via E-Mail,91,Houses_Rawalpindi,for_sale,2026-07-26,https://www.zameen.com/Property/media_town_media_town_-_block_d_amazing_house_is_available_for_sale-54456463-16393-1.html
10 Marla Unfurnished House,PKR 4.15 Crore,41500000,5,6,10 Marla,2250.0,18444,House,True,18,super hot181Share on FacebookShare on TwitterShare on WhatsAppSend via GMailSend via E-Mail,91,Houses_Rawalpindi,for_sale,2026-07-26,https://www.zameen.com/Property/bahria_town_rawalpindi_bahria_town_phase_2_10_marla_unfurnished_house-54420139-3035-1.html
10 Marla Double Unit Unfurnished House For Sale,PKR 4.75 Crore,47500000,5,6,10 Marla,2250.0,21111,House,True,9,super hot9Share on FacebookShare on TwitterShare on WhatsAppSend via GMailSend via E-Mail,89,Houses_Rawalpindi,for_sale,2026-07-26,https://www.zameen.com/Property/bahria_town_rawalpindi_bahria_town_phase_3_10_marla_double_unit_unfurnished_house_for_sale-54151783-3036-1.html
6 Marla Brand New Luxury House For Sale,PKR 1.35 Crore,13500000,3,3,6 Marla,1350.0,10000,House,True,26,super hot26Share on FacebookShare on TwitterShare on WhatsAppSend via GMailSend via E-Mail,90,Houses_Rawalpindi,for_sale,2026-07-26,https://www.zameen.com/Property/rawalpindi_adiala_road_6_marla_brand_new_luxury_house_for_sale-54457696-478-1.html
House For Sale Best Location Islamabad Experience Furnish House,PKR 1.42 Crore,14200000,2,3,7.1 Marla,1597.5,8888,House,True,15,super hot15VerifiedShare on FacebookShare on TwitterShare on WhatsAppSend via GMailSend via E-Mail,98,Houses_Rawalpindi,for_sale,2026-07-26,https://www.zameen.com/Property/gulbahar_scheme_gulbahar_scheme_-_sector_1_house_for_sale_best_location_islamabad_experience_furnish_house-54218019-10428-1.html
Designer House available for Sale in Bahria Town,PKR 2.85 Crore,28500000,5,5,6 Marla,1350.0,21111,House,True,20,super hot20Share on FacebookShare on TwitterShare on WhatsAppSend via GMailSend via E-Mail,90,Houses_Rawalpindi,for_sale,2026-07-26,https://www.zameen.com/Property/bahria_town_rawalpindi_bahria_town_phase_8_designer_house_available_for_sale_in_bahria_town-54517676-3048-1.html
10 Marla Brand New House Available For Sale,PKR 6.2 Crore,62000000,5,6,10 Marla,2250.0,27555,House,True,42,hot42Share on FacebookShare on TwitterShare on WhatsAppSend via GMailSend via E-Mail,84,Houses_Rawalpindi,for_sale,2026-07-26,https://www.zameen.com/Property/bahria_town_rawalpindi_bahria_town_phase_2_10_marla_brand_new_house_available_for_sale-54485586-3035-1.html
Elegant 14 Marla House With 3 Marla Extra Land,PKR 5.25 Crore,52500000,5,6,14 Marla,3150.0,16666,House,True,15,hot15Share on FacebookShare on TwitterShare on WhatsAppSend via GMailSend via E-Mail,84,Houses_Rawalpindi,for_sale,2026-07-26,https://www.zameen.com/Property/bahria_town_phase_8_bahria_town_phase_8_-_block_d_elegant_14_marla_house_with_3_marla_extra_land-53664046-3052-1.html
House Available For Sale In Bahria Town Phase 3,PKR 8.5 Crore,85000000,6,6,1 Kanal,4500.0,18888,House,False,6,hot6Share on FacebookShare on TwitterShare on WhatsAppSend via GMailSend via E-Mail,83,Houses_Rawalpindi,for_sale,2026-07-26,https://www.zameen.com/Property/bahria_town_rawalpindi_bahria_town_phase_3_house_available_for_sale_in_bahria_town_phase_3-47775642-3036-1.html
Fully Deisgner 7 Marla House In Bahria Town Islamabad,PKR 3.45 Crore,34500000,5,6,7 Marla,1575.0,21904,House,False,26,hot26Share on FacebookShare on TwitterShare on WhatsAppSend via GMailSend via E-Mail,84,Houses_Rawalpindi,for_sale,2026-07-26,https://www.zameen.com/Property/bahria_town_rawalpindi_bahria_town_phase_8_fully_deisgner_7_marla_house_in_bahria_town_islamabad-54468484-3048-1.html
"10 Marla Double Storey Owner-Built House For Sale Ayub Colony, Near Chaklala Scheme 3",PKR 3.8 Crore,38000000,5,6,10 Marla,2250.0,16888,House,False,23,hot23Share on FacebookShare on TwitterShare on WhatsAppSend via GMailSend via E-Mail,84,Houses_Rawalpindi,for_sale,2026-07-26,https://www.zameen.com/Property/chaklala_scheme_chaklala_scheme_3_10_marla_double_storey_owner-built_house_for_sale_ayub_colony_near_chaklala_scheme_3-54515522-1312-1.html
5 marla double story house for sale,PKR 2.15 Crore,21500000,4,4,5 Marla,1125.0,19111,House,False,15,hot15Share on FacebookShare on TwitterShare on WhatsAppSend via GMailSend via E-Mail,84,Houses_Rawalpindi,for_sale,2026-07-26,https://www.zameen.com/Property/airport_housing_society_airport_housing_society_-_sector_4_5_marla_double_story_house_for_sale-54508357-9155-1.html
7 Marla Elegant House for Sale,PKR 3.65 Crore,36500000,5,5,7 Marla,1575.0,23174,House,False,15,hot15Share on FacebookShare on TwitterShare on WhatsAppSend via GMailSend via E-Mail,84,Houses_Rawalpindi,for_sale,2026-07-26,https://www.zameen.com/Property/bahria_town_rawalpindi_bahria_town_phase_8_7_marla_elegant_house_for_sale-54500891-3048-1.html
10 MARLA HOUSE FOR SALE MUNAWAR COLONEY,PKR 2.18 Crore,21800000,3,3,10 Marla,2250.0,9688,House,False,41,41Share on FacebookShare on TwitterShare on WhatsAppSend via GMailSend via E-Mail,81,Houses_Rawalpindi,for_sale,2026-07-26,https://www.zameen.com/Property/rawalpindi_adiala_road_10_marla_house_for_sale_munawar_coloney-54386607-478-1.html
Luxury House for Sale in Bahria Town Phase 2,PKR 4.75 Crore,47500000,5,6,10 Marla,2250.0,21111,House,False,18,18Share on FacebookShare on TwitterShare on WhatsAppSend via GMailSend via E-Mail,81,Houses_Rawalpindi,for_sale,2026-07-26,https://www.zameen.com/Property/bahria_town_rawalpindi_bahria_town_phase_2_luxury_house_for_sale_in_bahria_town_phase_2-54495179-3035-1.html
18 Marla investor Rate House for Sale in Bahria Town,PKR 5.5 Crore,55000000,5,6,18 Marla,4050.0,13580,House,False,15,15Share on FacebookShare on TwitterShare on WhatsAppSend via GMailSend via E-Mail,81,Houses_Rawalpindi,for_sale,2026-07-26,https://www.zameen.com/Property/bahria_town_rawalpindi_bahria_town_phase_4_18_marla_investor_rate_house_for_sale_in_bahria_town-54495640-3041-1.html
21 Marla Luxury Grey Structure House with Basement for Sale in Bahria Town Prime Location,PKR 8.25 Crore,82500000,9,6,1 Kanal,4500.0,18333,House,False,28,28Share on FacebookShare on TwitterShare on WhatsAppSend via GMailSend via E-Mail,81,Houses_Rawalpindi,for_sale,2026-07-26,https://www.zameen.com/Property/bahria_town_rawalpindi_bahria_town_phase_3_21_marla_luxury_grey_structure_house_with_basement_for_sale_in_bahria_town_prime_location-54498950-3036-1.html
Brand New House for Sale in Bahria Town phase 2,PKR 5.25 Crore,52500000,5,6,11 Marla,2475.0,21212,House,False,49,49Share on FacebookShare on TwitterShare on WhatsAppSend via GMailSend via E-Mail,81,Houses_Rawalpindi,for_sale,2026-07-26,https://www.zameen.com/Property/bahria_town_rawalpindi_bahria_town_phase_2_extension_brand_new_house_for_sale_in_bahria_town_phase_2-54500257-3034-1.html
Investor Rate Kanal Single Storey for Sale in Bahria Town,PKR 4.25 Crore,42500000,3,4,1 Kanal,4500.0,9444,House,False,8,8Share on FacebookShare on TwitterShare on WhatsAppSend via GMailSend via E-Mail,80,Houses_Rawalpindi,for_sale,2026-07-26,https://www.zameen.com/Property/bahria_town_rawalpindi_bahria_town_phase_5_investor_rate_kanal_single_storey_for_sale_in_bahria_town-54500570-3045-1.html
Kanal House For Sale At Investor Rate,PKR 6.75 Crore,67500000,6,6,1 Kanal,4500.0,15000,House,False,20,20Share on FacebookShare on TwitterShare on WhatsAppSend via GMailSend via E-Mail,81,Houses_Rawalpindi,for_sale,2026-07-26,https://www.zameen.com/Property/bahria_town_rawalpindi_bahria_town_phase_2_kanal_house_for_sale_at_investor_rate-54504383-3035-1.html
1 Kanal Triple Unit House for Sale in Bahria Town 3 Independent Portions | Ideal for Investment & Large Families,PKR 13.2 Crore,132000000,8,6,1 Kanal,4500.0,29333,House,False,44,44Share on FacebookShare on TwitterShare on WhatsAppSend via GMailSend via E-Mail,81,Houses_Rawalpindi,for_sale,2026-07-26,https://www.zameen.com/Property/bahria_town_rawalpindi_bahria_town_phase_5_1_kanal_triple_unit_house_for_sale_in_bahria_town_3_independent_portions_ideal_for_investment_large_families-54516571-3045-1.html
Amazing House Is Available For Sale,PKR 5.45 Crore,54500000,6,6,12 Marla,2700.0,20185,House,True,25,super hot25Share on FacebookShare on TwitterShare on WhatsAppSend via GMailSend via E-Mail,90,Houses_Rawalpindi,for_sale,2026-07-26,https://www.zameen.com/Property/media_town_media_town_-_block_c_amazing_house_is_available_for_sale-54457996-16392-1.html
Beautiful House Is Available For Sale,PKR 4.15 Crore,41500000,3,3,6 Marla,1350.0,30740,House,True,47,super hot47Share on FacebookShare on TwitterShare on WhatsAppSend via GMailSend via E-Mail,90,Houses_Rawalpindi,for_sale,2026-07-26,https://www.zameen.com/Property/media_town_media_town_-_block_a_beautiful_house_is_available_for_sale-54518760-16390-1.html
10 Marla Tripple Storey Used House Is Available For Sale In Bahria town Phase 2 Islamabad /RWP,PKR 4.35 Crore,43500000,5,6,10 Marla,2250.0,19333,House,True,30,super hot30Share on FacebookShare on TwitterShare on WhatsAppSend via GMailSend via E-Mail,90,Houses_Rawalpindi,for_sale,2026-07-26,https://www.zameen.com/Property/bahria_town_rawalpindi_bahria_town_phase_2_10_marla_tripple_storey_used_house_is_available_for_sale_in_bahria_town_phase_2_islamabad_rwp-53942725-3035-1.html
10 Marla Brand New House Available For Sale.,PKR 3.75 Crore,37500000,7,,10 Marla,2250.0,16666,House,True,48,super hot481Share on FacebookShare on TwitterShare on WhatsAppSend via GMailSend via E-Mail,91,Houses_Rawalpindi,for_sale,2026-07-26,https://www.zameen.com/Property/rawalpindi_gulshan_abad_10_marla_brand_new_house_available_for_sale-53941994-1058-1.html
1 Kanal Double Storey Double Unit House Available For Sale In Gulshan Abad,PKR 5.5 Crore,55000000,8,,1 Kanal,4500.0,12222,House,True,46,super hot46Share on FacebookShare on TwitterShare on WhatsAppSend via GMailSend via E-Mail,90,Houses_Rawalpindi,for_sale,2026-07-26,https://www.zameen.com/Property/rawalpindi_gulshan_abad_1_kanal_double_storey_double_unit_house_available_for_sale_in_gulshan_abad-49318909-1058-1.html
Designer Brand New House For Sale,PKR 5.1 Crore,51000000,6,6,10 Marla,2250.0,22666,House,True,47,super hot47Share on FacebookShare on TwitterShare on WhatsAppSend via GMailSend via E-Mail,90,Houses_Rawalpindi,for_sale,2026-07-26,https://www.zameen.com/Property/bahria_town_rawalpindi_bahria_town_phase_8_designer_brand_new_house_for_sale-54409719-3048-1.html
Solar Powered Brig House for Sale in Askari 14,PKR 9.25 Crore,92500000,4,5,1 Kanal,4500.0,20555,House,True,11,super hot11Share on FacebookShare on TwitterShare on WhatsAppSend via GMailSend via E-Mail,90,Houses_Rawalpindi,for_sale,2026-07-26,https://www.zameen.com/Property/rawalpindi_askari_14_solar_powered_brig_house_for_sale_in_askari_14-54289724-1504-1.html
Brand New 1.5 Kanal House Available For Sale,PKR 11 Crore,110000000,5,6,1.5 Kanal,6750.0,16296,House,True,21,super hot21Share on FacebookShare on TwitterShare on WhatsAppSend via GMailSend via E-Mail,90,Houses_Rawalpindi,for_sale,2026-07-26,https://www.zameen.com/Property/rawalpindi_askari_14_brand_new_1_5_kanal_house_available_for_sale-54289723-1504-1.html
"Beautiful 6 Marla Double Story House for sale in Airport housing Society sector 4 rawalpindi , with all facilities",PKR 2.25 Crore,22500000,4,6,6 Marla,1350.0,16666,House,True,21,super hot211Share on FacebookShare on TwitterShare on WhatsAppSend via GMailSend via E-Mail,91,Houses_Rawalpindi,for_sale,2026-07-26,https://www.zameen.com/Property/airport_housing_society_airport_housing_society_-_sector_4_beautiful_6_marla_double_story_house_for_sale_in_airport_housing_society_sector_4_rawalpindi_with_all_facilities-54212342-9155-1.html
Beautiful 8 Marla Double Storey House For Sale In Airport Housing Society Sector 4 Rawalpindi,PKR 3.7 Crore,37000000,6,6,8 Marla,1800.0,20555,House,True,23,super hot23Share on FacebookShare on TwitterShare on WhatsAppSend via GMailSend via E-Mail,90,Houses_Rawalpindi,for_sale,2026-07-26,https://www.zameen.com/Property/airport_housing_society_airport_housing_society_-_sector_4_beautiful_8_marla_double_storey_house_for_sale_in_airport_housing_society_sector_4_rawalpindi-54489277-9155-1.html
Elegant Designer House Gas Install,PKR 5.5 Crore,55000000,5,6,10 Marla,2250.0,24444,House,True,50,hot50Share on FacebookShare on TwitterShare on WhatsAppSend via GMailSend via E-Mail,84,Houses_Rawalpindi,for_sale,2026-07-26,https://www.zameen.com/Property/bahria_town_rawalpindi_bahria_town_phase_8_elegant_designer_house_gas_install-53663814-3048-1.html
Investor Rate Designer House Available For Sale,PKR 8.65 Crore,86500000,5,6,1 Kanal,4500.0,19222,House,True,44,hot44Share on FacebookShare on TwitterShare on WhatsAppSend via GMailSend via E-Mail,84,Houses_Rawalpindi,for_sale,2026-07-26,https://www.zameen.com/Property/bahria_town_phase_8_bahria_town_phase_8_-_block_a_investor_rate_designer_house_available_for_sale-54321331-3049-1.html
5.5 Marla Triple Storey House | Basement + Ground + First Floor | Gulraiz Phase 2,PKR 3.5 Crore,35000000,7,7,6 Marla,1350.0,25925,House,False,11,hot11Share on FacebookShare on TwitterShare on WhatsAppSend via GMailSend via E-Mail,84,Houses_Rawalpindi,for_sale,2026-07-26,https://www.zameen.com/Property/gulraiz_housing_scheme_gulraiz_housing_society_phase_2_5_5_marla_triple_storey_house_basement_ground_first_floor_gulraiz_phase_2-54520859-14971-1.html
Urgent Sale | Brand New Luxury House | Outclass Design | Best Investment Opportunity,PKR 6.15 Crore,61500000,6,6,12 Marla,2700.0,22777,House,False,40,hot40Share on FacebookShare on TwitterShare on WhatsAppSend via GMailSend via E-Mail,84,Houses_Rawalpindi,for_sale,2026-07-26,https://www.zameen.com/Property/media_town_media_town_-_block_d_urgent_sale_brand_new_luxury_house_outclass_design_best_investment_opportunity-54491401-16393-1.html
Beautiful 12 Marla House For Sale,PKR 5.45 Crore,54500000,7,7,12 Marla,2700.0,20185,House,False,21,hot211Share on FacebookShare on TwitterShare on WhatsAppSend via GMailSend via E-Mail,85,Houses_Rawalpindi,for_sale,2026-07-26,https://www.zameen.com/Property/airport_housing_society_airport_housing_society_-_sector_3_beautiful_12_marla_house_for_sale-54339837-9154-1.html
Airport Housing Society Rwp House For Sale,PKR 1.65 Crore,16500000,3,4,5 Marla,1125.0,14666,House,False,25,hot25Share on FacebookShare on TwitterShare on WhatsAppSend via GMailSend via E-Mail,84,Houses_Rawalpindi,for_sale,2026-07-26,https://www.zameen.com/Property/rawalpindi_airport_housing_society_airport_housing_society_rwp_house_for_sale-52763308-426-1.html
Bahria Town Rwp/Isb Phase 8 Lake View Block 10 M Brand New House Available For Sale,PKR 4.7 Crore,47000000,5,5,10 Marla,2250.0,20888,House,False,34,hot341Share on FacebookShare on TwitterShare on WhatsAppSend via GMailSend via E-Mail,85,Houses_Rawalpindi,for_sale,2026-07-26,https://www.zameen.com/Property/bahria_town_phase_8_bahria_town_phase_8_-_eden_lake_view_block_bahria_town_rwp_isb_phase_8_lake_view_block_10_m_brand_new_house_available_for_sale-54427084-3073-1.html
Investor Rate 18 Marla House For Sale In Bahria Town,PKR 6.75 Crore,67500000,6,6,1 Kanal,4500.0,15000,House,False,42,42Share on FacebookShare on TwitterShare on WhatsAppSend via GMailSend via E-Mail,81,Houses_Rawalpindi,for_sale,2026-07-26,https://www.zameen.com/Property/bahria_town_rawalpindi_bahria_town_phase_5_investor_rate_18_marla_house_for_sale_in_bahria_town-54498632-3045-1.html
10 Marla investor Rate House for Sale in Bahria Town,PKR 4.5 Crore,45000000,5,6,10 Marla,2250.0,20000,House,False,28,28Share on FacebookShare on TwitterShare on WhatsAppSend via GMailSend via E-Mail,81,Houses_Rawalpindi,for_sale,2026-07-26,https://www.zameen.com/Property/bahria_town_rawalpindi_bahria_town_phase_2_10_marla_investor_rate_house_for_sale_in_bahria_town-54498749-3035-1.html
Luxury Designer House For Sale In Bahria Town,PKR 16.15 Crore,161500000,6,7,1 Kanal,4500.0,35888,House,False,50,50Share on FacebookShare on TwitterShare on WhatsAppSend via GMailSend via E-Mail,81,Houses_Rawalpindi,for_sale,2026-07-26,https://www.zameen.com/Property/bahria_town_rawalpindi_bahria_town_phase_5_luxury_designer_house_for_sale_in_bahria_town-54495747-3045-1.html
Beautiful Brand New House for Sale,PKR 5.1 Crore,51000000,5,6,11 Marla,2475.0,20606,House,False,29,29Share on FacebookShare on TwitterShare on WhatsAppSend via GMailSend via E-Mail,81,Houses_Rawalpindi,for_sale,2026-07-26,https://www.zameen.com/Property/bahria_town_rawalpindi_bahria_town_phase_3_beautiful_brand_new_house_for_sale-54495836-3036-1.html
Brand New Luxury Beautiful House for Sale in Bahria Town Phase 2,PKR 5.35 Crore,53500000,5,6,11 Marla,2475.0,21616,House,False,49,49Share on FacebookShare on TwitterShare on WhatsAppSend via GMailSend via E-Mail,81,Houses_Rawalpindi,for_sale,2026-07-26,https://www.zameen.com/Property/bahria_town_rawalpindi_bahria_town_phase_2_extension_brand_new_luxury_beautiful_house_for_sale_in_bahria_town_phase_2-54516469-3034-1.html
28 Marla Investor Rate House For Sale In Safari Villa 1,PKR 7.5 Crore,75000000,6,6,1.4 Kanal,6300.0,11904,House,False,22,22Share on FacebookShare on TwitterShare on WhatsAppSend via GMailSend via E-Mail,81,Houses_Rawalpindi,for_sale,2026-07-26,https://www.zameen.com/Property/bahria_town_rawalpindi_bahria_town_phase_1_28_marla_investor_rate_house_for_sale_in_safari_villa_1-54516386-3033-1.html
2 KANAL 12 MARLA HOUSE FOR SALE DESIGNER,PKR 22 Crore,220000000,6,7,2 Kanal,9000.0,24444,House,False,32,32Share on FacebookShare on TwitterShare on WhatsAppSend via GMailSend via E-Mail,81,Houses_Rawalpindi,for_sale,2026-07-26,https://www.zameen.com/Property/bahria_town_rawalpindi_bahria_town_phase_8_2_kanal_12_marla_house_for_sale_designer-54521888-3048-1.html
5 Marla House In Chakri Road For Sale At A Good Location,PKR 75 Lakh,7500000,5,3,5 Marla,1125.0,6666,House,False,7,7Share on FacebookShare on TwitterShare on WhatsAppSend via GMailSend via E-Mail,80,Houses_Rawalpindi,for_sale,2026-07-26,https://www.zameen.com/Property/rawalpindi_chakri_road_5_marla_house_in_chakri_road_for_sale_at_a_good_location-54268030-467-1.html
10 Marla Brand New Corner House For Sale Bahria Town Phase 8 Block E Rawalpindi,PKR 3.8 Crore,38000000,5,6,10 Marla,2250.0,16888,House,True,23,super hot23Share on FacebookShare on TwitterShare on WhatsAppSend via GMailSend via E-Mail,90,Houses_Rawalpindi,for_sale,2026-07-26,https://www.zameen.com/Property/bahria_town_phase_8_bahria_town_phase_8_-_block_e_10_marla_brand_new_corner_house_for_sale_bahria_town_phase_8_block_e_rawalpindi-54338785-3053-1.html
1 Kanal House For Sale,PKR 6.5 Crore,65000000,5,6,1 Kanal,4500.0,14444,House,True,32,super hot32Share on FacebookShare on TwitterShare on WhatsAppSend via GMailSend via E-Mail,90,Houses_Rawalpindi,for_sale,2026-07-26,https://www.zameen.com/Property/bahria_town_rawalpindi_bahria_town_phase_6_1_kanal_house_for_sale-54499007-3046-1.html
House For Sale In Bahria Town Rawalpindi Punjab,PKR 2.95 Crore,29500000,5,6,7 Marla,1575.0,18730,House,True,24,super hot24Share on FacebookShare on TwitterShare on WhatsAppSend via GMailSend via E-Mail,90,Houses_Rawalpindi,for_sale,2026-07-26,https://www.zameen.com/Property/bahria_town_phase_8_safari_valley_bahria_town_phase_8_-_usman_block_house_for_sale_in_bahria_town_rawalpindi_punjab-54165885-3068-1.html
House For Sale In Bahria Town Rawalpindi Islamabad,PKR 22.75 Crore,227500000,5,6,1.2 Kanal,5400.0,42129,House,True,31,super hot31Share on FacebookShare on TwitterShare on WhatsAppSend via GMailSend via E-Mail,90,Houses_Rawalpindi,for_sale,2026-07-26,https://www.zameen.com/Property/bahria_town_phase_7_bahria_spring_north_house_for_sale_in_bahria_town_rawalpindi_islamabad-54158062-8322-1.html
22 Marla Luxury House With Gas,PKR 11.25 Crore,112500000,6,6,1.1 Kanal,4950.0,22727,House,True,18,super hot18Share on FacebookShare on TwitterShare on WhatsAppSend via GMailSend via E-Mail,90,Houses_Rawalpindi,for_sale,2026-07-26,https://www.zameen.com/Property/bahria_town_phase_8_bahria_town_phase_8_-_block_a_22_marla_luxury_house_with_gas-54477634-3049-1.html
Prime Location House Of 5 Marla Is Available In Contemporary Neighborhood Of Airport Housing Society,PKR 1.6 Crore,16000000,3,3,5 Marla,1125.0,14222,House,True,16,super hot161VerifiedShare on FacebookShare on TwitterShare on WhatsAppSend via GMailSend via E-Mail,99,Houses_Rawalpindi,for_sale,2026-07-26,https://www.zameen.com/Property/airport_housing_society_airport_housing_society_-_sector_4_prime_location_house_of_5_marla_is_available_in_contemporary_neighborhood_of_airport_housing_society-54415806-9155-1.html
22 Marla Double Storey House For Sale Westridge I Rawalpindi,PKR 5.75 Crore,57500000,6,6,1.2 Kanal,5400.0,10648,House,True,11,super hot11Share on FacebookShare on TwitterShare on WhatsAppSend via GMailSend via E-Mail,90,Houses_Rawalpindi,for_sale,2026-07-26,https://www.zameen.com/Property/westridge_westridge_1_22_marla_double_storey_house_for_sale_westridge_i_rawalpindi-51822210-6053-1.html
Prime Location 6 Marla House In Gulraiz Housing Society Phase 3 Is Best Option,PKR 3.25 Crore,32500000,5,5,6 Marla,1350.0,24074,House,True,26,super hot261VerifiedShare on FacebookShare on TwitterShare on WhatsAppSend via GMailSend via E-Mail,99,Houses_Rawalpindi,for_sale,2026-07-26,https://www.zameen.com/Property/gulraiz_housing_scheme_gulraiz_housing_society_phase_3_prime_location_6_marla_house_in_gulraiz_housing_society_phase_3_is_best_option-54342286-14973-1.html
5 Marla Corner House Is Available For Sale In Gulshan Abad Adiala Road Rawalpindi.,PKR 97 Lakh,9700000,2,3,5.6 Marla,1260.0,7698,House,True,21,super hot21Share on FacebookShare on TwitterShare on WhatsAppSend via GMailSend via E-Mail,90,Houses_Rawalpindi,for_sale,2026-07-26,https://www.zameen.com/Property/rawalpindi_gulshan_abad_5_marla_corner_house_is_available_for_sale_in_gulshan_abad_adiala_road_rawalpindi-54514710-1058-1.html
Brand New Designer House For Sale,PKR 6.1 Crore,61000000,5,6,5 Marla,1125.0,54222,House,True,7,super hot7Share on FacebookShare on TwitterShare on WhatsAppSend via GMailSend via E-Mail,89,Houses_Rawalpindi,for_sale,2026-07-26,https://www.zameen.com/Property/rawalpindi_satellite_town_brand_new_designer_house_for_sale-54507998-433-1.html
Luxurious 15 Marla House In Bahria Overseas,PKR 4.9 Crore,49000000,5,6,15 Marla,3375.0,14518,House,True,20,hot20Share on FacebookShare on TwitterShare on WhatsAppSend via GMailSend via E-Mail,84,Houses_Rawalpindi,for_sale,2026-07-26,https://www.zameen.com/Property/bahria_greens_overseas_enclave_bahria_greens_-_overseas_enclave_-_sector_2_luxurious_15_marla_house_in_bahria_overseas-53181419-8301-1.html
Elegant 1 Kanal White House For Sale At Investor Price,PKR 8.5 Crore,85000000,5,6,1 Kanal,4500.0,18888,House,True,20,hot20Share on FacebookShare on TwitterShare on WhatsAppSend via GMailSend via E-Mail,84,Houses_Rawalpindi,for_sale,2026-07-26,https://www.zameen.com/Property/bahria_town_phase_8_bahria_greens_-_overseas_enclave_elegant_1_kanal_white_house_for_sale_at_investor_price-54507873-3081-1.html
9 Marla Semi Brand-New Double Unit House for Sale Gulraiz Housing Scheme Phase 2 (Near Chaklala Scheme 3 & Bahria Town),PKR 3.55 Crore,35500000,4,6,9 Marla,2025.0,17530,House,False,22,hot22Share on FacebookShare on TwitterShare on WhatsAppSend via GMailSend via E-Mail,84,Houses_Rawalpindi,for_sale,2026-07-26,https://www.zameen.com/Property/chaklala_scheme_chaklala_scheme_3_9_marla_semi_brand-new_double_unit_house_for_sale_gulraiz_housing_scheme_phase_2_near_chaklala_scheme_3_bahria_town-54518721-1312-1.html
1 Kanal Brand New House Available For Sale,PKR 12.25 Crore,122500000,5,6,1 Kanal,4500.0,27222,House,False,34,hot34Share on FacebookShare on TwitterShare on WhatsAppSend via GMailSend via E-Mail,84,Houses_Rawalpindi,for_sale,2026-07-26,https://www.zameen.com/Property/bahria_town_rawalpindi_bahria_town_phase_3_1_kanal_brand_new_house_available_for_sale-54404192-3036-1.html
12.5 Marla Hauos Available For Sale,PKR 5.25 Crore,52500000,6,6,12.5 Marla,2812.5,18666,House,False,17,hot17Share on FacebookShare on TwitterShare on WhatsAppSend via GMailSend via E-Mail,84,Houses_Rawalpindi,for_sale,2026-07-26,https://www.zameen.com/Property/gulraiz_housing_scheme_gulraiz_housing_society_phase_4_12_5_marla_hauos_available_for_sale-54422879-14974-1.html
5 Marla Designer Furnished House For Sale With 7kv Soar Installed In M Block,PKR 2.8 Crore,28000000,3,4,5 Marla,1125.0,24888,House,False,14,hot14Share on FacebookShare on TwitterShare on WhatsAppSend via GMailSend via E-Mail,84,Houses_Rawalpindi,for_sale,2026-07-26,https://www.zameen.com/Property/bahria_town_phase_8_bahria_town_phase_8_-_block_m_5_marla_designer_furnished_house_for_sale_with_7kv_soar_installed_in_m_block-54250011-3062-1.html
Urgent for sale - 10 Marla double unit house in Bahria town phase 7,PKR 3.65 Crore,36500000,5,6,10 Marla,2250.0,16222,House,False,9,hot9Share on FacebookShare on TwitterShare on WhatsAppSend via GMailSend via E-Mail,83,Houses_Rawalpindi,for_sale,2026-07-26,https://www.zameen.com/Property/bahria_town_rawalpindi_bahria_town_phase_7_urgent_for_sale_-_10_marla_double_unit_house_in_bahria_town_phase_7-54519374-3047-1.html
"High Quality 24 Marla Spacious Villa,Prime Location In Phase 8 Bahria Town",PKR 9.65 Crore,96500000,6,7,1.2 Kanal,5400.0,17870,House,True,15,15Share on FacebookShare on TwitterShare on WhatsAppSend via GMailSend via E-Mail,81,Houses_Rawalpindi,for_sale,2026-07-26,https://www.zameen.com/Property/bahria_town_rawalpindi_bahria_town_phase_8_high_quality_24_marla_spacious_villa_prime_location_in_phase_8_bahria_town-53760965-3048-1.html
Boulevard Corner 24 Marla 7 Bed Investor Rate House For Sale,PKR 9.25 Crore,92500000,9,7,1.2 Kanal,5400.0,17129,House,True,14,14Share on FacebookShare on TwitterShare on WhatsAppSend via GMailSend via E-Mail,81,Houses_Rawalpindi,for_sale,2026-07-26,https://www.zameen.com/Property/bahria_town_rawalpindi_bahria_town_phase_3_boulevard_corner_24_marla_7_bed_investor_rate_house_for_sale-54511208-3036-1.html
15 Marla Brand New House in Bahria Town ph 7 Rawalpindi.,PKR 6 Crore,60000000,,5,15 Marla,3375.0,17777,House,False,10,10Share on FacebookShare on TwitterShare on WhatsAppSend via GMailSend via E-Mail,81,Houses_Rawalpindi,for_sale,2026-07-26,https://www.zameen.com/Property/bahria_town_rawalpindi_bahria_town_phase_7_15_marla_brand_new_house_in_bahria_town_ph_7_rawalpindi-54521731-3047-1.html
Beautiful House For Sale In Rawalpindi,PKR 26 Lakh,2600000,2,2,2 Marla,450.0,5777,House,False,7,7Share on FacebookShare on TwitterShare on WhatsAppSend via GMailSend via E-Mail,80,Houses_Rawalpindi,for_sale,2026-07-26,https://www.zameen.com/Property/rawalpindi_girja_road_beautiful_house_for_sale_in_rawalpindi-54517655-9205-1.html
High Quality 6 Marla House With 6 Marla Lawn At A Peaceful Location,PKR 5.95 Crore,59500000,4,5,12 Marla,2700.0,22037,House,True,16,16Share on FacebookShare on TwitterShare on WhatsAppSend via GMailSend via E-Mail,81,Houses_Rawalpindi,for_sale,2026-07-26,https://www.zameen.com/Property/bahria_town_phase_8_bahria_town_phase_8_-_block_c_high_quality_6_marla_house_with_6_marla_lawn_at_a_peaceful_location-53105961-3051-1.html
Luxurious 1 Kanal House For Sale Near Masjid & Park,PKR 7.95 Crore,79500000,5,6,1 Kanal,4500.0,17666,House,True,18,18Share on FacebookShare on TwitterShare on WhatsAppSend via GMailSend via E-Mail,81,Houses_Rawalpindi,for_sale,2026-07-26,https://www.zameen.com/Property/bahria_town_phase_8_bahria_greens_-_overseas_enclave_luxurious_1_kanal_house_for_sale_near_masjid_park-54315653-3081-1.html
Designer 1 Kanal 6 Bedroom House For Sale On 80 Feet Boulevard,PKR 7.9 Crore,79000000,7,7,1 Kanal,4500.0,17555,House,True,19,19Share on FacebookShare on TwitterShare on WhatsAppSend via GMailSend via E-Mail,81,Houses_Rawalpindi,for_sale,2026-07-26,https://www.zameen.com/Property/bahria_town_rawalpindi_bahria_town_phase_8_designer_1_kanal_6_bedroom_house_for_sale_on_80_feet_boulevard-54314157-3048-1.html
High Quality 5 Marla House For Sale In Bahria Town Rawalpindi,PKR 2.15 Crore,21500000,4,5,5 Marla,1125.0,19111,House,True,8,8Share on FacebookShare on TwitterShare on WhatsAppSend via GMailSend via E-Mail,80,Houses_Rawalpindi,for_sale,2026-07-26,https://www.zameen.com/Property/bahria_town_rawalpindi_bahria_town_phase_8_high_quality_5_marla_house_for_sale_in_bahria_town_rawalpindi-54267636-3048-1.html
Luxurious Corner House With Two-Side Elevation,PKR 16.5 Crore,165000000,5,6,2 Kanal,9000.0,18333,House,True,50,super hot50Share on FacebookShare on TwitterShare on WhatsAppSend via GMailSend via E-Mail,90,Houses_Rawalpindi,for_sale,2026-07-26,https://www.zameen.com/Property/bahria_town_phase_8_bahria_town_phase_8_-_block_a_luxurious_corner_house_with_two-side_elevation-51914137-3049-1.html
10 Marla Double Unit Overseas 5 Double-Heighted TV Lounge,PKR 5.75 Crore,57500000,5,5,10 Marla,2250.0,25555,House,True,40,super hot40Share on FacebookShare on TwitterShare on WhatsAppSend via GMailSend via E-Mail,90,Houses_Rawalpindi,for_sale,2026-07-26,https://www.zameen.com/Property/bahria_greens_overseas_enclave_bahria_greens_-_overseas_enclave_-_sector_5_10_marla_double_unit_overseas_5_double-heighted_tv_lounge-52456241-8304-1.html
1 Kanal Brand New Luxury Designer House P Block Bahria Town Rawalpindi,PKR 7.9 Crore,79000000,6,7,1 Kanal,4500.0,17555,House,True,49,super hot49Share on FacebookShare on TwitterShare on WhatsAppSend via GMailSend via E-Mail,90,Houses_Rawalpindi,for_sale,2026-07-26,https://www.zameen.com/Property/bahria_town_phase_8_bahria_town_phase_8_-_block_p_1_kanal_brand_new_luxury_designer_house_p_block_bahria_town_rawalpindi-54414316-3065-1.html
Luxury Designer House with Home Theatre & 15 kVA Solar,PKR 12.5 Crore,125000000,5,6,1 Kanal,4500.0,27777,House,True,50,super hot50Share on FacebookShare on TwitterShare on WhatsAppSend via GMailSend via E-Mail,90,Houses_Rawalpindi,for_sale,2026-07-26,https://www.zameen.com/Property/bahria_greens_overseas_enclave_bahria_greens_-_overseas_enclave_-_sector_5_luxury_designer_house_with_home_theatre_15_kva_solar-54463554-8304-1.html
Very Low Price | Beautiful 7 Marla Designer House For Sale Bahria Town Phase 8 Abu Baker Block,PKR 2.98 Crore,29800000,5,6,7 Marla,1575.0,18920,House,True,22,super hot22Share on FacebookShare on TwitterShare on WhatsAppSend via GMailSend via E-Mail,90,Houses_Rawalpindi,for_sale,2026-07-26,https://www.zameen.com/Property/bahria_town_phase_8_safari_valley_bahria_town_phase_8_-_abu_bakar_block_very_low_price_beautiful_7_marla_designer_house_for_sale_bahria_town_phase_8_abu_baker_block-54338899-3069-1.html
Beautifully designed brand new 2nd to corner house,PKR 5.95 Crore,59500000,5,5,10 Marla,2250.0,26444,House,True,20,super hot20Share on FacebookShare on TwitterShare on WhatsAppSend via GMailSend via E-Mail,90,Houses_Rawalpindi,for_sale,2026-07-26,https://www.zameen.com/Property/bahria_town_rawalpindi_bahria_town_phase_2_beautifully_designed_brand_new_2nd_to_corner_house-54519848-3035-1.html
"House for Sale in Lane No 5, Peshawar Road",PKR 2.75 Crore,27500000,3,3,7 Marla,1575.0,17460,House,True,7,super hot7Share on FacebookShare on TwitterShare on WhatsAppSend via GMailSend via E-Mail,89,Houses_Rawalpindi,for_sale,2026-07-26,https://www.zameen.com/Property/rawalpindi_peshawar_road_house_for_sale_in_lane_no_5_peshawar_road-54389430-517-1.html
Brand New 5 Marla House For Sale,PKR 1.45 Crore,14500000,3,4,5 Marla,1125.0,12888,House,True,18,super hot181Share on FacebookShare on TwitterShare on WhatsAppSend via GMailSend via E-Mail,91,Houses_Rawalpindi,for_sale,2026-07-26,https://www.zameen.com/Property/snober_city_snober_city_-_green_villas_brand_new_5_marla_house_for_sale-54472274-16235-1.html
4 Marla Corner Villa for Sale in Taj Residencia | Prime Location | Luxury Living,PKR 1.7 Crore,17000000,4,4,4 Marla,900.0,18888,House,True,6,super hot6Share on FacebookShare on TwitterShare on WhatsAppSend via GMailSend via E-Mail,89,Houses_Rawalpindi,for_sale,2026-07-26,https://www.zameen.com/Property/taj_residencia_taj_residencia_-_daffodils_block_4_marla_corner_villa_for_sale_in_taj_residencia_prime_location_luxury_living-54500472-18990-1.html
House For Sale Defiance Road Osma Street Near Khwaja Corporation Chowk,PKR 1.6 Crore,16000000,5,5,4.8 Marla,1080.0,14814,House,True,43,super hot431Share on FacebookShare on TwitterShare on WhatsAppSend via GMailSend via E-Mail,91,Houses_Rawalpindi,for_sale,2026-07-26,https://www.zameen.com/Property/rawalpindi_adiala_road_house_for_sale_defiance_road_osma_street_near_khwaja_corporation_chowk-54332326-478-1.html
10 Marla House For Sale,PKR 5.1 Crore,51000000,5,,10 Marla,2250.0,22666,House,True,29,hot29Share on FacebookShare on TwitterShare on WhatsAppSend via GMailSend via E-Mail,84,Houses_Rawalpindi,for_sale,2026-07-26,https://www.zameen.com/Property/bahria_town_phase_8_bahria_town_phase_8_-_block_e_10_marla_house_for_sale-54413163-3053-1.html
1 Kanal Brand New Spanish Design House For Sale Bahria Town Overseas Sector 5 RWP,PKR 7.95 Crore,79500000,7,7,1 Kanal,4500.0,17666,House,True,32,hot32Share on FacebookShare on TwitterShare on WhatsAppSend via GMailSend via E-Mail,84,Houses_Rawalpindi,for_sale,2026-07-26,https://www.zameen.com/Property/bahria_greens_overseas_enclave_bahria_greens_-_overseas_enclave_-_sector_5_1_kanal_brand_new_spanish_design_house_for_sale_bahria_town_overseas_sector_5_rwp-54220083-8304-1.html
House For Sale 10 Marla Prime Location,PKR 4.55 Crore,45500000,5,6,10 Marla,2250.0,20222,House,False,13,hot13Share on FacebookShare on TwitterShare on WhatsAppSend via GMailSend via E-Mail,84,Houses_Rawalpindi,for_sale,2026-07-26,https://www.zameen.com/Property/bahria_town_phase_8_bahria_greens_-_overseas_enclave_house_for_sale_10_marla_prime_location-54455938-3081-1.html
5 Marla House for Sale | 8 kW Solar Installed | Prime Location,PKR 2 Crore,20000000,3,3,5 Marla,1125.0,17777,House,False,10,hot10Share on FacebookShare on TwitterShare on WhatsAppSend via GMailSend via E-Mail,84,Houses_Rawalpindi,for_sale,2026-07-26,https://www.zameen.com/Property/bahria_town_phase_8_bahria_town_phase_8_-_rafi_block_5_marla_house_for_sale_8_kw_solar_installed_prime_location-54513090-3071-1.html
5 Marla Brand New Designer House Available,PKR 2.45 Crore,24500000,3,4,5 Marla,1125.0,21777,House,False,23,hot23Share on FacebookShare on TwitterShare on WhatsAppSend via GMailSend via E-Mail,84,Houses_Rawalpindi,for_sale,2026-07-26,https://www.zameen.com/Property/bahria_town_phase_8_bahria_town_phase_8_-_block_m_5_marla_brand_new_designer_house_available-54503826-3062-1.html
**54 Marla Designer Luxury House for Sale in Bahria Spring North | 5 Beds | 27 Marla Covered Area | 27 Marla Huge Beautiful Lawn**,PKR 26.5 Crore,265000000,26,6,2.7 Kanal,12150.0,21810,House,False,49,hot49Share on FacebookShare on TwitterShare on WhatsAppSend via GMailSend via E-Mail,84,Houses_Rawalpindi,for_sale,2026-07-26,https://www.zameen.com/Property/bahria_town_phase_7_bahria_spring_north_54_marla_designer_luxury_house_for_sale_in_bahria_spring_north_5_beds_27_marla_covered_area_27_marla_huge_beautiful_lawn-54519345-8322-1.html
Premium 20 Marla House Is Available For Sale In Rawalpindi,PKR 5.5 Crore,55000000,,,1 Kanal,4500.0,12222,House,True,18,hot18Share on FacebookShare on TwitterShare on WhatsAppSend via GMailSend via E-Mail,84,Houses_Rawalpindi,for_sale,2026-07-26,https://www.zameen.com/Property/bahria_town_rawalpindi_bahria_town_phase_2_premium_20_marla_house_is_available_for_sale_in_rawalpindi-54250405-3035-1.html
Victorian Design 10 Marla Luxury House For Sale In Phase 8 Bahria Town,PKR 3.85 Crore,38500000,5,6,10 Marla,2250.0,17111,House,True,11,11Share on FacebookShare on TwitterShare on WhatsAppSend via GMailSend via E-Mail,81,Houses_Rawalpindi,for_sale,2026-07-26,https://www.zameen.com/Property/bahria_town_rawalpindi_bahria_town_phase_8_victorian_design_10_marla_luxury_house_for_sale_in_phase_8_bahria_town-54251622-3048-1.html
High Quality 5 Marla House At Investor Price,PKR 2.25 Crore,22500000,4,5,5 Marla,1125.0,20000,House,True,10,10Share on FacebookShare on TwitterShare on WhatsAppSend via GMailSend via E-Mail,81,Houses_Rawalpindi,for_sale,2026-07-26,https://www.zameen.com/Property/bahria_town_rawalpindi_bahria_town_phase_8_high_quality_5_marla_house_at_investor_price-53843674-3048-1.html
Prime Location | 1 Kanal Luxury Double Unit House for Sale in Bahria Town Islamabad / Rawalpindi,PKR 9 Crore,90000000,6,6,1.1 Kanal,4950.0,18181,House,True,35,35Share on FacebookShare on TwitterShare on WhatsAppSend via GMailSend via E-Mail,81,Houses_Rawalpindi,for_sale,2026-07-26,https://www.zameen.com/Property/bahria_town_rawalpindi_bahria_town_phase_5_prime_location_1_kanal_luxury_double_unit_house_for_sale_in_bahria_town_islamabad_rawalpindi-54521285-3045-1.html
LOP New Brand A Centrally Located House Is Available For Sale In Rawalpindi,PKR 1.4 Crore,14000000,3,3,5 Marla,1125.0,12444,House,False,8,8Share on FacebookShare on TwitterShare on WhatsAppSend via GMailSend via E-Mail,80,Houses_Rawalpindi,for_sale,2026-07-26,https://www.zameen.com/Property/adiala_road_snober_city_lop_new_brand_a_centrally_located_house_is_available_for_sale_in_rawalpindi-54295057-11748-1.html
Rawalpindi Bahria Town Phase 8 10 Marla Brand New Designer House Available For Sale,PKR 3.9 Crore,39000000,5,5,10 Marla,2250.0,17333,House,False,15,15Share on FacebookShare on TwitterShare on WhatsAppSend via GMailSend via E-Mail,81,Houses_Rawalpindi,for_sale,2026-07-26,https://www.zameen.com/Property/bahria_town_rawalpindi_bahria_town_phase_8_rawalpindi_bahria_town_phase_8_10_marla_brand_new_designer_house_available_for_sale-54445648-3048-1.html
Rawalpindi Bahria Town Phase 8 - 5 Marla House Available For Sale Gas install,PKR 1.95 Crore,19500000,3,3,5 Marla,1125.0,17333,House,False,13,13Share on FacebookShare on TwitterShare on WhatsAppSend via GMailSend via E-Mail,81,Houses_Rawalpindi,for_sale,2026-07-26,https://www.zameen.com/Property/bahria_town_rawalpindi_bahria_town_phase_8_rawalpindi_bahria_town_phase_8_-_5_marla_house_available_for_sale_gas_install-54436055-3048-1.html
Rawalpindi 5.75 Marla Used House Single Unit 3Bed Rooms Gass Installed Bulaverd Front Open Ideal Location All Fatalities Avlable On Walking Distance  215 demand,PKR 2.05 Crore,20500000,2,3,5 Marla,1125.0,18222,House,False,16,16Share on FacebookShare on TwitterShare on WhatsAppSend via GMailSend via E-Mail,81,Houses_Rawalpindi,for_sale,2026-07-26,https://www.zameen.com/Property/bahria_town_rawalpindi_bahria_town_phase_8_rawalpindi_5_75_marla_used_house_single_unit_3bed_rooms_gass_installed_bulaverd_front_open_ideal_location_all_fatalities_avlable_on_walking_distance_215_demand-54381184-3048-1.html
Rawalpindi Bahria Town Phase8 5 Marla Fiber Villa Available For Sale 3 Marla Extra Lawn,PKR 1.25 Crore,12500000,2,1,5 Marla,1125.0,11111,House,False,12,12Share on FacebookShare on TwitterShare on WhatsAppSend via GMailSend via E-Mail,81,Houses_Rawalpindi,for_sale,2026-07-26,https://www.zameen.com/Property/bahria_town_rawalpindi_bahria_town_phase_8_rawalpindi_bahria_town_phase8_5_marla_fiber_villa_available_for_sale_3_marla_extra_lawn-54502376-3048-1.html
Very Low Price 10 KWA Solar Installed 10 Marla Brand New House For Sale Bahria Town Rawalpindi,PKR 3.7 Crore,37000000,5,6,10 Marla,2250.0,16444,House,True,15,super hot15Share on FacebookShare on TwitterShare on WhatsAppSend via GMailSend via E-Mail,90,Houses_Rawalpindi,for_sale,2026-07-26,https://www.zameen.com/Property/bahria_town_phase_8_bahria_town_phase_8_-_block_i_very_low_price_10_kwa_solar_installed_10_marla_brand_new_house_for_sale_bahria_town_rawalpindi-54419286-3057-1.html
7 Marla Double Storey Double Unit House Available For Sale.,PKR 2.5 Crore,25000000,4,4,7 Marla,1575.0,15873,House,True,42,super hot42Share on FacebookShare on TwitterShare on WhatsAppSend via GMailSend via E-Mail,90,Houses_Rawalpindi,for_sale,2026-07-26,https://www.zameen.com/Property/rawalpindi_punjab_government_servant_housing_foundation_pgshf_7_marla_double_storey_double_unit_house_available_for_sale-54332718-10424-1.html
10 Marla 5 Bedroom Double Unit House Supreme Location,PKR 4.6 Crore,46000000,4,6,10 Marla,2250.0,20444,House,True,29,super hot29Share on FacebookShare on TwitterShare on WhatsAppSend via GMailSend via E-Mail,90,Houses_Rawalpindi,for_sale,2026-07-26,https://www.zameen.com/Property/bahria_town_rawalpindi_bahria_town_phase_6_10_marla_5_bedroom_double_unit_house_supreme_location-54504594-3046-1.html
11 Marla House For Sale In Bahria Town Phase 2,PKR 5.25 Crore,52500000,5,,11 Marla,2475.0,21212,House,True,18,super hot18VerifiedShare on FacebookShare on TwitterShare on WhatsAppSend via GMailSend via E-Mail,98,Houses_Rawalpindi,for_sale,2026-07-26,https://www.zameen.com/Property/bahria_town_rawalpindi_bahria_town_phase_2_11_marla_house_for_sale_in_bahria_town_phase_2-53279141-3035-1.html
A Great Choice For A 1 Kanal House Available In Bahria Town Phase 5,PKR 16.25 Crore,162500000,6,,1 Kanal,4500.0,36111,House,True,18,super hot18Share on FacebookShare on TwitterShare on WhatsAppSend via GMailSend via E-Mail,90,Houses_Rawalpindi,for_sale,2026-07-26,https://www.zameen.com/Property/bahria_town_rawalpindi_bahria_town_phase_5_a_great_choice_for_a_1_kanal_house_available_in_bahria_town_phase_5-54304607-3045-1.html
Brand New 10 Marla House For Sale In Gulraiz Housing Society Rawalpindi,PKR 5.65 Crore,56500000,8,6,10 Marla,2250.0,25111,House,True,25,super hot25Share on FacebookShare on TwitterShare on WhatsAppSend via GMailSend via E-Mail,90,Houses_Rawalpindi,for_sale,2026-07-26,https://www.zameen.com/Property/rawalpindi_gulraiz_housing_scheme_brand_new_10_marla_house_for_sale_in_gulraiz_housing_society_rawalpindi-54364715-438-1.html
"Luxurious 1-Kanal House For Sale Race Course Road (Street 11), Westridge, Rawalpindi",PKR 7.45 Crore,74500000,3,3,1 Kanal,4500.0,16555,House,True,13,super hot13VerifiedShare on FacebookShare on TwitterShare on WhatsAppSend via GMailSend via E-Mail,98,Houses_Rawalpindi,for_sale,2026-07-26,https://www.zameen.com/Property/rawalpindi_westridge_luxurious_1-kanal_house_for_sale_race_course_road_street_11_westridge_rawalpindi-54397893-574-1.html
Brand New Triple Storey House For Sale,PKR 6.6 Crore,66000000,2,2,5 Marla,1125.0,58666,House,True,32,super hot32Share on FacebookShare on TwitterShare on WhatsAppSend via GMailSend via E-Mail,90,Houses_Rawalpindi,for_sale,2026-07-26,https://www.zameen.com/Property/satellite_town_satellite_town_-_block_b_brand_new_triple_storey_house_for_sale-54240926-6042-1.html
Beautiful Location 5 Marla Double Storey House For Sale In Rafi Block,PKR 1.9 Crore,19000000,3,4,5 Marla,1125.0,16888,House,True,19,super hot19Share on FacebookShare on TwitterShare on WhatsAppSend via GMailSend via E-Mail,90,Houses_Rawalpindi,for_sale,2026-07-26,https://www.zameen.com/Property/bahria_town_phase_8_bahria_town_phase_8_-_rafi_block_beautiful_location_5_marla_double_storey_house_for_sale_in_rafi_block-53345580-3071-1.html
Prime Location House Of 5 Marla In Snober City Is Available,PKR 1.45 Crore,14500000,3,3,5 Marla,1125.0,12888,House,True,28,super hot281VerifiedShare on FacebookShare on TwitterShare on WhatsAppSend via GMailSend via E-Mail,99,Houses_Rawalpindi,for_sale,2026-07-26,https://www.zameen.com/Property/adiala_road_snober_city_prime_location_house_of_5_marla_in_snober_city_is_available-54508480-11748-1.html
Idyllic House Available In Bahria Town Phase 3 For Sale,PKR 3.75 Crore,37500000,5,,10 Marla,2250.0,16666,House,True,11,hot11Share on FacebookShare on TwitterShare on WhatsAppSend via GMailSend via E-Mail,84,Houses_Rawalpindi,for_sale,2026-07-26,https://www.zameen.com/Property/bahria_town_rawalpindi_bahria_town_phase_3_idyllic_house_available_in_bahria_town_phase_3_for_sale-54193788-3036-1.html
Stunning And Affordable House Available For Sale In Bahria Town Phase 2,PKR 6 Crore,60000000,5,,10 Marla,2250.0,26666,House,True,29,hot29Share on FacebookShare on TwitterShare on WhatsAppSend via GMailSend via E-Mail,84,Houses_Rawalpindi,for_sale,2026-07-26,https://www.zameen.com/Property/bahria_town_rawalpindi_bahria_town_phase_2_stunning_and_affordable_house_available_for_sale_in_bahria_town_phase_2-54296895-3035-1.html
Brand New 10 Marla Luxury House for Sale in Bahria Town Phase 8 | 5 Master Bedrooms | Prime Location | Ready to Move,PKR 5.95 Crore,59500000,5,6,12 Marla,2700.0,22037,House,False,32,hot32Share on FacebookShare on TwitterShare on WhatsAppSend via GMailSend via E-Mail,84,Houses_Rawalpindi,for_sale,2026-07-26,https://www.zameen.com/Property/bahria_town_phase_8_bahria_town_phase_8_-_block_c_brand_new_10_marla_luxury_house_for_sale_in_bahria_town_phase_8_5_master_bedrooms_prime_location_ready_to_move-54465042-3051-1.html
"10 Marla House, Sector B For Sale",PKR 3.95 Crore,39500000,5,6,10 Marla,2250.0,17555,House,False,7,hot7Share on FacebookShare on TwitterShare on WhatsAppSend via GMailSend via E-Mail,83,Houses_Rawalpindi,for_sale,2026-07-26,https://www.zameen.com/Property/bahria_town_rawalpindi_bahria_town_phase_8_10_marla_house_sector_b_for_sale-54391363-3048-1.html
6 Marla Double Storey Coner House For Sale,PKR 1.6 Crore,16000000,5,4,6 Marla,1350.0,11851,House,False,19,hot19Share on FacebookShare on TwitterShare on WhatsAppSend via GMailSend via E-Mail,84,Houses_Rawalpindi,for_sale,2026-07-26,https://www.zameen.com/Property/rawalpindi_adiala_road_6_marla_double_storey_coner_house_for_sale-54333787-478-1.html
10 Marla Corner House Extension Chaklala Scheme 3,PKR 4.8 Crore,48000000,5,5,10 Marla,2250.0,21333,House,False,15,hot15Share on FacebookShare on TwitterShare on WhatsAppSend via GMailSend via E-Mail,84,Houses_Rawalpindi,for_sale,2026-07-26,https://www.zameen.com/Property/chaklala_scheme_chaklala_scheme_3_10_marla_corner_house_extension_chaklala_scheme_3-54509955-1312-1.html
10 Marla Hauos Available For Sale,PKR 4.15 Crore,41500000,5,5,10 Marla,2250.0,18444,House,False,16,hot16Share on FacebookShare on TwitterShare on WhatsAppSend via GMailSend via E-Mail,84,Houses_Rawalpindi,for_sale,2026-07-26,https://www.zameen.com/Property/bahria_town_rawalpindi_bahria_town_phase_2_10_marla_hauos_available_for_sale-54420338-3035-1.html
Rawalpindi Bahria Town Phase 8  7 Marla single unit House For Sale,PKR 2.6 Crore,26000000,4,4,7 Marla,1575.0,16507,House,False,13,13Share on FacebookShare on TwitterShare on WhatsAppSend via GMailSend via E-Mail,81,Houses_Rawalpindi,for_sale,2026-07-26,https://www.zameen.com/Property/bahria_town_rawalpindi_bahria_town_phase_8_rawalpindi_bahria_town_phase_8_7_marla_single_unit_house_for_sale-54511445-3048-1.html
Rawalpindi Bahria Town Phase 8 5 Marla Slightly Used House Available For Sale,PKR 1.98 Crore,19800000,4,4,5 Marla,1125.0,17600,House,False,50,50Share on FacebookShare on TwitterShare on WhatsAppSend via GMailSend via E-Mail,81,Houses_Rawalpindi,for_sale,2026-07-26,https://www.zameen.com/Property/bahria_town_rawalpindi_bahria_town_phase_8_rawalpindi_bahria_town_phase_8_5_marla_slightly_used_house_available_for_sale-54116125-3048-1.html
Want To Buy A House In Rawalpindi?,PKR 2.4 Crore,24000000,4,4,7 Marla,1575.0,15238,House,False,22,22Share on FacebookShare on TwitterShare on WhatsAppSend via GMailSend via E-Mail,81,Houses_Rawalpindi,for_sale,2026-07-26,https://www.zameen.com/Property/bahria_town_rawalpindi_bahria_town_phase_8_want_to_buy_a_house_in_rawalpindi-54377706-3048-1.html
Phase 8 House Available For Sale,PKR 10 Crore,100000000,10,7,1.2 Kanal,5400.0,18518,House,False,24,24Share on FacebookShare on TwitterShare on WhatsAppSend via GMailSend via E-Mail,81,Houses_Rawalpindi,for_sale,2026-07-26,https://www.zameen.com/Property/bahria_town_rawalpindi_bahria_town_phase_8_phase_8_house_available_for_sale-53800006-3048-1.html
7 Marla House Available For Sale In Bahria Town Phase 8 Usman Block,PKR 2.9 Crore,29000000,5,6,7 Marla,1575.0,18412,House,False,9,9Share on FacebookShare on TwitterShare on WhatsAppSend via GMailSend via E-Mail,80,Houses_Rawalpindi,for_sale,2026-07-26,https://www.zameen.com/Property/bahria_town_phase_8_safari_valley_bahria_town_phase_8_-_usman_block_7_marla_house_available_for_sale_in_bahria_town_phase_8_usman_block-54191771-3068-1.html
7 Marla House Available For Sale In Usman Block,PKR 2.7 Crore,27000000,5,7,7 Marla,1575.0,17142,House,False,15,15Share on FacebookShare on TwitterShare on WhatsAppSend via GMailSend via E-Mail,81,Houses_Rawalpindi,for_sale,2026-07-26,https://www.zameen.com/Property/bahria_town_phase_8_safari_valley_bahria_town_phase_8_-_usman_block_7_marla_house_available_for_sale_in_usman_block-54287538-3068-1.html
10 Marla Traple Unit House Available For Sale In Bahria Town Ph8 Sctor L,PKR 3.9 Crore,39000000,8,7,10 Marla,2250.0,17333,House,False,20,20Share on FacebookShare on TwitterShare on WhatsAppSend via GMailSend via E-Mail,81,Houses_Rawalpindi,for_sale,2026-07-26,https://www.zameen.com/Property/bahria_town_phase_8_bahria_town_phase_8_-_block_l_10_marla_traple_unit_house_available_for_sale_in_bahria_town_ph8_sctor_l-54327298-3061-1.html
7marla House Available For Sale In Bahria Town,PKR 3.1 Crore,31000000,5,7,7 Marla,1575.0,19682,House,False,15,15Share on FacebookShare on TwitterShare on WhatsAppSend via GMailSend via E-Mail,81,Houses_Rawalpindi,for_sale,2026-07-26,https://www.zameen.com/Property/bahria_town_phase_8_safari_valley_bahria_town_phase_8_-_abu_bakar_block_7marla_house_available_for_sale_in_bahria_town-54369140-3069-1.html
Highly-Coveted 10 Marla House Is Available In Bahria Town Phase 4 For Sale,PKR 3.95 Crore,39500000,5,5,10 Marla,2250.0,17555,House,True,17,super hot17Share on FacebookShare on TwitterShare on WhatsAppSend via GMailSend via E-Mail,90,Houses_Rawalpindi,for_sale,2026-07-26,https://www.zameen.com/Property/bahria_town_rawalpindi_bahria_town_phase_4_highly-coveted_10_marla_house_is_available_in_bahria_town_phase_4_for_sale-54285748-3041-1.html
10 Marla House With 10 KVA Solar B Block Bahria Town Rawalpindi,PKR 3.95 Crore,39500000,5,6,10 Marla,2250.0,17555,House,True,42,super hot42Share on FacebookShare on TwitterShare on WhatsAppSend via GMailSend via E-Mail,90,Houses_Rawalpindi,for_sale,2026-07-26,https://www.zameen.com/Property/bahria_town_phase_8_bahria_town_phase_8_-_block_b_10_marla_house_with_10_kva_solar_b_block_bahria_town_rawalpindi-54429955-3050-1.html
Highly-Desirable House Available In Bahria Town Phase 3 For Sale,PKR 3.9 Crore,39000000,5,,10 Marla,2250.0,17333,House,True,22,super hot22VerifiedShare on FacebookShare on TwitterShare on WhatsAppSend via GMailSend via E-Mail,98,Houses_Rawalpindi,for_sale,2026-07-26,https://www.zameen.com/Property/bahria_town_rawalpindi_bahria_town_phase_3_highly-desirable_house_available_in_bahria_town_phase_3_for_sale-54316980-3036-1.html
Designer Luxury House Available For Sale,PKR 5.3 Crore,53000000,4,6,10 Marla,2250.0,23555,House,True,35,super hot35Share on FacebookShare on TwitterShare on WhatsAppSend via GMailSend via E-Mail,90,Houses_Rawalpindi,for_sale,2026-07-26,https://www.zameen.com/Property/bahria_town_rawalpindi_bahria_town_phase_7_designer_luxury_house_available_for_sale-54499117-3047-1.html
Designer House 7 bedroom Investor Rate,PKR 7.95 Crore,79500000,7,6,1 Kanal,4500.0,17666,House,True,35,super hot351Share on FacebookShare on TwitterShare on WhatsAppSend via GMailSend via E-Mail,91,Houses_Rawalpindi,for_sale,2026-07-26,https://www.zameen.com/Property/bahria_greens_overseas_enclave_bahria_greens_-_overseas_enclave_-_sector_5_designer_house_7_bedroom_investor_rate-54498943-8304-1.html
This Is Your Chance To Buy Prime Location House In Snober City,PKR 1.55 Crore,15500000,3,3,6 Marla,1350.0,11481,House,True,27,super hot271VerifiedShare on FacebookShare on TwitterShare on WhatsAppSend via GMailSend via E-Mail,99,Houses_Rawalpindi,for_sale,2026-07-26,https://www.zameen.com/Property/adiala_road_snober_city_this_is_your_chance_to_buy_prime_location_house_in_snober_city-54508481-11748-1.html
05 Marla Brand New Designer House For Sale,PKR 2.2 Crore,22000000,4,5,5 Marla,1125.0,19555,House,True,26,super hot26Share on FacebookShare on TwitterShare on WhatsAppSend via GMailSend via E-Mail,90,Houses_Rawalpindi,for_sale,2026-07-26,https://www.zameen.com/Property/bahria_town_rawalpindi_bahria_town_phase_8_05_marla_brand_new_designer_house_for_sale-54466723-3048-1.html
1 Kanal Double Storey House,PKR 6.7 Crore,67000000,4,,1 Kanal,4500.0,14888,House,True,16,super hot16Share on FacebookShare on TwitterShare on WhatsAppSend via GMailSend via E-Mail,90,Houses_Rawalpindi,for_sale,2026-07-26,https://www.zameen.com/Property/bahria_town_rawalpindi_bahria_town_phase_6_1_kanal_double_storey_house-54455146-3046-1.html
SEMI COMMERICAL 7 Marla DOUBLE SITE STREET,PKR 6.5 Crore,65000000,8,7,7 Marla,1575.0,41269,House,True,,super hotShare on FacebookShare on TwitterShare on WhatsAppSend via GMailSend via E-Mail,88,Houses_Rawalpindi,for_sale,2026-07-26,https://www.zameen.com/Property/satellite_town_satellite_town_-_block_f_semi_commerical_7_marla_double_site_street-54419594-10240-1.html
Semi Commerical 3 Site Corner House,PKR 16 Crore,160000000,,,10 Marla,2250.0,71111,House,True,,super hotShare on FacebookShare on TwitterShare on WhatsAppSend via GMailSend via E-Mail,88,Houses_Rawalpindi,for_sale,2026-07-26,https://www.zameen.com/Property/satellite_town_satellite_town_-_block_b_semi_commerical_3_site_corner_house-54467217-6042-1.html
Buying A House In Bahria Town Phase 4?,PKR 6.25 Crore,62500000,5,,10 Marla,2250.0,27777,House,True,25,hot25Share on FacebookShare on TwitterShare on WhatsAppSend via GMailSend via E-Mail,84,Houses_Rawalpindi,for_sale,2026-07-26,https://www.zameen.com/Property/bahria_town_rawalpindi_bahria_town_phase_4_buying_a_house_in_bahria_town_phase_4-54325751-3041-1.html
In Bahria Town Phase 3 House Sized 1 Kanal For Sale,PKR 8.5 Crore,85000000,5,,1 Kanal,4500.0,18888,House,True,24,hot24Share on FacebookShare on TwitterShare on WhatsAppSend via GMailSend via E-Mail,84,Houses_Rawalpindi,for_sale,2026-07-26,https://www.zameen.com/Property/bahria_town_rawalpindi_bahria_town_phase_3_in_bahria_town_phase_3_house_sized_1_kanal_for_sale-54373672-3036-1.html
On Excellent Location,PKR 6.25 Crore,62500000,6,6,10 Marla,2250.0,27777,House,False,46,hot461VerifiedShare on FacebookShare on TwitterShare on WhatsAppSend via GMailSend via E-Mail,93,Houses_Rawalpindi,for_sale,2026-07-26,https://www.zameen.com/Property/rawalpindi_stadium_road_on_excellent_location-54383633-8135-1.html
Ideal Prime Location House For sale In Snober City,PKR 1.35 Crore,13500000,3,4,5 Marla,1125.0,12000,House,False,23,hot23VerifiedShare on FacebookShare on TwitterShare on WhatsAppSend via GMailSend via E-Mail,92,Houses_Rawalpindi,for_sale,2026-07-26,https://www.zameen.com/Property/adiala_road_snober_city_ideal_prime_location_house_for_sale_in_snober_city-53538465-11748-1.html
Looking For A Prime Location House In Snober City Rawalpindi,PKR 1.05 Crore,10500000,2,3,5 Marla,1125.0,9333,House,False,15,hot15VerifiedShare on FacebookShare on TwitterShare on WhatsAppSend via GMailSend via E-Mail,92,Houses_Rawalpindi,for_sale,2026-07-26,https://www.zameen.com/Property/adiala_road_snober_city_looking_for_a_prime_location_house_in_snober_city_rawalpindi-54146229-11748-1.html
Investors Should Sale This Prime Location House Located Ideally In Adiala Road,PKR 1.38 Crore,13799999,3,4,5 Marla,1125.0,12266,House,False,25,hot25Share on FacebookShare on TwitterShare on WhatsAppSend via GMailSend via E-Mail,84,Houses_Rawalpindi,for_sale,2026-07-26,https://www.zameen.com/Property/adiala_road_snober_city_investors_should_sale_this_prime_location_house_located_ideally_in_adiala_road-54274833-11748-1.html
Prime Location 5 Marla House Available In Snober City For Sale,PKR 1.35 Crore,13500000,3,3,5 Marla,1125.0,12000,House,False,13,hot13Share on FacebookShare on TwitterShare on WhatsAppSend via GMailSend via E-Mail,84,Houses_Rawalpindi,for_sale,2026-07-26,https://www.zameen.com/Property/adiala_road_snober_city_prime_location_5_marla_house_available_in_snober_city_for_sale-54275005-11748-1.html
House Available For Sale In Bahria Town Ph8 Sctor M,PKR 2.35 Crore,23500000,3,5,6 Marla,1350.0,17407,House,False,28,28Share on FacebookShare on TwitterShare on WhatsAppSend via GMailSend via E-Mail,81,Houses_Rawalpindi,for_sale,2026-07-26,https://www.zameen.com/Property/bahria_town_phase_8_bahria_town_phase_8_-_block_m_house_available_for_sale_in_bahria_town_ph8_sctor_m-54371376-3062-1.html
7 Marla House Available For Sale In Abu Baker Block,PKR 3.35 Crore,33500000,5,,7 Marla,1575.0,21269,House,False,20,20Share on FacebookShare on TwitterShare on WhatsAppSend via GMailSend via E-Mail,81,Houses_Rawalpindi,for_sale,2026-07-26,https://www.zameen.com/Property/bahria_town_phase_8_safari_valley_bahria_town_phase_8_-_abu_bakar_block_7_marla_house_available_for_sale_in_abu_baker_block-54374137-3069-1.html
50 Marla House Available For Sale In Bahria Town Overseas Block,PKR 22 Crore,220000000,6,7,2.5 Kanal,11250.0,19555,House,False,44,44Share on FacebookShare on TwitterShare on WhatsAppSend via GMailSend via E-Mail,81,Houses_Rawalpindi,for_sale,2026-07-26,https://www.zameen.com/Property/bahria_greens_overseas_enclave_bahria_greens_-_overseas_enclave_-_sector_1_50_marla_house_available_for_sale_in_bahria_town_overseas_block-54458884-8300-1.html
11 Marla Corner House For Sale In Overseas 6,PKR 4.3 Crore,43000000,5,7,11 Marla,2475.0,17373,House,False,32,32Share on FacebookShare on TwitterShare on WhatsAppSend via GMailSend via E-Mail,81,Houses_Rawalpindi,for_sale,2026-07-26,https://www.zameen.com/Property/bahria_greens_overseas_enclave_bahria_greens_-_overseas_enclave_-_sector_6_11_marla_corner_house_for_sale_in_overseas_6-54458906-8305-1.html
22 Marla House for Sale in Bahria Town,PKR 8.75 Crore,87500000,5,6,1.1 Kanal,4950.0,17676,House,True,25,25Share on FacebookShare on TwitterShare on WhatsAppSend via GMailSend via E-Mail,81,Houses_Rawalpindi,for_sale,2026-07-26,https://www.zameen.com/Property/bahria_town_rawalpindi_bahria_town_phase_5_22_marla_house_for_sale_in_bahria_town-54521128-3045-1.html
Bahria Phase 4  Kanal House Available For Sale  Civic Center  Corner Option  Next Level House,PKR 12.5 Crore,125000000,10,6,1 Kanal,4500.0,27777,House,False,50,50Share on FacebookShare on TwitterShare on WhatsAppSend via GMailSend via E-Mail,81,Houses_Rawalpindi,for_sale,2026-07-26,https://www.zameen.com/Property/bahria_town_rawalpindi_bahria_town_phase_4_bahria_phase_4_kanal_house_available_for_sale_civic_center_corner_option_next_level_house-53973040-3041-1.html
2 Kanal Ultra Luxury Mansion For Sale in Bahria Town Phase 8,PKR 22 Crore,220000000,6,7,2 Kanal,9000.0,24444,House,True,33,33Share on FacebookShare on TwitterShare on WhatsAppSend via GMailSend via E-Mail,81,Houses_Rawalpindi,for_sale,2026-07-26,https://www.zameen.com/Property/bahria_town_rawalpindi_bahria_town_phase_8_2_kanal_ultra_luxury_mansion_for_sale_in_bahria_town_phase_8-54225271-3048-1.html
10 Marla Brand New Designer House For Sale In Bahria Town Phase 2 Rawalpindi,PKR 5 Crore,50000000,5,6,10 Marla,2250.0,22222,House,False,12,12Share on FacebookShare on TwitterShare on WhatsAppSend via GMailSend via E-Mail,81,Houses_Rawalpindi,for_sale,2026-07-26,https://www.zameen.com/Property/bahria_town_rawalpindi_bahria_town_phase_2_10_marla_brand_new_designer_house_for_sale_in_bahria_town_phase_2_rawalpindi-54116145-3035-1.html
Modern Designer Fully Furnished House For Sale Bharia Town Phase 2,PKR 14.8 Crore,148000000,5,6,1 Kanal,4500.0,32888,House,True,49,super hot491Share on FacebookShare on TwitterShare on WhatsAppSend via GMailSend via E-Mail,91,Houses_Rawalpindi,for_sale,2026-07-26,https://www.zameen.com/Property/bahria_town_rawalpindi_bahria_town_phase_2_modern_designer_fully_furnished_house_for_sale_bharia_town_phase_2-51847077-3035-1.html
Slightly Used Designer House At Investor Price,PKR 9.5 Crore,95000000,5,6,1 Kanal,4500.0,21111,House,True,49,super hot49Share on FacebookShare on TwitterShare on WhatsAppSend via GMailSend via E-Mail,90,Houses_Rawalpindi,for_sale,2026-07-26,https://www.zameen.com/Property/bahria_town_rawalpindi_bahria_town_phase_3_slightly_used_designer_house_at_investor_price-47465238-3036-1.html
"Special Area, Phase 2 Bahria Town Brand New Designer 5-Bed Double-Unit House For Sale At A Prime Location",PKR 14.9 Crore,149000000,14,6,1 Kanal,4500.0,33111,House,True,50,super hot50Share on FacebookShare on TwitterShare on WhatsAppSend via GMailSend via E-Mail,90,Houses_Rawalpindi,for_sale,2026-07-26,https://www.zameen.com/Property/bahria_town_rawalpindi_bahria_town_phase_2_special_area_phase_2_bahria_town_brand_new_designer_5-bed_double-unit_house_for_sale_at_a_prime_location-52364728-3035-1.html
12 Marla Designer House With Solar,PKR 4.65 Crore,46500000,4,6,12 Marla,2700.0,17222,House,True,48,super hot48Share on FacebookShare on TwitterShare on WhatsAppSend via GMailSend via E-Mail,90,Houses_Rawalpindi,for_sale,2026-07-26,https://www.zameen.com/Property/bahria_greens_overseas_enclave_bahria_greens_-_overseas_enclave_-_sector_3_12_marla_designer_house_with_solar-54173803-8302-1.html
On Excellent Location House For Sale,PKR 12.9 Crore,129000000,5,6,1.6 Kanal,7200.0,17916,House,True,49,super hot491VerifiedShare on FacebookShare on TwitterShare on WhatsAppSend via GMailSend via E-Mail,99,Houses_Rawalpindi,for_sale,2026-07-26,https://www.zameen.com/Property/bahria_greens_overseas_enclave_bahria_greens_-_overseas_enclave_-_sector_5_on_excellent_location_house_for_sale-54476874-8304-1.html
SD House 5 Bedroom Available In Askari 14 Sector C,PKR 6.5 Crore,65000000,6,6,10 Marla,2250.0,28888,House,True,17,super hot17Share on FacebookShare on TwitterShare on WhatsAppSend via GMailSend via E-Mail,90,Houses_Rawalpindi,for_sale,2026-07-26,https://www.zameen.com/Property/rawalpindi_askari_14_sd_house_5_bedroom_available_in_askari_14_sector_c-48803893-1504-1.html
10 Marla Brand New House At Unbeatable Price,PKR 3.5 Crore,35000000,5,6,10 Marla,2250.0,15555,House,True,13,super hot13Share on FacebookShare on TwitterShare on WhatsAppSend via GMailSend via E-Mail,90,Houses_Rawalpindi,for_sale,2026-07-26,https://www.zameen.com/Property/bahria_town_rawalpindi_bahria_town_phase_8_10_marla_brand_new_house_at_unbeatable_price-54029195-3048-1.html
5 Marla Elegant Brand New House for Sale| Prime Location| Bahria Town,PKR 2.15 Crore,21500000,3,3,5 Marla,1125.0,19111,House,True,16,super hot16Share on FacebookShare on TwitterShare on WhatsAppSend via GMailSend via E-Mail,90,Houses_Rawalpindi,for_sale,2026-07-26,https://www.zameen.com/Property/bahria_town_rawalpindi_bahria_town_phase_8_5_marla_elegant_brand_new_house_for_sale_prime_location_bahria_town-54372945-3048-1.html
Book A Prime Location House Of 10 Marla In Lalazar Lalazar,PKR 4.35 Crore,43500000,5,5,10 Marla,2250.0,19333,House,True,38,super hot381VerifiedShare on FacebookShare on TwitterShare on WhatsAppSend via GMailSend via E-Mail,99,Houses_Rawalpindi,for_sale,2026-07-26,https://www.zameen.com/Property/rawalpindi_lalazar_book_a_prime_location_house_of_10_marla_in_lalazar_lalazar-54508287-576-1.html
Buy A Prime Location 6 Marla House For sale In Snober City,PKR 1.55 Crore,15500000,3,3,6 Marla,1350.0,11481,House,True,27,super hot271VerifiedShare on FacebookShare on TwitterShare on WhatsAppSend via GMailSend via E-Mail,99,Houses_Rawalpindi,for_sale,2026-07-26,https://www.zameen.com/Property/adiala_road_snober_city_buy_a_prime_location_6_marla_house_for_sale_in_snober_city-54508522-11748-1.html
7 Marla Double Story Double Unit House Available For Sale.,PKR 2.45 Crore,24500000,4,4,7 Marla,1575.0,15555,House,True,22,hot22Share on FacebookShare on TwitterShare on WhatsAppSend via GMailSend via E-Mail,84,Houses_Rawalpindi,for_sale,2026-07-26,https://www.zameen.com/Property/rawalpindi_adiala_road_7_marla_double_story_double_unit_house_available_for_sale-54517884-478-1.html
Beautiful Corner House In Media Town,PKR 4.15 Crore,41500000,5,5,5 Marla,1125.0,36888,House,True,26,hot26Share on FacebookShare on TwitterShare on WhatsAppSend via GMailSend via E-Mail,84,Houses_Rawalpindi,for_sale,2026-07-26,https://www.zameen.com/Property/media_town_media_town_-_block_a_beautiful_corner_house_in_media_town-54143320-16390-1.html
5 Marla Brand New Stylish design 1.5 Storey with Water bore Airport Employees Coperative Housing Society Rwp Opposite Gulberg Greens and near Gulzar-e-Quaid Society Sector 4,PKR 1.6 Crore,16000000,3,3,5.6 Marla,1260.0,12698,House,False,15,hot15Share on FacebookShare on TwitterShare on WhatsAppSend via GMailSend via E-Mail,84,Houses_Rawalpindi,for_sale,2026-07-26,https://www.zameen.com/Property/rawalpindi_airport_housing_society_5_marla_brand_new_stylish_design_1_5_storey_with_water_bore_airport_employees_coperative_housing_society_rwp_opposite_gulberg_greens_and_near_gulzar-e-quaid_society_sector_4-54446023-426-1.html
10 Marla New House Available For Sale,PKR 5.2 Crore,52000000,5,6,10 Marla,2250.0,23111,House,False,22,hot22Share on FacebookShare on TwitterShare on WhatsAppSend via GMailSend via E-Mail,84,Houses_Rawalpindi,for_sale,2026-07-26,https://www.zameen.com/Property/bahria_town_rawalpindi_bahria_town_phase_8_10_marla_new_house_available_for_sale-53607831-3048-1.html
5 Marla Designer House For Sale,PKR 2.35 Crore,23500000,3,4,5 Marla,1125.0,20888,House,False,17,hot17Share on FacebookShare on TwitterShare on WhatsAppSend via GMailSend via E-Mail,84,Houses_Rawalpindi,for_sale,2026-07-26,https://www.zameen.com/Property/bahria_town_phase_8_bahria_town_phase_8_-_block_m_5_marla_designer_house_for_sale-53839067-3062-1.html
5 Marla Designer House With Double Height TV Lounge,PKR 2.6 Crore,26000000,3,4,5 Marla,1125.0,23111,House,False,13,hot13Share on FacebookShare on TwitterShare on WhatsAppSend via GMailSend via E-Mail,84,Houses_Rawalpindi,for_sale,2026-07-26,https://www.zameen.com/Property/bahria_town_rawalpindi_bahria_town_phase_8_5_marla_designer_house_with_double_height_tv_lounge-54155689-3048-1.html
6 Marla Brand New House Available For,PKR 2.5 Crore,25000000,4,6,6 Marla,1350.0,18518,House,False,20,hot20Share on FacebookShare on TwitterShare on WhatsAppSend via GMailSend via E-Mail,84,Houses_Rawalpindi,for_sale,2026-07-26,https://www.zameen.com/Property/misryal_road_officer_colony_6_marla_brand_new_house_available_for-53820224-21388-1.html
Registry Available And Gas Meter Installed 10 Marla A+ Construction House For Sale Bahria Town,PKR 5.75 Crore,57500000,5,6,10 Marla,2250.0,25555,House,True,25,25Share on FacebookShare on TwitterShare on WhatsAppSend via GMailSend via E-Mail,81,Houses_Rawalpindi,for_sale,2026-07-26,https://www.zameen.com/Property/bahria_greens_overseas_enclave_bahria_greens_-_overseas_enclave_-_sector_5_registry_available_and_gas_meter_installed_10_marla_a_construction_house_for_sale_bahria_town-54520939-8304-1.html
6 Marla Double Storey House For Sale,PKR 2.4 Crore,24000000,4,5,6 Marla,1350.0,17777,House,False,15,15Share on FacebookShare on TwitterShare on WhatsAppSend via GMailSend via E-Mail,81,Houses_Rawalpindi,for_sale,2026-07-26,https://www.zameen.com/Property/airport_housing_society_airport_housing_society_-_sector_4_6_marla_double_storey_house_for_sale-53955919-9155-1.html
5 Marla Double Storey House For Sale,PKR 2.2 Crore,22000000,4,4,5 Marla,1125.0,19555,House,False,14,14Share on FacebookShare on TwitterShare on WhatsAppSend via GMailSend via E-Mail,81,Houses_Rawalpindi,for_sale,2026-07-26,https://www.zameen.com/Property/airport_housing_society_airport_housing_society_-_sector_4_5_marla_double_storey_house_for_sale-53989748-9155-1.html
8 Marla Double Story House For Sale,PKR 3.7 Crore,37000000,6,6,8 Marla,1800.0,20555,House,False,13,13Share on FacebookShare on TwitterShare on WhatsAppSend via GMailSend via E-Mail,81,Houses_Rawalpindi,for_sale,2026-07-26,https://www.zameen.com/Property/airport_housing_society_airport_housing_society_-_sector_4_8_marla_double_story_house_for_sale-54010469-9155-1.html
5 Marla Double Storey House For Sale,PKR 1.95 Crore,19500000,4,4,5 Marla,1125.0,17333,House,False,18,18Share on FacebookShare on TwitterShare on WhatsAppSend via GMailSend via E-Mail,81,Houses_Rawalpindi,for_sale,2026-07-26,https://www.zameen.com/Property/airport_housing_society_airport_housing_society_-_sector_4_5_marla_double_storey_house_for_sale-54020552-9155-1.html
8 Marla Double Storey House For Sale,PKR 2.8 Crore,28000000,7,6,8 Marla,1800.0,15555,House,False,14,14Share on FacebookShare on TwitterShare on WhatsAppSend via GMailSend via E-Mail,81,Houses_Rawalpindi,for_sale,2026-07-26,https://www.zameen.com/Property/airport_housing_society_airport_housing_society_-_sector_4_8_marla_double_storey_house_for_sale-54057162-9155-1.html
6 Marla 1.7 Story House For Sale,PKR 1.82 Crore,18200000,3,4,6 Marla,1350.0,13481,House,False,14,14Share on FacebookShare on TwitterShare on WhatsAppSend via GMailSend via E-Mail,81,Houses_Rawalpindi,for_sale,2026-07-26,https://www.zameen.com/Property/airport_housing_society_airport_housing_society_-_sector_4_6_marla_1_7_story_house_for_sale-54167903-9155-1.html
6 Marla Single Storey House For Sale,PKR 1.5 Crore,15000000,2,3,6 Marla,1350.0,11111,House,False,13,13Share on FacebookShare on TwitterShare on WhatsAppSend via GMailSend via E-Mail,81,Houses_Rawalpindi,for_sale,2026-07-26,https://www.zameen.com/Property/airport_housing_society_airport_housing_society_-_sector_4_6_marla_single_storey_house_for_sale-54281799-9155-1.html
7 Marla Brand New Luxury House For Sale Bahria Town Phase 8 Rawalpindi,PKR 3.1 Crore,31000000,6,6,7 Marla,1575.0,19682,House,True,22,super hot22Share on FacebookShare on TwitterShare on WhatsAppSend via GMailSend via E-Mail,90,Houses_Rawalpindi,for_sale,2026-07-26,https://www.zameen.com/Property/bahria_town_phase_8_safari_valley_bahria_town_phase_8_-_usman_block_7_marla_brand_new_luxury_house_for_sale_bahria_town_phase_8_rawalpindi-53699607-3068-1.html
7 Marla Brand New Luxury House For Sale Bahria Town Phase 8 Rawalpindi,PKR 2.85 Crore,28500000,5,6,7 Marla,1575.0,18095,House,True,37,super hot371Share on FacebookShare on TwitterShare on WhatsAppSend via GMailSend via E-Mail,91,Houses_Rawalpindi,for_sale,2026-07-26,https://www.zameen.com/Property/bahria_town_phase_8_safari_valley_bahria_town_phase_8_-_abu_bakar_block_7_marla_brand_new_luxury_house_for_sale_bahria_town_phase_8_rawalpindi-53742561-3069-1.html
Brand New Designers House With 15 KV Solar For Sale,PKR 14.8 Crore,148000000,5,6,1 Kanal,4500.0,32888,House,True,46,super hot461Share on FacebookShare on TwitterShare on WhatsAppSend via GMailSend via E-Mail,91,Houses_Rawalpindi,for_sale,2026-07-26,https://www.zameen.com/Property/bahria_town_rawalpindi_bahria_town_phase_2_brand_new_designers_house_with_15_kv_solar_for_sale-51970885-3035-1.html
Brand New Park Face Modern Designer House For Sale,PKR 16.25 Crore,162500000,6,6,1 Kanal,4500.0,36111,House,True,50,super hot50Share on FacebookShare on TwitterShare on WhatsAppSend via GMailSend via E-Mail,90,Houses_Rawalpindi,for_sale,2026-07-26,https://www.zameen.com/Property/bahria_town_rawalpindi_bahria_town_phase_5_brand_new_park_face_modern_designer_house_for_sale-54276141-3045-1.html
Designer Luxury 1 Kanal Brand New House,PKR 12.8 Crore,128000000,5,6,1 Kanal,4500.0,28444,House,True,41,super hot411Share on FacebookShare on TwitterShare on WhatsAppSend via GMailSend via E-Mail,91,Houses_Rawalpindi,for_sale,2026-07-26,https://www.zameen.com/Property/bahria_town_rawalpindi_bahria_town_phase_8_designer_luxury_1_kanal_brand_new_house-54154815-3048-1.html
Prime Location In Snober City 5 Marla House For sale,PKR 1.45 Crore,14500000,3,3,5 Marla,1125.0,12888,House,True,28,super hot281VerifiedShare on FacebookShare on TwitterShare on WhatsAppSend via GMailSend via E-Mail,99,Houses_Rawalpindi,for_sale,2026-07-26,https://www.zameen.com/Property/adiala_road_snober_city_prime_location_in_snober_city_5_marla_house_for_sale-54508521-11748-1.html
Prime Location House Of 7 Marla Is Available For Sale,PKR 2.7 Crore,27000000,5,5,7 Marla,1575.0,17142,House,True,32,super hot321VerifiedShare on FacebookShare on TwitterShare on WhatsAppSend via GMailSend via E-Mail,99,Houses_Rawalpindi,for_sale,2026-07-26,https://www.zameen.com/Property/rawalpindi_lalazar_estate_housing_society_prime_location_house_of_7_marla_is_available_for_sale-54508286-22388-1.html
On Excellent Location House Is Available In Bahria Town Rawalpindi Umer Block With Front Lawn Garden,PKR 3.3 Crore,33000000,5,6,6.9 Marla,1552.5,21256,House,True,39,super hot391VerifiedShare on FacebookShare on TwitterShare on WhatsAppSend via GMailSend via E-Mail,99,Houses_Rawalpindi,for_sale,2026-07-26,https://www.zameen.com/Property/bahria_town_phase_8_safari_valley_bahria_town_phase_8_-_umer_block_on_excellent_location_house_is_available_in_bahria_town_rawalpindi_umer_block_with_front_lawn_garden-54398327-3067-1.html
Brand New Facing Lawn House Available In Bahria Town Phase 8 - Umer Block For Sale,PKR 3.3 Crore,33000000,5,6,6.9 Marla,1552.5,21256,House,True,37,super hot371VerifiedShare on FacebookShare on TwitterShare on WhatsAppSend via GMailSend via E-Mail,99,Houses_Rawalpindi,for_sale,2026-07-26,https://www.zameen.com/Property/bahria_town_phase_8_safari_valley_bahria_town_phase_8_-_umer_block_brand_new_facing_lawn_house_available_in_bahria_town_phase_8_-_umer_block_for_sale-54398328-3067-1.html
Prime Location House For Sale In Bahria Town Phase 8 - Umer Block,PKR 3.3 Crore,33000000,5,6,6.6 Marla,1485.0,22222,House,True,36,super hot361VerifiedShare on FacebookShare on TwitterShare on WhatsAppSend via GMailSend via E-Mail,99,Houses_Rawalpindi,for_sale,2026-07-26,https://www.zameen.com/Property/bahria_town_phase_8_safari_valley_bahria_town_phase_8_-_umer_block_prime_location_house_for_sale_in_bahria_town_phase_8_-_umer_block-54398326-3067-1.html
10 Marla Designer House Is Available For Sale In Bahria Town Phase 8 Rawalpindi,PKR 3.25 Crore,32500000,5,6,10 Marla,2250.0,14444,House,True,35,hot35Share on FacebookShare on TwitterShare on WhatsAppSend via GMailSend via E-Mail,84,Houses_Rawalpindi,for_sale,2026-07-26,https://www.zameen.com/Property/bahria_town_rawalpindi_bahria_town_phase_8_10_marla_designer_house_is_available_for_sale_in_bahria_town_phase_8_rawalpindi-53725519-3048-1.html
Designer Imported Kitchen Luxury Kanal House With Solar For Sale In Bahria Town Phase 3,PKR 9.25 Crore,92500000,5,6,1 Kanal,4500.0,20555,House,True,18,hot181Share on FacebookShare on TwitterShare on WhatsAppSend via GMailSend via E-Mail,85,Houses_Rawalpindi,for_sale,2026-07-26,https://www.zameen.com/Property/bahria_town_rawalpindi_bahria_town_phase_3_designer_imported_kitchen_luxury_kanal_house_with_solar_for_sale_in_bahria_town_phase_3-51640899-3036-1.html
5 Marla Brand New House Available For Sale,PKR 2.4 Crore,24000000,3,4,5 Marla,1125.0,21333,House,False,12,hot12Share on FacebookShare on TwitterShare on WhatsAppSend via GMailSend via E-Mail,84,Houses_Rawalpindi,for_sale,2026-07-26,https://www.zameen.com/Property/bahria_town_phase_8_bahria_town_phase_8_-_block_m_5_marla_brand_new_house_available_for_sale-54058096-3062-1.html
6 Marla Brand New Double Story House For Sale Airport Housing Society Rawalpindi,PKR 1.85 Crore,18500000,3,4,6 Marla,1350.0,13703,House,False,28,hot28Share on FacebookShare on TwitterShare on WhatsAppSend via GMailSend via E-Mail,84,Houses_Rawalpindi,for_sale,2026-07-26,https://www.zameen.com/Property/airport_housing_society_airport_housing_society_-_sector_4_6_marla_brand_new_double_story_house_for_sale_airport_housing_society_rawalpindi-54220948-9155-1.html
8 Marla Double Storey House For Sale Airport Housing Society Rawalpindi,PKR 2.8 Crore,28000000,7,6,8 Marla,1800.0,15555,House,False,23,hot23Share on FacebookShare on TwitterShare on WhatsAppSend via GMailSend via E-Mail,84,Houses_Rawalpindi,for_sale,2026-07-26,https://www.zameen.com/Property/airport_housing_society_airport_housing_society_-_sector_4_8_marla_double_storey_house_for_sale_airport_housing_society_rawalpindi-54130972-9155-1.html
5 MARLA DOUBLE STOREY HOUSE FOR SALE AIRPORT HOUSING SOCIETY RAWALPINDI,PKR 1.85 Crore,18500000,3,4,5 Marla,1125.0,16444,House,False,41,hot41Share on FacebookShare on TwitterShare on WhatsAppSend via GMailSend via E-Mail,84,Houses_Rawalpindi,for_sale,2026-07-26,https://www.zameen.com/Property/airport_housing_society_airport_housing_society_-_sector_4_5_marla_double_storey_house_for_sale_airport_housing_society_rawalpindi-53986952-9155-1.html
5 MARLA 1.5 STOREY HOUSE FOR SALE AIRPORT HOUSING SOCIETY RAWALPINDI,PKR 1.15 Crore,11500000,3,3,5 Marla,1125.0,10222,House,False,30,hot30Share on FacebookShare on TwitterShare on WhatsAppSend via GMailSend via E-Mail,84,Houses_Rawalpindi,for_sale,2026-07-26,https://www.zameen.com/Property/airport_housing_society_airport_housing_society_-_sector_4_5_marla_1_5_storey_house_for_sale_airport_housing_society_rawalpindi-52365101-9155-1.html
6 marla double story house,PKR 2.25 Crore,22500000,4,5,6 Marla,1350.0,16666,House,False,12,12Share on FacebookShare on TwitterShare on WhatsAppSend via GMailSend via E-Mail,81,Houses_Rawalpindi,for_sale,2026-07-26,https://www.zameen.com/Property/airport_housing_society_airport_housing_society_-_sector_4_6_marla_double_story_house-53987234-9155-1.html
6 Marla 1.5 Story House For Sale,PKR 1.72 Crore,17200000,3,4,6 Marla,1350.0,12740,House,False,12,12Share on FacebookShare on TwitterShare on WhatsAppSend via GMailSend via E-Mail,81,Houses_Rawalpindi,for_sale,2026-07-26,https://www.zameen.com/Property/airport_housing_society_airport_housing_society_-_sector_4_6_marla_1_5_story_house_for_sale-54298282-9155-1.html
5 Marla 1.5 Story House For Sale In Airport Housing Society Rawalpindi,PKR 1.65 Crore,16500000,3,4,5 Marla,1125.0,14666,House,False,24,24Share on FacebookShare on TwitterShare on WhatsAppSend via GMailSend via E-Mail,81,Houses_Rawalpindi,for_sale,2026-07-26,https://www.zameen.com/Property/airport_housing_society_airport_housing_society_-_sector_4_5_marla_1_5_story_house_for_sale_in_airport_housing_society_rawalpindi-54300552-9155-1.html
5 marla 1.5 story house for sale,PKR 1.6 Crore,16000000,3,3,5 Marla,1125.0,14222,House,False,8,8Share on FacebookShare on TwitterShare on WhatsAppSend via GMailSend via E-Mail,80,Houses_Rawalpindi,for_sale,2026-07-26,https://www.zameen.com/Property/airport_housing_society_airport_housing_society_-_sector_4_5_marla_1_5_story_house_for_sale-54287780-9155-1.html
Water Boring And Registry Available 7 Marla Brand New House For Sale Bahria Town Phase 8,PKR 3.35 Crore,33500000,5,6,7 Marla,1575.0,21269,House,True,25,25Share on FacebookShare on TwitterShare on WhatsAppSend via GMailSend via E-Mail,81,Houses_Rawalpindi,for_sale,2026-07-26,https://www.zameen.com/Property/bahria_town_phase_8_safari_valley_bahria_town_phase_8_-_abu_bakar_block_water_boring_and_registry_available_7_marla_brand_new_house_for_sale_bahria_town_phase_8-54520810-3069-1.html
Very Low Price | Water Boring Available 11 Marla Brand New Owner Built House For Sale Bahria Town,PKR 3.7 Crore,37000000,5,6,11 Marla,2475.0,14949,House,True,28,28Share on FacebookShare on TwitterShare on WhatsAppSend via GMailSend via E-Mail,81,Houses_Rawalpindi,for_sale,2026-07-26,https://www.zameen.com/Property/bahria_town_phase_8_bahria_town_phase_8_-_block_a_very_low_price_water_boring_available_11_marla_brand_new_owner_built_house_for_sale_bahria_town-54520788-3049-1.html
12.5 Marla Brand New Modern Designer House For Sale Bahria Town Phase 8 Block C RWP,PKR 5.9 Crore,59000000,5,6,12 Marla,2700.0,21851,House,True,26,26Share on FacebookShare on TwitterShare on WhatsAppSend via GMailSend via E-Mail,81,Houses_Rawalpindi,for_sale,2026-07-26,https://www.zameen.com/Property/bahria_town_phase_8_bahria_town_phase_8_-_block_c_12_5_marla_brand_new_modern_designer_house_for_sale_bahria_town_phase_8_block_c_rwp-54520731-3051-1.html
Brand New House For Sale,PKR 2.35 Crore,23500000,4,5,6 Marla,1350.0,17407,House,False,29,29Share on FacebookShare on TwitterShare on WhatsAppSend via GMailSend via E-Mail,81,Houses_Rawalpindi,for_sale,2026-07-26,https://www.zameen.com/Property/rawalpindi_airport_housing_society_brand_new_house_for_sale-52810747-426-1.html
1 Kanal house for sale in phase 6 bahria town Rawalpindi,PKR 6.75 Crore,67500000,5,6,18 Marla,4050.0,16666,House,True,31,super hot31Share on FacebookShare on TwitterShare on WhatsAppSend via GMailSend via E-Mail,90,Houses_Rawalpindi,for_sale,2026-07-26,https://www.zameen.com/Property/bahria_town_rawalpindi_bahria_town_phase_6_1_kanal_house_for_sale_in_phase_6_bahria_town_rawalpindi-54462906-3046-1.html
Beautiful House In Media Town,PKR 5.15 Crore,51500000,6,6,12 Marla,2700.0,19074,House,True,12,super hot12Share on FacebookShare on TwitterShare on WhatsAppSend via GMailSend via E-Mail,90,Houses_Rawalpindi,for_sale,2026-07-26,https://www.zameen.com/Property/media_town_media_town_-_block_c_beautiful_house_in_media_town-54160399-16392-1.html
1 KANAL BEAUTIFUL DESIGNER HOUSE,PKR 9 Crore,90000000,5,6,1 Kanal,4500.0,20000,House,True,36,super hot36Share on FacebookShare on TwitterShare on WhatsAppSend via GMailSend via E-Mail,90,Houses_Rawalpindi,for_sale,2026-07-26,https://www.zameen.com/Property/bahria_town_rawalpindi_bahria_town_phase_5_1_kanal_beautiful_designer_house-54403080-3045-1.html
Kanal House For Sale In Phaee 5 Bahria Town Rawalpindi,PKR 9 Crore,90000000,5,6,1 Kanal,4500.0,20000,House,True,22,super hot22Share on FacebookShare on TwitterShare on WhatsAppSend via GMailSend via E-Mail,90,Houses_Rawalpindi,for_sale,2026-07-26,https://www.zameen.com/Property/bahria_town_rawalpindi_bahria_town_phase_5_kanal_house_for_sale_in_phaee_5_bahria_town_rawalpindi-54462757-3045-1.html
5 Marla Brand New Luxury House For Sale Bahria Town Phase 8 Rawalpindi,PKR 2.05 Crore,20500000,3,4,5 Marla,1125.0,18222,House,True,19,super hot19Share on FacebookShare on TwitterShare on WhatsAppSend via GMailSend via E-Mail,90,Houses_Rawalpindi,for_sale,2026-07-26,https://www.zameen.com/Property/bahria_town_rawalpindi_bahria_town_phase_8_5_marla_brand_new_luxury_house_for_sale_bahria_town_phase_8_rawalpindi-53700208-3048-1.html
"7 Marla House Available For Sale In Bahria Town Phase 8 - Abu Bakar Block, Rawalpindi",PKR 2.25 Crore,22500000,,,7 Marla,1575.0,14285,House,True,6,super hot6VerifiedShare on FacebookShare on TwitterShare on WhatsAppSend via GMailSend via E-Mail,97,Houses_Rawalpindi,for_sale,2026-07-26,https://www.zameen.com/Property/bahria_town_phase_8_safari_valley_bahria_town_phase_8_-_abu_bakar_block_7_marla_house_available_for_sale_in_bahria_town_phase_8_-_abu_bakar_block_rawalpindi-53650865-3069-1.html
10 Marla Double Unit Brand New House For Sale  Prime Location  Near The Main Access,PKR 3.5 Crore,35000000,6,6,10 Marla,2250.0,15555,House,True,43,super hot43Share on FacebookShare on TwitterShare on WhatsAppSend via GMailSend via E-Mail,90,Houses_Rawalpindi,for_sale,2026-07-26,https://www.zameen.com/Property/rawalpindi_gulshan_abad_10_marla_double_unit_brand_new_house_for_sale_prime_location_near_the_main_access-54064274-1058-1.html
Ali Block Corner Triple Story Like a brand New Owner Build House Available For Sale at Bahria Town Phase 8 Rawalpindi Islamabad,PKR 2.1 Crore,21000000,3,4,5 Marla,1125.0,18666,House,True,26,super hot26Share on FacebookShare on TwitterShare on WhatsAppSend via GMailSend via E-Mail,90,Houses_Rawalpindi,for_sale,2026-07-26,https://www.zameen.com/Property/bahria_town_phase_8_safari_valley_bahria_town_phase_8_-_ali_block_ali_block_corner_triple_story_like_a_brand_new_owner_build_house_available_for_sale_at_bahria_town_phase_8_rawalpindi_islamabad-54334681-3070-1.html
10Marla Brand new House for sale in Bahria Town Phase 2 Rawalpindi.,PKR 5.9 Crore,59000000,5,6,10 Marla,2250.0,26222,House,True,12,super hot12Share on FacebookShare on TwitterShare on WhatsAppSend via GMailSend via E-Mail,90,Houses_Rawalpindi,for_sale,2026-07-26,https://www.zameen.com/Property/rawalpindi_bahria_town_rawalpindi_10marla_brand_new_house_for_sale_in_bahria_town_phase_2_rawalpindi-54507983-632-1.html
5 Marla Luxury Single Story House For Sale In Airport Housing Society,PKR 1.4 Crore,14000000,2,3,5 Marla,1125.0,12444,House,True,11,super hot11Share on FacebookShare on TwitterShare on WhatsAppSend via GMailSend via E-Mail,90,Houses_Rawalpindi,for_sale,2026-07-26,https://www.zameen.com/Property/airport_housing_society_airport_housing_society_-_sector_4_5_marla_luxury_single_story_house_for_sale_in_airport_housing_society-54507864-9155-1.html
1 Kanal Designer House Available For Sale.,PKR 5.3 Crore,53000000,6,6,1 Kanal,4500.0,11777,House,True,44,hot44Share on FacebookShare on TwitterShare on WhatsAppSend via GMailSend via E-Mail,84,Houses_Rawalpindi,for_sale,2026-07-26,https://www.zameen.com/Property/rawalpindi_adiala_road_1_kanal_designer_house_available_for_sale-53635740-478-1.html
10 Marla Brand New House Available For Sale.,PKR 4.15 Crore,41500000,9,,10 Marla,2250.0,18444,House,True,44,hot44Share on FacebookShare on TwitterShare on WhatsAppSend via GMailSend via E-Mail,84,Houses_Rawalpindi,for_sale,2026-07-26,https://www.zameen.com/Property/gulshan_abad_gulshan_abad_sector_1_10_marla_brand_new_house_available_for_sale-54301229-14736-1.html
This Is Your Chance To Buy House In Rawalpindi With Bank Loan Availability,PKR 62 Lakh,6200000,2,2,2 Marla,450.0,13777,House,False,13,hot13Share on FacebookShare on TwitterShare on WhatsAppSend via GMailSend via E-Mail,84,Houses_Rawalpindi,for_sale,2026-07-26,https://www.zameen.com/Property/islamabad_highway_wakeel_colony_this_is_your_chance_to_buy_house_in_rawalpindi_with_bank_loan_availability-49932335-12264-1.html
6 Marla Owner Built Triple Story Beautiful House Available For Sale With All basic Amenities On Top class location of Saidpur Road. Solar System Also Installed.,PKR 4.9 Crore,49000000,6,6,6 Marla,1350.0,36296,House,False,33,hot33Share on FacebookShare on TwitterShare on WhatsAppSend via GMailSend via E-Mail,84,Houses_Rawalpindi,for_sale,2026-07-26,https://www.zameen.com/Property/rawalpindi_satellite_town_6_marla_owner_built_triple_story_beautiful_house_available_for_sale_with_all_basic_amenities_on_top_class_location_of_saidpur_road_solar_system_also_installed-54405858-433-1.html
Gulraiz 5 Marla House For Urgent Sale Near Car Chowk Rawalpindi Safari,PKR 2.2 Crore,22000000,3,3,5 Marla,1125.0,19555,House,False,13,hot13Share on FacebookShare on TwitterShare on WhatsAppSend via GMailSend via E-Mail,84,Houses_Rawalpindi,for_sale,2026-07-26,https://www.zameen.com/Property/rawalpindi_gulraiz_housing_scheme_gulraiz_5_marla_house_for_urgent_sale_near_car_chowk_rawalpindi_safari-54506707-438-1.html
BEAUTIFUL 6 MARLA HOUSE PHASE 8,PKR 2.8 Crore,28000000,4,5,6 Marla,1350.0,20740,House,False,35,hot351VerifiedShare on FacebookShare on TwitterShare on WhatsAppSend via GMailSend via E-Mail,93,Houses_Rawalpindi,for_sale,2026-07-26,https://www.zameen.com/Property/bahria_town_phase_8_bahria_town_phase_8_-_sector_e-1_beautiful_6_marla_house_phase_8-54374168-8360-1.html
House for Sale in Adiala Road Rawalpindi,PKR 1.65 Crore,16500000,4,4,11.1 Marla,2497.5,6606,House,False,5,hot5Share on FacebookShare on TwitterShare on WhatsAppSend via GMailSend via E-Mail,83,Houses_Rawalpindi,for_sale,2026-07-26,https://www.zameen.com/Property/rawalpindi_adiala_road_house_for_sale_in_adiala_road_rawalpindi-54517683-478-1.html
Brand New House For Sale,PKR 2.3 Crore,23000000,4,4,6 Marla,1350.0,17037,House,False,8,8Share on FacebookShare on TwitterShare on WhatsAppSend via GMailSend via E-Mail,80,Houses_Rawalpindi,for_sale,2026-07-26,https://www.zameen.com/Property/rawalpindi_airport_housing_society_brand_new_house_for_sale-52953357-426-1.html
Safari Villa for Sale in Bahria Town,PKR 5.75 Crore,57500000,3,4,18 Marla,4050.0,14197,House,False,28,28Share on FacebookShare on TwitterShare on WhatsAppSend via GMailSend via E-Mail,81,Houses_Rawalpindi,for_sale,2026-07-26,https://www.zameen.com/Property/bahria_town_rawalpindi_bahria_town_-_safari_villas_3_safari_villa_for_sale_in_bahria_town-54520508-3080-1.html
"Ideal 5 Marla House has landed on market in Dhok Sayedan Road, Dhok Sayedan Road",PKR 1.2 Crore,12000000,7,4,5 Marla,1125.0,10666,House,False,15,15Share on FacebookShare on TwitterShare on WhatsAppSend via GMailSend via E-Mail,81,Houses_Rawalpindi,for_sale,2026-07-26,https://www.zameen.com/Property/rawalpindi_dhok_sayedan_road_ideal_5_marla_house_has_landed_on_market_in_dhok_sayedan_road_dhok_sayedan_road-54182902-8125-1.html
7 Marla Triple Storey House For Sale Army Person,PKR 1.35 Crore,13500000,7,5,7 Marla,1575.0,8571,House,False,8,8Share on FacebookShare on TwitterShare on WhatsAppSend via GMailSend via E-Mail,80,Houses_Rawalpindi,for_sale,2026-07-26,https://www.zameen.com/Property/rawalpindi_quaid-e-azam_colony_7_marla_triple_storey_house_for_sale_army_person-53009087-6040-1.html
Beautiful Double Storey Boring Water Gas Cheep Price Don'T Miss House For Sale,PKR 48 Lakh,4800000,3,2,2 Marla,450.0,10666,House,False,6,6Share on FacebookShare on TwitterShare on WhatsAppSend via GMailSend via E-Mail,80,Houses_Rawalpindi,for_sale,2026-07-26,https://www.zameen.com/Property/rawalpindi_dhok_sayedan_road_beautiful_double_storey_boring_water_gas_cheep_price_don_t_miss_house_for_sale-52151712-8125-1.html
Brand Designer Luxury House For Sale,PKR 12.5 Crore,125000000,5,6,1.5 Kanal,6750.0,18518,House,False,33,33Share on FacebookShare on TwitterShare on WhatsAppSend via GMailSend via E-Mail,81,Houses_Rawalpindi,for_sale,2026-07-26,https://www.zameen.com/Property/bahria_greens_overseas_enclave_bahria_greens_-_overseas_enclave_-_sector_5_brand_designer_luxury_house_for_sale-54520343-8304-1.html
House 10 Marla + Corner + 6 Marla Ext Land,PKR 3.2 Crore,32000000,5,4,10 Marla,2250.0,14222,House,False,18,18Share on FacebookShare on TwitterShare on WhatsAppSend via GMailSend via E-Mail,81,Houses_Rawalpindi,for_sale,2026-07-26,https://www.zameen.com/Property/bahria_greens_overseas_enclave_bahria_greens_-_overseas_enclave_-_sector_5_house_10_marla_corner_6_marla_ext_land-54520174-8304-1.html
Bahria Town Rwp/Isb Phase 7 10 Marla Slightly Used House Available For Sale,PKR 3.6 Crore,36000000,4,4,10 Marla,2250.0,16000,House,False,17,17Share on FacebookShare on TwitterShare on WhatsAppSend via GMailSend via E-Mail,81,Houses_Rawalpindi,for_sale,2026-07-26,https://www.zameen.com/Property/bahria_town_rawalpindi_bahria_town_phase_7_bahria_town_rwp_isb_phase_7_10_marla_slightly_used_house_available_for_sale-54297541-3047-1.html
4 Marla Brand New House For Sale,PKR 1.35 Crore,13500000,4,4,4 Marla,900.0,15000,House,True,12,super hot12Share on FacebookShare on TwitterShare on WhatsAppSend via GMailSend via E-Mail,90,Houses_Faisalabad,for_sale,2026-07-26,https://www.zameen.com/Property/lower_canal_road_green_orchard_4_marla_brand_new_house_for_sale-53959991-15298-1.html
10 Marla Brand New House For Sale B Block Wapda City,PKR 3.8 Crore,38000000,5,6,10 Marla,2250.0,16888,House,True,16,super hot16Share on FacebookShare on TwitterShare on WhatsAppSend via GMailSend via E-Mail,90,Houses_Faisalabad,for_sale,2026-07-26,https://www.zameen.com/Property/wapda_city_wapda_city_-_block_b_10_marla_brand_new_house_for_sale_b_block_wapda_city-54459035-5067-1.html
In Eden Valley You Can Find The Perfect House For Sale,PKR 4.25 Crore,42500000,,,7 Marla,1575.0,26984,House,True,20,super hot201VerifiedShare on FacebookShare on TwitterShare on WhatsAppSend via GMailSend via E-Mail,99,Houses_Faisalabad,for_sale,2026-07-26,https://www.zameen.com/Property/faisalabad_eden_valley_in_eden_valley_you_can_find_the_perfect_house_for_sale-54497801-8917-1.html
Centrally Located House Available In Eden Valley For Sale,PKR 4 Crore,40000000,,,7 Marla,1575.0,25396,House,True,32,super hot321VerifiedShare on FacebookShare on TwitterShare on WhatsAppSend via GMailSend via E-Mail,99,Houses_Faisalabad,for_sale,2026-07-26,https://www.zameen.com/Property/faisalabad_eden_valley_centrally_located_house_available_in_eden_valley_for_sale-54497802-8917-1.html
5 Marla House Is Available For sale,PKR 2.6 Crore,26000000,,,5 Marla,1125.0,23111,House,True,16,super hot161VerifiedShare on FacebookShare on TwitterShare on WhatsAppSend via GMailSend via E-Mail,99,Houses_Faisalabad,for_sale,2026-07-26,https://www.zameen.com/Property/faisalabad_eden_valley_5_marla_house_is_available_for_sale-54497804-8917-1.html
HOTDEAL-10Marla-Full Furnished Luxury House for Sale in Abdullah Garden,PKR 7.5 Crore,75000000,5,6,10 Marla,2250.0,33333,House,True,50,super hot50Share on FacebookShare on TwitterShare on WhatsAppSend via GMailSend via E-Mail,90,Houses_Faisalabad,for_sale,2026-07-26,https://www.zameen.com/Property/east_canal_road_abdullah_gardens_hotdeal-10marla-full_furnished_luxury_house_for_sale_in_abdullah_garden-54519313-4890-1.html
Newly Constructed 5 Marla House for Sale C Block Citi Housing Sargodha Road Faisalabad,PKR 1.78 Crore,17800000,3,4,5 Marla,1125.0,15822,House,True,48,super hot481Share on FacebookShare on TwitterShare on WhatsAppSend via GMailSend via E-Mail,91,Houses_Faisalabad,for_sale,2026-07-26,https://www.zameen.com/Property/citi_housing_citi_housing_sargodha_road_newly_constructed_5_marla_house_for_sale_c_block_citi_housing_sargodha_road_faisalabad-53491169-11229-1.html
New house,PKR 5.5 Crore,55000000,6,7,9 Marla,2025.0,27160,House,True,34,super hot34Share on FacebookShare on TwitterShare on WhatsAppSend via GMailSend via E-Mail,90,Houses_Faisalabad,for_sale,2026-07-26,https://www.zameen.com/Property/riaz_ul_jannah_riaz_ul_jannah_-_umer_block_new_house-53848307-18504-1.html
Brand New House Is Available For Sale,PKR 2.85 Crore,28500000,5,6,6 Marla,1350.0,21111,House,True,16,super hot16Share on FacebookShare on TwitterShare on WhatsAppSend via GMailSend via E-Mail,90,Houses_Faisalabad,for_sale,2026-07-26,https://www.zameen.com/Property/riaz_ul_jannah_riaz_ul_jannah_-_umer_block_brand_new_house_is_available_for_sale-53826993-18504-1.html
1 KANAL BRAND NEW LUXURY HOUSE AVAILABLE FOR SALE IN AYESHA BLOCK ABDULLAH GARDEN EAST CANAL ROAD FAISALABAD,PKR 16 Crore,160000000,5,6,1 Kanal,4500.0,35555,House,True,10,super hot10Share on FacebookShare on TwitterShare on WhatsAppSend via GMailSend via E-Mail,90,Houses_Faisalabad,for_sale,2026-07-26,https://www.zameen.com/Property/east_canal_road_abdullah_gardens_1_kanal_brand_new_luxury_house_available_for_sale_in_ayesha_block_abdullah_garden_east_canal_road_faisalabad-53442482-4890-1.html
Wapda City - Block B House Sized 10 Marla For sale,PKR 4.25 Crore,42500000,,,10 Marla,2250.0,18888,House,True,5,hot5VerifiedShare on FacebookShare on TwitterShare on WhatsAppSend via GMailSend via E-Mail,91,Houses_Faisalabad,for_sale,2026-07-26,https://www.zameen.com/Property/wapda_city_wapda_city_-_block_b_wapda_city_-_block_b_house_sized_10_marla_for_sale-54304542-5067-1.html
Wapda City - Block B 10 Marla House Up For Sale,PKR 3.75 Crore,37500000,,,10 Marla,2250.0,16666,House,True,7,hot7VerifiedShare on FacebookShare on TwitterShare on WhatsAppSend via GMailSend via E-Mail,91,Houses_Faisalabad,for_sale,2026-07-26,https://www.zameen.com/Property/wapda_city_wapda_city_-_block_b_wapda_city_-_block_b_10_marla_house_up_for_sale-54304544-5067-1.html
1 KANAL LUXURY FURNISH HOUSE AVAILABLE FOR SALE,PKR 12.5 Crore,125000000,5,6,1 Kanal,4500.0,27777,House,False,49,hot49Share on FacebookShare on TwitterShare on WhatsAppSend via GMailSend via E-Mail,84,Houses_Faisalabad,for_sale,2026-07-26,https://www.zameen.com/Property/wapda_city_wapda_city_-_block_f_1_kanal_luxury_furnish_house_available_for_sale-54512869-5071-1.html
21 Marla House For Sale Madina Town Near Susan Road,PKR 6.5 Crore,65000000,6,7,1 Kanal,4500.0,14444,House,False,49,hot49Share on FacebookShare on TwitterShare on WhatsAppSend via GMailSend via E-Mail,84,Houses_Faisalabad,for_sale,2026-07-26,https://www.zameen.com/Property/faisalabad_madina_town_21_marla_house_for_sale_madina_town_near_susan_road-54235475-533-1.html
Your Ideal 4 Marla House Has Just Become Available In Oasis Orchard,PKR 1.75 Crore,17500000,,,4 Marla,900.0,19444,House,False,5,hot5VerifiedShare on FacebookShare on TwitterShare on WhatsAppSend via GMailSend via E-Mail,91,Houses_Faisalabad,for_sale,2026-07-26,https://www.zameen.com/Property/samundari_road_oasis_orchard_your_ideal_4_marla_house_has_just_become_available_in_oasis_orchard-54433541-17896-1.html
5 Marla Double Storey NEW Brand House Available For Sale In Eden Orchard Sargodha Road,PKR 2.25 Crore,22500000,3,5,5 Marla,1125.0,20000,House,False,19,hot19VerifiedShare on FacebookShare on TwitterShare on WhatsAppSend via GMailSend via E-Mail,92,Houses_Faisalabad,for_sale,2026-07-26,https://www.zameen.com/Property/faisalabad_eden_orchard_5_marla_double_storey_new_brand_house_available_for_sale_in_eden_orchard_sargodha_road-54280797-11162-1.html
10 Marla Brand New Double Storey House Available For Sale In Gulshan E Madina Phase 1 Sargodha Road,PKR 4.4 Crore,44000000,5,6,10 Marla,2250.0,19555,House,False,12,hot12VerifiedShare on FacebookShare on TwitterShare on WhatsAppSend via GMailSend via E-Mail,92,Houses_Faisalabad,for_sale,2026-07-26,https://www.zameen.com/Property/gulshan_e_madina_gulshan_e_madina_phase_1_10_marla_brand_new_double_storey_house_available_for_sale_in_gulshan_e_madina_phase_1_sargodha_road-54280801-18300-1.html
5 MARLA BRAND NEW HOUSE AVAILABLE FOR SALE,PKR 2.5 Crore,25000000,3,4,5 Marla,1125.0,22222,House,False,24,24Share on FacebookShare on TwitterShare on WhatsAppSend via GMailSend via E-Mail,81,Houses_Faisalabad,for_sale,2026-07-26,https://www.zameen.com/Property/wapda_city_wapda_city_-_block_l_5_marla_brand_new_house_available_for_sale-54144300-5076-1.html
Affordable Prime Location House Available For sale In Jaranwala Road,PKR 70 Lakh,7000000,,,2.2 Marla,495.00000000000006,14141,House,False,14,14VerifiedShare on FacebookShare on TwitterShare on WhatsAppSend via GMailSend via E-Mail,89,Houses_Faisalabad,for_sale,2026-07-26,https://www.zameen.com/Property/faisalabad_jaranwala_road_affordable_prime_location_house_available_for_sale_in_jaranwala_road-54518182-9229-1.html
Reserve A Centrally Located Prime Location House Of 2 Marla In Jaranwala Road,PKR 70 Lakh,7000000,,,2.2 Marla,495.00000000000006,14141,House,False,14,14VerifiedShare on FacebookShare on TwitterShare on WhatsAppSend via GMailSend via E-Mail,89,Houses_Faisalabad,for_sale,2026-07-26,https://www.zameen.com/Property/faisalabad_jaranwala_road_reserve_a_centrally_located_prime_location_house_of_2_marla_in_jaranwala_road-54518181-9229-1.html
7 Marla Brand New Double Storey House For Sale East Open Solid Constraction,PKR 2.7 Crore,27000000,4,5,7 Marla,1575.0,17142,House,False,28,28Share on FacebookShare on TwitterShare on WhatsAppSend via GMailSend via E-Mail,81,Houses_Faisalabad,for_sale,2026-07-26,https://www.zameen.com/Property/faisalabad_muslim_town_7_marla_brand_new_double_storey_house_for_sale_east_open_solid_constraction-54350720-1156-1.html
Eden Orchard 5 Marla New Double Storey House For Sale East Open,PKR 2.2 Crore,22000000,3,4,5 Marla,1125.0,19555,House,False,14,14Share on FacebookShare on TwitterShare on WhatsAppSend via GMailSend via E-Mail,81,Houses_Faisalabad,for_sale,2026-07-26,https://www.zameen.com/Property/eden_orchard_eden_orchard_block_y_eden_orchard_5_marla_new_double_storey_house_for_sale_east_open-54350345-14658-1.html
5 Marla Slightly Used House For Sale In Model City Having 3 Beds Every Thing Installed Ac Curtains Solar Fan Geezer,PKR 2.1 Crore,21000000,2,4,5 Marla,1125.0,18666,House,False,29,29Share on FacebookShare on TwitterShare on WhatsAppSend via GMailSend via E-Mail,81,Houses_Faisalabad,for_sale,2026-07-26,https://www.zameen.com/Property/canal_road_model_city_1_5_marla_slightly_used_house_for_sale_in_model_city_having_3_beds_every_thing_installed_ac_curtains_solar_fan_geezer-54517933-8590-1.html
5Marla Like Brand New House Available For Sale,PKR 2.4 Crore,24000000,3,4,5 Marla,1125.0,21333,House,False,9,9Share on FacebookShare on TwitterShare on WhatsAppSend via GMailSend via E-Mail,80,Houses_Faisalabad,for_sale,2026-07-26,https://www.zameen.com/Property/faisalabad_eden_orchard_5marla_like_brand_new_house_available_for_sale-54251649-11162-1.html
HOT DEAL-7-Bed Designer Luxury House in Prime SAEED COLONY Location | Fully Renovated,PKR 9.5 Crore,95000000,9,7,1 Kanal,4500.0,21111,House,False,13,13Share on FacebookShare on TwitterShare on WhatsAppSend via GMailSend via E-Mail,81,Houses_Faisalabad,for_sale,2026-07-26,https://www.zameen.com/Property/canal_road_east_canal_road_hot_deal-7-bed_designer_luxury_house_in_prime_saeed_colony_location_fully_renovated-54221545-9506-1.html
5 Marla House Available In Eden Valley For sale,PKR 2.7 Crore,27000000,,,5 Marla,1125.0,24000,House,True,16,super hot161VerifiedShare on FacebookShare on TwitterShare on WhatsAppSend via GMailSend via E-Mail,99,Houses_Faisalabad,for_sale,2026-07-26,https://www.zameen.com/Property/faisalabad_eden_valley_5_marla_house_available_in_eden_valley_for_sale-54497803-8917-1.html
Fair-Priced 5 Marla House Available In Wapda City - Block L,PKR 2 Crore,20000000,,,5 Marla,1125.0,17777,House,True,10,super hot10VerifiedShare on FacebookShare on TwitterShare on WhatsAppSend via GMailSend via E-Mail,98,Houses_Faisalabad,for_sale,2026-07-26,https://www.zameen.com/Property/wapda_city_wapda_city_-_block_l_fair-priced_5_marla_house_available_in_wapda_city_-_block_l-54487554-5076-1.html
3 Marla Brand New Good Location House For Sale,PKR 1.3 Crore,13000000,3,3,3 Marla,675.0,19259,House,True,21,super hot21Share on FacebookShare on TwitterShare on WhatsAppSend via GMailSend via E-Mail,90,Houses_Faisalabad,for_sale,2026-07-26,https://www.zameen.com/Property/faisalabad_al_noor_garden_3_marla_brand_new_good_location_house_for_sale-54485968-8916-1.html
3 Marla Brand New House For Sale,PKR 1.2 Crore,12000000,3,3,3 Marla,675.0,17777,House,True,6,super hot6Share on FacebookShare on TwitterShare on WhatsAppSend via GMailSend via E-Mail,89,Houses_Faisalabad,for_sale,2026-07-26,https://www.zameen.com/Property/faisalabad_gulberg_valley_3_marla_brand_new_house_for_sale-54139501-10823-1.html
Corner House For Sale In Beautiful Wapda City - Block C,PKR 3.95 Crore,39500000,4,5,15 Marla,3375.0,11703,House,True,7,super hot7VerifiedShare on FacebookShare on TwitterShare on WhatsAppSend via GMailSend via E-Mail,97,Houses_Faisalabad,for_sale,2026-07-26,https://www.zameen.com/Property/wapda_city_wapda_city_-_block_c_corner_house_for_sale_in_beautiful_wapda_city_-_block_c-54471768-5068-1.html
5.10 Marla Main Boulevard Building,PKR 6 Crore,60000000,,,5.1 Marla,1147.5,52287,House,True,7,super hot7Share on FacebookShare on TwitterShare on WhatsAppSend via GMailSend via E-Mail,89,Houses_Faisalabad,for_sale,2026-07-26,https://www.zameen.com/Property/faisalabad_samanabad_road_5_10_marla_main_boulevard_building-54453755-12756-1.html
6.5 Marla Beautiful New Modern House Available For Sale,PKR 3.95 Crore,39500000,4,7,6.5 Marla,1462.5,27008,House,True,46,super hot461VerifiedShare on FacebookShare on TwitterShare on WhatsAppSend via GMailSend via E-Mail,99,Houses_Faisalabad,for_sale,2026-07-26,https://www.zameen.com/Property/canal_road_divine_enclave_6_5_marla_beautiful_new_modern_house_available_for_sale-53518093-21698-1.html
"5 Marla Brand New Double Storey House Available For Sale In ""Eden Orchard Lasani Puli "" Sargodha Road",PKR 2.6 Crore,26000000,3,4,5 Marla,1125.0,23111,House,True,32,super hot32Share on FacebookShare on TwitterShare on WhatsAppSend via GMailSend via E-Mail,90,Houses_Faisalabad,for_sale,2026-07-26,https://www.zameen.com/Property/faisalabad_eden_orchard_5_marla_brand_new_double_storey_house_available_for_sale_in_eden_orchard_lasani_puli_sargodha_road-54391165-11162-1.html
11 marla Brand New luxurious House Available For Sale in Eden orchard lasani Pulli sargodha road,PKR 5.5 Crore,55000000,6,6,11 Marla,2475.0,22222,House,True,18,super hot18Share on FacebookShare on TwitterShare on WhatsAppSend via GMailSend via E-Mail,90,Houses_Faisalabad,for_sale,2026-07-26,https://www.zameen.com/Property/faisalabad_eden_orchard_11_marla_brand_new_luxurious_house_available_for_sale_in_eden_orchard_lasani_pulli_sargodha_road-54490064-11162-1.html
10 Marla Brand New Luxury House For Sale In Eden Orchard Sarghodha Road Faisalabad,PKR 5.25 Crore,52500000,5,6,10 Marla,2250.0,23333,House,True,44,super hot44Share on FacebookShare on TwitterShare on WhatsAppSend via GMailSend via E-Mail,90,Houses_Faisalabad,for_sale,2026-07-26,https://www.zameen.com/Property/faisalabad_eden_orchard_10_marla_brand_new_luxury_house_for_sale_in_eden_orchard_sarghodha_road_faisalabad-54176884-11162-1.html
1 Kanal Luxury House for Sale in Sitara Sapna City,PKR 16 Crore,160000000,7,6,1 Kanal,4500.0,35555,House,True,26,hot26Share on FacebookShare on TwitterShare on WhatsAppSend via GMailSend via E-Mail,84,Houses_Faisalabad,for_sale,2026-07-26,https://www.zameen.com/Property/faisalabad_sitara_sapna_city_1_kanal_luxury_house_for_sale_in_sitara_sapna_city-54516608-1211-1.html
House Of 10 Marla Available In Wapda City - Block K,PKR 4 Crore,40000000,5,6,10 Marla,2250.0,17777,House,True,5,hot5VerifiedShare on FacebookShare on TwitterShare on WhatsAppSend via GMailSend via E-Mail,91,Houses_Faisalabad,for_sale,2026-07-26,https://www.zameen.com/Property/wapda_city_wapda_city_-_block_k_house_of_10_marla_available_in_wapda_city_-_block_k-54329072-5075-1.html
1 Kanal House Tech Town For Sale,PKR 4.75 Crore,47500000,,,1 Kanal,4500.0,10555,House,False,15,hot15Share on FacebookShare on TwitterShare on WhatsAppSend via GMailSend via E-Mail,84,Houses_Faisalabad,for_sale,2026-07-26,https://www.zameen.com/Property/satiana_road_tech_town_tnt_colony_1_kanal_house_tech_town_for_sale-54453712-419-1.html
3.33 Marla Corner House,PKR 1.35 Crore,13500000,,,3 Marla,675.0,20000,House,False,3,hot3Share on FacebookShare on TwitterShare on WhatsAppSend via GMailSend via E-Mail,83,Houses_Faisalabad,for_sale,2026-07-26,https://www.zameen.com/Property/jaranwala_road_sitara_park_city_3_33_marla_corner_house-54079772-12464-1.html
House Available For Sale,PKR 2.3 Crore,23000000,5,4,5 Marla,1125.0,20444,House,False,3,hot3Share on FacebookShare on TwitterShare on WhatsAppSend via GMailSend via E-Mail,83,Houses_Faisalabad,for_sale,2026-07-26,https://www.zameen.com/Property/faisalabad_gulistan_colony_no_1_house_available_for_sale-54451624-1073-1.html
"04 Marla House For Sale In Rehman Garden, Styana Road, Near Fish Farm,Faisalabad.",PKR 1.85 Crore,18500000,,,4 Marla,900.0,20555,House,False,,hotShare on FacebookShare on TwitterShare on WhatsAppSend via GMailSend via E-Mail,82,Houses_Faisalabad,for_sale,2026-07-26,https://www.zameen.com/Property/faisalabad_rehman_gardens_04_marla_house_for_sale_in_rehman_garden_styana_road_near_fish_farm_faisalabad-54507340-5037-1.html
Luxury Brand New House Available For Sale,PKR 1.75 Crore,17500000,3,4,3 Marla,675.0,25925,House,False,9,hot9VerifiedShare on FacebookShare on TwitterShare on WhatsAppSend via GMailSend via E-Mail,91,Houses_Faisalabad,for_sale,2026-07-26,https://www.zameen.com/Property/faisalabad_gulistan_colony_no_1_luxury_brand_new_house_available_for_sale-54313919-1073-1.html
Used House Of 10 Marla Available In Wapda City - Block K,PKR 3.5 Crore,35000000,5,6,10 Marla,2250.0,15555,House,True,,VerifiedShare on FacebookShare on TwitterShare on WhatsAppSend via GMailSend via E-Mail,87,Houses_Faisalabad,for_sale,2026-07-26,https://www.zameen.com/Property/wapda_city_wapda_city_-_block_k_used_house_of_10_marla_available_in_wapda_city_-_block_k-54381566-5075-1.html
10 Marla Brand New Luxury House For Sale In Wapda City M Block Near To School Near To Park Near To Gate,PKR 4.3 Crore,43000000,5,6,10 Marla,2250.0,19111,House,True,7,7Share on FacebookShare on TwitterShare on WhatsAppSend via GMailSend via E-Mail,80,Houses_Faisalabad,for_sale,2026-07-26,https://www.zameen.com/Property/wapda_city_wapda_city_-_block_m_10_marla_brand_new_luxury_house_for_sale_in_wapda_city_m_block_near_to_school_near_to_park_near_to_gate-54381560-5077-1.html
10 Marla Prime Location Brand New House For Sale,PKR 3.7 Crore,37000000,4,6,10 Marla,2250.0,16444,House,True,8,8VerifiedShare on FacebookShare on TwitterShare on WhatsAppSend via GMailSend via E-Mail,88,Houses_Faisalabad,for_sale,2026-07-26,https://www.zameen.com/Property/wapda_city_wapda_city_-_block_k_10_marla_prime_location_brand_new_house_for_sale-54381567-5075-1.html
Brand New house,PKR 1.25 Crore,12500000,4,4,3 Marla,675.0,18518,House,False,18,18Share on FacebookShare on TwitterShare on WhatsAppSend via GMailSend via E-Mail,81,Houses_Faisalabad,for_sale,2026-07-26,https://www.zameen.com/Property/faisalabad_kareem_city_brand_new_house-54066974-9452-1.html
Get This Amazing 3 Marla House Available In Rehman Gardens - Executive Block For Sale,PKR 1 Crore,10000000,3,4,3 Marla,675.0,14814,House,False,26,26Share on FacebookShare on TwitterShare on WhatsAppSend via GMailSend via E-Mail,81,Houses_Faisalabad,for_sale,2026-07-26,https://www.zameen.com/Property/rehman_gardens_rehman_gardens_-_executive_block_get_this_amazing_3_marla_house_available_in_rehman_gardens_-_executive_block_for_sale-53549764-21703-1.html
Brand New Modern House,PKR 3.5 Crore,35000000,4,5,6 Marla,1350.0,25925,House,False,28,28Share on FacebookShare on TwitterShare on WhatsAppSend via GMailSend via E-Mail,81,Houses_Faisalabad,for_sale,2026-07-26,https://www.zameen.com/Property/riaz_ul_jannah_riaz_ul_jannah_-_umer_block_brand_new_modern_house-54171490-18504-1.html
14 Marla Luxury House With 10 KVA Solar Install Available For Sale In Eden Valley Canal Road Faisalabad,PKR 5.95 Crore,59500000,4,5,14 Marla,3150.0,18888,House,False,7,7Share on FacebookShare on TwitterShare on WhatsAppSend via GMailSend via E-Mail,80,Houses_Faisalabad,for_sale,2026-07-26,https://www.zameen.com/Property/faisalabad_eden_valley_14_marla_luxury_house_with_10_kva_solar_install_available_for_sale_in_eden_valley_canal_road_faisalabad-54161315-8917-1.html
10 MARLA MODERN LUXURIOUS HOUSE AVAILABLE FOR SALE IN ABDULLAH GARDEN AYESHA BLOCK EAST CANAL ROAD FAISALABAD,PKR 6.25 Crore,62500000,4,5,10 Marla,2250.0,27777,House,False,8,8Share on FacebookShare on TwitterShare on WhatsAppSend via GMailSend via E-Mail,80,Houses_Faisalabad,for_sale,2026-07-26,https://www.zameen.com/Property/east_canal_road_abdullah_gardens_10_marla_modern_luxurious_house_available_for_sale_in_abdullah_garden_ayesha_block_east_canal_road_faisalabad-53956709-4890-1.html
Spacious House Is Available For Sale In Ideal Location Of Wapda City - Block M,PKR 4.5 Crore,45000000,5,6,10 Marla,2250.0,20000,House,True,,super hotShare on FacebookShare on TwitterShare on WhatsAppSend via GMailSend via E-Mail,88,Houses_Faisalabad,for_sale,2026-07-26,https://www.zameen.com/Property/wapda_city_wapda_city_-_block_m_spacious_house_is_available_for_sale_in_ideal_location_of_wapda_city_-_block_m-54491096-5077-1.html
20 Marla Very Beautiful Brand New House Available In Abdullah Gardens Canal Road,PKR 12.5 Crore,125000000,6,6,1 Kanal,4500.0,27777,House,True,11,super hot11Share on FacebookShare on TwitterShare on WhatsAppSend via GMailSend via E-Mail,90,Houses_Faisalabad,for_sale,2026-07-26,https://www.zameen.com/Property/east_canal_road_abdullah_gardens_20_marla_very_beautiful_brand_new_house_available_in_abdullah_gardens_canal_road-54452433-4890-1.html
Fair-Priced 15 Marla House Available In Wapda City,PKR 4.3 Crore,43000000,6,6,10 Marla,2250.0,19111,House,True,7,super hot7Share on FacebookShare on TwitterShare on WhatsAppSend via GMailSend via E-Mail,89,Houses_Faisalabad,for_sale,2026-07-26,https://www.zameen.com/Property/faisalabad_wapda_city_fair-priced_15_marla_house_available_in_wapda_city-54381608-501-1.html
Wapda City - Block B House Sized 10 Marla Is Available,PKR 3.97 Crore,39700000,5,7,10 Marla,2250.0,17644,House,True,25,super hot25VerifiedShare on FacebookShare on TwitterShare on WhatsAppSend via GMailSend via E-Mail,98,Houses_Faisalabad,for_sale,2026-07-26,https://www.zameen.com/Property/wapda_city_wapda_city_-_block_b_wapda_city_-_block_b_house_sized_10_marla_is_available-54438682-5067-1.html
5 Marla Brand New Luxury House For Sale In Eden Orchard Lasani Pulli Sarghodha Road Faisalabad,PKR 2.6 Crore,26000000,3,4,5 Marla,1125.0,23111,House,True,21,super hot21Share on FacebookShare on TwitterShare on WhatsAppSend via GMailSend via E-Mail,90,Houses_Faisalabad,for_sale,2026-07-26,https://www.zameen.com/Property/faisalabad_eden_orchard_5_marla_brand_new_luxury_house_for_sale_in_eden_orchard_lasani_pulli_sarghodha_road_faisalabad-54419057-11162-1.html
5 Marla Used House For Sale In Eden Velly,PKR 2.25 Crore,22500000,3,4,5 Marla,1125.0,20000,House,True,16,super hot16Share on FacebookShare on TwitterShare on WhatsAppSend via GMailSend via E-Mail,90,Houses_Faisalabad,for_sale,2026-07-26,https://www.zameen.com/Property/faisalabad_eden_valley_5_marla_used_house_for_sale_in_eden_velly-54419138-8917-1.html
3.3 Marla Eden Executive,PKR 1.6 Crore,16000000,3,4,3.3 Marla,742.5,21548,House,True,16,super hot16Share on FacebookShare on TwitterShare on WhatsAppSend via GMailSend via E-Mail,90,Houses_Faisalabad,for_sale,2026-07-26,https://www.zameen.com/Property/eden_gardens_eden_executive_3_3_marla_eden_executive-54496249-10765-1.html
4 Marla Barnd New House In Eden Executive,PKR 1.95 Crore,19500000,3,4,4 Marla,900.0,21666,House,True,17,super hot17Share on FacebookShare on TwitterShare on WhatsAppSend via GMailSend via E-Mail,90,Houses_Faisalabad,for_sale,2026-07-26,https://www.zameen.com/Property/eden_gardens_eden_executive_4_marla_barnd_new_house_in_eden_executive-54491231-10765-1.html
17 Marla Construction 17 Marla Registry Price Triple Storey House Available For Sale In New Garden Block,PKR 7 Crore,70000000,5,6,17 Marla,3825.0,18300,House,True,40,super hot40Share on FacebookShare on TwitterShare on WhatsAppSend via GMailSend via E-Mail,90,Houses_Faisalabad,for_sale,2026-07-26,https://www.zameen.com/Property/saeed_colony_saeed_colony_-_new_garden_block_17_marla_construction_17_marla_registry_price_triple_storey_house_available_for_sale_in_new_garden_block-53938292-11202-1.html
Beauty Ful New House Modern Design,PKR 2.45 Crore,24500000,4,5,5 Marla,1125.0,21777,House,True,10,super hot10Share on FacebookShare on TwitterShare on WhatsAppSend via GMailSend via E-Mail,90,Houses_Faisalabad,for_sale,2026-07-26,https://www.zameen.com/Property/faisalabad_wapda_city_beauty_ful_new_house_modern_design-54410257-501-1.html
Corner 3 Kanal Gray House For Sale Wapda City,PKR 25 Crore,250000000,10,6,3 Kanal,13500.0,18518,House,True,11,hot11Share on FacebookShare on TwitterShare on WhatsAppSend via GMailSend via E-Mail,84,Houses_Faisalabad,for_sale,2026-07-26,https://www.zameen.com/Property/faisalabad_wapda_city_corner_3_kanal_gray_house_for_sale_wapda_city-54064273-501-1.html
Get An Attractive House In Faisalabad Under Rs. 39000000,PKR 3.9 Crore,39000000,5,7,10 Marla,2250.0,17333,House,True,19,hot19VerifiedShare on FacebookShare on TwitterShare on WhatsAppSend via GMailSend via E-Mail,92,Houses_Faisalabad,for_sale,2026-07-26,https://www.zameen.com/Property/wapda_city_wapda_city_-_block_b_get_an_attractive_house_in_faisalabad_under_rs_39000000-54447223-5067-1.html
4 Kanal Luxury House Available For Sale In Abdullah Garden Ayesha Block East Canal Road Faisalabad,PKR 45 Crore,450000000,6,6,4 Kanal,18000.0,25000,House,False,7,hot7Share on FacebookShare on TwitterShare on WhatsAppSend via GMailSend via E-Mail,83,Houses_Faisalabad,for_sale,2026-07-26,https://www.zameen.com/Property/east_canal_road_abdullah_gardens_4_kanal_luxury_house_available_for_sale_in_abdullah_garden_ayesha_block_east_canal_road_faisalabad-54364788-4890-1.html
5 MARLA BRAND NEW HOUSE AVAILABLE FOR SALE,PKR 2.5 Crore,25000000,3,4,5 Marla,1125.0,22222,House,False,45,hot45Share on FacebookShare on TwitterShare on WhatsAppSend via GMailSend via E-Mail,84,Houses_Faisalabad,for_sale,2026-07-26,https://www.zameen.com/Property/wapda_city_wapda_city_-_block_l_5_marla_brand_new_house_available_for_sale-54328464-5076-1.html
A Stunning Prime Location House Is Up For Grabs In Oasis Orchard Faisalabad,PKR 1.9 Crore,19000000,,,4 Marla,900.0,21111,House,False,6,hot6VerifiedShare on FacebookShare on TwitterShare on WhatsAppSend via GMailSend via E-Mail,91,Houses_Faisalabad,for_sale,2026-07-26,https://www.zameen.com/Property/samundari_road_oasis_orchard_a_stunning_prime_location_house_is_up_for_grabs_in_oasis_orchard_faisalabad-54390752-17896-1.html
In Green Valley House Sized 7 Marla For Sale,PKR 3.7 Crore,37000000,,,7 Marla,1575.0,23492,House,False,8,hot8VerifiedShare on FacebookShare on TwitterShare on WhatsAppSend via GMailSend via E-Mail,91,Houses_Faisalabad,for_sale,2026-07-26,https://www.zameen.com/Property/samundari_road_green_valley_in_green_valley_house_sized_7_marla_for_sale-54390751-11199-1.html
Affordable Prime Location House For Sale In Oasis Orchard,PKR 2 Crore,20000000,,,4 Marla,900.0,22222,House,False,24,hot24VerifiedShare on FacebookShare on TwitterShare on WhatsAppSend via GMailSend via E-Mail,92,Houses_Faisalabad,for_sale,2026-07-26,https://www.zameen.com/Property/samundari_road_oasis_orchard_affordable_prime_location_house_for_sale_in_oasis_orchard-54506480-17896-1.html
7 Marla Ultra Modern Brand New House For Sale In Divine Enclave East Canal Road Faisalabad,PKR 4.25 Crore,42500000,4,5,7 Marla,1575.0,26984,House,False,10,10Share on FacebookShare on TwitterShare on WhatsAppSend via GMailSend via E-Mail,81,Houses_Faisalabad,for_sale,2026-07-26,https://www.zameen.com/Property/canal_road_divine_enclave_7_marla_ultra_modern_brand_new_house_for_sale_in_divine_enclave_east_canal_road_faisalabad-53494406-21698-1.html
"11.50 Marla Luxury Brand New House In Divine Enclave East Canal Road, Best Option To Purchase in Faisalabad",PKR 8 Crore,80000000,5,6,11.5 Marla,2587.5,30917,House,False,11,11Share on FacebookShare on TwitterShare on WhatsAppSend via GMailSend via E-Mail,81,Houses_Faisalabad,for_sale,2026-07-26,https://www.zameen.com/Property/canal_road_divine_enclave_11_50_marla_luxury_brand_new_house_in_divine_enclave_east_canal_road_best_option_to_purchase_in_faisalabad-52946396-21698-1.html
8.50 Marla Brand New Luxury House Available For Sale In Divine Enclave,PKR 5.95 Crore,59500000,5,6,8.5 Marla,1912.5,31111,House,False,9,9Share on FacebookShare on TwitterShare on WhatsAppSend via GMailSend via E-Mail,80,Houses_Faisalabad,for_sale,2026-07-26,https://www.zameen.com/Property/canal_road_divine_enclave_8_50_marla_brand_new_luxury_house_available_for_sale_in_divine_enclave-52946389-21698-1.html
"20 Marla Luxury House For Sale In Abdullah Garden, Ayesha Block, East Canal Road Faisalabad",PKR 10.75 Crore,107500000,6,6,1 Kanal,4500.0,23888,House,False,7,7Share on FacebookShare on TwitterShare on WhatsAppSend via GMailSend via E-Mail,80,Houses_Faisalabad,for_sale,2026-07-26,https://www.zameen.com/Property/east_canal_road_abdullah_gardens_20_marla_luxury_house_for_sale_in_abdullah_garden_ayesha_block_east_canal_road_faisalabad-46985035-4890-1.html
10 Marla House For Sale Madina Town Canal Road,PKR 3.5 Crore,35000000,5,5,10 Marla,2250.0,15555,House,False,14,14Share on FacebookShare on TwitterShare on WhatsAppSend via GMailSend via E-Mail,81,Houses_Faisalabad,for_sale,2026-07-26,https://www.zameen.com/Property/faisalabad_madina_town_10_marla_house_for_sale_madina_town_canal_road-54271372-533-1.html
4 Marla Brand New House For Sale Green Orchard,PKR 1.65 Crore,16500000,4,4,4 Marla,900.0,18333,House,False,16,16Share on FacebookShare on TwitterShare on WhatsAppSend via GMailSend via E-Mail,81,Houses_Faisalabad,for_sale,2026-07-26,https://www.zameen.com/Property/lower_canal_road_green_orchard_4_marla_brand_new_house_for_sale_green_orchard-54370309-15298-1.html
5 Marla Double Storey House,PKR 1.9 Crore,19000000,,,5 Marla,1125.0,16888,House,False,35,35Share on FacebookShare on TwitterShare on WhatsAppSend via GMailSend via E-Mail,81,Houses_Faisalabad,for_sale,2026-07-26,https://www.zameen.com/Property/jaranwala_road_sitara_park_city_5_marla_double_storey_house-54323661-12464-1.html
Brand New house,PKR 5.25 Crore,52500000,5,6,10 Marla,2250.0,23333,House,False,40,40Share on FacebookShare on TwitterShare on WhatsAppSend via GMailSend via E-Mail,81,Houses_Faisalabad,for_sale,2026-07-26,https://www.zameen.com/Property/faisalabad_eden_orchard_brand_new_house-54347042-11162-1.html
7 Marla Luxury House Available For Sale,PKR 4.4 Crore,44000000,4,5,7 Marla,1575.0,27936,House,True,46,super hot46VerifiedShare on FacebookShare on TwitterShare on WhatsAppSend via GMailSend via E-Mail,98,Houses_Faisalabad,for_sale,2026-07-26,https://www.zameen.com/Property/canal_road_divine_enclave_7_marla_luxury_house_available_for_sale-53199013-21698-1.html
11.25 Marla Beautiful Double Height House Available For Sale,PKR 4.45 Crore,44500000,5,6,11.4 Marla,2565.0,17348,House,True,28,super hot28VerifiedShare on FacebookShare on TwitterShare on WhatsAppSend via GMailSend via E-Mail,98,Houses_Faisalabad,for_sale,2026-07-26,https://www.zameen.com/Property/faisalabad_khayaban_gardens_11_25_marla_beautiful_double_height_house_available_for_sale-53877745-4981-1.html
5 Marla Brand New Double Storey Double Height House Available For Sale,PKR 2.6 Crore,26000000,3,5,5 Marla,1125.0,23111,House,True,21,super hot21VerifiedShare on FacebookShare on TwitterShare on WhatsAppSend via GMailSend via E-Mail,98,Houses_Faisalabad,for_sale,2026-07-26,https://www.zameen.com/Property/faisalabad_eden_orchard_5_marla_brand_new_double_storey_double_height_house_available_for_sale-54494648-11162-1.html
House For Sale In Gulistan Colony Block 'H' Opposite Aziz Fatima Hospital Faislabad,PKR 2.15 Crore,21500000,4,3,8.2 Marla,1844.9999999999998,11653,House,True,25,super hot251Share on FacebookShare on TwitterShare on WhatsAppSend via GMailSend via E-Mail,91,Houses_Faisalabad,for_sale,2026-07-26,https://www.zameen.com/Property/faisalabad_gulistan_colony_no_1_house_for_sale_in_gulistan_colony_block_h_opposite_aziz_fatima_hospital_faislabad-51997375-1073-1.html
Stunning House Is Available For Sale In Model City 1,PKR 1.3 Crore,13000000,3,4,5 Marla,1125.0,11555,House,True,14,super hot14Share on FacebookShare on TwitterShare on WhatsAppSend via GMailSend via E-Mail,90,Houses_Faisalabad,for_sale,2026-07-26,https://www.zameen.com/Property/canal_road_model_city_1_stunning_house_is_available_for_sale_in_model_city_1-54491955-8590-1.html
LUXURY HOUSE FOR SALE,PKR 9 Crore,90000000,7,7,1 Kanal,4500.0,20000,House,True,19,super hot19Share on FacebookShare on TwitterShare on WhatsAppSend via GMailSend via E-Mail,90,Houses_Faisalabad,for_sale,2026-07-26,https://www.zameen.com/Property/canal_road_east_canal_road_luxury_house_for_sale-54496762-9506-1.html
12 Marla East Open Real Beauty Brand New House Available For Sale In Divine Enclave Canal Road Faisalabad,PKR 8 Crore,80000000,5,6,12 Marla,2700.0,29629,House,True,40,super hot40Share on FacebookShare on TwitterShare on WhatsAppSend via GMailSend via E-Mail,90,Houses_Faisalabad,for_sale,2026-07-26,https://www.zameen.com/Property/canal_road_divine_enclave_12_marla_east_open_real_beauty_brand_new_house_available_for_sale_in_divine_enclave_canal_road_faisalabad-54330784-21698-1.html
10 MARLA HOUSE AVAILABLE FOR SALE,PKR 3.25 Crore,32500000,5,6,10 Marla,2250.0,14444,House,True,21,super hot21Share on FacebookShare on TwitterShare on WhatsAppSend via GMailSend via E-Mail,90,Houses_Faisalabad,for_sale,2026-07-26,https://www.zameen.com/Property/wapda_city_wapda_city_-_block_a_10_marla_house_available_for_sale-54309400-5066-1.html
4 Marla Brand New Luxurious Home For Sale,PKR 1.95 Crore,19500000,3,4,4 Marla,900.0,21666,House,True,24,super hot24Share on FacebookShare on TwitterShare on WhatsAppSend via GMailSend via E-Mail,90,Houses_Faisalabad,for_sale,2026-07-26,https://www.zameen.com/Property/eden_gardens_eden_executive_4_marla_brand_new_luxurious_home_for_sale-54479529-10765-1.html
A House Of 5 Marla For Sale,PKR 2.25 Crore,22500000,,,5 Marla,1125.0,20000,House,True,25,super hot25Share on FacebookShare on TwitterShare on WhatsAppSend via GMailSend via E-Mail,90,Houses_Faisalabad,for_sale,2026-07-26,https://www.zameen.com/Property/canal_road_model_city_1_a_house_of_5_marla_for_sale-54442149-8590-1.html
Wapda City - Block B House Sized 10 Marla Is Available,PKR 3.97 Crore,39700000,5,7,10 Marla,2250.0,17644,House,True,26,hot26VerifiedShare on FacebookShare on TwitterShare on WhatsAppSend via GMailSend via E-Mail,92,Houses_Faisalabad,for_sale,2026-07-26,https://www.zameen.com/Property/wapda_city_wapda_city_-_block_b_wapda_city_-_block_b_house_sized_10_marla_is_available-54447227-5067-1.html
Get An Attractive House In Faisalabad Under Rs. 39000000,PKR 3.9 Crore,39000000,5,7,10 Marla,2250.0,17333,House,True,19,hot19Share on FacebookShare on TwitterShare on WhatsAppSend via GMailSend via E-Mail,84,Houses_Faisalabad,for_sale,2026-07-26,https://www.zameen.com/Property/wapda_city_wapda_city_-_block_b_get_an_attractive_house_in_faisalabad_under_rs_39000000-54438724-5067-1.html
10 Marla Home In Citi Housing Samundri Road,PKR 3.5 Crore,35000000,5,5,10 Marla,2250.0,15555,House,False,27,hot27VerifiedShare on FacebookShare on TwitterShare on WhatsAppSend via GMailSend via E-Mail,92,Houses_Faisalabad,for_sale,2026-07-26,https://www.zameen.com/Property/citi_housing_citi_housing_samundri_road_10_marla_home_in_citi_housing_samundri_road-54460820-11230-1.html
Book A Prime Location 7 Marla House In Green Valley,PKR 3.65 Crore,36500000,4,3,7 Marla,1575.0,23174,House,False,17,hot17VerifiedShare on FacebookShare on TwitterShare on WhatsAppSend via GMailSend via E-Mail,92,Houses_Faisalabad,for_sale,2026-07-26,https://www.zameen.com/Property/samundari_road_green_valley_book_a_prime_location_7_marla_house_in_green_valley-54438569-11199-1.html
Buy A Prime Location 4 Marla House For Sale In Oasis Orchard,PKR 1.9 Crore,19000000,,,4 Marla,900.0,21111,House,False,5,hot5VerifiedShare on FacebookShare on TwitterShare on WhatsAppSend via GMailSend via E-Mail,91,Houses_Faisalabad,for_sale,2026-07-26,https://www.zameen.com/Property/samundari_road_oasis_orchard_buy_a_prime_location_4_marla_house_for_sale_in_oasis_orchard-54438573-17896-1.html
Prime Location Oasis Orchard House Sized 5 Marla,PKR 2.4 Crore,24000000,,,5 Marla,1125.0,21333,House,False,5,hot5VerifiedShare on FacebookShare on TwitterShare on WhatsAppSend via GMailSend via E-Mail,91,Houses_Faisalabad,for_sale,2026-07-26,https://www.zameen.com/Property/samundari_road_oasis_orchard_prime_location_oasis_orchard_house_sized_5_marla-54438576-17896-1.html
Prime Location Oasis Orchard House For Sale Sized 4 Marla,PKR 1.95 Crore,19500000,,,4 Marla,900.0,21666,House,False,7,hot7VerifiedShare on FacebookShare on TwitterShare on WhatsAppSend via GMailSend via E-Mail,91,Houses_Faisalabad,for_sale,2026-07-26,https://www.zameen.com/Property/samundari_road_oasis_orchard_prime_location_oasis_orchard_house_for_sale_sized_4_marla-54438571-17896-1.html
Brand New House,PKR 2.7 Crore,27000000,3,4,5 Marla,1125.0,24000,House,False,21,21Share on FacebookShare on TwitterShare on WhatsAppSend via GMailSend via E-Mail,81,Houses_Faisalabad,for_sale,2026-07-26,https://www.zameen.com/Property/faisalabad_eden_orchard_brand_new_house-54382962-11162-1.html
5 Marla Double Story House 85 Feet Road,PKR 1.8 Crore,18000000,,,5 Marla,1125.0,16000,House,False,5,5Share on FacebookShare on TwitterShare on WhatsAppSend via GMailSend via E-Mail,80,Houses_Faisalabad,for_sale,2026-07-26,https://www.zameen.com/Property/jaranwala_road_sitara_park_city_5_marla_double_story_house_85_feet_road-54467862-12464-1.html
5.50 Marla Luxury House Available For Sale in Khayaban E Green Prime Location Satiana Road Faisalabad,PKR 1.65 Crore,16500000,4,5,5.5 Marla,1237.5,13333,House,False,6,6Share on FacebookShare on TwitterShare on WhatsAppSend via GMailSend via E-Mail,80,Houses_Faisalabad,for_sale,2026-07-26,https://www.zameen.com/Property/satiana_road_khayaban-e-green_5_50_marla_luxury_house_available_for_sale_in_khayaban_e_green_prime_location_satiana_road_faisalabad-54161319-11518-1.html
"SPANISH, 10 MARLA BRAND NEW LUXURY HOUSE FOR SALE",PKR 4.5 Crore,45000000,5,6,10 Marla,2250.0,20000,House,False,50,50Share on FacebookShare on TwitterShare on WhatsAppSend via GMailSend via E-Mail,81,Houses_Faisalabad,for_sale,2026-07-26,https://www.zameen.com/Property/wapda_city_wapda_city_-_block_m_spanish_10_marla_brand_new_luxury_house_for_sale-54153466-5077-1.html
New House Available For Sale,PKR 50 Crore,500000000,8,6,4 Kanal,18000.0,27777,House,False,7,7VerifiedShare on FacebookShare on TwitterShare on WhatsAppSend via GMailSend via E-Mail,88,Houses_Faisalabad,for_sale,2026-07-26,https://www.zameen.com/Property/east_canal_road_abdullah_gardens_new_house_available_for_sale-54436028-4890-1.html
10 MARLA BRAND NEW LUXURY HOUSE FOR SALE,PKR 4.5 Crore,45000000,4,5,10 Marla,2250.0,20000,House,False,46,46Share on FacebookShare on TwitterShare on WhatsAppSend via GMailSend via E-Mail,81,Houses_Faisalabad,for_sale,2026-07-26,https://www.zameen.com/Property/wapda_city_wapda_city_-_block_k_10_marla_brand_new_luxury_house_for_sale-54249135-5075-1.html
5 MARLA BRAND NEW HOUSE AVAILABLE FOR SALE,PKR 2.45 Crore,24500000,3,,5 Marla,1125.0,21777,House,False,23,23Share on FacebookShare on TwitterShare on WhatsAppSend via GMailSend via E-Mail,81,Houses_Faisalabad,for_sale,2026-07-26,https://www.zameen.com/Property/wapda_city_wapda_city_-_block_l_5_marla_brand_new_house_available_for_sale-54266910-5076-1.html
15 MARLA NEW HOUSE AVAIABLE FOR SALE,PKR 7.5 Crore,75000000,5,6,15 Marla,3375.0,22222,House,False,42,42Share on FacebookShare on TwitterShare on WhatsAppSend via GMailSend via E-Mail,81,Houses_Faisalabad,for_sale,2026-07-26,https://www.zameen.com/Property/wapda_city_wapda_city_-_block_d_15_marla_new_house_avaiable_for_sale-54153565-5069-1.html
5 Marla House For Sale Available In Eden Gardens,PKR 2.25 Crore,22500000,,,5 Marla,1125.0,20000,House,True,6,super hot6VerifiedShare on FacebookShare on TwitterShare on WhatsAppSend via GMailSend via E-Mail,97,Houses_Faisalabad,for_sale,2026-07-26,https://www.zameen.com/Property/eden_gardens_eden_executive_5_marla_house_for_sale_available_in_eden_gardens-54442146-10765-1.html
A 10 Marla House Located In Wapda City Is Available For Sale.,PKR 3.65 Crore,36500000,,,10 Marla,2250.0,16222,House,True,22,super hot22VerifiedShare on FacebookShare on TwitterShare on WhatsAppSend via GMailSend via E-Mail,98,Houses_Faisalabad,for_sale,2026-07-26,https://www.zameen.com/Property/faisalabad_wapda_city_a_10_marla_house_located_in_wapda_city_is_available_for_sale-54428141-501-1.html
Beautiful House 5 Marla Rachna Town 3 Faisalabad For Sale,PKR 1.5 Crore,15000000,5,3,5 Marla,1125.0,13333,House,True,42,super hot42Share on FacebookShare on TwitterShare on WhatsAppSend via GMailSend via E-Mail,90,Houses_Faisalabad,for_sale,2026-07-26,https://www.zameen.com/Property/faisalabad_rachna_town_beautiful_house_5_marla_rachna_town_3_faisalabad_for_sale-53148170-5029-1.html
House For Sale In Eden Executive,PKR 3.8 Crore,38000000,,,7 Marla,1575.0,24126,House,True,7,super hot7VerifiedShare on FacebookShare on TwitterShare on WhatsAppSend via GMailSend via E-Mail,97,Houses_Faisalabad,for_sale,2026-07-26,https://www.zameen.com/Property/eden_gardens_eden_executive_house_for_sale_in_eden_executive-54329125-10765-1.html
10-Marla Brand new house For sale,PKR 3.5 Crore,35000000,5,5,10 Marla,2250.0,15555,House,True,15,super hot15Share on FacebookShare on TwitterShare on WhatsAppSend via GMailSend via E-Mail,90,Houses_Faisalabad,for_sale,2026-07-26,https://www.zameen.com/Property/faisalabad_wapda_city_10-marla_brand_new_house_for_sale-53799953-501-1.html
Get In Touch Now To Buy A 5 Marla House In Citi Housing Sargodha Road - Block C,PKR 1.7 Crore,17000000,,,5 Marla,1125.0,15111,House,True,16,super hot16VerifiedShare on FacebookShare on TwitterShare on WhatsAppSend via GMailSend via E-Mail,98,Houses_Faisalabad,for_sale,2026-07-26,https://www.zameen.com/Property/citi_housing_sargodha_road_citi_housing_sargodha_road_-_block_c_get_in_touch_now_to_buy_a_5_marla_house_in_citi_housing_sargodha_road_-_block_c-54397974-14611-1.html
HOT DEAL-Furnished Kanal House For Sale,PKR 15 Crore,150000000,5,7,1 Kanal,4500.0,33333,House,True,31,super hot31Share on FacebookShare on TwitterShare on WhatsAppSend via GMailSend via E-Mail,90,Houses_Faisalabad,for_sale,2026-07-26,https://www.zameen.com/Property/faisalabad_wapda_city_hot_deal-furnished_kanal_house_for_sale-54414130-501-1.html
Prime Location House For sale In Model City 2 Faisalabad,PKR 1.99 Crore,19900000,3,4,5 Marla,1125.0,17688,House,True,28,super hot281VerifiedShare on FacebookShare on TwitterShare on WhatsAppSend via GMailSend via E-Mail,99,Houses_Faisalabad,for_sale,2026-07-26,https://www.zameen.com/Property/satiana_road_model_city_2_prime_location_house_for_sale_in_model_city_2_faisalabad-54408661-11572-1.html
5 Marla Double Story House Available For Sale,PKR 1.55 Crore,15500000,4,4,5 Marla,1125.0,13777,House,True,12,super hot12Share on FacebookShare on TwitterShare on WhatsAppSend via GMailSend via E-Mail,90,Houses_Faisalabad,for_sale,2026-07-26,https://www.zameen.com/Property/fda_city_fda_city_-_block_f1_5_marla_double_story_house_available_for_sale-54390635-14171-1.html
10 Marla Investor Rate House For Sale,PKR 2.5 Crore,25000000,4,5,10 Marla,2250.0,11111,House,True,5,super hot5Share on FacebookShare on TwitterShare on WhatsAppSend via GMailSend via E-Mail,89,Houses_Faisalabad,for_sale,2026-07-26,https://www.zameen.com/Property/citi_housing_sargodha_road_citi_housing_sargodha_road_-_block_d_10_marla_investor_rate_house_for_sale-54435412-18976-1.html
10 Marla East Open Wireless Near Park House For Sale In K Block,PKR 4.5 Crore,45000000,5,6,10 Marla,2250.0,20000,House,True,16,hot16Share on FacebookShare on TwitterShare on WhatsAppSend via GMailSend via E-Mail,84,Houses_Faisalabad,for_sale,2026-07-26,https://www.zameen.com/Property/wapda_city_wapda_city_-_block_k_10_marla_east_open_wireless_near_park_house_for_sale_in_k_block-54491087-5075-1.html
10 Marla Luxury House For Sale In M Block,PKR 4.6 Crore,46000000,4,5,10 Marla,2250.0,20444,House,True,29,hot29VerifiedShare on FacebookShare on TwitterShare on WhatsAppSend via GMailSend via E-Mail,92,Houses_Faisalabad,for_sale,2026-07-26,https://www.zameen.com/Property/faisalabad_wapda_city_10_marla_luxury_house_for_sale_in_m_block-54373390-501-1.html
8 Marla House For Sale In Beautiful Green Valley,PKR 3.95 Crore,39500000,,,8 Marla,1800.0,21944,House,False,5,hot5VerifiedShare on FacebookShare on TwitterShare on WhatsAppSend via GMailSend via E-Mail,91,Houses_Faisalabad,for_sale,2026-07-26,https://www.zameen.com/Property/samundari_road_green_valley_8_marla_house_for_sale_in_beautiful_green_valley-54506492-11199-1.html
5 Marla Brand New House Available For Sale,PKR 2.65 Crore,26500000,3,4,5 Marla,1125.0,23555,House,False,15,hot15Share on FacebookShare on TwitterShare on WhatsAppSend via GMailSend via E-Mail,84,Houses_Faisalabad,for_sale,2026-07-26,https://www.zameen.com/Property/faisalabad_eden_orchard_5_marla_brand_new_house_available_for_sale-54426382-11162-1.html
11 Marla Luxurious House Available For Sale in Eden Orchard lasani Pulli sargodha road,PKR 4.75 Crore,47500000,3,4,11 Marla,2475.0,19191,House,False,8,hot8VerifiedShare on FacebookShare on TwitterShare on WhatsAppSend via GMailSend via E-Mail,91,Houses_Faisalabad,for_sale,2026-07-26,https://www.zameen.com/Property/faisalabad_eden_orchard_11_marla_luxurious_house_available_for_sale_in_eden_orchard_lasani_pulli_sargodha_road-53436683-11162-1.html
New House For Sale,PKR 95 Lakh,9500000,3,3,2 Marla,450.0,21111,House,False,29,hot29Share on FacebookShare on TwitterShare on WhatsAppSend via GMailSend via E-Mail,84,Houses_Faisalabad,for_sale,2026-07-26,https://www.zameen.com/Property/faisalabad_lasani_garden_new_house_for_sale-53030810-4984-1.html
9 MARLA LUXURY HOUSE FOR SALE IN DIVINE ENCLAVE EAST CANAL ROAD FAISALABAD,PKR 5.75 Crore,57500000,5,6,9 Marla,2025.0,28395,House,False,8,hot8Share on FacebookShare on TwitterShare on WhatsAppSend via GMailSend via E-Mail,83,Houses_Faisalabad,for_sale,2026-07-26,https://www.zameen.com/Property/canal_road_east_canal_road_9_marla_luxury_house_for_sale_in_divine_enclave_east_canal_road_faisalabad-53961624-9506-1.html
15 MARLA BRAND NEW LUXURY HOUSE FOR SALE,PKR 6.5 Crore,65000000,5,6,15 Marla,3375.0,19259,House,False,48,48Share on FacebookShare on TwitterShare on WhatsAppSend via GMailSend via E-Mail,81,Houses_Faisalabad,for_sale,2026-07-26,https://www.zameen.com/Property/wapda_city_wapda_city_-_block_c_15_marla_brand_new_luxury_house_for_sale-54190895-5068-1.html
15 MARLA HOUSE AVAILABLE FOR SALE,PKR 5.5 Crore,55000000,5,7,15 Marla,3375.0,16296,House,False,28,28Share on FacebookShare on TwitterShare on WhatsAppSend via GMailSend via E-Mail,81,Houses_Faisalabad,for_sale,2026-07-26,https://www.zameen.com/Property/wapda_city_wapda_city_-_block_c_15_marla_house_available_for_sale-54249631-5068-1.html
15 MARLA SINGLE STOREY HOUSE AVAIABLE FOR SALE,PKR 4.6 Crore,46000000,3,4,15 Marla,3375.0,13629,House,False,22,22Share on FacebookShare on TwitterShare on WhatsAppSend via GMailSend via E-Mail,81,Houses_Faisalabad,for_sale,2026-07-26,https://www.zameen.com/Property/wapda_city_wapda_city_-_block_c_15_marla_single_storey_house_avaiable_for_sale-54190911-5068-1.html
1 KANAL LUXURY HOUSE FOR SALE NEAR PARK,PKR 12.5 Crore,125000000,5,6,1 Kanal,4500.0,27777,House,False,45,45Share on FacebookShare on TwitterShare on WhatsAppSend via GMailSend via E-Mail,81,Houses_Faisalabad,for_sale,2026-07-26,https://www.zameen.com/Property/wapda_city_wapda_city_-_block_g_1_kanal_luxury_house_for_sale_near_park-54190957-5072-1.html
1 KANAL LUXURY HOUSE NEAR TO PARK AVAILABLE FOR SALE,PKR 12.25 Crore,122500000,5,7,1 Kanal,4500.0,27222,House,False,13,13Share on FacebookShare on TwitterShare on WhatsAppSend via GMailSend via E-Mail,81,Houses_Faisalabad,for_sale,2026-07-26,https://www.zameen.com/Property/wapda_city_wapda_city_-_block_g_1_kanal_luxury_house_near_to_park_available_for_sale-54328360-5072-1.html
House Sized 5 Marla In Green Valley For Sale,PKR 2.15 Crore,21500000,,,5 Marla,1125.0,19111,House,False,4,4VerifiedShare on FacebookShare on TwitterShare on WhatsAppSend via GMailSend via E-Mail,88,Houses_Faisalabad,for_sale,2026-07-26,https://www.zameen.com/Property/samundari_road_green_valley_house_sized_5_marla_in_green_valley_for_sale-54390748-11199-1.html
A Stunning Prime Location House Is Up For Grabs In Oasis Orchard Faisalabad,PKR 1.9 Crore,19000000,3,4,4 Marla,900.0,21111,House,False,5,5VerifiedShare on FacebookShare on TwitterShare on WhatsAppSend via GMailSend via E-Mail,88,Houses_Faisalabad,for_sale,2026-07-26,https://www.zameen.com/Property/samundari_road_oasis_orchard_a_stunning_prime_location_house_is_up_for_grabs_in_oasis_orchard_faisalabad-54390749-17896-1.html
Ready To Buy A House 4 Marla In Faisalabad,PKR 1.7 Crore,17000000,,,4 Marla,900.0,18888,House,False,6,6VerifiedShare on FacebookShare on TwitterShare on WhatsAppSend via GMailSend via E-Mail,88,Houses_Faisalabad,for_sale,2026-07-26,https://www.zameen.com/Property/samundari_road_green_valley_ready_to_buy_a_house_4_marla_in_faisalabad-54390750-11199-1.html
15 Marla Beautiful House Available For Sale,PKR 5.25 Crore,52500000,5,5,15 Marla,3375.0,15555,House,True,8,hot8Share on FacebookShare on TwitterShare on WhatsAppSend via GMailSend via E-Mail,83,Houses_Faisalabad,for_sale,2026-07-26,https://www.zameen.com/Property/wapda_city_wapda_city_-_block_d_15_marla_beautiful_house_available_for_sale-54495701-5069-1.html
Wapda City - Block B House Sized 10 Marla Is Available,PKR 3.97 Crore,39700000,5,7,10 Marla,2250.0,17644,House,True,26,hot26VerifiedShare on FacebookShare on TwitterShare on WhatsAppSend via GMailSend via E-Mail,92,Houses_Faisalabad,for_sale,2026-07-26,https://www.zameen.com/Property/wapda_city_wapda_city_-_block_b_wapda_city_-_block_b_house_sized_10_marla_is_available-54459696-5067-1.html
Luxury 4 Marla Brand New House For Sale,PKR 1.58 Crore,15800000,3,3,4 Marla,900.0,17555,House,True,16,hot16Share on FacebookShare on TwitterShare on WhatsAppSend via GMailSend via E-Mail,84,Houses_Faisalabad,for_sale,2026-07-26,https://www.zameen.com/Property/lower_canal_road_green_orchard_luxury_4_marla_brand_new_house_for_sale-54333361-15298-1.html
"10 Marla Beautiful Used House Available For Sale In Abdullah Gardens , Price Is Almost Final Please Don'T Bargain",PKR 4.95 Crore,49500000,4,6,10 Marla,2250.0,22000,House,True,9,hot9Share on FacebookShare on TwitterShare on WhatsAppSend via GMailSend via E-Mail,83,Houses_Faisalabad,for_sale,2026-07-26,https://www.zameen.com/Property/east_canal_road_abdullah_gardens_10_marla_beautiful_used_house_available_for_sale_in_abdullah_gardens_price_is_almost_final_please_don_t_bargain-54393663-4890-1.html
Luxurious 4 Kanal Modern State Of The Art Bungalow For Sale In Abdullah Garden Faisalabad,PKR 45 Crore,450000000,6,7,4 Kanal,18000.0,25000,House,True,10,hot101Share on FacebookShare on TwitterShare on WhatsAppSend via GMailSend via E-Mail,85,Houses_Faisalabad,for_sale,2026-07-26,https://www.zameen.com/Property/east_canal_road_abdullah_gardens_luxurious_4_kanal_modern_state_of_the_art_bungalow_for_sale_in_abdullah_garden_faisalabad-52047039-4890-1.html
1 Kanal Luxury House For Sale In Judicial Housing Society Faisalabad,PKR 5.5 Crore,55000000,4,5,1 Kanal,4500.0,12222,House,True,9,hot9Share on FacebookShare on TwitterShare on WhatsAppSend via GMailSend via E-Mail,83,Houses_Faisalabad,for_sale,2026-07-26,https://www.zameen.com/Property/faisalabad_judicial_employees_coop_housing_society_1_kanal_luxury_house_for_sale_in_judicial_housing_society_faisalabad-53886789-4969-1.html
Luxury 10 Marla Magnificent House For Sale In Wapda City Canal Expressway Faisalabad,PKR 3.5 Crore,35000000,4,4,10 Marla,2250.0,15555,House,True,19,hot19Share on FacebookShare on TwitterShare on WhatsAppSend via GMailSend via E-Mail,84,Houses_Faisalabad,for_sale,2026-07-26,https://www.zameen.com/Property/faisalabad_wapda_city_luxury_10_marla_magnificent_house_for_sale_in_wapda_city_canal_expressway_faisalabad-53885901-501-1.html
Brand New Corner Furnished 13.5 Marla House For Sale in Wadie Sitara Faisalabad,PKR 8 Crore,80000000,4,5,13 Marla,2925.0,27350,House,True,32,hot321Share on FacebookShare on TwitterShare on WhatsAppSend via GMailSend via E-Mail,85,Houses_Faisalabad,for_sale,2026-07-26,https://www.zameen.com/Property/faisalabad_canal_road_brand_new_corner_furnished_13_5_marla_house_for_sale_in_wadie_sitara_faisalabad-53874404-1140-1.html
4 Bed House 5 Marla Luxury House,PKR 2.7 Crore,27000000,2,5,5 Marla,1125.0,24000,House,True,40,hot40Share on FacebookShare on TwitterShare on WhatsAppSend via GMailSend via E-Mail,84,Houses_Faisalabad,for_sale,2026-07-26,https://www.zameen.com/Property/faisalabad_eden_valley_4_bed_house_5_marla_luxury_house-53689373-8917-1.html
7 Marla Brand New House Eden Valley,PKR 4 Crore,40000000,4,5,7 Marla,1575.0,25396,House,True,18,hot18Share on FacebookShare on TwitterShare on WhatsAppSend via GMailSend via E-Mail,84,Houses_Faisalabad,for_sale,2026-07-26,https://www.zameen.com/Property/faisalabad_eden_valley_7_marla_brand_new_house_eden_valley-53934858-8917-1.html
7 Marla Brand New House,PKR 4.1 Crore,41000000,5,6,7 Marla,1575.0,26031,House,True,40,hot40Share on FacebookShare on TwitterShare on WhatsAppSend via GMailSend via E-Mail,84,Houses_Faisalabad,for_sale,2026-07-26,https://www.zameen.com/Property/faisalabad_eden_valley_7_marla_brand_new_house-53938787-8917-1.html
5 Marla Eden Valley Brand New House,PKR 2.65 Crore,26500000,3,4,5 Marla,1125.0,23555,House,True,19,hot19Share on FacebookShare on TwitterShare on WhatsAppSend via GMailSend via E-Mail,84,Houses_Faisalabad,for_sale,2026-07-26,https://www.zameen.com/Property/faisalabad_eden_valley_5_marla_eden_valley_brand_new_house-53938992-8917-1.html
10 MARLA BRAND ULTRA MODERN HOUSE FOR SALE,PKR 4 Crore,40000000,4,5,10 Marla,2250.0,17777,House,False,38,hot38Share on FacebookShare on TwitterShare on WhatsAppSend via GMailSend via E-Mail,84,Houses_Faisalabad,for_sale,2026-07-26,https://www.zameen.com/Property/faisalabad_wapda_city_10_marla_brand_ultra_modern_house_for_sale-54125220-501-1.html
Centrally Located House Available In Green Valley For Sale,PKR 3.1 Crore,31000000,,,7 Marla,1575.0,19682,House,False,5,hot5VerifiedShare on FacebookShare on TwitterShare on WhatsAppSend via GMailSend via E-Mail,91,Houses_Faisalabad,for_sale,2026-07-26,https://www.zameen.com/Property/samundari_road_green_valley_centrally_located_house_available_in_green_valley_for_sale-54487968-11199-1.html
10 Marla Double Storey New Brand Luxury House For Sale In Eden Orchard Sargodha,PKR 5.25 Crore,52500000,5,6,10 Marla,2250.0,23333,House,False,47,hot47VerifiedShare on FacebookShare on TwitterShare on WhatsAppSend via GMailSend via E-Mail,92,Houses_Faisalabad,for_sale,2026-07-26,https://www.zameen.com/Property/faisalabad_eden_orchard_10_marla_double_storey_new_brand_luxury_house_for_sale_in_eden_orchard_sargodha-54508741-11162-1.html
4 Marla park facing good condition house for sale,PKR 1.7 Crore,17000000,3,4,4 Marla,900.0,18888,House,False,17,hot17Share on FacebookShare on TwitterShare on WhatsAppSend via GMailSend via E-Mail,84,Houses_Faisalabad,for_sale,2026-07-26,https://www.zameen.com/Property/faisalabad_ghalib_city_4_marla_park_facing_good_condition_house_for_sale-54510271-10165-1.html
5 Marla Brand New House For Sale In Eden Valley Extra Odinary Beautiful Having 3 Beds 4 Washrooms Store 2 Kicthen 2 Living,PKR 2.6 Crore,26000000,2,2,5 Marla,1125.0,23111,House,False,16,hot16Share on FacebookShare on TwitterShare on WhatsAppSend via GMailSend via E-Mail,84,Houses_Faisalabad,for_sale,2026-07-26,https://www.zameen.com/Property/faisalabad_eden_valley_5_marla_brand_new_house_for_sale_in_eden_valley_extra_odinary_beautiful_having_3_beds_4_washrooms_store_2_kicthen_2_living-53124569-8917-1.html
In Four Season Housing House For Sale Sized 5 Marla,PKR 2.75 Crore,27500000,,,5 Marla,1125.0,24444,House,False,5,5VerifiedShare on FacebookShare on TwitterShare on WhatsAppSend via GMailSend via E-Mail,88,Houses_Faisalabad,for_sale,2026-07-26,https://www.zameen.com/Property/faisalabad_four_season_housing_in_four_season_housing_house_for_sale_sized_5_marla-54496193-4945-1.html
Prime Location 4 Marla House For Sale In Beautiful Green Valley,PKR 1.5 Crore,15000000,4,4,4 Marla,900.0,16666,House,False,5,5VerifiedShare on FacebookShare on TwitterShare on WhatsAppSend via GMailSend via E-Mail,88,Houses_Faisalabad,for_sale,2026-07-26,https://www.zameen.com/Property/samundari_road_green_valley_prime_location_4_marla_house_for_sale_in_beautiful_green_valley-54487970-11199-1.html
Prime Location 5 Marla House Ideally Situated In Madina Town,PKR 2.25 Crore,22500000,,,5 Marla,1125.0,20000,House,False,5,5VerifiedShare on FacebookShare on TwitterShare on WhatsAppSend via GMailSend via E-Mail,88,Houses_Faisalabad,for_sale,2026-07-26,https://www.zameen.com/Property/faisalabad_madina_town_prime_location_5_marla_house_ideally_situated_in_madina_town-54506355-533-1.html
Prime Location 5 Marla House Ideally Situated In Madina Town,PKR 2.25 Crore,22500000,,,5 Marla,1125.0,20000,House,False,5,5VerifiedShare on FacebookShare on TwitterShare on WhatsAppSend via GMailSend via E-Mail,88,Houses_Faisalabad,for_sale,2026-07-26,https://www.zameen.com/Property/faisalabad_madina_town_prime_location_5_marla_house_ideally_situated_in_madina_town-54506362-533-1.html
2.5 Marla House For Sale 1.5 Storey Umar Farooq Block Oppsite Doctor City Near Eden Orchard,PKR 65 Lakh,6500000,2,2,2.5 Marla,562.5,11555,House,False,5,5VerifiedShare on FacebookShare on TwitterShare on WhatsAppSend via GMailSend via E-Mail,88,Houses_Faisalabad,for_sale,2026-07-26,https://www.zameen.com/Property/faisalabad_mian_zulfiqar_ali_shahid_road_2_5_marla_house_for_sale_1_5_storey_umar_farooq_block_oppsite_doctor_city_near_eden_orchard-54498563-13743-1.html
Facing Park Property House For Sale In Canal Avenue Faisalabad Is Available Under Rs. 22000000,PKR 2.2 Crore,22000000,,,5 Marla,1125.0,19555,House,False,14,14VerifiedShare on FacebookShare on TwitterShare on WhatsAppSend via GMailSend via E-Mail,89,Houses_Faisalabad,for_sale,2026-07-26,https://www.zameen.com/Property/lower_canal_road_canal_avenue_facing_park_property_house_for_sale_in_canal_avenue_faisalabad_is_available_under_rs_22000000-54498566-19682-1.html
Beautiful Furnished House B Block,PKR 4.25 Crore,42500000,5,5,10 Marla,2250.0,18888,House,False,17,17Share on FacebookShare on TwitterShare on WhatsAppSend via GMailSend via E-Mail,81,Houses_Faisalabad,for_sale,2026-07-26,https://www.zameen.com/Property/citi_housing_citi_housing_sargodha_road_beautiful_furnished_house_b_block-53198157-11229-1.html
5 Marla Double Storey House With Basement For Sale,PKR 2.1 Crore,21000000,4,5,5 Marla,1125.0,18666,House,False,28,28VerifiedShare on FacebookShare on TwitterShare on WhatsAppSend via GMailSend via E-Mail,89,Houses_Faisalabad,for_sale,2026-07-26,https://www.zameen.com/Property/faisalabad_lasani_garden_5_marla_double_storey_house_with_basement_for_sale-53442070-4984-1.html
7 Marla Brand New House Divine Enclave,PKR 4 Crore,40000000,4,5,7 Marla,1575.0,25396,House,True,11,hot11Share on FacebookShare on TwitterShare on WhatsAppSend via GMailSend via E-Mail,84,Houses_Faisalabad,for_sale,2026-07-26,https://www.zameen.com/Property/faisalabad_canal_road_7_marla_brand_new_house_divine_enclave-53993481-1140-1.html
7. MARLA HOUSE Double Storey Registry,PKR 3.5 Crore,35000000,4,5,7 Marla,1575.0,22222,House,True,30,hot30Share on FacebookShare on TwitterShare on WhatsAppSend via GMailSend via E-Mail,84,Houses_Faisalabad,for_sale,2026-07-26,https://www.zameen.com/Property/canal_road_model_city_1_7_marla_house_double_storey_registry-54150958-8590-1.html
7 Marla Brand new House Model city 1 For Sale,PKR 3.5 Crore,35000000,4,5,7 Marla,1575.0,22222,House,True,17,hot17Share on FacebookShare on TwitterShare on WhatsAppSend via GMailSend via E-Mail,84,Houses_Faisalabad,for_sale,2026-07-26,https://www.zameen.com/Property/canal_road_model_city_1_7_marla_brand_new_house_model_city_1_for_sale-54306077-8590-1.html
6 Marla 5 Bed House For Sale In Eden Valley,PKR 3.6 Crore,36000000,3,6,6 Marla,1350.0,26666,House,True,39,hot39Share on FacebookShare on TwitterShare on WhatsAppSend via GMailSend via E-Mail,84,Houses_Faisalabad,for_sale,2026-07-26,https://www.zameen.com/Property/faisalabad_eden_valley_6_marla_5_bed_house_for_sale_in_eden_valley-54318366-8917-1.html
Eden Valley 6 Marla House,PKR 3.6 Crore,36000000,5,6,6 Marla,1350.0,26666,House,True,6,hot6Share on FacebookShare on TwitterShare on WhatsAppSend via GMailSend via E-Mail,83,Houses_Faisalabad,for_sale,2026-07-26,https://www.zameen.com/Property/faisalabad_eden_valley_eden_valley_6_marla_house-54369558-8917-1.html
Eden Valley 7 Marla Brand New House For Sale,PKR 3.8 Crore,38000000,4,6,7 Marla,1575.0,24126,House,True,39,hot39Share on FacebookShare on TwitterShare on WhatsAppSend via GMailSend via E-Mail,84,Houses_Faisalabad,for_sale,2026-07-26,https://www.zameen.com/Property/faisalabad_eden_valley_eden_valley_7_marla_brand_new_house_for_sale-53198898-8917-1.html
Model City 10 Marla House,PKR 5.5 Crore,55000000,5,6,10 Marla,2250.0,24444,House,True,1,hot1Share on FacebookShare on TwitterShare on WhatsAppSend via GMailSend via E-Mail,83,Houses_Faisalabad,for_sale,2026-07-26,https://www.zameen.com/Property/faisalabad_eden_valley_model_city_10_marla_house-53012405-8917-1.html
5.25 Marla House 4 Bed New Garden Block,PKR 2.7 Crore,27000000,2,5,5.2 Marla,1170.0,23076,House,True,1,hot1Share on FacebookShare on TwitterShare on WhatsAppSend via GMailSend via E-Mail,83,Houses_Faisalabad,for_sale,2026-07-26,https://www.zameen.com/Property/saeed_colony_saeed_colony_-_new_garden_block_5_25_marla_house_4_bed_new_garden_block-54145599-11202-1.html
20 Marla House 5 Bedrooms,PKR 6.5 Crore,65000000,6,6,1 Kanal,4500.0,14444,House,True,,hotShare on FacebookShare on TwitterShare on WhatsAppSend via GMailSend via E-Mail,82,Houses_Faisalabad,for_sale,2026-07-26,https://www.zameen.com/Property/faisalabad_canal_road_20_marla_house_5_bedrooms-54161223-1140-1.html
20 Marla Fully Furnished Modern House For Sale In Abdullah Garden Main Canal Road,PKR 14 Crore,140000000,5,6,1 Kanal,4500.0,31111,House,True,18,hot18VerifiedShare on FacebookShare on TwitterShare on WhatsAppSend via GMailSend via E-Mail,92,Houses_Faisalabad,for_sale,2026-07-26,https://www.zameen.com/Property/faisalabad_abdullah_garden_20_marla_fully_furnished_modern_house_for_sale_in_abdullah_garden_main_canal_road-53482264-15268-1.html
10 Marla Modern Brand New House For Sale In Canal Garden Main Canal Road Faisalabad,PKR 5.15 Crore,51500000,4,5,10 Marla,2250.0,22888,House,True,14,hot14VerifiedShare on FacebookShare on TwitterShare on WhatsAppSend via GMailSend via E-Mail,92,Houses_Faisalabad,for_sale,2026-07-26,https://www.zameen.com/Property/faisalabad_canal_road_10_marla_modern_brand_new_house_for_sale_in_canal_garden_main_canal_road_faisalabad-53482339-1140-1.html
7 Marla Facing Park Eden Executive,PKR 3.6 Crore,36000000,4,5,7 Marla,1575.0,22857,House,True,37,hot37Share on FacebookShare on TwitterShare on WhatsAppSend via GMailSend via E-Mail,84,Houses_Faisalabad,for_sale,2026-07-26,https://www.zameen.com/Property/eden_gardens_eden_executive_7_marla_facing_park_eden_executive-53766148-10765-1.html
2.75 Marla Brand New House For Sale For In Eden Executive Golden Chance To Purchase This House,PKR 1.25 Crore,12500000,3,4,2.7 Marla,607.5,20576,House,False,12,hot12Share on FacebookShare on TwitterShare on WhatsAppSend via GMailSend via E-Mail,84,Houses_Faisalabad,for_sale,2026-07-26,https://www.zameen.com/Property/eden_gardens_eden_executive_2_75_marla_brand_new_house_for_sale_for_in_eden_executive_golden_chance_to_purchase_this_house-54227860-10765-1.html
5 Marla House For Sale In Beautiful Eden Valley,PKR 2.8 Crore,28000000,3,4,5 Marla,1125.0,24888,House,False,12,hot12Share on FacebookShare on TwitterShare on WhatsAppSend via GMailSend via E-Mail,84,Houses_Faisalabad,for_sale,2026-07-26,https://www.zameen.com/Property/faisalabad_eden_valley_5_marla_house_for_sale_in_beautiful_eden_valley-54227864-8917-1.html
7 Marla Brand New House For Sale In Eden Valley At Very Resonable Price Its Limited Time Offer,PKR 3.6 Crore,36000000,4,5,7 Marla,1575.0,22857,House,False,46,hot46Share on FacebookShare on TwitterShare on WhatsAppSend via GMailSend via E-Mail,84,Houses_Faisalabad,for_sale,2026-07-26,https://www.zameen.com/Property/faisalabad_eden_valley_7_marla_brand_new_house_for_sale_in_eden_valley_at_very_resonable_price_its_limited_time_offer-53493139-8917-1.html
5 Marla Brand New House For Sale In Eden Valley,PKR 2.65 Crore,26500000,3,4,5 Marla,1125.0,23555,House,False,6,hot6Share on FacebookShare on TwitterShare on WhatsAppSend via GMailSend via E-Mail,83,Houses_Faisalabad,for_sale,2026-07-26,https://www.zameen.com/Property/faisalabad_eden_valley_5_marla_brand_new_house_for_sale_in_eden_valley-54280009-8917-1.html
5 Marla Brand New House Uktra Moderen Having 4 Beds For Details Plz Contact,PKR 2.95 Crore,29500000,2,5,5 Marla,1125.0,26222,House,False,33,hot33Share on FacebookShare on TwitterShare on WhatsAppSend via GMailSend via E-Mail,84,Houses_Faisalabad,for_sale,2026-07-26,https://www.zameen.com/Property/faisalabad_eden_valley_5_marla_brand_new_house_uktra_moderen_having_4_beds_for_details_plz_contact-54433991-8917-1.html
New House For Sale,PKR 1.7 Crore,17000000,3,4,5 Marla,1125.0,15111,House,False,22,22VerifiedShare on FacebookShare on TwitterShare on WhatsAppSend via GMailSend via E-Mail,89,Houses_Faisalabad,for_sale,2026-07-26,https://www.zameen.com/Property/rehman_gardens_rehman_gardens_-_executive_block_new_house_for_sale-53919097-21703-1.html
Brand New Single Storey House,PKR 1.35 Crore,13500000,2,2,5 Marla,1125.0,12000,House,False,22,22VerifiedShare on FacebookShare on TwitterShare on WhatsAppSend via GMailSend via E-Mail,89,Houses_Faisalabad,for_sale,2026-07-26,https://www.zameen.com/Property/faisalabad_kareem_city_brand_new_single_storey_house-53919096-9452-1.html
30 MARLA LUXURIOUS HOUSE AVAILABLE FOR SALE IN ABDULLAH AYESHA BLOCK EAST CANAL ROAD FAISALABAD,PKR 20 Crore,200000000,5,6,1.5 Kanal,6750.0,29629,House,False,20,20VerifiedShare on FacebookShare on TwitterShare on WhatsAppSend via GMailSend via E-Mail,89,Houses_Faisalabad,for_sale,2026-07-26,https://www.zameen.com/Property/east_canal_road_abdullah_gardens_30_marla_luxurious_house_available_for_sale_in_abdullah_ayesha_block_east_canal_road_faisalabad-53013866-4890-1.html
10 MARLA BRAND NEW ULTRA MODERN HOUSE AVAIABLE FOR SALE,PKR 4.7 Crore,47000000,4,5,10 Marla,2250.0,20888,House,False,40,40Share on FacebookShare on TwitterShare on WhatsAppSend via GMailSend via E-Mail,81,Houses_Faisalabad,for_sale,2026-07-26,https://www.zameen.com/Property/wapda_city_wapda_city_-_block_m_10_marla_brand_new_ultra_modern_house_avaiable_for_sale-54249209-5077-1.html
10 MARLA BRAND NEW LUXURY HOUSE AVAILABLE FOR SALE,PKR 4.8 Crore,48000000,4,5,10 Marla,2250.0,21333,House,False,42,42Share on FacebookShare on TwitterShare on WhatsAppSend via GMailSend via E-Mail,81,Houses_Faisalabad,for_sale,2026-07-26,https://www.zameen.com/Property/wapda_city_wapda_city_-_block_m_10_marla_brand_new_luxury_house_available_for_sale-54190863-5077-1.html
10 MARLA BRAND NEW LUXURY HOUSE FOR SALE,PKR 4.6 Crore,46000000,4,5,10 Marla,2250.0,20444,House,False,15,15Share on FacebookShare on TwitterShare on WhatsAppSend via GMailSend via E-Mail,81,Houses_Faisalabad,for_sale,2026-07-26,https://www.zameen.com/Property/wapda_city_wapda_city_-_block_m_10_marla_brand_new_luxury_house_for_sale-54328417-5077-1.html
"10 MARLA ULTRA MODERN, NEW HOUSE AVAILABLE FOR SALE",PKR 4.65 Crore,46500000,4,5,10 Marla,2250.0,20666,House,False,14,14Share on FacebookShare on TwitterShare on WhatsAppSend via GMailSend via E-Mail,81,Houses_Faisalabad,for_sale,2026-07-26,https://www.zameen.com/Property/faisalabad_wapda_city_10_marla_ultra_modern_new_house_available_for_sale-54390614-501-1.html
"EAST OPEN, 10 MARLA HOUSE AVAILABLE FOR SALE",PKR 3.25 Crore,32500000,5,7,10 Marla,2250.0,14444,House,False,19,19Share on FacebookShare on TwitterShare on WhatsAppSend via GMailSend via E-Mail,81,Houses_Faisalabad,for_sale,2026-07-26,https://www.zameen.com/Property/wapda_city_wapda_city_-_block_a_east_open_10_marla_house_available_for_sale-54249605-5066-1.html
14 Marla House For Sale In Saed Colony 2,PKR 5 Crore,50000000,6,6,14 Marla,3150.0,15873,House,True,3,hot3Share on FacebookShare on TwitterShare on WhatsAppSend via GMailSend via E-Mail,83,Houses_Faisalabad,for_sale,2026-07-26,https://www.zameen.com/Property/faisalabad_saeed_colony_14_marla_house_for_sale_in_saed_colony_2-54415432-582-1.html
5 Marla House 208 Chak Societies,PKR 2.1 Crore,21000000,3,4,5 Marla,1125.0,18666,House,True,1,hot1Share on FacebookShare on TwitterShare on WhatsAppSend via GMailSend via E-Mail,83,Houses_Faisalabad,for_sale,2026-07-26,https://www.zameen.com/Property/faisalabad_canal_road_5_marla_house_208_chak_societies-53938897-1140-1.html
7 Marla Brand New Stylish & Solid House,PKR 4.1 Crore,41000000,5,6,7 Marla,1575.0,26031,House,True,40,hot40Share on FacebookShare on TwitterShare on WhatsAppSend via GMailSend via E-Mail,84,Houses_Faisalabad,for_sale,2026-07-26,https://www.zameen.com/Property/faisalabad_canal_road_7_marla_brand_new_stylish_solid_house-53938934-1140-1.html
Canal Road Brand New House Sized 6 Marla Is Available For Sale,PKR 3.6 Crore,36000000,5,6,6 Marla,1350.0,26666,House,True,39,hot39Share on FacebookShare on TwitterShare on WhatsAppSend via GMailSend via E-Mail,84,Houses_Faisalabad,for_sale,2026-07-26,https://www.zameen.com/Property/faisalabad_canal_road_canal_road_brand_new_house_sized_6_marla_is_available_for_sale-54233339-1140-1.html
Get A 15 Marla House For Sale In Wapda City - Block D,PKR 4.5 Crore,45000000,,,15 Marla,3375.0,13333,House,True,30,hot30VerifiedShare on FacebookShare on TwitterShare on WhatsAppSend via GMailSend via E-Mail,92,Houses_Faisalabad,for_sale,2026-07-26,https://www.zameen.com/Property/wapda_city_wapda_city_-_block_d_get_a_15_marla_house_for_sale_in_wapda_city_-_block_d-54413120-5069-1.html
19 Marla Used Beautiful House Available For Sale In Z Block Madina Town,PKR 6.25 Crore,62500000,8,6,19 Marla,4275.0,14619,House,True,7,hot7Share on FacebookShare on TwitterShare on WhatsAppSend via GMailSend via E-Mail,83,Houses_Faisalabad,for_sale,2026-07-26,https://www.zameen.com/Property/faisalabad_madina_town_19_marla_used_beautiful_house_available_for_sale_in_z_block_madina_town-54452457-533-1.html
15 Marla House Hot location Main Double Road Wapda City,PKR 4.5 Crore,45000000,,,15 Marla,3375.0,13333,House,True,17,hot17VerifiedShare on FacebookShare on TwitterShare on WhatsAppSend via GMailSend via E-Mail,92,Houses_Faisalabad,for_sale,2026-07-26,https://www.zameen.com/Property/faisalabad_wapda_city_15_marla_house_hot_location_main_double_road_wapda_city-54397601-501-1.html
"3 Marla Brand New House Eden Executive, Price Is Almost Final Please Don't Negotiate Maybe Slightly Negotiable On Tokan But It'S Not Confirmed",PKR 1.2 Crore,12000000,3,4,3 Marla,675.0,17777,House,True,11,hot11Share on FacebookShare on TwitterShare on WhatsAppSend via GMailSend via E-Mail,84,Houses_Faisalabad,for_sale,2026-07-26,https://www.zameen.com/Property/faisalabad_canal_road_3_marla_brand_new_house_eden_executive_price_is_almost_final_please_don_t_negotiate_maybe_slightly_negotiable_on_tokan_but_it_s_not_confirmed-54393657-1140-1.html
Beautiful New House For Sale,PKR 3.85 Crore,38500000,5,6,10 Marla,2250.0,17111,House,False,21,hot21Share on FacebookShare on TwitterShare on WhatsAppSend via GMailSend via E-Mail,84,Houses_Faisalabad,for_sale,2026-07-26,https://www.zameen.com/Property/faisalabad_wapda_city_beautiful_new_house_for_sale-54239031-501-1.html
A Stunning House Is Up For Grabs In Citi Housing,PKR 3 Crore,30000000,,,10 Marla,2250.0,13333,House,False,6,hot6VerifiedShare on FacebookShare on TwitterShare on WhatsAppSend via GMailSend via E-Mail,91,Houses_Faisalabad,for_sale,2026-07-26,https://www.zameen.com/Property/faisalabad_citi_housing_a_stunning_house_is_up_for_grabs_in_citi_housing-54275009-8358-1.html
20 Marla New House For Sale In Eden Orchard Sarghodha Road Faisalabad,PKR 8 Crore,80000000,6,6,1 Kanal,4500.0,17777,House,False,11,hot11VerifiedShare on FacebookShare on TwitterShare on WhatsAppSend via GMailSend via E-Mail,92,Houses_Faisalabad,for_sale,2026-07-26,https://www.zameen.com/Property/faisalabad_eden_orchard_20_marla_new_house_for_sale_in_eden_orchard_sarghodha_road_faisalabad-54391153-11162-1.html
11 Marla Brand New House For Sale Sarghodha Road Eden Orchard,PKR 5.3 Crore,53000000,5,6,11 Marla,2475.0,21414,House,False,28,hot28VerifiedShare on FacebookShare on TwitterShare on WhatsAppSend via GMailSend via E-Mail,92,Houses_Faisalabad,for_sale,2026-07-26,https://www.zameen.com/Property/faisalabad_eden_orchard_11_marla_brand_new_house_for_sale_sarghodha_road_eden_orchard-54391155-11162-1.html
6.3 Marla Luxury House For Sale In Hassan Block Khyaban Gardens Sarghodha Road Faisalabad,PKR 2.6 Crore,26000000,4,5,6.3 Marla,1417.5,18342,House,False,23,hot23VerifiedShare on FacebookShare on TwitterShare on WhatsAppSend via GMailSend via E-Mail,92,Houses_Faisalabad,for_sale,2026-07-26,https://www.zameen.com/Property/faisalabad_khayaban_gardens_6_3_marla_luxury_house_for_sale_in_hassan_block_khyaban_gardens_sarghodha_road_faisalabad-54427948-4981-1.html
Ideal House For Sale In Wapda City,PKR 2.5 Crore,25000000,5,5,5 Marla,1125.0,22222,House,False,2,hot2Share on FacebookShare on TwitterShare on WhatsAppSend via GMailSend via E-Mail,83,Houses_Faisalabad,for_sale,2026-07-26,https://www.zameen.com/Property/faisalabad_wapda_city_ideal_house_for_sale_in_wapda_city-53902263-501-1.html
5 Marla Beautiful East Open House,PKR 1.4 Crore,14000000,3,4,5 Marla,1125.0,12444,House,False,5,hot5Share on FacebookShare on TwitterShare on WhatsAppSend via GMailSend via E-Mail,83,Houses_Faisalabad,for_sale,2026-07-26,https://www.zameen.com/Property/jaranwala_road_pine_garden_5_marla_beautiful_east_open_house-54507263-13824-1.html
1.5-Kanal House With Beautiful Garden Near Lassani Pulli,PKR 7.5 Crore,75000000,4,5,1.5 Kanal,6750.0,11111,House,False,17,hot17Share on FacebookShare on TwitterShare on WhatsAppSend via GMailSend via E-Mail,84,Houses_Faisalabad,for_sale,2026-07-26,https://www.zameen.com/Property/faisalabad_muslim_town_1_5-kanal_house_with_beautiful_garden_near_lassani_pulli-54509451-1156-1.html
Park Facing House,PKR 3 Crore,30000000,4,5,10 Marla,2250.0,13333,House,False,5,hot5VerifiedShare on FacebookShare on TwitterShare on WhatsAppSend via GMailSend via E-Mail,91,Houses_Faisalabad,for_sale,2026-07-26,https://www.zameen.com/Property/faisalabad_wapda_city_park_facing_house-54428114-501-1.html
1 KANAL ULTRA MODERN HOUSE WITH BASEMENT AVAILABLE FOR SALE,PKR 13.5 Crore,135000000,5,7,1 Kanal,4500.0,30000,House,False,14,14Share on FacebookShare on TwitterShare on WhatsAppSend via GMailSend via E-Mail,81,Houses_Faisalabad,for_sale,2026-07-26,https://www.zameen.com/Property/wapda_city_wapda_city_-_block_f_1_kanal_ultra_modern_house_with_basement_available_for_sale-54249697-5071-1.html
Brand New House Is For Sale,PKR 85 Lakh,8500000,3,3,2 Marla,450.0,18888,House,False,46,46VerifiedShare on FacebookShare on TwitterShare on WhatsAppSend via GMailSend via E-Mail,89,Houses_Faisalabad,for_sale,2026-07-26,https://www.zameen.com/Property/rehman_gardens_rehman_gardens_-_executive_block_brand_new_house_is_for_sale-54470902-21703-1.html
New House For Sale In B Block Wapda City,PKR 4 Crore,40000000,5,6,10 Marla,2250.0,17777,House,True,4,4Share on FacebookShare on TwitterShare on WhatsAppSend via GMailSend via E-Mail,80,Houses_Faisalabad,for_sale,2026-07-26,https://www.zameen.com/Property/wapda_city_wapda_city_-_block_b_new_house_for_sale_in_b_block_wapda_city-54380275-5067-1.html
3.6 Marla House Available For Sale Ismaiel City Daewoo Road All Facilities Available,PKR 1.6 Crore,16000000,3,3,3.6 Marla,810.0,19753,House,False,13,13VerifiedShare on FacebookShare on TwitterShare on WhatsAppSend via GMailSend via E-Mail,89,Houses_Faisalabad,for_sale,2026-07-26,https://www.zameen.com/Property/faisalabad_ismail_city_3_6_marla_house_available_for_sale_ismaiel_city_daewoo_road_all_facilities_available-54470904-11200-1.html
Get In Touch Now To Buy A 5 Marla House In Faisalabad,PKR 1.6 Crore,16000000,,,5 Marla,1125.0,14222,House,False,,Share on FacebookShare on TwitterShare on WhatsAppSend via GMailSend via E-Mail,79,Houses_Faisalabad,for_sale,2026-07-26,https://www.zameen.com/Property/citi_housing_citi_housing_samundri_road_get_in_touch_now_to_buy_a_5_marla_house_in_faisalabad-54498540-11230-1.html
10 Marla Used House For Sale In Wapda City,PKR 3.65 Crore,36500000,5,6,10 Marla,2250.0,16222,House,True,,Share on FacebookShare on TwitterShare on WhatsAppSend via GMailSend via E-Mail,79,Houses_Faisalabad,for_sale,2026-07-26,https://www.zameen.com/Property/wapda_city_wapda_city_-_block_k_10_marla_used_house_for_sale_in_wapda_city-54447214-5075-1.html
7 Marla Corner House For Sale,PKR 2.7 Crore,27000000,4,4,7 Marla,1575.0,17142,House,False,9,9Share on FacebookShare on TwitterShare on WhatsAppSend via GMailSend via E-Mail,80,Houses_Faisalabad,for_sale,2026-07-26,https://www.zameen.com/Property/faisalabad_al_noor_garden_7_marla_corner_house_for_sale-54250601-8916-1.html
New House For Sale,PKR 2.75 Crore,27500000,5,6,7 Marla,1575.0,17460,House,False,10,10Share on FacebookShare on TwitterShare on WhatsAppSend via GMailSend via E-Mail,81,Houses_Faisalabad,for_sale,2026-07-26,https://www.zameen.com/Property/faisalabad_sargodha_road_new_house_for_sale-54437068-768-1.html
3 Marla House In TECH Town (TNT Colony) For sale At Good Location,PKR 85 Lakh,8500000,3,3,3 Marla,675.0,12592,House,False,17,hot17Share on FacebookShare on TwitterShare on WhatsAppSend via GMailSend via E-Mail,84,Houses_Faisalabad,for_sale,2026-07-26,https://www.zameen.com/Property/satiana_road_tech_town_tnt_colony_3_marla_house_in_tech_town_tnt_colony_for_sale_at_good_location-54238801-419-1.html
Double Storey House Is Available For Sale,PKR 1.8 Crore,18000000,3,3,5 Marla,1125.0,16000,House,False,,hotVerifiedShare on FacebookShare on TwitterShare on WhatsAppSend via GMailSend via E-Mail,90,Houses_Faisalabad,for_sale,2026-07-26,https://www.zameen.com/Property/faisalabad_al_najaf_colony_double_storey_house_is_available_for_sale-54323392-4902-1.html
Single Storey House For Sale,PKR 95 Lakh,9500000,2,2,3 Marla,675.0,14074,House,False,,hotVerifiedShare on FacebookShare on TwitterShare on WhatsAppSend via GMailSend via E-Mail,90,Houses_Faisalabad,for_sale,2026-07-26,https://www.zameen.com/Property/faisalabad_al_najaf_colony_single_storey_house_for_sale-54352843-4902-1.html
1 kanal House Available For Sale officer colony no 2,PKR 5 Crore,50000000,5,6,1 Kanal,4500.0,11111,House,False,,hotShare on FacebookShare on TwitterShare on WhatsAppSend via GMailSend via E-Mail,82,Houses_Faisalabad,for_sale,2026-07-26,https://www.zameen.com/Property/faisalabad_officers_colony_2_1_kanal_house_available_for_sale_officer_colony_no_2-54502353-15304-1.html
Full Furnished House in Eden Valley Available For Sale 208 chak Road FSD,PKR 6.1 Crore,61000000,5,6,8 Marla,1800.0,33888,House,False,22,hot22Share on FacebookShare on TwitterShare on WhatsAppSend via GMailSend via E-Mail,84,Houses_Faisalabad,for_sale,2026-07-26,https://www.zameen.com/Property/faisalabad_eden_valley_full_furnished_house_in_eden_valley_available_for_sale_208_chak_road_fsd-54365019-8917-1.html
Brand New House C Block For Sale,PKR 3.2 Crore,32000000,5,6,10 Marla,2250.0,14222,House,False,9,hot9Share on FacebookShare on TwitterShare on WhatsAppSend via GMailSend via E-Mail,83,Houses_Faisalabad,for_sale,2026-07-26,https://www.zameen.com/Property/citi_housing_sargodha_road_citi_housing_sargodha_road_-_block_c_brand_new_house_c_block_for_sale-54232380-14611-1.html
Centrally Located House In Citi Housing Sargodha Road - Block C Is Available For sale,PKR 1.95 Crore,19500000,,,5 Marla,1125.0,17333,House,False,17,hot17VerifiedShare on FacebookShare on TwitterShare on WhatsAppSend via GMailSend via E-Mail,92,Houses_Faisalabad,for_sale,2026-07-26,https://www.zameen.com/Property/citi_housing_sargodha_road_citi_housing_sargodha_road_-_block_c_centrally_located_house_in_citi_housing_sargodha_road_-_block_c_is_available_for_sale-54500333-14611-1.html
Marla beautiful house in Eden executive,PKR 1.25 Crore,12500000,3,3,2.5 Marla,562.5,22222,House,False,14,hot14Share on FacebookShare on TwitterShare on WhatsAppSend via GMailSend via E-Mail,84,Houses_Faisalabad,for_sale,2026-07-26,https://www.zameen.com/Property/eden_gardens_eden_executive_marla_beautiful_house_in_eden_executive-54495639-10765-1.html
7 Marla Double Storey House For Sale,PKR 2.82 Crore,28200000,6,6,7 Marla,1575.0,17904,House,False,18,hot18Share on FacebookShare on TwitterShare on WhatsAppSend via GMailSend via E-Mail,84,Houses_Faisalabad,for_sale,2026-07-26,https://www.zameen.com/Property/faisalabad_sargodha_road_7_marla_double_storey_house_for_sale-54495010-768-1.html
A Stunning House Is Up For Grabs In Wapda City Wapda City,PKR 2 Crore,20000000,,,5 Marla,1125.0,17777,House,False,9,hot9VerifiedShare on FacebookShare on TwitterShare on WhatsAppSend via GMailSend via E-Mail,91,Houses_Faisalabad,for_sale,2026-07-26,https://www.zameen.com/Property/faisalabad_wapda_city_a_stunning_house_is_up_for_grabs_in_wapda_city_wapda_city-54477551-501-1.html
Stunning 10 Marla House In Wapda City Available,PKR 3.5 Crore,35000000,,,10 Marla,2250.0,15555,House,False,5,hot5VerifiedShare on FacebookShare on TwitterShare on WhatsAppSend via GMailSend via E-Mail,91,Houses_Faisalabad,for_sale,2026-07-26,https://www.zameen.com/Property/faisalabad_wapda_city_stunning_10_marla_house_in_wapda_city_available-54492611-501-1.html
"Ideal 5 Marla House Available In Eden Valley - Block C, Faisalabad For Sale",PKR 2.35 Crore,23500000,3,4,5 Marla,1125.0,20888,House,False,26,hot26VerifiedShare on FacebookShare on TwitterShare on WhatsAppSend via GMailSend via E-Mail,92,Houses_Faisalabad,for_sale,2026-07-26,https://www.zameen.com/Property/eden_valley_eden_valley_-_block_c_ideal_5_marla_house_available_in_eden_valley_-_block_c_faisalabad_for_sale-54498504-19078-1.html
Prime Location In Four Season Housing 5 Marla House For sale,PKR 2.77 Crore,27700000,,,5 Marla,1125.0,24622,House,False,9,hot9VerifiedShare on FacebookShare on TwitterShare on WhatsAppSend via GMailSend via E-Mail,91,Houses_Faisalabad,for_sale,2026-07-26,https://www.zameen.com/Property/faisalabad_four_season_housing_prime_location_in_four_season_housing_5_marla_house_for_sale-54206652-4945-1.html
House For Sale In Wapda City,PKR 2 Crore,20000000,,,5 Marla,1125.0,17777,House,False,6,hot6VerifiedShare on FacebookShare on TwitterShare on WhatsAppSend via GMailSend via E-Mail,91,Houses_Faisalabad,for_sale,2026-07-26,https://www.zameen.com/Property/faisalabad_wapda_city_house_for_sale_in_wapda_city-54492610-501-1.html
Buy A House Of 20 Marla In Wapda City,PKR 11 Crore,110000000,,,1 Kanal,4500.0,24444,House,False,6,hot6VerifiedShare on FacebookShare on TwitterShare on WhatsAppSend via GMailSend via E-Mail,91,Houses_Faisalabad,for_sale,2026-07-26,https://www.zameen.com/Property/faisalabad_wapda_city_buy_a_house_of_20_marla_in_wapda_city-54477558-501-1.html
Good Location House For Sale In City Villas,PKR 1.72 Crore,17200000,4,5,5 Marla,1125.0,15288,House,False,,hotVerifiedShare on FacebookShare on TwitterShare on WhatsAppSend via GMailSend via E-Mail,90,Houses_Faisalabad,for_sale,2026-07-26,https://www.zameen.com/Property/samundari_road_city_villas_housing_scheme_good_location_house_for_sale_in_city_villas-54352786-11567-1.html
4 Marla House For Sale In Model City Faisalabad,PKR 1.85 Crore,18500000,,,4 Marla,900.0,20555,House,False,12,hot12Share on FacebookShare on TwitterShare on WhatsAppSend via GMailSend via E-Mail,84,Houses_Faisalabad,for_sale,2026-07-26,https://www.zameen.com/Property/eden_gardens_eden_executive_4_marla_house_for_sale_in_model_city_faisalabad-54342287-10765-1.html
11.25 Marla House Available In Khayaban Garden,PKR 4.75 Crore,47500000,,5,11 Marla,2475.0,19191,House,False,19,19Share on FacebookShare on TwitterShare on WhatsAppSend via GMailSend via E-Mail,81,Houses_Faisalabad,for_sale,2026-07-26,https://www.zameen.com/Property/faisalabad_khayaban_gardens_11_25_marla_house_available_in_khayaban_garden-54401394-4981-1.html
7.5 Marla Brand New House Available For Sale In Divine Enclave Canal Road,PKR 4.25 Crore,42500000,5,6,7.5 Marla,1687.5,25185,House,False,21,21Share on FacebookShare on TwitterShare on WhatsAppSend via GMailSend via E-Mail,81,Houses_Faisalabad,for_sale,2026-07-26,https://www.zameen.com/Property/canal_road_divine_enclave_7_5_marla_brand_new_house_available_for_sale_in_divine_enclave_canal_road-53924887-21698-1.html
5.5 Marla Used Neat And Clean House Available For Sale On Very Reasonable Price,PKR 1.65 Crore,16500000,3,4,5.5 Marla,1237.5,13333,House,False,13,13Share on FacebookShare on TwitterShare on WhatsAppSend via GMailSend via E-Mail,81,Houses_Faisalabad,for_sale,2026-07-26,https://www.zameen.com/Property/model_city_1_model_city_1_-_block_f_5_5_marla_used_neat_and_clean_house_available_for_sale_on_very_reasonable_price-53914746-21119-1.html
7.5 Marla East Open House Available For Sale,PKR 4.5 Crore,45000000,5,7,7.5 Marla,1687.5,26666,House,False,34,341VerifiedShare on FacebookShare on TwitterShare on WhatsAppSend via GMailSend via E-Mail,90,Houses_Faisalabad,for_sale,2026-07-26,https://www.zameen.com/Property/canal_road_divine_enclave_7_5_marla_east_open_house_available_for_sale-53313382-21698-1.html
7 Marla beautiful house available for sale In Divine enclave,PKR 4.25 Crore,42500000,4,6,7 Marla,1575.0,26984,House,False,39,39Share on FacebookShare on TwitterShare on WhatsAppSend via GMailSend via E-Mail,81,Houses_Faisalabad,for_sale,2026-07-26,https://www.zameen.com/Property/canal_road_divine_enclave_7_marla_beautiful_house_available_for_sale_in_divine_enclave-54025667-21698-1.html
10 Marla Beautiful Designer House Available For Sale In Eden Exective J Block Canal Road Faiaslabad,PKR 5.9 Crore,59000000,5,6,10 Marla,2250.0,26222,House,False,26,26Share on FacebookShare on TwitterShare on WhatsAppSend via GMailSend via E-Mail,81,Houses_Faisalabad,for_sale,2026-07-26,https://www.zameen.com/Property/eden_gardens_eden_executive_10_marla_beautiful_designer_house_available_for_sale_in_eden_exective_j_block_canal_road_faiaslabad-54048923-10765-1.html
10 Marla House Available For Sale On 50 Feet Wide Road Techtown Satiana Road Faisalabad,PKR 3.15 Crore,31500000,4,5,10 Marla,2250.0,14000,House,False,11,11Share on FacebookShare on TwitterShare on WhatsAppSend via GMailSend via E-Mail,81,Houses_Faisalabad,for_sale,2026-07-26,https://www.zameen.com/Property/satiana_road_tech_town_tnt_colony_10_marla_house_available_for_sale_on_50_feet_wide_road_techtown_satiana_road_faisalabad-54266049-419-1.html
8.67 Marla East Open Beautiful Modern New Conditioned House Available For Sale In Divine Enclave Canal Road Faisalabad,PKR 4.9 Crore,49000000,5,6,8.7 Marla,1957.4999999999998,25031,House,False,32,32Share on FacebookShare on TwitterShare on WhatsAppSend via GMailSend via E-Mail,81,Houses_Faisalabad,for_sale,2026-07-26,https://www.zameen.com/Property/canal_road_divine_enclave_8_67_marla_east_open_beautiful_modern_new_conditioned_house_available_for_sale_in_divine_enclave_canal_road_faisalabad-54273909-21698-1.html
5 Marla Beautiful House In Canal Villas,PKR 2.5 Crore,25000000,3,4,5 Marla,1125.0,22222,House,False,9,hot9Share on FacebookShare on TwitterShare on WhatsAppSend via GMailSend via E-Mail,83,Houses_Faisalabad,for_sale,2026-07-26,https://www.zameen.com/Property/faisalabad_canal_road_5_marla_beautiful_house_in_canal_villas-54357817-1140-1.html
5 Marla Corner House In Khyaban 2 For Sale,PKR 2 Crore,20000000,4,5,5 Marla,1125.0,17777,House,False,8,hot8Share on FacebookShare on TwitterShare on WhatsAppSend via GMailSend via E-Mail,83,Houses_Faisalabad,for_sale,2026-07-26,https://www.zameen.com/Property/faisalabad_madina_town_5_marla_corner_house_in_khyaban_2_for_sale-54419019-533-1.html
16 Marla Beautiful House In New Garden Block,PKR 7 Crore,70000000,5,6,16 Marla,3600.0,19444,House,False,14,hot14Share on FacebookShare on TwitterShare on WhatsAppSend via GMailSend via E-Mail,84,Houses_Faisalabad,for_sale,2026-07-26,https://www.zameen.com/Property/saeed_colony_saeed_colony_-_new_garden_block_16_marla_beautiful_house_in_new_garden_block-54419069-11202-1.html
20 Marla House for sale in People's colony,PKR 11 Crore,110000000,6,6,1 Kanal,4500.0,24444,House,False,11,hot11Share on FacebookShare on TwitterShare on WhatsAppSend via GMailSend via E-Mail,84,Houses_Faisalabad,for_sale,2026-07-26,https://www.zameen.com/Property/peoples_colony_no_1_peoples_colony_-_block_d_20_marla_house_for_sale_in_people_s_colony-54419177-11505-1.html
4 Marla brand new house in Eden executive,PKR 1.95 Crore,19500000,3,4,4 Marla,900.0,21666,House,False,9,hot9Share on FacebookShare on TwitterShare on WhatsAppSend via GMailSend via E-Mail,83,Houses_Faisalabad,for_sale,2026-07-26,https://www.zameen.com/Property/eden_gardens_eden_executive_4_marla_brand_new_house_in_eden_executive-54419155-10765-1.html
3.5 Marla Beautiful House In Galib City,PKR 1.35 Crore,13500000,3,4,3 Marla,675.0,20000,House,False,18,hot18Share on FacebookShare on TwitterShare on WhatsAppSend via GMailSend via E-Mail,84,Houses_Faisalabad,for_sale,2026-07-26,https://www.zameen.com/Property/faisalabad_ghalib_city_3_5_marla_beautiful_house_in_galib_city-54488423-10165-1.html
For Sale 7 Marla House Conner Brand New Double Hight Eden Orchard Sargodha,PKR 3.35 Crore,33500000,4,5,7 Marla,1575.0,21269,House,False,10,hot10Share on FacebookShare on TwitterShare on WhatsAppSend via GMailSend via E-Mail,84,Houses_Faisalabad,for_sale,2026-07-26,https://www.zameen.com/Property/faisalabad_eden_orchard_for_sale_7_marla_house_conner_brand_new_double_hight_eden_orchard_sargodha-54444127-11162-1.html
1 Kanal Beautiful And Maintained House For Sale In University Town,PKR 6.6 Crore,66000000,6,6,1 Kanal,4500.0,14666,House,False,6,hot6Share on FacebookShare on TwitterShare on WhatsAppSend via GMailSend via E-Mail,83,Houses_Faisalabad,for_sale,2026-07-26,https://www.zameen.com/Property/faisalabad_university_town_1_kanal_beautiful_and_maintained_house_for_sale_in_university_town-54488770-5063-1.html
20 Marla House In Raza Garden,PKR 6 Crore,60000000,5,4,1 Kanal,4500.0,13333,House,False,20,hot20Share on FacebookShare on TwitterShare on WhatsAppSend via GMailSend via E-Mail,84,Houses_Faisalabad,for_sale,2026-07-26,https://www.zameen.com/Property/faisalabad_canal_road_20_marla_house_in_raza_garden-54271700-1140-1.html
5 Marla Brand New Luxurious House Available For Sale In Eden Orchard,PKR 2.4 Crore,24000000,3,4,5 Marla,1125.0,21333,House,False,27,hot27Share on FacebookShare on TwitterShare on WhatsAppSend via GMailSend via E-Mail,84,Houses_Faisalabad,for_sale,2026-07-26,https://www.zameen.com/Property/faisalabad_eden_orchard_5_marla_brand_new_luxurious_house_available_for_sale_in_eden_orchard-54391163-11162-1.html
House For Sale In Ismail Valley,PKR 3.1 Crore,31000000,,,8 Marla,1800.0,17222,House,False,24,hot24VerifiedShare on FacebookShare on TwitterShare on WhatsAppSend via GMailSend via E-Mail,92,Houses_Faisalabad,for_sale,2026-07-26,https://www.zameen.com/Property/faisalabad_ismail_valley_house_for_sale_in_ismail_valley-53970555-10709-1.html
5 MARLA ULTRA MODERN NEW HOUSE AVAILABLE FOR SALE,PKR 2.45 Crore,24500000,3,4,5 Marla,1125.0,21777,House,False,23,hot23Share on FacebookShare on TwitterShare on WhatsAppSend via GMailSend via E-Mail,84,Houses_Faisalabad,for_sale,2026-07-26,https://www.zameen.com/Property/wapda_city_wapda_city_-_block_l_5_marla_ultra_modern_new_house_available_for_sale-54290807-5076-1.html
"10 MARLA BRAND NEW ULTRA MODERN, LUXURY HOUSE FOR SALE",PKR 4.5 Crore,45000000,4,5,10 Marla,2250.0,20000,House,False,15,hot15Share on FacebookShare on TwitterShare on WhatsAppSend via GMailSend via E-Mail,84,Houses_Faisalabad,for_sale,2026-07-26,https://www.zameen.com/Property/faisalabad_wapda_city_10_marla_brand_new_ultra_modern_luxury_house_for_sale-54297349-501-1.html
5 Marla House In Beautiful Location Of Citi Housing Sargodha Road In Faisalabad,PKR 1.55 Crore,15500000,,,5 Marla,1125.0,13777,House,False,10,hot10VerifiedShare on FacebookShare on TwitterShare on WhatsAppSend via GMailSend via E-Mail,92,Houses_Faisalabad,for_sale,2026-07-26,https://www.zameen.com/Property/citi_housing_citi_housing_sargodha_road_5_marla_house_in_beautiful_location_of_citi_housing_sargodha_road_in_faisalabad-54207315-11229-1.html
House For Sale In Citi Housing Sargodha Road,PKR 10 Crore,100000000,,,1 Kanal,4500.0,22222,House,False,6,hot6VerifiedShare on FacebookShare on TwitterShare on WhatsAppSend via GMailSend via E-Mail,91,Houses_Faisalabad,for_sale,2026-07-26,https://www.zameen.com/Property/citi_housing_citi_housing_sargodha_road_house_for_sale_in_citi_housing_sargodha_road-54275008-11229-1.html
10 Marla House For Sale,PKR 2.5 Crore,25000000,5,6,10 Marla,2250.0,11111,House,False,11,hot11Share on FacebookShare on TwitterShare on WhatsAppSend via GMailSend via E-Mail,84,Houses_Faisalabad,for_sale,2026-07-26,https://www.zameen.com/Property/citi_housing_citi_housing_sargodha_road_10_marla_house_for_sale-53754067-11229-1.html
1.5-Kanal House with Beautiful Garden Near Lassani pulli,PKR 7.5 Crore,75000000,4,5,1.5 Kanal,6750.0,11111,House,False,17,hot17Share on FacebookShare on TwitterShare on WhatsAppSend via GMailSend via E-Mail,84,Houses_Faisalabad,for_sale,2026-07-26,https://www.zameen.com/Property/faisalabad_sargodha_road_1_5-kanal_house_with_beautiful_garden_near_lassani_pulli-54476649-768-1.html
16 Marla Beautiful Lavish House For Sale Near Kohinoor Commercial Area Faisalabad,PKR 8.5 Crore,85000000,6,5,16 Marla,3600.0,23611,House,True,18,18Share on FacebookShare on TwitterShare on WhatsAppSend via GMailSend via E-Mail,81,Houses_Faisalabad,for_sale,2026-07-26,https://www.zameen.com/Property/faisalabad_kohinoor_city_16_marla_beautiful_lavish_house_for_sale_near_kohinoor_commercial_area_faisalabad-54070243-1360-1.html
Designer House For Sale,PKR 9.5 Crore,95000000,6,5,1 Kanal,4500.0,21111,House,False,8,8VerifiedShare on FacebookShare on TwitterShare on WhatsAppSend via GMailSend via E-Mail,88,Houses_Faisalabad,for_sale,2026-07-26,https://www.zameen.com/Property/citi_housing_sargodha_road_citi_housing_sargodha_road_-_block_b_designer_house_for_sale-54508499-14610-1.html
Corner Houses For Sale,PKR 1.85 Crore,18500000,3,4,7 Marla,1575.0,11746,House,False,5,5VerifiedShare on FacebookShare on TwitterShare on WhatsAppSend via GMailSend via E-Mail,88,Houses_Faisalabad,for_sale,2026-07-26,https://www.zameen.com/Property/citi_housing_citi_housing_sargodha_road_corner_houses_for_sale-54508498-11229-1.html
Corner 2 Kanal House For Sale,PKR 11 Crore,110000000,5,6,2 Kanal,9000.0,12222,House,False,5,5VerifiedShare on FacebookShare on TwitterShare on WhatsAppSend via GMailSend via E-Mail,88,Houses_Faisalabad,for_sale,2026-07-26,https://www.zameen.com/Property/citi_housing_citi_housing_sargodha_road_corner_2_kanal_house_for_sale-54508497-11229-1.html
4 Marla Cornor Fair-Priced 4 Marla House Available In Gulberg Valley,PKR 1.3 Crore,13000000,2,3,4 Marla,900.0,14444,House,False,9,9Share on FacebookShare on TwitterShare on WhatsAppSend via GMailSend via E-Mail,80,Houses_Faisalabad,for_sale,2026-07-26,https://www.zameen.com/Property/faisalabad_gulberg_valley_4_marla_cornor_fair-priced_4_marla_house_available_in_gulberg_valley-54507526-10823-1.html
3 Marla House For Sale,PKR 1.1 Crore,11000000,3,3,3 Marla,675.0,16296,House,True,9,9Share on FacebookShare on TwitterShare on WhatsAppSend via GMailSend via E-Mail,80,Houses_Faisalabad,for_sale,2026-07-26,https://www.zameen.com/Property/lower_canal_road_green_orchard_3_marla_house_for_sale-53988042-15298-1.html
3 Marla Brand New House For Sale,PKR 1.1 Crore,11000000,3,3,3 Marla,675.0,16296,House,True,15,15Share on FacebookShare on TwitterShare on WhatsAppSend via GMailSend via E-Mail,81,Houses_Faisalabad,for_sale,2026-07-26,https://www.zameen.com/Property/faisalabad_gulberg_valley_3_marla_brand_new_house_for_sale-53986895-10823-1.html
3.5 Marla House For Sale,PKR 1.15 Crore,11500000,4,4,3.5 Marla,787.5,14603,House,True,14,14Share on FacebookShare on TwitterShare on WhatsAppSend via GMailSend via E-Mail,81,Houses_Faisalabad,for_sale,2026-07-26,https://www.zameen.com/Property/lower_canal_road_green_orchard_3_5_marla_house_for_sale-53982348-15298-1.html
5 Marla Luxury House for Sale in Buch Executive Villas Multan | 4 Bed Beautiful Home,PKR 1.7 Crore,17000000,1,5,5 Marla,1125.0,15111,House,True,50,super hot50Share on FacebookShare on TwitterShare on WhatsAppSend via GMailSend via E-Mail,90,Houses_Multan,for_sale,2026-07-26,https://www.zameen.com/Property/multan_buch_executive_villas_5_marla_luxury_house_for_sale_in_buch_executive_villas_multan_4_bed_beautiful_home-54460093-8627-1.html
5 Marla Beautiful Luxury Triple Storey House Available For Sale In Buch Villas Multan,PKR 1.75 Crore,17500000,4,6,5 Marla,1125.0,15555,House,True,50,super hot50Share on FacebookShare on TwitterShare on WhatsAppSend via GMailSend via E-Mail,90,Houses_Multan,for_sale,2026-07-26,https://www.zameen.com/Property/multan_buch_executive_villas_5_marla_beautiful_luxury_triple_storey_house_available_for_sale_in_buch_villas_multan-52475914-8627-1.html
Double Storey 10 Marla House For sale In Shalimar Colony Shalimar Colony,PKR 1.75 Crore,17500000,5,5,10 Marla,2250.0,7777,House,True,22,super hot22VerifiedShare on FacebookShare on TwitterShare on WhatsAppSend via GMailSend via E-Mail,98,Houses_Multan,for_sale,2026-07-26,https://www.zameen.com/Property/multan_shalimar_colony_double_storey_10_marla_house_for_sale_in_shalimar_colony_shalimar_colony-54211871-346-1.html
1 Kanal Modern Elevation Brand New Beautiful House Prime Location House Available For sale In Royal Orchard,PKR 7.15 Crore,71500000,6,6,1 Kanal,4500.0,15888,House,True,43,super hot43Share on FacebookShare on TwitterShare on WhatsAppSend via GMailSend via E-Mail,90,Houses_Multan,for_sale,2026-07-26,https://www.zameen.com/Property/multan_public_school_road_royal_orchard_1_kanal_modern_elevation_brand_new_beautiful_house_prime_location_house_available_for_sale_in_royal_orchard-54402240-9492-1.html
Your Dream Brand New 5 Marla House Is Available In Platinum Homes DHAM,PKR 1.65 Crore,16500000,3,4,5 Marla,1125.0,14666,House,True,14,super hot14VerifiedShare on FacebookShare on TwitterShare on WhatsAppSend via GMailSend via E-Mail,98,Houses_Multan,for_sale,2026-07-26,https://www.zameen.com/Property/dha_defence_platinum_homes_dham_your_dream_brand_new_5_marla_house_is_available_in_platinum_homes_dham-54337353-19061-1.html
10 Marla Royal Orchard prime location house for sale,PKR 3 Crore,30000000,5,6,10 Marla,2250.0,13333,House,True,11,super hot11Share on FacebookShare on TwitterShare on WhatsAppSend via GMailSend via E-Mail,90,Houses_Multan,for_sale,2026-07-26,https://www.zameen.com/Property/royal_orchard_royal_orchard_-_block_f_10_marla_royal_orchard_prime_location_house_for_sale-54520573-9499-1.html
1 kanal luxury House Available For Sale,PKR 5.75 Crore,57500000,6,5,1 Kanal,4500.0,12777,House,True,31,super hot31Share on FacebookShare on TwitterShare on WhatsAppSend via GMailSend via E-Mail,90,Houses_Multan,for_sale,2026-07-26,https://www.zameen.com/Property/dha_phase_1_dha_phase_1_-_sector_h_1_kanal_luxury_house_available_for_sale-54506939-14307-1.html
5 MARLA HOUSES AVAILABLE FOR SALE,PKR 1.85 Crore,18500000,4,5,5 Marla,1125.0,16444,House,True,12,super hot12Share on FacebookShare on TwitterShare on WhatsAppSend via GMailSend via E-Mail,90,Houses_Multan,for_sale,2026-07-26,https://www.zameen.com/Property/multan_buch_executive_villas_5_marla_houses_available_for_sale-54494504-8627-1.html
10 Marla House Available For Sale,PKR 3.49 Crore,34900000,5,6,10 Marla,2250.0,15511,House,True,29,super hot29Share on FacebookShare on TwitterShare on WhatsAppSend via GMailSend via E-Mail,90,Houses_Multan,for_sale,2026-07-26,https://www.zameen.com/Property/dha_phase_1_dha_phase_1_-_sector_b1_10_marla_house_available_for_sale-54487634-14300-1.html
Centrally Located Prime Location House For sale In Wapda Town Phase 1 - Block D Available,PKR 2.5 Crore,25000000,4,4,5 Marla,1125.0,22222,House,True,31,super hot311VerifiedShare on FacebookShare on TwitterShare on WhatsAppSend via GMailSend via E-Mail,99,Houses_Multan,for_sale,2026-07-26,https://www.zameen.com/Property/wapda_town_phase_1_wapda_town_phase_1_-_block_d_centrally_located_prime_location_house_for_sale_in_wapda_town_phase_1_-_block_d_available-54433278-14203-1.html
20 Marla Luxury House for Sale in DHA Multan | 6 Bed Beautiful Home,PKR 4.85 Crore,48500000,4,7,1 Kanal,4500.0,10777,House,True,50,hot50Share on FacebookShare on TwitterShare on WhatsAppSend via GMailSend via E-Mail,84,Houses_Multan,for_sale,2026-07-26,https://www.zameen.com/Property/multan_dha_defence_20_marla_luxury_house_for_sale_in_dha_multan_6_bed_beautiful_home-54338450-8581-1.html
20 Marla Luxury House for Sale in Buch Executive Villas Multan | 6 Bed Beautiful Home,PKR 7.5 Crore,75000000,7,6,1 Kanal,4500.0,16666,House,True,16,hot16Share on FacebookShare on TwitterShare on WhatsAppSend via GMailSend via E-Mail,84,Houses_Multan,for_sale,2026-07-26,https://www.zameen.com/Property/multan_buch_executive_villas_20_marla_luxury_house_for_sale_in_buch_executive_villas_multan_6_bed_beautiful_home-54365068-8627-1.html
Double Storey 20 Marla House For Sale In DHA Phase 1 - Sector H Multan,PKR 3.25 Crore,32500000,5,6,1 Kanal,4500.0,7222,House,False,8,hot8Share on FacebookShare on TwitterShare on WhatsAppSend via GMailSend via E-Mail,83,Houses_Multan,for_sale,2026-07-26,https://www.zameen.com/Property/dha_phase_1_dha_phase_1_-_sector_h_double_storey_20_marla_house_for_sale_in_dha_phase_1_-_sector_h_multan-54194407-14307-1.html
House Is Available For Sale In ATC Villas,PKR 2 Crore,20000000,3,4,5 Marla,1125.0,17777,House,False,6,hot6Share on FacebookShare on TwitterShare on WhatsAppSend via GMailSend via E-Mail,83,Houses_Multan,for_sale,2026-07-26,https://www.zameen.com/Property/dha_phase_1_atc_villas_house_is_available_for_sale_in_atc_villas-53931693-22408-1.html
A Spacious 10 Marla House In ATC Villas,PKR 3.65 Crore,36500000,5,5,10 Marla,2250.0,16222,House,False,6,hot6Share on FacebookShare on TwitterShare on WhatsAppSend via GMailSend via E-Mail,83,Houses_Multan,for_sale,2026-07-26,https://www.zameen.com/Property/dha_phase_1_atc_villas_a_spacious_10_marla_house_in_atc_villas-53931695-22408-1.html
Double Storey 10 Marla House For Sale In Nasheman Colony Nasheman Colony,PKR 2.5 Crore,25000000,4,5,10 Marla,2250.0,11111,House,False,42,hot42Share on FacebookShare on TwitterShare on WhatsAppSend via GMailSend via E-Mail,84,Houses_Multan,for_sale,2026-07-26,https://www.zameen.com/Property/multan_nasheman_colony_double_storey_10_marla_house_for_sale_in_nasheman_colony_nasheman_colony-54102668-1075-1.html
Double Storey 10 Marla House Available In Pearl City For sale,PKR 2.9 Crore,29000000,4,4,10 Marla,2250.0,12888,House,False,25,hot25Share on FacebookShare on TwitterShare on WhatsAppSend via GMailSend via E-Mail,84,Houses_Multan,for_sale,2026-07-26,https://www.zameen.com/Property/multan_pearl_city_double_storey_10_marla_house_available_in_pearl_city_for_sale-54418674-9412-1.html
20 Marla Brand New Ultra Luxury House For Sale In DHA Multan,PKR 4 Crore,40000000,5,6,1 Kanal,4500.0,8888,House,False,31,31Share on FacebookShare on TwitterShare on WhatsAppSend via GMailSend via E-Mail,81,Houses_Multan,for_sale,2026-07-26,https://www.zameen.com/Property/dha_defence_dha_phase_1_20_marla_brand_new_ultra_luxury_house_for_sale_in_dha_multan-54156302-15631-1.html
3 Marla Brand New Double Story House Available For Sale In Shalimar Colony,PKR 75 Lakh,7500000,3,4,3 Marla,675.0,11111,House,False,8,8Share on FacebookShare on TwitterShare on WhatsAppSend via GMailSend via E-Mail,80,Houses_Multan,for_sale,2026-07-26,https://www.zameen.com/Property/multan_shalimar_colony_3_marla_brand_new_double_story_house_available_for_sale_in_shalimar_colony-53836474-346-1.html
Brand New 10 Marla House For sale In ATC Villas Multan,PKR 3.35 Crore,33500000,4,4,10 Marla,2250.0,14888,House,True,5,5VerifiedShare on FacebookShare on TwitterShare on WhatsAppSend via GMailSend via E-Mail,88,Houses_Multan,for_sale,2026-07-26,https://www.zameen.com/Property/dha_phase_1_atc_villas_brand_new_10_marla_house_for_sale_in_atc_villas_multan-54149701-22408-1.html
House Of 5 Marla In DHA Phase 1 - Sector T Is Available,PKR 1.35 Crore,13500000,4,4,5 Marla,1125.0,12000,House,False,12,12Share on FacebookShare on TwitterShare on WhatsAppSend via GMailSend via E-Mail,81,Houses_Multan,for_sale,2026-07-26,https://www.zameen.com/Property/dha_phase_1_dha_phase_1_-_sector_t_house_of_5_marla_in_dha_phase_1_-_sector_t_is_available-52871916-14319-1.html
Your Dream Brand New 5 Marla House Is Available In Fatima Avenue,PKR 1.75 Crore,17500000,3,4,5 Marla,1125.0,15555,House,False,19,19VerifiedShare on FacebookShare on TwitterShare on WhatsAppSend via GMailSend via E-Mail,89,Houses_Multan,for_sale,2026-07-26,https://www.zameen.com/Property/multan_public_school_road_fatima_avenue_your_dream_brand_new_5_marla_house_is_available_in_fatima_avenue-54503407-21808-1.html
Well-Constructed House Available For Sale In Bosan Road,PKR 2.35 Crore,23500000,9,6,11 Marla,2475.0,9494,House,False,49,49VerifiedShare on FacebookShare on TwitterShare on WhatsAppSend via GMailSend via E-Mail,89,Houses_Multan,for_sale,2026-07-26,https://www.zameen.com/Property/multan_bosan_road_well-constructed_house_available_for_sale_in_bosan_road-54002148-5705-1.html
Brand New 20 Marla House Available In DHA Phase 1 - Sector H For sale,PKR 5.75 Crore,57500000,5,6,1 Kanal,4500.0,12777,House,False,20,20VerifiedShare on FacebookShare on TwitterShare on WhatsAppSend via GMailSend via E-Mail,89,Houses_Multan,for_sale,2026-07-26,https://www.zameen.com/Property/dha_phase_1_dha_phase_1_-_sector_h_brand_new_20_marla_house_available_in_dha_phase_1_-_sector_h_for_sale-54513632-14307-1.html
Centrally Located Facing Park House For Sale In Wapda Town Phase 2 - Block R Available,PKR 6.25 Crore,62500000,6,6,1 Kanal,4500.0,13888,House,False,34,341VerifiedShare on FacebookShare on TwitterShare on WhatsAppSend via GMailSend via E-Mail,90,Houses_Multan,for_sale,2026-07-26,https://www.zameen.com/Property/wapda_town_phase_2_wapda_town_phase_2_-_block_r_centrally_located_facing_park_house_for_sale_in_wapda_town_phase_2_-_block_r_available-53118884-14209-1.html
5.1 Marla Most Beautiful Double Heighted House For sale Buch Executive villas,PKR 1.75 Crore,17500000,4,5,5 Marla,1125.0,15555,House,True,21,super hot21Share on FacebookShare on TwitterShare on WhatsAppSend via GMailSend via E-Mail,90,Houses_Multan,for_sale,2026-07-26,https://www.zameen.com/Property/multan_buch_executive_villas_5_1_marla_most_beautiful_double_heighted_house_for_sale_buch_executive_villas-52893642-8627-1.html
Hot location House For Sale,PKR 6.2 Crore,62000000,,5,1 Kanal,4500.0,13777,House,True,22,super hot22Share on FacebookShare on TwitterShare on WhatsAppSend via GMailSend via E-Mail,90,Houses_Multan,for_sale,2026-07-26,https://www.zameen.com/Property/dha_phase_1_dha_phase_1_-_sector_m_hot_location_house_for_sale-54507387-14312-1.html
20 Marla Brand New Luxury House For Sale | Royal Orchard Multan (Prime Location) 5 Spacious Bedrooms with attached luxury washrooms,PKR 7.15 Crore,71500000,7,7,1 Kanal,4500.0,15888,House,True,38,super hot381Share on FacebookShare on TwitterShare on WhatsAppSend via GMailSend via E-Mail,91,Houses_Multan,for_sale,2026-07-26,https://www.zameen.com/Property/multan_public_school_road_royal_orchard_20_marla_brand_new_luxury_house_for_sale_royal_orchard_multan_prime_location_5_spacious_bedrooms_with_attached_luxury_washrooms-54405238-9492-1.html
"Royal Orchard, Multan. 20 Marla House For Sale",PKR 7.65 Crore,76500000,7,6,1 Kanal,4500.0,17000,House,True,40,super hot401Share on FacebookShare on TwitterShare on WhatsAppSend via GMailSend via E-Mail,91,Houses_Multan,for_sale,2026-07-26,https://www.zameen.com/Property/multan_public_school_road_royal_orchard_royal_orchard_multan_20_marla_house_for_sale-54373079-9492-1.html
10 Marla Ultra-Modern & Most Elegant House For Sale In Royal Orchard Multan,PKR 5.5 Crore,55000000,6,6,1 Kanal,4500.0,12222,House,True,29,super hot29Share on FacebookShare on TwitterShare on WhatsAppSend via GMailSend via E-Mail,90,Houses_Multan,for_sale,2026-07-26,https://www.zameen.com/Property/multan_dha_defence_10_marla_ultra-modern_most_elegant_house_for_sale_in_royal_orchard_multan-54215489-8581-1.html
10 Marla Brand New House For Sale In Royal Orchard Multan | Demand 3.80 Crore*,PKR 3.8 Crore,38000000,5,6,10 Marla,2250.0,16888,House,True,33,super hot33Share on FacebookShare on TwitterShare on WhatsAppSend via GMailSend via E-Mail,90,Houses_Multan,for_sale,2026-07-26,https://www.zameen.com/Property/multan_public_school_road_royal_orchard_10_marla_brand_new_house_for_sale_in_royal_orchard_multan_demand_3_80_crore-54504680-9492-1.html
10 Marla Brand New Triple Storey House For Sale Buch Executive Villas Multan,PKR 3.9 Crore,39000000,6,6,10 Marla,2250.0,17333,House,True,18,super hot18Share on FacebookShare on TwitterShare on WhatsAppSend via GMailSend via E-Mail,90,Houses_Multan,for_sale,2026-07-26,https://www.zameen.com/Property/buch_executive_villas_phase_2_buch_villas_phase_2_-_manik_block_10_marla_brand_new_triple_storey_house_for_sale_buch_executive_villas_multan-54463550-22186-1.html
Facing Park 10 Marla Spacious House Available In Royal Orchard - Block C For Sale,PKR 3.49 Crore,34900000,5,6,10 Marla,2250.0,15511,House,True,23,super hot23Share on FacebookShare on TwitterShare on WhatsAppSend via GMailSend via E-Mail,90,Houses_Multan,for_sale,2026-07-26,https://www.zameen.com/Property/royal_orchard_royal_orchard_-_block_c_facing_park_10_marla_spacious_house_available_in_royal_orchard_-_block_c_for_sale-54200003-9496-1.html
1 Kanal Luxury Semi Furnished House In Royal Orchard Multan,PKR 7.15 Crore,71500000,5,5,1 Kanal,4500.0,15888,House,True,21,super hot21Share on FacebookShare on TwitterShare on WhatsAppSend via GMailSend via E-Mail,90,Houses_Multan,for_sale,2026-07-26,https://www.zameen.com/Property/multan_public_school_road_royal_orchard_1_kanal_luxury_semi_furnished_house_in_royal_orchard_multan-54395703-9492-1.html
Brand New House* *Royal Orchard Multan* ki behtareen location par *10 Marla brand new luxury house* for sale hai.,PKR 3.8 Crore,38000000,5,6,10 Marla,2250.0,16888,House,True,40,super hot40Share on FacebookShare on TwitterShare on WhatsAppSend via GMailSend via E-Mail,90,Houses_Multan,for_sale,2026-07-26,https://www.zameen.com/Property/multan_multan_public_school_road_brand_new_house_royal_orchard_multan_ki_behtareen_location_par_10_marla_brand_new_luxury_house_for_sale_hai-54508262-8902-1.html
"Luxury Kanal House For Sale In DHA Multan Prime Location, 65ft Road, Near Commercial",PKR 5 Crore,50000000,5,6,1 Kanal,4500.0,11111,House,True,25,hot25Share on FacebookShare on TwitterShare on WhatsAppSend via GMailSend via E-Mail,84,Houses_Multan,for_sale,2026-07-26,https://www.zameen.com/Property/dha_phase_1_dha_phase_1_-_sector_i_luxury_kanal_house_for_sale_in_dha_multan_prime_location_65ft_road_near_commercial-53774041-14308-1.html
Well-constructed Brand New House Available For sale In ATC Villas,PKR 2.1 Crore,21000000,3,4,5 Marla,1125.0,18666,House,True,10,hot10VerifiedShare on FacebookShare on TwitterShare on WhatsAppSend via GMailSend via E-Mail,92,Houses_Multan,for_sale,2026-07-26,https://www.zameen.com/Property/dha_phase_1_atc_villas_well-constructed_brand_new_house_available_for_sale_in_atc_villas-54502061-22408-1.html
20 Marla Luxurious House For Sale In Buch Villas Multan Buch Executive Villas,PKR 5.39 Crore,53900000,5,6,1 Kanal,4500.0,11977,House,False,10,hot10Share on FacebookShare on TwitterShare on WhatsAppSend via GMailSend via E-Mail,84,Houses_Multan,for_sale,2026-07-26,https://www.zameen.com/Property/multan_buch_executive_villas_20_marla_luxurious_house_for_sale_in_buch_villas_multan_buch_executive_villas-54387388-8627-1.html
Citi Housing Society Phase 1 ( 5 Marla Great Structure Available For Sale,PKR 80 Lakh,8000000,5,6,5 Marla,1125.0,7111,House,False,13,hot13Share on FacebookShare on TwitterShare on WhatsAppSend via GMailSend via E-Mail,84,Houses_Multan,for_sale,2026-07-26,https://www.zameen.com/Property/multan_citi_housing_citi_housing_society_phase_1_5_marla_great_structure_available_for_sale-54497622-12544-1.html
DHA Multan Sector M House For Sale,PKR 5.35 Crore,53500000,5,5,1 Kanal,4500.0,11888,House,False,42,hot42Share on FacebookShare on TwitterShare on WhatsAppSend via GMailSend via E-Mail,84,Houses_Multan,for_sale,2026-07-26,https://www.zameen.com/Property/dha_phase_1_dha_phase_1_-_sector_m_dha_multan_sector_m_house_for_sale-54520095-14312-1.html
9 MARLA HOUSE AVAILABLE FOR SALE,PKR 3.19 Crore,31900000,5,6,9 Marla,2025.0,15753,House,False,18,hot18Share on FacebookShare on TwitterShare on WhatsAppSend via GMailSend via E-Mail,84,Houses_Multan,for_sale,2026-07-26,https://www.zameen.com/Property/multan_buch_executive_villas_9_marla_house_available_for_sale-54500555-8627-1.html
Modern Style House For Sale In Sector Q | Prime Location | Investor Rate Price,PKR 3.7 Crore,37000000,5,6,1 Kanal,4500.0,8222,House,False,26,hot26Share on FacebookShare on TwitterShare on WhatsAppSend via GMailSend via E-Mail,84,Houses_Multan,for_sale,2026-07-26,https://www.zameen.com/Property/dha_phase_1_dha_phase_1_-_sector_q_modern_style_house_for_sale_in_sector_q_prime_location_investor_rate_price-54182631-14316-1.html
Your Dream Fully Furnished 5 Marla House Is Available In Serene Villas,PKR 2.1 Crore,21000000,3,4,5 Marla,1125.0,18666,House,False,16,16VerifiedShare on FacebookShare on TwitterShare on WhatsAppSend via GMailSend via E-Mail,89,Houses_Multan,for_sale,2026-07-26,https://www.zameen.com/Property/jinnah_avenue_serene_villas_your_dream_fully_furnished_5_marla_house_is_available_in_serene_villas-54451827-22097-1.html
Brand New 10 Marla House Available In Shalimar Colony For sale,PKR 3.2 Crore,32000000,5,6,10 Marla,2250.0,14222,House,False,23,23VerifiedShare on FacebookShare on TwitterShare on WhatsAppSend via GMailSend via E-Mail,89,Houses_Multan,for_sale,2026-07-26,https://www.zameen.com/Property/multan_shalimar_colony_brand_new_10_marla_house_available_in_shalimar_colony_for_sale-54503406-346-1.html
Brand New 3 Marla House Available In Bosan Road For sale,PKR 95 Lakh,9500000,3,4,3 Marla,675.0,14074,House,False,11,11VerifiedShare on FacebookShare on TwitterShare on WhatsAppSend via GMailSend via E-Mail,89,Houses_Multan,for_sale,2026-07-26,https://www.zameen.com/Property/multan_bosan_road_brand_new_3_marla_house_available_in_bosan_road_for_sale-54503408-5705-1.html
Double Storey 6 Marla House Available In Rehmat Colony For Sale,PKR 1.9 Crore,19000000,4,4,6 Marla,1350.0,14074,House,False,14,14Share on FacebookShare on TwitterShare on WhatsAppSend via GMailSend via E-Mail,81,Houses_Multan,for_sale,2026-07-26,https://www.zameen.com/Property/lodhi_colony_road_rehmat_colony_double_storey_6_marla_house_available_in_rehmat_colony_for_sale-54514064-14410-1.html
Looking For A Prime Location House In Multan,PKR 2.3 Crore,23000000,4,4,5 Marla,1125.0,20444,House,False,16,16Share on FacebookShare on TwitterShare on WhatsAppSend via GMailSend via E-Mail,81,Houses_Multan,for_sale,2026-07-26,https://www.zameen.com/Property/buch_executive_villas_phase_2_buch_villas_phase_2_-_manik_block_looking_for_a_prime_location_house_in_multan-54342894-22186-1.html
Stunning Prime Location 5 Marla House In Buch Villas Phase 2 - Manik Block Available,PKR 2.3 Crore,23000000,4,5,5 Marla,1125.0,20444,House,False,26,26Share on FacebookShare on TwitterShare on WhatsAppSend via GMailSend via E-Mail,81,Houses_Multan,for_sale,2026-07-26,https://www.zameen.com/Property/buch_executive_villas_phase_2_buch_villas_phase_2_-_manik_block_stunning_prime_location_5_marla_house_in_buch_villas_phase_2_-_manik_block_available-54397618-22186-1.html
Your Ideal Prime Location 5 Marla House Has Just Become Available In Buch Villas Phase 2 - Manik Block,PKR 2.2 Crore,22000000,4,4,5 Marla,1125.0,19555,House,False,14,14Share on FacebookShare on TwitterShare on WhatsAppSend via GMailSend via E-Mail,81,Houses_Multan,for_sale,2026-07-26,https://www.zameen.com/Property/buch_executive_villas_phase_2_buch_villas_phase_2_-_manik_block_your_ideal_prime_location_5_marla_house_has_just_become_available_in_buch_villas_phase_2_-_manik_block-54460267-22186-1.html
Triple Storey 5 Marla House Available In Buch Villas Phase 2 - Manik Block For Sale,PKR 2.35 Crore,23500000,4,5,5 Marla,1125.0,20888,House,False,29,29Share on FacebookShare on TwitterShare on WhatsAppSend via GMailSend via E-Mail,81,Houses_Multan,for_sale,2026-07-26,https://www.zameen.com/Property/buch_executive_villas_phase_2_buch_villas_phase_2_-_manik_block_triple_storey_5_marla_house_available_in_buch_villas_phase_2_-_manik_block_for_sale-54508278-22186-1.html
5 Marla Brand New Triple Story Luxury House For Sale in Buch Villas,PKR 1.75 Crore,17500000,4,5,5 Marla,1125.0,15555,House,True,14,super hot14Share on FacebookShare on TwitterShare on WhatsAppSend via GMailSend via E-Mail,90,Houses_Multan,for_sale,2026-07-26,https://www.zameen.com/Property/multan_buch_executive_villas_5_marla_brand_new_triple_story_luxury_house_for_sale_in_buch_villas-54429444-8627-1.html
Best Options For House Is Available For Sale In Askari 3,PKR 5.5 Crore,55000000,5,5,1 Kanal,4500.0,12222,House,True,13,super hot13Share on FacebookShare on TwitterShare on WhatsAppSend via GMailSend via E-Mail,90,Houses_Multan,for_sale,2026-07-26,https://www.zameen.com/Property/dha_defence_askari_3_best_options_for_house_is_available_for_sale_in_askari_3-52626223-17156-1.html
Property For sale In Askari 3 Multan Is Available Under Rs. 31000000,PKR 3.1 Crore,31000000,4,4,10 Marla,2250.0,13777,House,True,11,super hot11Share on FacebookShare on TwitterShare on WhatsAppSend via GMailSend via E-Mail,90,Houses_Multan,for_sale,2026-07-26,https://www.zameen.com/Property/dha_defence_askari_3_property_for_sale_in_askari_3_multan_is_available_under_rs_31000000-53718216-17156-1.html
Your Dream Brand New 20 Marla House Is Available In DHA Phase 1 - Sector M,PKR 6.25 Crore,62500000,5,6,1 Kanal,4500.0,13888,House,True,17,super hot17VerifiedShare on FacebookShare on TwitterShare on WhatsAppSend via GMailSend via E-Mail,98,Houses_Multan,for_sale,2026-07-26,https://www.zameen.com/Property/dha_phase_1_dha_phase_1_-_sector_m_your_dream_brand_new_20_marla_house_is_available_in_dha_phase_1_-_sector_m-54499922-14312-1.html
17 Marla executive House available,PKR 6.25 Crore,62500000,5,6,17 Marla,3825.0,16339,House,True,28,super hot28Share on FacebookShare on TwitterShare on WhatsAppSend via GMailSend via E-Mail,90,Houses_Multan,for_sale,2026-07-26,https://www.zameen.com/Property/multan_buch_executive_villas_17_marla_executive_house_available-54468413-8627-1.html
Brand New 5.23 Marla house Manik Block Buch villas,PKR 1.98 Crore,19800000,4,5,5.2 Marla,1170.0,16923,House,True,17,super hot171Share on FacebookShare on TwitterShare on WhatsAppSend via GMailSend via E-Mail,91,Houses_Multan,for_sale,2026-07-26,https://www.zameen.com/Property/multan_buch_executive_villas_brand_new_5_23_marla_house_manik_block_buch_villas-54501765-8627-1.html
Semi Furnished 20 Marla House Available In Royal Orchard - Block E For Sale,PKR 7.15 Crore,71500000,5,6,1 Kanal,4500.0,15888,House,True,21,super hot21VerifiedShare on FacebookShare on TwitterShare on WhatsAppSend via GMailSend via E-Mail,98,Houses_Multan,for_sale,2026-07-26,https://www.zameen.com/Property/royal_orchard_royal_orchard_-_block_e_semi_furnished_20_marla_house_available_in_royal_orchard_-_block_e_for_sale-54438129-9497-1.html
Your Dream Brand New 3 Marla House Is Available In Multan Public School Road,PKR 1.1 Crore,11000000,3,4,3 Marla,675.0,16296,House,True,15,super hot15Share on FacebookShare on TwitterShare on WhatsAppSend via GMailSend via E-Mail,90,Houses_Multan,for_sale,2026-07-26,https://www.zameen.com/Property/multan_multan_public_school_road_your_dream_brand_new_3_marla_house_is_available_in_multan_public_school_road-54471273-8902-1.html
Your Dream Brand New 5 Marla House Is Available In Royal Orchard,PKR 1.95 Crore,19500000,4,4,5 Marla,1125.0,17333,House,True,5,super hot5VerifiedShare on FacebookShare on TwitterShare on WhatsAppSend via GMailSend via E-Mail,97,Houses_Multan,for_sale,2026-07-26,https://www.zameen.com/Property/multan_public_school_road_royal_orchard_your_dream_brand_new_5_marla_house_is_available_in_royal_orchard-54508344-9492-1.html
Prime Location 8 Marla House For Sale In Rs. 37000000 Only,PKR 3.6 Crore,36000000,6,6,8 Marla,1800.0,20000,House,True,20,super hot20Share on FacebookShare on TwitterShare on WhatsAppSend via GMailSend via E-Mail,90,Houses_Multan,for_sale,2026-07-26,https://www.zameen.com/Property/buch_executive_villas_phase_2_buch_villas_phase_2_-_manik_block_prime_location_8_marla_house_for_sale_in_rs_37000000_only-54195439-22186-1.html
Well-Constructed Brand New House Available For Sale In Buch Executive Villas,PKR 2.2 Crore,22000000,4,4,5 Marla,1125.0,19555,House,True,15,hot15VerifiedShare on FacebookShare on TwitterShare on WhatsAppSend via GMailSend via E-Mail,92,Houses_Multan,for_sale,2026-07-26,https://www.zameen.com/Property/multan_buch_executive_villas_well-constructed_brand_new_house_available_for_sale_in_buch_executive_villas-54452446-8627-1.html
Brand New 6 Marla House Available In Buch Executive Villas For sale,PKR 2.4 Crore,24000000,4,4,6 Marla,1350.0,17777,House,True,15,hot15VerifiedShare on FacebookShare on TwitterShare on WhatsAppSend via GMailSend via E-Mail,92,Houses_Multan,for_sale,2026-07-26,https://www.zameen.com/Property/multan_buch_executive_villas_brand_new_6_marla_house_available_in_buch_executive_villas_for_sale-54452447-8627-1.html
1 Kanal Stunning Brand New Villa For Sale In Sector H DHA Multan,PKR 5.5 Crore,55000000,5,6,1 Kanal,4500.0,12222,House,False,44,hot44Share on FacebookShare on TwitterShare on WhatsAppSend via GMailSend via E-Mail,84,Houses_Multan,for_sale,2026-07-26,https://www.zameen.com/Property/dha_phase_1_dha_phase_1_-_sector_h_1_kanal_stunning_brand_new_villa_for_sale_in_sector_h_dha_multan-54364357-14307-1.html
"10 Marla Brand New Spanish Elevation House For Sale In Sector M, DHA Multan | Prime Location | Luxury Living",PKR 4.7 Crore,47000000,5,6,1 Kanal,4500.0,10444,House,False,44,hot44Share on FacebookShare on TwitterShare on WhatsAppSend via GMailSend via E-Mail,84,Houses_Multan,for_sale,2026-07-26,https://www.zameen.com/Property/dha_phase_1_dha_phase_1_-_sector_m_10_marla_brand_new_spanish_elevation_house_for_sale_in_sector_m_dha_multan_prime_location_luxury_living-54359065-14312-1.html
12 Marla Brand New House For Sale,PKR 3.5 Crore,35000000,4,5,12 Marla,2700.0,12962,House,False,11,hot11Share on FacebookShare on TwitterShare on WhatsAppSend via GMailSend via E-Mail,84,Houses_Multan,for_sale,2026-07-26,https://www.zameen.com/Property/dha_defence_askari_3_12_marla_brand_new_house_for_sale-52967518-17156-1.html
Askari 3 Dha Multan House,PKR 3.15 Crore,31500000,4,5,10 Marla,2250.0,14000,House,False,11,hot11Share on FacebookShare on TwitterShare on WhatsAppSend via GMailSend via E-Mail,84,Houses_Multan,for_sale,2026-07-26,https://www.zameen.com/Property/dha_defence_askari_3_askari_3_dha_multan_house-52921983-17156-1.html
Your Dream Brand New 4 Marla House Is Available In Buch Villas Phase 2 - Manik Block,PKR 1.75 Crore,17500000,4,4,4 Marla,900.0,19444,House,False,19,hot19Share on FacebookShare on TwitterShare on WhatsAppSend via GMailSend via E-Mail,84,Houses_Multan,for_sale,2026-07-26,https://www.zameen.com/Property/buch_executive_villas_phase_2_buch_villas_phase_2_-_manik_block_your_dream_brand_new_4_marla_house_is_available_in_buch_villas_phase_2_-_manik_block-54169600-22186-1.html
"1 Kanal Kothi near MGM , Cantt Garden",PKR 5.8 Crore,58000000,5,6,1.2 Kanal,5400.0,10740,House,False,19,19Share on FacebookShare on TwitterShare on WhatsAppSend via GMailSend via E-Mail,81,Houses_Multan,for_sale,2026-07-26,https://www.zameen.com/Property/multan_cantt_1_kanal_kothi_near_mgm_cantt_garden-54293985-583-1.html
3.5 Marla Double Story Brand New Luxury House For Sale In Ma Jinnah Road Madni Street,PKR 75 Lakh,7500000,2,3,3.5 Marla,787.5,9523,House,False,10,10Share on FacebookShare on TwitterShare on WhatsAppSend via GMailSend via E-Mail,81,Houses_Multan,for_sale,2026-07-26,https://www.zameen.com/Property/multan_ma_jinnah_road_3_5_marla_double_story_brand_new_luxury_house_for_sale_in_ma_jinnah_road_madni_street-53892027-10426-1.html
2.5 Marla Double Storey Brand New House For Sale In Ma Jinnah Road Salamat Chowk,PKR 65 Lakh,6500000,4,2,2.5 Marla,562.5,11555,House,False,10,10Share on FacebookShare on TwitterShare on WhatsAppSend via GMailSend via E-Mail,81,Houses_Multan,for_sale,2026-07-26,https://www.zameen.com/Property/multan_ma_jinnah_road_2_5_marla_double_storey_brand_new_house_for_sale_in_ma_jinnah_road_salamat_chowk-53543898-10426-1.html
5 Marla Double Storey Brand New House For Sale In Ma Jinnah Road Bukhari Colony,PKR 1.45 Crore,14500000,4,5,5 Marla,1125.0,12888,House,False,24,24Share on FacebookShare on TwitterShare on WhatsAppSend via GMailSend via E-Mail,81,Houses_Multan,for_sale,2026-07-26,https://www.zameen.com/Property/multan_ma_jinnah_road_5_marla_double_storey_brand_new_house_for_sale_in_ma_jinnah_road_bukhari_colony-52631443-10426-1.html
3 Marla Double Storey Brand New Luxury House For Sale In Bosan Road Walking Distance From Main Bosan Road,PKR 90 Lakh,9000000,3,4,3 Marla,675.0,13333,House,False,18,18Share on FacebookShare on TwitterShare on WhatsAppSend via GMailSend via E-Mail,81,Houses_Multan,for_sale,2026-07-26,https://www.zameen.com/Property/multan_bosan_road_3_marla_double_storey_brand_new_luxury_house_for_sale_in_bosan_road_walking_distance_from_main_bosan_road-52997912-5705-1.html
3.5 Marla Double Storey Brand New House For Sale In Ma Jinnah Salamat Chowk,PKR 78 Lakh,7800000,3,4,3.5 Marla,787.5,9904,House,False,26,26Share on FacebookShare on TwitterShare on WhatsAppSend via GMailSend via E-Mail,81,Houses_Multan,for_sale,2026-07-26,https://www.zameen.com/Property/multan_ma_jinnah_road_3_5_marla_double_storey_brand_new_house_for_sale_in_ma_jinnah_salamat_chowk-53725206-10426-1.html
3.5 Marla Double Storey Brand New House For Sale In Adam Housing Multan Gated And Approved Community,PKR 1.05 Crore,10500000,3,4,3.5 Marla,787.5,13333,House,False,22,22Share on FacebookShare on TwitterShare on WhatsAppSend via GMailSend via E-Mail,81,Houses_Multan,for_sale,2026-07-26,https://www.zameen.com/Property/mattital_road_adams_housing_scheme_3_5_marla_double_storey_brand_new_house_for_sale_in_adam_housing_multan_gated_and_approved_community-54057711-18836-1.html
5 Marla Double Storey Brand New Luxury House For Sale In Adam Housing Multan,PKR 1.6 Crore,16000000,3,4,5 Marla,1125.0,14222,House,False,29,29Share on FacebookShare on TwitterShare on WhatsAppSend via GMailSend via E-Mail,81,Houses_Multan,for_sale,2026-07-26,https://www.zameen.com/Property/mattital_road_adams_housing_scheme_5_marla_double_storey_brand_new_luxury_house_for_sale_in_adam_housing_multan-54065525-18836-1.html
1 Kanal 80 Feet Road Sector M Most Beautiful Modern Elevation House For Sale DHA Multan On Good Location,PKR 6.4 Crore,64000000,6,6,1 Kanal,4500.0,14222,House,True,32,super hot32Share on FacebookShare on TwitterShare on WhatsAppSend via GMailSend via E-Mail,90,Houses_Multan,for_sale,2026-07-26,https://www.zameen.com/Property/multan_dha_defence_1_kanal_80_feet_road_sector_m_most_beautiful_modern_elevation_house_for_sale_dha_multan_on_good_location-54260779-8581-1.html
Brand New Luxury House Available For Sale,PKR 3.1 Crore,31000000,6,6,8 Marla,1800.0,17222,House,True,45,super hot45Share on FacebookShare on TwitterShare on WhatsAppSend via GMailSend via E-Mail,90,Houses_Multan,for_sale,2026-07-26,https://www.zameen.com/Property/multan_buch_executive_villas_brand_new_luxury_house_available_for_sale-52306382-8627-1.html
Step Inside This Beautiful 1 Kanal Designer House,PKR 4.3 Crore,43000000,5,6,1 Kanal,4500.0,9555,House,True,7,super hot7Share on FacebookShare on TwitterShare on WhatsAppSend via GMailSend via E-Mail,89,Houses_Multan,for_sale,2026-07-26,https://www.zameen.com/Property/multan_dha_defence_step_inside_this_beautiful_1_kanal_designer_house-54479813-8581-1.html
8 Marla Brand New Modern Design House Available For Sale,PKR 2.45 Crore,24500000,6,6,8 Marla,1800.0,13611,House,True,13,super hot13Share on FacebookShare on TwitterShare on WhatsAppSend via GMailSend via E-Mail,90,Houses_Multan,for_sale,2026-07-26,https://www.zameen.com/Property/multan_dha_defence_8_marla_brand_new_modern_design_house_available_for_sale-54075059-8581-1.html
20 Marla Brand New Luxury House For Sale | DHA Multan (Prime Location),PKR 5.5 Crore,55000000,5,6,1 Kanal,4500.0,12222,House,True,28,super hot28Share on FacebookShare on TwitterShare on WhatsAppSend via GMailSend via E-Mail,90,Houses_Multan,for_sale,2026-07-26,https://www.zameen.com/Property/dha_phase_1_dha_phase_1_-_sector_h_20_marla_brand_new_luxury_house_for_sale_dha_multan_prime_location-54473567-14307-1.html
A 20 Marla House For Sale At Bosan Road Multan,PKR 3.85 Crore,38500000,5,5,1 Kanal,4500.0,8555,House,True,17,super hot171VerifiedShare on FacebookShare on TwitterShare on WhatsAppSend via GMailSend via E-Mail,99,Houses_Multan,for_sale,2026-07-26,https://www.zameen.com/Property/multan_bosan_road_a_20_marla_house_for_sale_at_bosan_road_multan-53927818-5705-1.html
Prime Location 5 Marla House In Royal Orchard For Sale At Good Location,PKR 1.85 Crore,18500000,3,3,5 Marla,1125.0,16444,House,True,13,super hot13Share on FacebookShare on TwitterShare on WhatsAppSend via GMailSend via E-Mail,90,Houses_Multan,for_sale,2026-07-26,https://www.zameen.com/Property/multan_public_school_road_royal_orchard_prime_location_5_marla_house_in_royal_orchard_for_sale_at_good_location-54492735-9492-1.html
17 Marla Brand New Villa Available For Sale On Main Boulevard Buch Executive Villas Multan,PKR 6.4 Crore,64000000,6,7,17 Marla,3825.0,16732,House,True,39,super hot39Share on FacebookShare on TwitterShare on WhatsAppSend via GMailSend via E-Mail,90,Houses_Multan,for_sale,2026-07-26,https://www.zameen.com/Property/buch_executive_villas_buch_executive_villas_-_phase_1_17_marla_brand_new_villa_available_for_sale_on_main_boulevard_buch_executive_villas_multan-54491894-19719-1.html
Designer House for Sale In Green Fort Housing Society Multan,PKR 1.6 Crore,16000000,4,3,10 Marla,2250.0,7111,House,True,14,super hot14Share on FacebookShare on TwitterShare on WhatsAppSend via GMailSend via E-Mail,90,Houses_Multan,for_sale,2026-07-26,https://www.zameen.com/Property/multan_green_fort_housing_scheme_designer_house_for_sale_in_green_fort_housing_society_multan-54476715-5739-1.html
10 Marla Newly Built Stylish Modern House Park Facing Royal Orchard Multan,PKR 3.5 Crore,35000000,5,6,10 Marla,2250.0,15555,House,True,21,super hot21Share on FacebookShare on TwitterShare on WhatsAppSend via GMailSend via E-Mail,90,Houses_Multan,for_sale,2026-07-26,https://www.zameen.com/Property/multan_public_school_road_royal_orchard_10_marla_newly_built_stylish_modern_house_park_facing_royal_orchard_multan-54494296-9492-1.html
Brand New 1181 Square Feet House For sale In Buch Executive Villas Buch Executive Villas,PKR 2.2 Crore,22000000,5,5,5.2 Marla,1170.0,18803,House,True,20,hot20VerifiedShare on FacebookShare on TwitterShare on WhatsAppSend via GMailSend via E-Mail,92,Houses_Multan,for_sale,2026-07-26,https://www.zameen.com/Property/multan_buch_executive_villas_brand_new_1181_square_feet_house_for_sale_in_buch_executive_villas_buch_executive_villas-54452449-8627-1.html
Brand New 5 Marla House For sale In Buch Executive Villas Buch Executive Villas,PKR 2 Crore,20000000,4,4,5 Marla,1125.0,17777,House,True,19,hot19VerifiedShare on FacebookShare on TwitterShare on WhatsAppSend via GMailSend via E-Mail,92,Houses_Multan,for_sale,2026-07-26,https://www.zameen.com/Property/multan_buch_executive_villas_brand_new_5_marla_house_for_sale_in_buch_executive_villas_buch_executive_villas-54452448-8627-1.html
Luxurious 5 Marla Modern House for Sale Ideal Location! Royal orchard,PKR 1.85 Crore,18500000,4,4,5 Marla,1125.0,16444,House,False,15,hot15Share on FacebookShare on TwitterShare on WhatsAppSend via GMailSend via E-Mail,84,Houses_Multan,for_sale,2026-07-26,https://www.zameen.com/Property/royal_orchard_royal_orchard_-_block_f_luxurious_5_marla_modern_house_for_sale_ideal_location_royal_orchard-53302622-9499-1.html
7.25 Marla Brand New Corner Double Storey House For Sale In Shalimar Colony Near Model Town,PKR 2.25 Crore,22500000,4,5,7.2 Marla,1620.0,13888,House,False,17,hot17Share on FacebookShare on TwitterShare on WhatsAppSend via GMailSend via E-Mail,84,Houses_Multan,for_sale,2026-07-26,https://www.zameen.com/Property/multan_shalimar_colony_7_25_marla_brand_new_corner_double_storey_house_for_sale_in_shalimar_colony_near_model_town-54181953-346-1.html
5 Marla Brand New Double Story House For Sale In Royal Orchard Multan,PKR 2 Crore,20000000,3,4,5 Marla,1125.0,17777,House,False,13,hot13Share on FacebookShare on TwitterShare on WhatsAppSend via GMailSend via E-Mail,84,Houses_Multan,for_sale,2026-07-26,https://www.zameen.com/Property/multan_public_school_road_royal_orchard_5_marla_brand_new_double_story_house_for_sale_in_royal_orchard_multan-54252553-9492-1.html
6 Marla Brand New Modern Luxury Double Storey House For Sale In Grand Enclave MPs Road Multan,PKR 2.25 Crore,22500000,4,5,6 Marla,1350.0,16666,House,False,22,hot22Share on FacebookShare on TwitterShare on WhatsAppSend via GMailSend via E-Mail,84,Houses_Multan,for_sale,2026-07-26,https://www.zameen.com/Property/northern_bypass_grand_enclave_6_marla_brand_new_modern_luxury_double_storey_house_for_sale_in_grand_enclave_mps_road_multan-54382521-22088-1.html
9 Marla Brand New Spanish Luxury Double Story House For Sale In Buchvillas Multan,PKR 3.7 Crore,37000000,5,6,9 Marla,2025.0,18271,House,False,19,hot19Share on FacebookShare on TwitterShare on WhatsAppSend via GMailSend via E-Mail,84,Houses_Multan,for_sale,2026-07-26,https://www.zameen.com/Property/multan_buch_executive_villas_9_marla_brand_new_spanish_luxury_double_story_house_for_sale_in_buchvillas_multan-54439408-8627-1.html
"Change Your Address To Prime Location Katchehry Road, Katchehry Road For A Reasonable Price Of Rs. 31500000",PKR 3.15 Crore,31500000,3,4,14 Marla,3150.0,10000,House,False,21,21Share on FacebookShare on TwitterShare on WhatsAppSend via GMailSend via E-Mail,81,Houses_Multan,for_sale,2026-07-26,https://www.zameen.com/Property/multan_katchehry_road_change_your_address_to_prime_location_katchehry_road_katchehry_road_for_a_reasonable_price_of_rs_31500000-54437629-8662-1.html
Double Storey 3 Marla House Available In Nayab City For Sale,PKR 70 Lakh,7000000,3,4,3 Marla,675.0,10370,House,False,6,6VerifiedShare on FacebookShare on TwitterShare on WhatsAppSend via GMailSend via E-Mail,88,Houses_Multan,for_sale,2026-07-26,https://www.zameen.com/Property/multan_nayab_city_double_storey_3_marla_house_available_in_nayab_city_for_sale-52023971-5780-1.html
Spacious Prime Location 8 Marla House Available For sale In Shalimar Colony,PKR 1.65 Crore,16500000,3,3,8 Marla,1800.0,9166,House,False,11,11Share on FacebookShare on TwitterShare on WhatsAppSend via GMailSend via E-Mail,81,Houses_Multan,for_sale,2026-07-26,https://www.zameen.com/Property/multan_shalimar_colony_spacious_prime_location_8_marla_house_available_for_sale_in_shalimar_colony-54138261-346-1.html
3 Marla House For Sale Beautiful House Solid Construction,PKR 90 Lakh,9000000,3,4,3 Marla,675.0,13333,House,False,8,8VerifiedShare on FacebookShare on TwitterShare on WhatsAppSend via GMailSend via E-Mail,88,Houses_Multan,for_sale,2026-07-26,https://www.zameen.com/Property/multan_multan_public_school_road_3_marla_house_for_sale_beautiful_house_solid_construction-54074620-8902-1.html
Your Dream Brand New 5 Marla House Is Available In Buch Villas Phase 2 - Manik Block,PKR 2.3 Crore,23000000,4,5,5 Marla,1125.0,20444,House,False,15,15VerifiedShare on FacebookShare on TwitterShare on WhatsAppSend via GMailSend via E-Mail,89,Houses_Multan,for_sale,2026-07-26,https://www.zameen.com/Property/buch_executive_villas_phase_2_buch_villas_phase_2_-_manik_block_your_dream_brand_new_5_marla_house_is_available_in_buch_villas_phase_2_-_manik_block-54348283-22186-1.html
Dha Multan Sector H,PKR 5.5 Crore,55000000,5,6,1 Kanal,4500.0,12222,House,False,28,28Share on FacebookShare on TwitterShare on WhatsAppSend via GMailSend via E-Mail,81,Houses_Multan,for_sale,2026-07-26,https://www.zameen.com/Property/dha_phase_1_sector_h_dha_phase_1_sector_h_-_block_4_dha_multan_sector_h-54358439-18553-1.html
10 Marla House For Sale,PKR 3.5 Crore,35000000,5,6,10 Marla,2250.0,15555,House,False,8,8Share on FacebookShare on TwitterShare on WhatsAppSend via GMailSend via E-Mail,80,Houses_Multan,for_sale,2026-07-26,https://www.zameen.com/Property/wapda_town_wapda_town_phase_2_10_marla_house_for_sale-54409135-5825-1.html
05 Marla Ultra Luxurious Designer House For Sale In Buch Executive Villas Multan,PKR 1.53 Crore,15300000,4,5,5 Marla,1125.0,13600,House,True,31,31Share on FacebookShare on TwitterShare on WhatsAppSend via GMailSend via E-Mail,81,Houses_Multan,for_sale,2026-07-26,https://www.zameen.com/Property/multan_buch_executive_villas_05_marla_ultra_luxurious_designer_house_for_sale_in_buch_executive_villas_multan-53241193-8627-1.html
20 Marla Brand New Luxury House For Sale | DHA Multan (Prime Location),PKR 5.3 Crore,53000000,5,6,1 Kanal,4500.0,11777,House,True,27,super hot27Share on FacebookShare on TwitterShare on WhatsAppSend via GMailSend via E-Mail,90,Houses_Multan,for_sale,2026-07-26,https://www.zameen.com/Property/dha_phase_1_dha_phase_1_-_sector_h_20_marla_brand_new_luxury_house_for_sale_dha_multan_prime_location-54473426-14307-1.html
Royal Orchid Multan 20 Marla Fully luxurious house for sale,PKR 6.9 Crore,69000000,8,6,1 Kanal,4500.0,15333,House,True,28,super hot28Share on FacebookShare on TwitterShare on WhatsAppSend via GMailSend via E-Mail,90,Houses_Multan,for_sale,2026-07-26,https://www.zameen.com/Property/multan_public_school_road_royal_orchard_royal_orchid_multan_20_marla_fully_luxurious_house_for_sale-53525017-9492-1.html
Royal Orchard Multan 21 Marla Double Storey House For Sale Fully Ultra Modern And Luxurious House,PKR 7.5 Crore,75000000,6,6,1 Kanal,4500.0,16666,House,True,45,super hot45Share on FacebookShare on TwitterShare on WhatsAppSend via GMailSend via E-Mail,90,Houses_Multan,for_sale,2026-07-26,https://www.zameen.com/Property/multan_public_school_road_royal_orchard_royal_orchard_multan_21_marla_double_storey_house_for_sale_fully_ultra_modern_and_luxurious_house-53277604-9492-1.html
1 Kanal Fully Luxury Modern House For Sale Royal Orchard Multan  An Outstanding 1 Kanal Fully Luxury Modern House Is Available For Sale In The Prime Location Of Royal Orchard Multan Designed,PKR 7.5 Crore,75000000,5,6,1 Kanal,4500.0,16666,House,True,30,super hot30Share on FacebookShare on TwitterShare on WhatsAppSend via GMailSend via E-Mail,90,Houses_Multan,for_sale,2026-07-26,https://www.zameen.com/Property/multan_public_school_road_royal_orchard_1_kanal_fully_luxury_modern_house_for_sale_royal_orchard_multan_an_outstanding_1_kanal_fully_luxury_modern_house_is_available_for_sale_in_the_prime_location_of_royal_orchard_multan_designed-54367585-9492-1.html
DHA Multan  20 Marla Double Story House for sale,PKR 5.25 Crore,52500000,6,6,1 Kanal,4500.0,11666,House,True,49,super hot49Share on FacebookShare on TwitterShare on WhatsAppSend via GMailSend via E-Mail,90,Houses_Multan,for_sale,2026-07-26,https://www.zameen.com/Property/dha_phase_1_dha_phase_1_-_sector_m_dha_multan_20_marla_double_story_house_for_sale-53455098-14312-1.html
10 Marla Brand New Double Story House Available For Sale,PKR 3 Crore,30000000,5,6,10 Marla,2250.0,13333,House,True,41,super hot41Share on FacebookShare on TwitterShare on WhatsAppSend via GMailSend via E-Mail,90,Houses_Multan,for_sale,2026-07-26,https://www.zameen.com/Property/multan_model_town_10_marla_brand_new_double_story_house_available_for_sale-54441731-1147-1.html
Corner 10 Marla House For Grabs In DHA Defence Askari 3,PKR 3.15 Crore,31500000,4,5,10 Marla,2250.0,14000,House,True,6,super hot6Share on FacebookShare on TwitterShare on WhatsAppSend via GMailSend via E-Mail,89,Houses_Multan,for_sale,2026-07-26,https://www.zameen.com/Property/dha_defence_askari_3_corner_10_marla_house_for_grabs_in_dha_defence_askari_3-54497748-17156-1.html
"Reasonably-Priced Prime Location 80'ft Road Facing 20 Marla House In DHA Phase 1 - Sector M, Multan Is Available As Of Now",PKR 5 Crore,50000000,5,5,1 Kanal,4500.0,11111,House,True,26,super hot26Share on FacebookShare on TwitterShare on WhatsAppSend via GMailSend via E-Mail,90,Houses_Multan,for_sale,2026-07-26,https://www.zameen.com/Property/dha_phase_1_dha_phase_1_-_sector_m_reasonably-priced_prime_location_80_ft_road_facing_20_marla_house_in_dha_phase_1_-_sector_m_multan_is_available_as_of_now-54126229-14312-1.html
Well-Constructed Brand New House Available For Sale In DHA Phase 1 - Sector H,PKR 5.5 Crore,55000000,5,6,1 Kanal,4500.0,12222,House,True,28,super hot28Share on FacebookShare on TwitterShare on WhatsAppSend via GMailSend via E-Mail,90,Houses_Multan,for_sale,2026-07-26,https://www.zameen.com/Property/dha_phase_1_dha_phase_1_-_sector_h_well-constructed_brand_new_house_available_for_sale_in_dha_phase_1_-_sector_h-54476668-14307-1.html
One Kanal Luxury House For Sale In Dha Multan,PKR 5.2 Crore,52000000,5,6,1 Kanal,4500.0,11555,House,True,27,super hot27Share on FacebookShare on TwitterShare on WhatsAppSend via GMailSend via E-Mail,90,Houses_Multan,for_sale,2026-07-26,https://www.zameen.com/Property/dha_phase_1_dha_phase_1_-_sector_h_one_kanal_luxury_house_for_sale_in_dha_multan-54384073-14307-1.html
Modren House For Sale,PKR 90 Lakh,9000000,3,4,3 Marla,675.0,13333,House,True,15,hot15Share on FacebookShare on TwitterShare on WhatsAppSend via GMailSend via E-Mail,84,Houses_Multan,for_sale,2026-07-26,https://www.zameen.com/Property/multan_multan_public_school_road_modren_house_for_sale-54439277-8902-1.html
One Kanal Luxurious House For Sale In Royal Orchard Multan,PKR 7.15 Crore,71500000,5,6,1 Kanal,4500.0,15888,House,True,50,hot50Share on FacebookShare on TwitterShare on WhatsAppSend via GMailSend via E-Mail,84,Houses_Multan,for_sale,2026-07-26,https://www.zameen.com/Property/multan_public_school_road_royal_orchard_one_kanal_luxurious_house_for_sale_in_royal_orchard_multan-54389035-9492-1.html
Brand New 5 Marla House For sale In Buch Executive Villas Buch Executive Villas,PKR 2.2 Crore,22000000,4,5,5 Marla,1125.0,19555,House,False,20,hot20VerifiedShare on FacebookShare on TwitterShare on WhatsAppSend via GMailSend via E-Mail,92,Houses_Multan,for_sale,2026-07-26,https://www.zameen.com/Property/multan_buch_executive_villas_brand_new_5_marla_house_for_sale_in_buch_executive_villas_buch_executive_villas-54383402-8627-1.html
Well-Constructed Brand New House Available For Sale In Buch Executive Villas,PKR 2.2 Crore,22000000,4,5,5 Marla,1125.0,19555,House,False,22,hot22VerifiedShare on FacebookShare on TwitterShare on WhatsAppSend via GMailSend via E-Mail,92,Houses_Multan,for_sale,2026-07-26,https://www.zameen.com/Property/multan_buch_executive_villas_well-constructed_brand_new_house_available_for_sale_in_buch_executive_villas-54383403-8627-1.html
10 Marla Luxurious House For Sale In Buch Villas Multan,PKR 4.1 Crore,41000000,6,6,10 Marla,2250.0,18222,House,False,18,hot18Share on FacebookShare on TwitterShare on WhatsAppSend via GMailSend via E-Mail,84,Houses_Multan,for_sale,2026-07-26,https://www.zameen.com/Property/multan_buch_executive_villas_10_marla_luxurious_house_for_sale_in_buch_villas_multan-54399720-8627-1.html
One Kanal Luxurious House For Sale In Dha Multan Sector M,PKR 6.25 Crore,62500000,5,6,1 Kanal,4500.0,13888,House,False,21,hot21Share on FacebookShare on TwitterShare on WhatsAppSend via GMailSend via E-Mail,84,Houses_Multan,for_sale,2026-07-26,https://www.zameen.com/Property/dha_phase_1_dha_phase_1_-_sector_m_one_kanal_luxurious_house_for_sale_in_dha_multan_sector_m-54491557-14312-1.html
"11 Marla Strong & Beautiful House (Grey Structure) for Sale in Citi Housing Phase 1, Multan",PKR 1.78 Crore,17800000,6,7,11 Marla,2475.0,7191,House,False,21,hot21Share on FacebookShare on TwitterShare on WhatsAppSend via GMailSend via E-Mail,84,Houses_Multan,for_sale,2026-07-26,https://www.zameen.com/Property/citi_housing_citi_housing_phase_1_11_marla_strong_beautiful_house_grey_structure_for_sale_in_citi_housing_phase_1_multan-54257344-21449-1.html
10 Marla Ultra Luxurious Designer House For Sale In Buch Executive Villas Multan,PKR 3.3 Crore,33000000,6,6,10 Marla,2250.0,14666,House,True,27,27Share on FacebookShare on TwitterShare on WhatsAppSend via GMailSend via E-Mail,81,Houses_Multan,for_sale,2026-07-26,https://www.zameen.com/Property/multan_buch_executive_villas_10_marla_ultra_luxurious_designer_house_for_sale_in_buch_executive_villas_multan-53241204-8627-1.html
05 Marla Ultra Luxurious Designer House For Sale In Buch Executive Villas Multan,PKR 1.55 Crore,15500000,4,5,5 Marla,1125.0,13777,House,True,24,24Share on FacebookShare on TwitterShare on WhatsAppSend via GMailSend via E-Mail,81,Houses_Multan,for_sale,2026-07-26,https://www.zameen.com/Property/multan_buch_executive_villas_05_marla_ultra_luxurious_designer_house_for_sale_in_buch_executive_villas_multan-53241232-8627-1.html
17 Marla Ultra Luxurious Designer House For Sale In Buch Executive Villas Multan,PKR 4 Crore,40000000,7,6,17 Marla,3825.0,10457,House,True,31,31Share on FacebookShare on TwitterShare on WhatsAppSend via GMailSend via E-Mail,81,Houses_Multan,for_sale,2026-07-26,https://www.zameen.com/Property/multan_buch_executive_villas_17_marla_ultra_luxurious_designer_house_for_sale_in_buch_executive_villas_multan-53241311-8627-1.html
09 Marla Ultra Luxurious Designer House For Sale In Buch Executive Villas Multan,PKR 3 Crore,30000000,6,6,9 Marla,2025.0,14814,House,True,19,19Share on FacebookShare on TwitterShare on WhatsAppSend via GMailSend via E-Mail,81,Houses_Multan,for_sale,2026-07-26,https://www.zameen.com/Property/multan_buch_executive_villas_09_marla_ultra_luxurious_designer_house_for_sale_in_buch_executive_villas_multan-53241344-8627-1.html
04 Marla Ultra Luxurious Designer House For Sale In Buch Executive Villas Multan,PKR 1.4 Crore,14000000,4,5,4 Marla,900.0,15555,House,True,33,33Share on FacebookShare on TwitterShare on WhatsAppSend via GMailSend via E-Mail,81,Houses_Multan,for_sale,2026-07-26,https://www.zameen.com/Property/multan_buch_executive_villas_04_marla_ultra_luxurious_designer_house_for_sale_in_buch_executive_villas_multan-53241475-8627-1.html
7.5 Marla Ultra Luxurious Designer House For Sale In Buch Executive Villas Multan,PKR 2.3 Crore,23000000,6,6,7.5 Marla,1687.5,13629,House,True,49,49Share on FacebookShare on TwitterShare on WhatsAppSend via GMailSend via E-Mail,81,Houses_Multan,for_sale,2026-07-26,https://www.zameen.com/Property/multan_buch_executive_villas_7_5_marla_ultra_luxurious_designer_house_for_sale_in_buch_executive_villas_multan-53244972-8627-1.html
10 Marla Ultra Luxurious Designer House For Sale In Buch Executive Villas Multan,PKR 3.6 Crore,36000000,7,6,10 Marla,2250.0,16000,House,True,34,34Share on FacebookShare on TwitterShare on WhatsAppSend via GMailSend via E-Mail,81,Houses_Multan,for_sale,2026-07-26,https://www.zameen.com/Property/multan_buch_executive_villas_10_marla_ultra_luxurious_designer_house_for_sale_in_buch_executive_villas_multan-53247402-8627-1.html
05 Marla Ultra Luxurious Designer House For Sale In Buch Executive Villas Multan,PKR 1.7 Crore,17000000,4,5,5 Marla,1125.0,15111,House,True,28,28Share on FacebookShare on TwitterShare on WhatsAppSend via GMailSend via E-Mail,81,Houses_Multan,for_sale,2026-07-26,https://www.zameen.com/Property/multan_buch_executive_villas_05_marla_ultra_luxurious_designer_house_for_sale_in_buch_executive_villas_multan-53247414-8627-1.html
DHA Multan _M Sector   3 Kanal Fully Furnished House For Sale  Double-Height TV Lounge Grand & airy ground floor lounge,PKR 20 Crore,200000000,5,6,3 Kanal,13500.0,14814,House,True,12,super hot12Share on FacebookShare on TwitterShare on WhatsAppSend via GMailSend via E-Mail,90,Houses_Multan,for_sale,2026-07-26,https://www.zameen.com/Property/dha_phase_1_dha_phase_1_-_sector_m_dha_multan_m_sector_3_kanal_fully_furnished_house_for_sale_double-height_tv_lounge_grand_airy_ground_floor_lounge-53890844-14312-1.html
20 Marla Brand New Luxury House For Sale,PKR 6.25 Crore,62500000,5,6,1 Kanal,4500.0,13888,House,True,36,super hot36Share on FacebookShare on TwitterShare on WhatsAppSend via GMailSend via E-Mail,90,Houses_Multan,for_sale,2026-07-26,https://www.zameen.com/Property/dha_phase_1_dha_phase_1_-_sector_m_20_marla_brand_new_luxury_house_for_sale-54483415-14312-1.html
"*Wapda Town Phase 1, Multan* 1 Kanal Beautiful House For Sale*",PKR 7.2 Crore,72000000,5,6,1 Kanal,4500.0,16000,House,True,26,super hot26Share on FacebookShare on TwitterShare on WhatsAppSend via GMailSend via E-Mail,90,Houses_Multan,for_sale,2026-07-26,https://www.zameen.com/Property/wapda_town_wapda_town_phase_1_wapda_town_phase_1_multan_1_kanal_beautiful_house_for_sale-54396547-5821-1.html
10 MARLA MODERN HOUSE FOR SALE Nearest To Zoo Developed Area Location Buch Villas Phase 1 Demand 350 Size 10 Marla ( Type Double),PKR 3.3 Crore,33000000,7,6,10 Marla,2250.0,14666,House,True,37,super hot37Share on FacebookShare on TwitterShare on WhatsAppSend via GMailSend via E-Mail,90,Houses_Multan,for_sale,2026-07-26,https://www.zameen.com/Property/multan_buch_executive_villas_10_marla_modern_house_for_sale_nearest_to_zoo_developed_area_location_buch_villas_phase_1_demand_350_size_10_marla_type_double-53303441-8627-1.html
One Kanal Luxurious House For Sale In DHA Multan Sector H,PKR 5.7 Crore,57000000,6,6,1 Kanal,4500.0,12666,House,True,28,super hot28Share on FacebookShare on TwitterShare on WhatsAppSend via GMailSend via E-Mail,90,Houses_Multan,for_sale,2026-07-26,https://www.zameen.com/Property/dha_phase_1_dha_phase_1_-_sector_h_one_kanal_luxurious_house_for_sale_in_dha_multan_sector_h-54386592-14307-1.html
9 Marla House for Sale in Gulgash Colony,PKR 3.1 Crore,31000000,5,6,9 Marla,2025.0,15308,House,True,15,super hot15Share on FacebookShare on TwitterShare on WhatsAppSend via GMailSend via E-Mail,90,Houses_Multan,for_sale,2026-07-26,https://www.zameen.com/Property/multan_gulgasht_colony_9_marla_house_for_sale_in_gulgash_colony-54474713-664-1.html
DHA Multan Sector M 1 Kanal House Available For Sale,PKR 5.5 Crore,55000000,5,6,1 Kanal,4500.0,12222,House,True,7,super hot7Share on FacebookShare on TwitterShare on WhatsAppSend via GMailSend via E-Mail,89,Houses_Multan,for_sale,2026-07-26,https://www.zameen.com/Property/dha_phase_1_dha_phase_1_-_sector_m_dha_multan_sector_m_1_kanal_house_available_for_sale-54417502-14312-1.html
DHA Multan 1 Kanal House Available For Sale In Sector H 'M,PKR 5.25 Crore,52500000,5,6,1 Kanal,4500.0,11666,House,True,11,super hot11Share on FacebookShare on TwitterShare on WhatsAppSend via GMailSend via E-Mail,90,Houses_Multan,for_sale,2026-07-26,https://www.zameen.com/Property/multan_dha_defence_dha_multan_1_kanal_house_available_for_sale_in_sector_h_m-54417488-8581-1.html
21 Marla Newly Construction Modern Stylish House Royal Orchard Multan!,PKR 6.5 Crore,65000000,5,7,1 Kanal,4500.0,14444,House,True,50,super hot50Share on FacebookShare on TwitterShare on WhatsAppSend via GMailSend via E-Mail,90,Houses_Multan,for_sale,2026-07-26,https://www.zameen.com/Property/multan_public_school_road_royal_orchard_21_marla_newly_construction_modern_stylish_house_royal_orchard_multan-54473236-9492-1.html
7 Marla Double Storey House- Bosan Road - Near Metro station & Metro Mart,PKR 1.69 Crore,16900000,4,5,8.4 Marla,1890.0,8941,House,True,11,super hot11VerifiedShare on FacebookShare on TwitterShare on WhatsAppSend via GMailSend via E-Mail,98,Houses_Multan,for_sale,2026-07-26,https://www.zameen.com/Property/multan_bosan_road_7_marla_double_storey_house-_bosan_road_-_near_metro_station_metro_mart-54287289-5705-1.html
10 Marla Luxury House For Sale In Buch Villas Multan,PKR 3.98 Crore,39800000,5,6,10 Marla,2250.0,17688,House,True,36,hot36Share on FacebookShare on TwitterShare on WhatsAppSend via GMailSend via E-Mail,84,Houses_Multan,for_sale,2026-07-26,https://www.zameen.com/Property/multan_buch_executive_villas_10_marla_luxury_house_for_sale_in_buch_villas_multan-54293605-8627-1.html
One Kanal Luxurious House For Sale In Dha Multan Sector H,PKR 5.2 Crore,52000000,6,6,1 Kanal,4500.0,11555,House,True,26,hot26Share on FacebookShare on TwitterShare on WhatsAppSend via GMailSend via E-Mail,84,Houses_Multan,for_sale,2026-07-26,https://www.zameen.com/Property/dha_phase_1_dha_phase_1_-_sector_h_one_kanal_luxurious_house_for_sale_in_dha_multan_sector_h-54386608-14307-1.html
Sector C 5 Marla House Available Instalments &Amp; Cash Possession Available,PKR 1.9 Crore,19000000,3,4,5 Marla,1125.0,16888,House,False,16,hot16Share on FacebookShare on TwitterShare on WhatsAppSend via GMailSend via E-Mail,84,Houses_Multan,for_sale,2026-07-26,https://www.zameen.com/Property/dha_phase_1_dha_phase_1_-_sector_c_sector_c_5_marla_house_available_instalments_amp_cash_possession_available-54225612-14302-1.html
Brand New 10 Marla House Available In DHA Phase 1 - Sector B1 For sale,PKR 3.15 Crore,31500000,5,6,10 Marla,2250.0,14000,House,False,8,hot8Share on FacebookShare on TwitterShare on WhatsAppSend via GMailSend via E-Mail,83,Houses_Multan,for_sale,2026-07-26,https://www.zameen.com/Property/dha_phase_1_dha_phase_1_-_sector_b1_brand_new_10_marla_house_available_in_dha_phase_1_-_sector_b1_for_sale-54448849-14300-1.html
Ready To Sale A Prime Location House 5.5 Marla In Buch Villas Phase 2 - Manik Block Multan,PKR 2.35 Crore,23500000,4,4,5.5 Marla,1237.5,18989,House,False,14,hot14Share on FacebookShare on TwitterShare on WhatsAppSend via GMailSend via E-Mail,84,Houses_Multan,for_sale,2026-07-26,https://www.zameen.com/Property/buch_executive_villas_phase_2_buch_villas_phase_2_-_manik_block_ready_to_sale_a_prime_location_house_5_5_marla_in_buch_villas_phase_2_-_manik_block_multan-54475367-22186-1.html
Affordable Prime Location House Available For sale In Buch Villas Phase 2 - Hamid Block,PKR 3.5 Crore,35000000,5,5,10 Marla,2250.0,15555,House,False,21,hot21Share on FacebookShare on TwitterShare on WhatsAppSend via GMailSend via E-Mail,84,Houses_Multan,for_sale,2026-07-26,https://www.zameen.com/Property/buch_executive_villas_phase_2_buch_villas_phase_2_-_hamid_block_affordable_prime_location_house_available_for_sale_in_buch_villas_phase_2_-_hamid_block-54475370-22188-1.html
Get Your Dream Prime Location 3.85 Marla House In Buch Villas Phase 2 - Manik Block Multan,PKR 1.8 Crore,18000000,4,4,3 Marla,675.0,26666,House,False,13,hot13Share on FacebookShare on TwitterShare on WhatsAppSend via GMailSend via E-Mail,84,Houses_Multan,for_sale,2026-07-26,https://www.zameen.com/Property/buch_executive_villas_phase_2_buch_villas_phase_2_-_manik_block_get_your_dream_prime_location_3_85_marla_house_in_buch_villas_phase_2_-_manik_block_multan-54475369-22186-1.html
5 Marla Modern Villa For Sale In Sector T | Easy 3-Year Installment Plan,PKR 1.2 Crore,12000000,3,4,5 Marla,1125.0,10666,House,False,,Share on FacebookShare on TwitterShare on WhatsAppSend via GMailSend via E-Mail,79,Houses_Multan,for_sale,2026-07-26,https://www.zameen.com/Property/dha_phase_1_dha_phase_1_-_sector_t_5_marla_modern_villa_for_sale_in_sector_t_easy_3-year_installment_plan-54373290-14319-1.html
6 Marla Prestige Villas Available on Easy 3-Year Installments | Prime Location | DHA Multan,PKR 2.25 Crore,22500000,3,4,6 Marla,1350.0,16666,House,False,8,8Share on FacebookShare on TwitterShare on WhatsAppSend via GMailSend via E-Mail,80,Houses_Multan,for_sale,2026-07-26,https://www.zameen.com/Property/dha_phase_1_dha_phase_1_-_sector_c_6_marla_prestige_villas_available_on_easy_3-year_installments_prime_location_dha_multan-54365135-14302-1.html
Prime Location 5 Marla House In Stunning Citi Housing - Block C Is Available For Sale,PKR 90 Lakh,9000000,2,3,5 Marla,1125.0,8000,House,False,13,13Share on FacebookShare on TwitterShare on WhatsAppSend via GMailSend via E-Mail,81,Houses_Multan,for_sale,2026-07-26,https://www.zameen.com/Property/citi_housing_phase_1_citi_housing_-_block_c_prime_location_5_marla_house_in_stunning_citi_housing_-_block_c_is_available_for_sale-54443088-17369-1.html
Royal Orchard Multan A Block 1 Kanal House Semi Furnished Available For Sale,PKR 7.5 Crore,75000000,5,5,1 Kanal,4500.0,16666,House,False,28,28Share on FacebookShare on TwitterShare on WhatsAppSend via GMailSend via E-Mail,81,Houses_Multan,for_sale,2026-07-26,https://www.zameen.com/Property/multan_public_school_road_royal_orchard_royal_orchard_multan_a_block_1_kanal_house_semi_furnished_available_for_sale-54225765-9492-1.html
Royal Orchard Multan C Block 10 Marla Modern House Also Furnished,PKR 4.9 Crore,49000000,5,6,10 Marla,2250.0,21777,House,False,19,19Share on FacebookShare on TwitterShare on WhatsAppSend via GMailSend via E-Mail,81,Houses_Multan,for_sale,2026-07-26,https://www.zameen.com/Property/multan_public_school_road_royal_orchard_royal_orchard_multan_c_block_10_marla_modern_house_also_furnished-54225732-9492-1.html
Brand New 10 Marla House Available In Wapda Town Phase 2 For Sale,PKR 3.9 Crore,39000000,5,6,10 Marla,2250.0,17333,House,False,16,16VerifiedShare on FacebookShare on TwitterShare on WhatsAppSend via GMailSend via E-Mail,89,Houses_Multan,for_sale,2026-07-26,https://www.zameen.com/Property/wapda_town_wapda_town_phase_2_brand_new_10_marla_house_available_in_wapda_town_phase_2_for_sale-54382404-5825-1.html
Your Dream Brand New 10 Marla House Is Available In Wapda Town Phase 2 - Block R,PKR 4.3 Crore,43000000,6,6,10 Marla,2250.0,19111,House,False,23,23VerifiedShare on FacebookShare on TwitterShare on WhatsAppSend via GMailSend via E-Mail,89,Houses_Multan,for_sale,2026-07-26,https://www.zameen.com/Property/wapda_town_phase_2_wapda_town_phase_2_-_block_r_your_dream_brand_new_10_marla_house_is_available_in_wapda_town_phase_2_-_block_r-54382405-14209-1.html
6 MARLA MODREN HOUSE IN BUCH VILLAS MANIK BLOCK,PKR 2.45 Crore,24500000,6,6,6 Marla,1350.0,18148,House,False,23,23VerifiedShare on FacebookShare on TwitterShare on WhatsAppSend via GMailSend via E-Mail,89,Houses_Multan,for_sale,2026-07-26,https://www.zameen.com/Property/multan_buch_executive_villas_6_marla_modren_house_in_buch_villas_manik_block-54354463-8627-1.html
20 Marla Brand New Luxury House For Sale | Royal Orchard Multan (Prime Location),PKR 7.15 Crore,71500000,5,6,1 Kanal,4500.0,15888,House,True,33,super hot33Share on FacebookShare on TwitterShare on WhatsAppSend via GMailSend via E-Mail,90,Houses_Multan,for_sale,2026-07-26,https://www.zameen.com/Property/multan_public_school_road_royal_orchard_20_marla_brand_new_luxury_house_for_sale_royal_orchard_multan_prime_location-54473598-9492-1.html
20 Marla Brand New Luxury House For Sale Royal Orchard Multan C Block (Prime Location),PKR 7 Crore,70000000,5,6,1 Kanal,4500.0,15555,House,True,39,super hot39Share on FacebookShare on TwitterShare on WhatsAppSend via GMailSend via E-Mail,90,Houses_Multan,for_sale,2026-07-26,https://www.zameen.com/Property/royal_orchard_royal_orchard_-_block_c_20_marla_brand_new_luxury_house_for_sale_royal_orchard_multan_c_block_prime_location-53559131-9496-1.html
"Royal Orchard, Multan.   20 Marla house for sale",PKR 7.5 Crore,75000000,6,6,1 Kanal,4500.0,16666,House,True,21,super hot21Share on FacebookShare on TwitterShare on WhatsAppSend via GMailSend via E-Mail,90,Houses_Multan,for_sale,2026-07-26,https://www.zameen.com/Property/royal_orchard_royal_orchard_-_executive_block_royal_orchard_multan_20_marla_house_for_sale-54040855-22439-1.html
House For Sale In Mda Coporative Phase 2,PKR 5.3 Crore,53000000,5,6,1 Kanal,4500.0,11777,House,True,37,super hot37Share on FacebookShare on TwitterShare on WhatsAppSend via GMailSend via E-Mail,90,Houses_Multan,for_sale,2026-07-26,https://www.zameen.com/Property/multan_mda_co-operative_housing_scheme_house_for_sale_in_mda_coporative_phase_2-54472050-1400-1.html
9 Marla Villa For Sale In DHA Multan Villas For Sale Slightly Used,PKR 3 Crore,30000000,4,5,9 Marla,2025.0,14814,House,True,19,super hot19Share on FacebookShare on TwitterShare on WhatsAppSend via GMailSend via E-Mail,90,Houses_Multan,for_sale,2026-07-26,https://www.zameen.com/Property/dha_defence_dha_villas_9_marla_villa_for_sale_in_dha_multan_villas_for_sale_slightly_used-52634859-14018-1.html
22 Marla Corner Extra land sports complex facing near to masjid & commercial shops house for sale demand,PKR 6 Crore,60000000,6,6,1.1 Kanal,4950.0,12121,House,True,33,super hot33Share on FacebookShare on TwitterShare on WhatsAppSend via GMailSend via E-Mail,90,Houses_Multan,for_sale,2026-07-26,https://www.zameen.com/Property/dha_phase_1_dha_phase_1_-_sector_h_22_marla_corner_extra_land_sports_complex_facing_near_to_masjid_commercial_shops_house_for_sale_demand-54409431-14307-1.html
Your Dream Facing Park 20 Marla House Is Available In DHA Phase 1 - Sector M,PKR 4.5 Crore,45000000,5,6,1 Kanal,4500.0,10000,House,True,17,super hot17Share on FacebookShare on TwitterShare on WhatsAppSend via GMailSend via E-Mail,90,Houses_Multan,for_sale,2026-07-26,https://www.zameen.com/Property/dha_phase_1_dha_phase_1_-_sector_m_your_dream_facing_park_20_marla_house_is_available_in_dha_phase_1_-_sector_m-54366132-14312-1.html
Buy A Prime Location 5 Marla House For Sale In Royal Orchard,PKR 1.87 Crore,18700000,3,4,5 Marla,1125.0,16622,House,True,19,super hot19Share on FacebookShare on TwitterShare on WhatsAppSend via GMailSend via E-Mail,90,Houses_Multan,for_sale,2026-07-26,https://www.zameen.com/Property/multan_public_school_road_royal_orchard_buy_a_prime_location_5_marla_house_for_sale_in_royal_orchard-54443021-9492-1.html
A Stunning Prime Location House Is Up For Grabs In Royal Orchard Multan,PKR 7.6 Crore,76000000,5,5,1 Kanal,4500.0,16888,House,True,34,super hot34Share on FacebookShare on TwitterShare on WhatsAppSend via GMailSend via E-Mail,90,Houses_Multan,for_sale,2026-07-26,https://www.zameen.com/Property/multan_public_school_road_royal_orchard_a_stunning_prime_location_house_is_up_for_grabs_in_royal_orchard_multan-54428289-9492-1.html
10 Marla Luxury House For Sale In Royal Orchard Multan,PKR 3.5 Crore,35000000,5,6,10 Marla,2250.0,15555,House,True,34,super hot34Share on FacebookShare on TwitterShare on WhatsAppSend via GMailSend via E-Mail,90,Houses_Multan,for_sale,2026-07-26,https://www.zameen.com/Property/multan_public_school_road_royal_orchard_10_marla_luxury_house_for_sale_in_royal_orchard_multan-54387743-9492-1.html
Reserve A Centrally Located House In DHA Villas,PKR 3.45 Crore,34500000,4,5,12 Marla,2700.0,12777,House,True,5,hot5VerifiedShare on FacebookShare on TwitterShare on WhatsAppSend via GMailSend via E-Mail,91,Houses_Multan,for_sale,2026-07-26,https://www.zameen.com/Property/dha_defence_dha_villas_reserve_a_centrally_located_house_in_dha_villas-54418579-14018-1.html
Get In Touch Now To Buy A Good Location House In DHA Villas Multan,PKR 2.9 Crore,29000000,4,5,9 Marla,2025.0,14320,House,True,5,hot5VerifiedShare on FacebookShare on TwitterShare on WhatsAppSend via GMailSend via E-Mail,91,Houses_Multan,for_sale,2026-07-26,https://www.zameen.com/Property/dha_defence_dha_villas_get_in_touch_now_to_buy_a_good_location_house_in_dha_villas_multan-54350916-14018-1.html
Prime Location 10 marla House,PKR 3.2 Crore,32000000,5,6,10 Marla,2250.0,14222,House,False,18,hot18Share on FacebookShare on TwitterShare on WhatsAppSend via GMailSend via E-Mail,84,Houses_Multan,for_sale,2026-07-26,https://www.zameen.com/Property/multan_buch_executive_villas_prime_location_10_marla_house-54407047-8627-1.html
House Is Available For Sale,PKR 3.25 Crore,32500000,5,5,10 Marla,2250.0,14444,House,False,50,hot50VerifiedShare on FacebookShare on TwitterShare on WhatsAppSend via GMailSend via E-Mail,92,Houses_Multan,for_sale,2026-07-26,https://www.zameen.com/Property/wapda_town_wapda_town_phase_1_house_is_available_for_sale-52636270-5821-1.html
Double Storey 7 Marla House Available In Fatima Avenue For sale,PKR 2.35 Crore,23500000,4,4,7 Marla,1575.0,14920,House,False,7,hot7VerifiedShare on FacebookShare on TwitterShare on WhatsAppSend via GMailSend via E-Mail,91,Houses_Multan,for_sale,2026-07-26,https://www.zameen.com/Property/multan_public_school_road_fatima_avenue_double_storey_7_marla_house_available_in_fatima_avenue_for_sale-54149436-21808-1.html
House Of 8 Marla Available In ATC Villas,PKR 3 Crore,30000000,4,4,8 Marla,1800.0,16666,House,False,6,hot6Share on FacebookShare on TwitterShare on WhatsAppSend via GMailSend via E-Mail,83,Houses_Multan,for_sale,2026-07-26,https://www.zameen.com/Property/dha_phase_1_atc_villas_house_of_8_marla_available_in_atc_villas-53931694-22408-1.html
Brand New 5 Marla House Available In Royal Orchard For sale,PKR 2 Crore,20000000,3,4,5 Marla,1125.0,17777,House,False,26,hot26Share on FacebookShare on TwitterShare on WhatsAppSend via GMailSend via E-Mail,84,Houses_Multan,for_sale,2026-07-26,https://www.zameen.com/Property/multan_public_school_road_royal_orchard_brand_new_5_marla_house_available_in_royal_orchard_for_sale-54151296-9492-1.html
Royal Orchard Multan C Block 10 Marla Modern House Also Furnished,PKR 4.9 Crore,49000000,5,6,10 Marla,2250.0,21777,House,False,19,19VerifiedShare on FacebookShare on TwitterShare on WhatsAppSend via GMailSend via E-Mail,89,Houses_Multan,for_sale,2026-07-26,https://www.zameen.com/Property/multan_public_school_road_royal_orchard_royal_orchard_multan_c_block_10_marla_modern_house_also_furnished-54354462-9492-1.html
Brand New 5 Marla House Available In Royal Orchard - Block F For Sale,PKR 2.1 Crore,21000000,3,4,5 Marla,1125.0,18666,House,False,16,16VerifiedShare on FacebookShare on TwitterShare on WhatsAppSend via GMailSend via E-Mail,89,Houses_Multan,for_sale,2026-07-26,https://www.zameen.com/Property/royal_orchard_royal_orchard_-_block_f_brand_new_5_marla_house_available_in_royal_orchard_-_block_f_for_sale-54354460-9499-1.html
10 Marla Brand New Double Storey Luxurious House Available For Sale,PKR 3.3 Crore,33000000,5,6,10 Marla,2250.0,14666,House,True,24,24Share on FacebookShare on TwitterShare on WhatsAppSend via GMailSend via E-Mail,81,Houses_Multan,for_sale,2026-07-26,https://www.zameen.com/Property/multan_buch_executive_villas_10_marla_brand_new_double_storey_luxurious_house_available_for_sale-49397444-8627-1.html
7 Marla Luxurious Gated Colony Brand New Double Story House For Sale Bosan Road,PKR 2.1 Crore,21000000,6,6,7 Marla,1575.0,13333,House,True,26,26Share on FacebookShare on TwitterShare on WhatsAppSend via GMailSend via E-Mail,81,Houses_Multan,for_sale,2026-07-26,https://www.zameen.com/Property/multan_bosan_road_7_marla_luxurious_gated_colony_brand_new_double_story_house_for_sale_bosan_road-53077051-5705-1.html
4 Marla Double Story Brand New House For sale Bahadarpur,PKR 1.05 Crore,10500000,3,4,4 Marla,900.0,11666,House,True,15,15Share on FacebookShare on TwitterShare on WhatsAppSend via GMailSend via E-Mail,81,Houses_Multan,for_sale,2026-07-26,https://www.zameen.com/Property/multan_bahadurpur_4_marla_double_story_brand_new_house_for_sale_bahadarpur-53864827-8620-1.html
10 Marla Double Story Ultra Modern Luxury's House For Sale In Northern Bypass,PKR 3.2 Crore,32000000,6,6,10 Marla,2250.0,14222,House,True,23,23Share on FacebookShare on TwitterShare on WhatsAppSend via GMailSend via E-Mail,81,Houses_Multan,for_sale,2026-07-26,https://www.zameen.com/Property/multan_northern_bypass_10_marla_double_story_ultra_modern_luxury_s_house_for_sale_in_northern_bypass-53866058-8731-1.html
Facing Park House Of 20 Marla Available In Wapda Town Phase 2,PKR 6.9 Crore,69000000,5,6,1 Kanal,4500.0,15333,House,False,20,20Share on FacebookShare on TwitterShare on WhatsAppSend via GMailSend via E-Mail,81,Houses_Multan,for_sale,2026-07-26,https://www.zameen.com/Property/wapda_town_wapda_town_phase_2_facing_park_house_of_20_marla_available_in_wapda_town_phase_2-54428290-5825-1.html
"5 Marla Brand New Luxury House For Sale In Buch Villas, Multan",PKR 2.08 Crore,20800000,4,6,5 Marla,1125.0,18488,House,False,14,14Share on FacebookShare on TwitterShare on WhatsAppSend via GMailSend via E-Mail,81,Houses_Multan,for_sale,2026-07-26,https://www.zameen.com/Property/buch_executive_villas_buch_executive_villas_-_phase_2_5_marla_brand_new_luxury_house_for_sale_in_buch_villas_multan-54517813-19720-1.html
Semi Furnished 20 Marla House Available In Royal Orchard For sale,PKR 7.15 Crore,71500000,5,6,1 Kanal,4500.0,15888,House,True,38,super hot38VerifiedShare on FacebookShare on TwitterShare on WhatsAppSend via GMailSend via E-Mail,98,Houses_Multan,for_sale,2026-07-26,https://www.zameen.com/Property/multan_public_school_road_royal_orchard_semi_furnished_20_marla_house_available_in_royal_orchard_for_sale-54392198-9492-1.html
5.5 Marla Brand New Luxury House For Sale in Wapda Town Phase 1,PKR 2.5 Crore,25000000,4,5,5.5 Marla,1237.5,20202,House,True,38,super hot38Share on FacebookShare on TwitterShare on WhatsAppSend via GMailSend via E-Mail,90,Houses_Multan,for_sale,2026-07-26,https://www.zameen.com/Property/wapda_town_wapda_town_phase_1_5_5_marla_brand_new_luxury_house_for_sale_in_wapda_town_phase_1-54425196-5821-1.html
1 Kanal Brand New house available for sale,PKR 7.25 Crore,72500000,6,6,1 Kanal,4500.0,16111,House,True,40,super hot40Share on FacebookShare on TwitterShare on WhatsAppSend via GMailSend via E-Mail,90,Houses_Multan,for_sale,2026-07-26,https://www.zameen.com/Property/wapda_town_wapda_town_phase_1_1_kanal_brand_new_house_available_for_sale-54401745-5821-1.html
5 Marle House Available For Sale,PKR 1.35 Crore,13500000,4,5,5 Marla,1125.0,12000,House,True,12,super hot12Share on FacebookShare on TwitterShare on WhatsAppSend via GMailSend via E-Mail,90,Houses_Multan,for_sale,2026-07-26,https://www.zameen.com/Property/citi_housing_phase_1_citi_housing_-_block_c_5_marle_house_available_for_sale-53959337-17369-1.html
20 Marla Stylish Spanish House Royal Orchard Multan Excellent Location,PKR 6.5 Crore,65000000,6,7,1 Kanal,4500.0,14444,House,True,48,super hot48Share on FacebookShare on TwitterShare on WhatsAppSend via GMailSend via E-Mail,90,Houses_Multan,for_sale,2026-07-26,https://www.zameen.com/Property/multan_public_school_road_royal_orchard_20_marla_stylish_spanish_house_royal_orchard_multan_excellent_location-54438888-9492-1.html
Well-constructed Semi Furnished House Available For sale In Royal Orchard - Block E,PKR 7.15 Crore,71500000,5,6,1 Kanal,4500.0,15888,House,True,28,super hot28VerifiedShare on FacebookShare on TwitterShare on WhatsAppSend via GMailSend via E-Mail,98,Houses_Multan,for_sale,2026-07-26,https://www.zameen.com/Property/royal_orchard_royal_orchard_-_block_e_well-constructed_semi_furnished_house_available_for_sale_in_royal_orchard_-_block_e-54437702-9497-1.html
Brand New 20 Marla House Available In Royal Orchard - Block A For Sale,PKR 7.5 Crore,75000000,5,6,1 Kanal,4500.0,16666,House,True,23,super hot23VerifiedShare on FacebookShare on TwitterShare on WhatsAppSend via GMailSend via E-Mail,98,Houses_Multan,for_sale,2026-07-26,https://www.zameen.com/Property/royal_orchard_royal_orchard_-_block_a_brand_new_20_marla_house_available_in_royal_orchard_-_block_a_for_sale-54437701-9494-1.html
5 Marla Most Luxurious Ultra Modern Corner House Available For Sale At Prime Location,PKR 1.99 Crore,19900000,4,5,5 Marla,1125.0,17688,House,True,28,super hot28Share on FacebookShare on TwitterShare on WhatsAppSend via GMailSend via E-Mail,90,Houses_Multan,for_sale,2026-07-26,https://www.zameen.com/Property/multan_buch_executive_villas_5_marla_most_luxurious_ultra_modern_corner_house_available_for_sale_at_prime_location-53784018-8627-1.html
To sale You Can Find Spacious Prime Location House In Wapda Town Phase 1 - Block D,PKR 2.5 Crore,25000000,4,4,5 Marla,1125.0,22222,House,True,26,super hot261VerifiedShare on FacebookShare on TwitterShare on WhatsAppSend via GMailSend via E-Mail,99,Houses_Multan,for_sale,2026-07-26,https://www.zameen.com/Property/wapda_town_phase_1_wapda_town_phase_1_-_block_d_to_sale_you_can_find_spacious_prime_location_house_in_wapda_town_phase_1_-_block_d-54402617-14203-1.html
10 Marla House Available For Sale In Buch Executive Villas,PKR 3.15 Crore,31500000,4,5,10 Marla,2250.0,14000,House,True,13,super hot13Share on FacebookShare on TwitterShare on WhatsAppSend via GMailSend via E-Mail,90,Houses_Multan,for_sale,2026-07-26,https://www.zameen.com/Property/multan_buch_executive_villas_10_marla_house_available_for_sale_in_buch_executive_villas-54400471-8627-1.html
8 Marla category Grey-Structure House available on 60'ft Road Facing Close to Main Commercial Big Park and Mosque,PKR 1.55 Crore,15500000,5,5,8 Marla,1800.0,8611,House,True,2,hot2Share on FacebookShare on TwitterShare on WhatsAppSend via GMailSend via E-Mail,83,Houses_Multan,for_sale,2026-07-26,https://www.zameen.com/Property/dha_phase_1_dha_phase_1_-_sector_v_8_marla_category_grey-structure_house_available_on_60_ft_road_facing_close_to_main_commercial_big_park_and_mosque-54516107-14321-1.html
4.5 Marla Villa'S Available In New Naqshband Colony MULTAN,PKR 95 Lakh,9500000,3,3,4.5 Marla,1012.5,9382,House,True,,hotShare on FacebookShare on TwitterShare on WhatsAppSend via GMailSend via E-Mail,82,Houses_Multan,for_sale,2026-07-26,https://www.zameen.com/Property/multan_rasheedabad_4_5_marla_villa_s_available_in_new_naqshband_colony_multan-54306468-8690-1.html
10 Marla Brand New House For Sale in Royal Orchard Multan | Demand 3.80 Crore*,PKR 3.8 Crore,38000000,5,6,10 Marla,2250.0,16888,House,False,39,hot39Share on FacebookShare on TwitterShare on WhatsAppSend via GMailSend via E-Mail,84,Houses_Multan,for_sale,2026-07-26,https://www.zameen.com/Property/multan_public_school_road_royal_orchard_10_marla_brand_new_house_for_sale_in_royal_orchard_multan_demand_3_80_crore-54504984-9492-1.html
Fully Furnished 7 Marla House For Sale In Serene Villas Multan,PKR 2.9 Crore,29000000,3,4,7 Marla,1575.0,18412,House,False,43,hot43Share on FacebookShare on TwitterShare on WhatsAppSend via GMailSend via E-Mail,84,Houses_Multan,for_sale,2026-07-26,https://www.zameen.com/Property/jinnah_avenue_serene_villas_fully_furnished_7_marla_house_for_sale_in_serene_villas_multan-53950269-22097-1.html
Well-Constructed Brand New House Available For Sale In Nawabpur Road,PKR 95 Lakh,9500000,3,3,3 Marla,675.0,14074,House,False,6,hot6VerifiedShare on FacebookShare on TwitterShare on WhatsAppSend via GMailSend via E-Mail,91,Houses_Multan,for_sale,2026-07-26,https://www.zameen.com/Property/multan_nawabpur_road_well-constructed_brand_new_house_available_for_sale_in_nawabpur_road-54454167-8728-1.html
A Palatial Residence For Sale In Royal Orchard - Block G Multan,PKR 1.45 Crore,14500000,3,4,5 Marla,1125.0,12888,House,False,14,hot14VerifiedShare on FacebookShare on TwitterShare on WhatsAppSend via GMailSend via E-Mail,92,Houses_Multan,for_sale,2026-07-26,https://www.zameen.com/Property/royal_orchard_royal_orchard_-_block_g_a_palatial_residence_for_sale_in_royal_orchard_-_block_g_multan-54454944-9500-1.html
Well-Constructed Brand New House Available For Sale In DHA Phase 1 - Sector B1,PKR 3.2 Crore,32000000,4,5,10 Marla,2250.0,14222,House,False,25,hot25VerifiedShare on FacebookShare on TwitterShare on WhatsAppSend via GMailSend via E-Mail,92,Houses_Multan,for_sale,2026-07-26,https://www.zameen.com/Property/dha_phase_1_dha_phase_1_-_sector_b1_well-constructed_brand_new_house_available_for_sale_in_dha_phase_1_-_sector_b1-54476550-14300-1.html
5 Marla Triple Storey Beautiful Luxury House For Sale In Buch Vilas Multan,PKR 2.15 Crore,21500000,5,5,5 Marla,1125.0,19111,House,False,16,16Share on FacebookShare on TwitterShare on WhatsAppSend via GMailSend via E-Mail,81,Houses_Multan,for_sale,2026-07-26,https://www.zameen.com/Property/buch_executive_villas_phase_2_buch_villas_phase_2_-_manik_block_5_marla_triple_storey_beautiful_luxury_house_for_sale_in_buch_vilas_multan-54352636-22186-1.html
10 Marla Luxurious House For Sale In Buch Villas Multan,PKR 3.7 Crore,37000000,5,6,10 Marla,2250.0,16444,House,False,25,25Share on FacebookShare on TwitterShare on WhatsAppSend via GMailSend via E-Mail,81,Houses_Multan,for_sale,2026-07-26,https://www.zameen.com/Property/multan_buch_executive_villas_10_marla_luxurious_house_for_sale_in_buch_villas_multan-54446761-8627-1.html
One Kanal Luxurious House For Sale In Royal Orchard Multan,PKR 6.98 Crore,69800000,5,6,1 Kanal,4500.0,15511,House,False,12,12Share on FacebookShare on TwitterShare on WhatsAppSend via GMailSend via E-Mail,81,Houses_Multan,for_sale,2026-07-26,https://www.zameen.com/Property/multan_public_school_road_royal_orchard_one_kanal_luxurious_house_for_sale_in_royal_orchard_multan-54436720-9492-1.html
9 Marla Luxury House For Sale In Buch Villas Multan,PKR 3.7 Crore,37000000,5,6,9 Marla,2025.0,18271,House,False,38,38Share on FacebookShare on TwitterShare on WhatsAppSend via GMailSend via E-Mail,81,Houses_Multan,for_sale,2026-07-26,https://www.zameen.com/Property/multan_buch_executive_villas_9_marla_luxury_house_for_sale_in_buch_villas_multan-54436622-8627-1.html
11 Marla Luxurious House For Sale In Buch Villas Multan,PKR 4.1 Crore,41000000,6,6,11 Marla,2475.0,16565,House,False,27,27Share on FacebookShare on TwitterShare on WhatsAppSend via GMailSend via E-Mail,81,Houses_Multan,for_sale,2026-07-26,https://www.zameen.com/Property/multan_buch_executive_villas_11_marla_luxurious_house_for_sale_in_buch_villas_multan-54406181-8627-1.html
10 Marla Luxurious House For Sale In Royal Orchard Multan,PKR 3.75 Crore,37500000,5,6,10 Marla,2250.0,16666,House,False,10,10Share on FacebookShare on TwitterShare on WhatsAppSend via GMailSend via E-Mail,81,Houses_Multan,for_sale,2026-07-26,https://www.zameen.com/Property/multan_public_school_road_royal_orchard_10_marla_luxurious_house_for_sale_in_royal_orchard_multan-54393729-9492-1.html
5 Marla Luxurious House For Sale In Buch Villas Multan,PKR 2.2 Crore,22000000,4,5,5 Marla,1125.0,19555,House,False,25,25Share on FacebookShare on TwitterShare on WhatsAppSend via GMailSend via E-Mail,81,Houses_Multan,for_sale,2026-07-26,https://www.zameen.com/Property/multan_buch_executive_villas_5_marla_luxurious_house_for_sale_in_buch_villas_multan-54388648-8627-1.html
Brand New 20 Marla House Available In DHA Phase 1 - Sector M For sale,PKR 5.8 Crore,58000000,5,6,1 Kanal,4500.0,12888,House,False,20,20VerifiedShare on FacebookShare on TwitterShare on WhatsAppSend via GMailSend via E-Mail,89,Houses_Multan,for_sale,2026-07-26,https://www.zameen.com/Property/dha_phase_1_dha_phase_1_-_sector_m_brand_new_20_marla_house_available_in_dha_phase_1_-_sector_m_for_sale-54384807-14312-1.html
Brand New 20 Marla House For Sale In DHA Phase 1 - Sector M Multan,PKR 4.75 Crore,47500000,5,6,1 Kanal,4500.0,10555,House,True,14,super hot14VerifiedShare on FacebookShare on TwitterShare on WhatsAppSend via GMailSend via E-Mail,98,Houses_Multan,for_sale,2026-07-26,https://www.zameen.com/Property/dha_phase_1_dha_phase_1_-_sector_m_brand_new_20_marla_house_for_sale_in_dha_phase_1_-_sector_m_multan-54255574-14312-1.html
10 Marla Beautiful Villa For Sale In Buch Villas,PKR 3.65 Crore,36500000,4,4,10 Marla,2250.0,16222,House,True,12,super hot12Share on FacebookShare on TwitterShare on WhatsAppSend via GMailSend via E-Mail,90,Houses_Multan,for_sale,2026-07-26,https://www.zameen.com/Property/multan_buch_executive_villas_10_marla_beautiful_villa_for_sale_in_buch_villas-54426770-8627-1.html
1 Kanal Brand New Luxurious Double Story Spanish Park Facing House Available For Sell In Wapda Town Phase 2,PKR 6.9 Crore,69000000,5,5,1 Kanal,4500.0,15333,House,True,24,super hot24Share on FacebookShare on TwitterShare on WhatsAppSend via GMailSend via E-Mail,90,Houses_Multan,for_sale,2026-07-26,https://www.zameen.com/Property/wapda_town_wapda_town_phase_2_1_kanal_brand_new_luxurious_double_story_spanish_park_facing_house_available_for_sell_in_wapda_town_phase_2-54424119-5825-1.html
SECTOR- N 1 KANAL NEO-CLASSICAL DESIGN GREY STRUCTURE AVAILABLE FOR SALE,PKR 3 Crore,30000000,6,6,1 Kanal,4500.0,6666,House,True,3,hot3Share on FacebookShare on TwitterShare on WhatsAppSend via GMailSend via E-Mail,83,Houses_Multan,for_sale,2026-07-26,https://www.zameen.com/Property/multan_dha_defence_sector-_n_1_kanal_neo-classical_design_grey_structure_available_for_sale-54432188-8581-1.html
DHA 12 MARLA VILLA 4 BED AVAILABLE,PKR 3.45 Crore,34500000,3,5,12 Marla,2700.0,12777,House,True,13,hot13Share on FacebookShare on TwitterShare on WhatsAppSend via GMailSend via E-Mail,84,Houses_Multan,for_sale,2026-07-26,https://www.zameen.com/Property/dha_defence_dha_villas_dha_12_marla_villa_4_bed_available-54409225-14018-1.html
"*Alfalah Model City, Multan*  *5 Marla Most Beautiful House for Sale*",PKR 1.45 Crore,14500000,5,6,5 Marla,1125.0,12888,House,True,21,hot21Share on FacebookShare on TwitterShare on WhatsAppSend via GMailSend via E-Mail,84,Houses_Multan,for_sale,2026-07-26,https://www.zameen.com/Property/multan_al_falah_modern_city_alfalah_model_city_multan_5_marla_most_beautiful_house_for_sale-54511963-8615-1.html
5 Marla Good Location Beautiful Modern Elevation House For Sale Buch Executive Villas,PKR 1.77 Crore,17700000,4,5,5 Marla,1125.0,15733,House,True,26,hot26Share on FacebookShare on TwitterShare on WhatsAppSend via GMailSend via E-Mail,84,Houses_Multan,for_sale,2026-07-26,https://www.zameen.com/Property/buch_executive_villas_buch_executive_villas_-_phase_1_5_marla_good_location_beautiful_modern_elevation_house_for_sale_buch_executive_villas-52866289-19719-1.html
Teacher colony phase 2,PKR 4.15 Crore,41500000,5,5,17 Marla,3825.0,10849,House,True,20,hot20Share on FacebookShare on TwitterShare on WhatsAppSend via GMailSend via E-Mail,84,Houses_Multan,for_sale,2026-07-26,https://www.zameen.com/Property/multan_public_school_road_teachers_colony_teacher_colony_phase_2-54375797-12478-1.html
Royal Orchid Multan 10 Marla Fully Ultra Modern And Luxurious House,PKR 3.5 Crore,35000000,6,5,10 Marla,2250.0,15555,House,True,32,hot32Share on FacebookShare on TwitterShare on WhatsAppSend via GMailSend via E-Mail,84,Houses_Multan,for_sale,2026-07-26,https://www.zameen.com/Property/multan_public_school_road_royal_orchard_royal_orchid_multan_10_marla_fully_ultra_modern_and_luxurious_house-53525052-9492-1.html
Shalimar Colony Multan 5 Marla Pair Double Story House For Sale Fully Ultra Modern And Luxurious House,PKR 1.45 Crore,14500000,4,5,5 Marla,1125.0,12888,House,True,25,hot25Share on FacebookShare on TwitterShare on WhatsAppSend via GMailSend via E-Mail,84,Houses_Multan,for_sale,2026-07-26,https://www.zameen.com/Property/multan_shalimar_colony_shalimar_colony_multan_5_marla_pair_double_story_house_for_sale_fully_ultra_modern_and_luxurious_house-53605968-346-1.html
5 Marla Ultra Modern Luxurious House for Sale on MPS Road,PKR 1.55 Crore,15500000,4,5,5 Marla,1125.0,13777,House,True,24,hot24Share on FacebookShare on TwitterShare on WhatsAppSend via GMailSend via E-Mail,84,Houses_Multan,for_sale,2026-07-26,https://www.zameen.com/Property/multan_multan_public_school_road_5_marla_ultra_modern_luxurious_house_for_sale_on_mps_road-53619821-8902-1.html
6 Marla Brand New Double Storey House For Sale In Outstanding Location of Gulgasht Colony,PKR 1.9 Crore,19000000,5,6,6 Marla,1350.0,14074,House,True,16,hot16Share on FacebookShare on TwitterShare on WhatsAppSend via GMailSend via E-Mail,84,Houses_Multan,for_sale,2026-07-26,https://www.zameen.com/Property/multan_gulgasht_colony_6_marla_brand_new_double_storey_house_for_sale_in_outstanding_location_of_gulgasht_colony-53869645-664-1.html
23 Marla house Mehmoodabad Multan,PKR 46 Crore,460000000,3,4,23 Kanal,103500.0,4444,House,False,14,hot14Share on FacebookShare on TwitterShare on WhatsAppSend via GMailSend via E-Mail,84,Houses_Multan,for_sale,2026-07-26,https://www.zameen.com/Property/multan_khanewal_road_23_marla_house_mehmoodabad_multan-54520328-5762-1.html
14 Marla double Story Corner Home for sale,PKR 3.2 Crore,32000000,3,4,14 Marla,3150.0,10158,House,False,16,hot16Share on FacebookShare on TwitterShare on WhatsAppSend via GMailSend via E-Mail,84,Houses_Multan,for_sale,2026-07-26,https://www.zameen.com/Property/multan_katchehry_road_14_marla_double_story_corner_home_for_sale-54520286-8662-1.html
Prime Location 1 Kanal House For Sale DHA Multan Sector M,PKR 6.25 Crore,62500000,5,6,1 Kanal,4500.0,13888,House,False,29,hot29Share on FacebookShare on TwitterShare on WhatsAppSend via GMailSend via E-Mail,84,Houses_Multan,for_sale,2026-07-26,https://www.zameen.com/Property/dha_phase_1_dha_phase_1_-_sector_m_prime_location_1_kanal_house_for_sale_dha_multan_sector_m-54496566-14312-1.html
3 Marla New Double Storey Kothi Rashedabad For Sale,PKR 90 Lakh,9000000,3,3,3 Marla,675.0,13333,House,False,28,hot28Share on FacebookShare on TwitterShare on WhatsAppSend via GMailSend via E-Mail,84,Houses_Multan,for_sale,2026-07-26,https://www.zameen.com/Property/multan_rasheedabad_3_marla_new_double_storey_kothi_rashedabad_for_sale-54517480-8690-1.html
"13 Marla Luxury House For Sale In Buch Villas, Multan",PKR 4.5 Crore,45000000,6,6,13 Marla,2925.0,15384,House,False,9,hot9Share on FacebookShare on TwitterShare on WhatsAppSend via GMailSend via E-Mail,83,Houses_Multan,for_sale,2026-07-26,https://www.zameen.com/Property/multan_buch_executive_villas_13_marla_luxury_house_for_sale_in_buch_villas_multan-54495919-8627-1.html
10 Marla Luxury House For Sale In Royal Orchard Multan,PKR 3.5 Crore,35000000,5,6,10 Marla,2250.0,15555,House,False,26,26Share on FacebookShare on TwitterShare on WhatsAppSend via GMailSend via E-Mail,81,Houses_Multan,for_sale,2026-07-26,https://www.zameen.com/Property/multan_public_school_road_royal_orchard_10_marla_luxury_house_for_sale_in_royal_orchard_multan-54383629-9492-1.html
Brand New 5 Marla House For sale In Buch Executive Villas Buch Executive Villas,PKR 2.2 Crore,22000000,4,5,5 Marla,1125.0,19555,House,False,20,20VerifiedShare on FacebookShare on TwitterShare on WhatsAppSend via GMailSend via E-Mail,89,Houses_Multan,for_sale,2026-07-26,https://www.zameen.com/Property/multan_buch_executive_villas_brand_new_5_marla_house_for_sale_in_buch_executive_villas_buch_executive_villas-54383401-8627-1.html
One Kanal Modern Designer House For Sale In Royal Orchard Multan,PKR 7.5 Crore,75000000,5,6,1 Kanal,4500.0,16666,House,False,50,50Share on FacebookShare on TwitterShare on WhatsAppSend via GMailSend via E-Mail,81,Houses_Multan,for_sale,2026-07-26,https://www.zameen.com/Property/multan_public_school_road_royal_orchard_one_kanal_modern_designer_house_for_sale_in_royal_orchard_multan-54383339-9492-1.html
10 Marla Luxury House For Sale In Royal Orchard Multan,PKR 3.8 Crore,38000000,5,6,10 Marla,2250.0,16888,House,False,21,21Share on FacebookShare on TwitterShare on WhatsAppSend via GMailSend via E-Mail,81,Houses_Multan,for_sale,2026-07-26,https://www.zameen.com/Property/multan_public_school_road_royal_orchard_10_marla_luxury_house_for_sale_in_royal_orchard_multan-54383319-9492-1.html
"Ideal 5 Marla House Has Landed On Market In Buch Villas Phase 2 - Manik Block, Multan",PKR 2.1 Crore,21000000,4,5,5 Marla,1125.0,18666,House,False,17,17Share on FacebookShare on TwitterShare on WhatsAppSend via GMailSend via E-Mail,81,Houses_Multan,for_sale,2026-07-26,https://www.zameen.com/Property/buch_executive_villas_phase_2_buch_villas_phase_2_-_manik_block_ideal_5_marla_house_has_landed_on_market_in_buch_villas_phase_2_-_manik_block_multan-54491029-22186-1.html
5 Marla House Up For Sale In Buch Executive Villas,PKR 1.95 Crore,19500000,4,5,5 Marla,1125.0,17333,House,True,17,17Share on FacebookShare on TwitterShare on WhatsAppSend via GMailSend via E-Mail,81,Houses_Multan,for_sale,2026-07-26,https://www.zameen.com/Property/multan_buch_executive_villas_5_marla_house_up_for_sale_in_buch_executive_villas-52867133-8627-1.html
Prime Location Buch Executive Villas House Sized 5 Marla Is Available,PKR 1.98 Crore,19800000,4,5,5 Marla,1125.0,17600,House,True,24,24Share on FacebookShare on TwitterShare on WhatsAppSend via GMailSend via E-Mail,81,Houses_Multan,for_sale,2026-07-26,https://www.zameen.com/Property/multan_buch_executive_villas_prime_location_buch_executive_villas_house_sized_5_marla_is_available-52871024-8627-1.html
10 Marla Modern Designer Luxurious House For Sale In Buch Villas Multan,PKR 3.7 Crore,37000000,6,6,10 Marla,2250.0,16444,House,True,32,32Share on FacebookShare on TwitterShare on WhatsAppSend via GMailSend via E-Mail,81,Houses_Multan,for_sale,2026-07-26,https://www.zameen.com/Property/multan_buch_executive_villas_10_marla_modern_designer_luxurious_house_for_sale_in_buch_villas_multan-52935498-8627-1.html
6 Marla Corner Triple Storey Manik Block Buch Villas,PKR 2.15 Crore,21500000,5,6,6 Marla,1350.0,15925,House,True,30,hot30Share on FacebookShare on TwitterShare on WhatsAppSend via GMailSend via E-Mail,84,Houses_Multan,for_sale,2026-07-26,https://www.zameen.com/Property/multan_buch_executive_villas_6_marla_corner_triple_storey_manik_block_buch_villas-54137814-8627-1.html
20 Marla Brand New Luxury House For Sale | Royal Orchard Multan (Prime Location),PKR 7.15 Crore,71500000,5,6,1 Kanal,4500.0,15888,House,True,33,hot33Share on FacebookShare on TwitterShare on WhatsAppSend via GMailSend via E-Mail,84,Houses_Multan,for_sale,2026-07-26,https://www.zameen.com/Property/multan_public_school_road_royal_orchard_20_marla_brand_new_luxury_house_for_sale_royal_orchard_multan_prime_location-54392526-9492-1.html
*3 Marla Beautiful House for Sale*,PKR 1.1 Crore,11000000,3,4,3 Marla,675.0,16296,House,True,16,hot16Share on FacebookShare on TwitterShare on WhatsAppSend via GMailSend via E-Mail,84,Houses_Multan,for_sale,2026-07-26,https://www.zameen.com/Property/multan_multan_public_school_road_3_marla_beautiful_house_for_sale-54479637-8902-1.html
Prime Location House Of 7 Marla Available For Sale In Buch Villas Phase 2 - Manik Block,PKR 2.95 Crore,29500000,5,6,7 Marla,1575.0,18730,House,True,49,hot49Share on FacebookShare on TwitterShare on WhatsAppSend via GMailSend via E-Mail,84,Houses_Multan,for_sale,2026-07-26,https://www.zameen.com/Property/buch_executive_villas_phase_2_buch_villas_phase_2_-_manik_block_prime_location_house_of_7_marla_available_for_sale_in_buch_villas_phase_2_-_manik_block-52948197-22186-1.html
20 Marla Luxury House DHA House For Sale,PKR 4.25 Crore,42500000,6,6,1 Kanal,4500.0,9444,House,True,12,hot12Share on FacebookShare on TwitterShare on WhatsAppSend via GMailSend via E-Mail,84,Houses_Multan,for_sale,2026-07-26,https://www.zameen.com/Property/dha_phase_1_dha_phase_1_-_sector_m_20_marla_luxury_house_dha_house_for_sale-53463793-14312-1.html
A Prime Location 7.5 Marla House In Buch Executive Villas Is On The Market For Sale,PKR 2.5 Crore,25000000,5,6,7.5 Marla,1687.5,14814,House,True,9,hot9Share on FacebookShare on TwitterShare on WhatsAppSend via GMailSend via E-Mail,83,Houses_Multan,for_sale,2026-07-26,https://www.zameen.com/Property/multan_buch_executive_villas_a_prime_location_7_5_marla_house_in_buch_executive_villas_is_on_the_market_for_sale-53716642-8627-1.html
5 Marla Brand New Spanish House Available For Sale in Gated Community In shalimar,PKR 1.25 Crore,12500000,4,5,5 Marla,1125.0,11111,House,True,30,hot30Share on FacebookShare on TwitterShare on WhatsAppSend via GMailSend via E-Mail,84,Houses_Multan,for_sale,2026-07-26,https://www.zameen.com/Property/model_town_model_town_-_block_b_5_marla_brand_new_spanish_house_available_for_sale_in_gated_community_in_shalimar-53400091-5773-1.html
7.5 Marla Brand New Double Storey House Available For Sale Near To Model Town & Northern Bypass,PKR 2.2 Crore,22000000,5,6,7.5 Marla,1687.5,13037,House,True,33,hot33Share on FacebookShare on TwitterShare on WhatsAppSend via GMailSend via E-Mail,84,Houses_Multan,for_sale,2026-07-26,https://www.zameen.com/Property/model_town_model_town_-_block_b_7_5_marla_brand_new_double_storey_house_available_for_sale_near_to_model_town_northern_bypass-54184755-5773-1.html
6 Marla Brand New A Class Construction House Available For Sale At Bosan Road Near Punjab College,PKR 1.75 Crore,17500000,5,6,6 Marla,1350.0,12962,House,True,36,hot36Share on FacebookShare on TwitterShare on WhatsAppSend via GMailSend via E-Mail,84,Houses_Multan,for_sale,2026-07-26,https://www.zameen.com/Property/multan_bosan_road_6_marla_brand_new_a_class_construction_house_available_for_sale_at_bosan_road_near_punjab_college-54127862-5705-1.html
6 Marla Brand New Corner Double Storey House Available For Sale In Gated Society At Mps Road & Multan Avenue,PKR 2.15 Crore,21500000,4,5,6 Marla,1350.0,15925,House,True,46,hot46Share on FacebookShare on TwitterShare on WhatsAppSend via GMailSend via E-Mail,84,Houses_Multan,for_sale,2026-07-26,https://www.zameen.com/Property/multan_multan_public_school_road_6_marla_brand_new_corner_double_storey_house_available_for_sale_in_gated_society_at_mps_road_multan_avenue-54423008-8902-1.html
5 Marla Brand New A+ Construction House Available For Sale At Mps Road Gated Society,PKR 1.5 Crore,15000000,4,5,5 Marla,1125.0,13333,House,True,32,hot32Share on FacebookShare on TwitterShare on WhatsAppSend via GMailSend via E-Mail,84,Houses_Multan,for_sale,2026-07-26,https://www.zameen.com/Property/multan_multan_public_school_road_5_marla_brand_new_a_construction_house_available_for_sale_at_mps_road_gated_society-54499301-8902-1.html
7 Marla Brand New Modern Elevation House Available For Sale At Gated Society Mps Road,PKR 2.2 Crore,22000000,5,6,7 Marla,1575.0,13968,House,True,43,hot43Share on FacebookShare on TwitterShare on WhatsAppSend via GMailSend via E-Mail,84,Houses_Multan,for_sale,2026-07-26,https://www.zameen.com/Property/multan_multan_public_school_road_7_marla_brand_new_modern_elevation_house_available_for_sale_at_gated_society_mps_road-54499489-8902-1.html
"FOR SALE | 27 MARLA LUXURY HOUSE m Citi Housing Society, Multan",PKR 6 Crore,60000000,7,6,1.3 Kanal,5850.0,10256,House,False,3,hot3Share on FacebookShare on TwitterShare on WhatsAppSend via GMailSend via E-Mail,83,Houses_Multan,for_sale,2026-07-26,https://www.zameen.com/Property/citi_housing_citi_housing_phase_1_for_sale_27_marla_luxury_house_m_citi_housing_society_multan-54520530-21449-1.html
1 KANAL HOUSE AVAILABLE FOR SALE,PKR 4.2 Crore,42000000,5,6,1 Kanal,4500.0,9333,House,False,14,hot14Share on FacebookShare on TwitterShare on WhatsAppSend via GMailSend via E-Mail,84,Houses_Multan,for_sale,2026-07-26,https://www.zameen.com/Property/dha_phase_1_dha_phase_1_-_sector_q_1_kanal_house_available_for_sale-54511404-14316-1.html
10 Marla Modern House Royal Orchard Multan,PKR 3.8 Crore,38000000,5,6,10 Marla,2250.0,16888,House,False,22,hot22VerifiedShare on FacebookShare on TwitterShare on WhatsAppSend via GMailSend via E-Mail,92,Houses_Multan,for_sale,2026-07-26,https://www.zameen.com/Property/multan_public_school_road_royal_orchard_10_marla_modern_house_royal_orchard_multan-52957577-9492-1.html
Double Storey 10 Marla House Available In Shalimar Colony For Sale,PKR 3.2 Crore,32000000,5,6,10 Marla,2250.0,14222,House,False,28,hot28Share on FacebookShare on TwitterShare on WhatsAppSend via GMailSend via E-Mail,84,Houses_Multan,for_sale,2026-07-26,https://www.zameen.com/Property/multan_shalimar_colony_double_storey_10_marla_house_available_in_shalimar_colony_for_sale-54481591-346-1.html
Well-Constructed Brand New House Available For Sale In Garden Town,PKR 55 Lakh,5500000,3,3,2.2 Marla,495.00000000000006,11111,House,False,1,hot1VerifiedShare on FacebookShare on TwitterShare on WhatsAppSend via GMailSend via E-Mail,91,Houses_Multan,for_sale,2026-07-26,https://www.zameen.com/Property/multan_garden_town_well-constructed_brand_new_house_available_for_sale_in_garden_town-54399804-924-1.html
5 Marla Luxurious House For Sale In Buch Villas Multan,PKR 1.95 Crore,19500000,4,5,5 Marla,1125.0,17333,House,True,17,17Share on FacebookShare on TwitterShare on WhatsAppSend via GMailSend via E-Mail,81,Houses_Multan,for_sale,2026-07-26,https://www.zameen.com/Property/buch_executive_villas_phase_2_buch_villas_phase_2_-_manik_block_5_marla_luxurious_house_for_sale_in_buch_villas_multan-53766995-22186-1.html
One Kanal Luxurious House For Sale In Dha Multan,PKR 4.9 Crore,49000000,6,6,1 Kanal,4500.0,10888,House,True,31,31Share on FacebookShare on TwitterShare on WhatsAppSend via GMailSend via E-Mail,81,Houses_Multan,for_sale,2026-07-26,https://www.zameen.com/Property/dha_phase_1_dha_phase_1_-_sector_h_one_kanal_luxurious_house_for_sale_in_dha_multan-53767001-14307-1.html
5 Marla Modern House For Sale In Buch Villlas Multan,PKR 1.95 Crore,19500000,4,5,5 Marla,1125.0,17333,House,True,25,25Share on FacebookShare on TwitterShare on WhatsAppSend via GMailSend via E-Mail,81,Houses_Multan,for_sale,2026-07-26,https://www.zameen.com/Property/buch_executive_villas_phase_2_buch_villas_phase_2_-_manik_block_5_marla_modern_house_for_sale_in_buch_villlas_multan-53767055-22186-1.html
7.5 Marla Modern House For Sale In Buch Villas Multan,PKR 3.2 Crore,32000000,5,6,7.5 Marla,1687.5,18962,House,True,26,26Share on FacebookShare on TwitterShare on WhatsAppSend via GMailSend via E-Mail,81,Houses_Multan,for_sale,2026-07-26,https://www.zameen.com/Property/buch_executive_villas_phase_2_buch_villas_phase_2_-_manik_block_7_5_marla_modern_house_for_sale_in_buch_villas_multan-53767062-22186-1.html
One Kanal Ultra Modern Designer House For Sale In Royal Orchard Multan,PKR 6.7 Crore,67000000,6,6,1 Kanal,4500.0,14888,House,True,42,42Share on FacebookShare on TwitterShare on WhatsAppSend via GMailSend via E-Mail,81,Houses_Multan,for_sale,2026-07-26,https://www.zameen.com/Property/multan_public_school_road_royal_orchard_one_kanal_ultra_modern_designer_house_for_sale_in_royal_orchard_multan-53767192-9492-1.html
One Kanal Luxury House For Sale In Dha Multan,PKR 4 Crore,40000000,5,6,1 Kanal,4500.0,8888,House,True,31,31Share on FacebookShare on TwitterShare on WhatsAppSend via GMailSend via E-Mail,81,Houses_Multan,for_sale,2026-07-26,https://www.zameen.com/Property/dha_phase_1_dha_phase_1_-_sector_q_one_kanal_luxury_house_for_sale_in_dha_multan-53773765-14316-1.html
5 Marla Luxury House For Sale In Royal Orchard Multan,PKR 2 Crore,20000000,4,5,5 Marla,1125.0,17777,House,True,39,39Share on FacebookShare on TwitterShare on WhatsAppSend via GMailSend via E-Mail,81,Houses_Multan,for_sale,2026-07-26,https://www.zameen.com/Property/multan_public_school_road_royal_orchard_5_marla_luxury_house_for_sale_in_royal_orchard_multan-53774982-9492-1.html
Most Luxurious One Kanal House For Sale In Royal Orchard Multan,PKR 7.48 Crore,74800000,6,6,1 Kanal,4500.0,16622,House,True,33,33Share on FacebookShare on TwitterShare on WhatsAppSend via GMailSend via E-Mail,81,Houses_Multan,for_sale,2026-07-26,https://www.zameen.com/Property/royal_orchard_royal_orchard_-_executive_block_most_luxurious_one_kanal_house_for_sale_in_royal_orchard_multan-53795666-22439-1.html
05 Marla House For Sale in Zone 03 Regi Model Town Peshawar,PKR 3.3 Crore,33000000,8,6,5 Marla,1125.0,29333,House,True,17,super hot17Share on FacebookShare on TwitterShare on WhatsAppSend via GMailSend via E-Mail,90,Houses_Peshawar,for_sale,2026-07-26,https://www.zameen.com/Property/regi_model_town_regi_model_town_phase_3_05_marla_house_for_sale_in_zone_03_regi_model_town_peshawar-54502184-17013-1.html
05 Marla House For Sale In Zone 03 Regi Model Town Peshawar,PKR 3.4 Crore,34000000,8,6,5 Marla,1125.0,30222,House,True,24,super hot24Share on FacebookShare on TwitterShare on WhatsAppSend via GMailSend via E-Mail,90,Houses_Peshawar,for_sale,2026-07-26,https://www.zameen.com/Property/regi_model_town_regi_model_town_phase_3_05_marla_house_for_sale_in_zone_03_regi_model_town_peshawar-54502146-17013-1.html
Kanal Designer House For Sale in DHA Peshawar,PKR 11 Crore,110000000,9,6,1 Kanal,4500.0,24444,House,True,24,super hot24Share on FacebookShare on TwitterShare on WhatsAppSend via GMailSend via E-Mail,90,Houses_Peshawar,for_sale,2026-07-26,https://www.zameen.com/Property/dha_phase_1_dha_phase_1_-_sector_c_kanal_designer_house_for_sale_in_dha_peshawar-54447863-12294-1.html
05 Marla Furnished House For Sale in Zone 04 Regi Model Town Peshawar,PKR 3.7 Crore,37000000,7,6,5 Marla,1125.0,32888,House,True,17,super hot17Share on FacebookShare on TwitterShare on WhatsAppSend via GMailSend via E-Mail,90,Houses_Peshawar,for_sale,2026-07-26,https://www.zameen.com/Property/regi_model_town_regi_model_town_phase_4_05_marla_furnished_house_for_sale_in_zone_04_regi_model_town_peshawar-54447682-17014-1.html
1 Kanal. New House For Sell,PKR 13 Crore,130000000,10,6,1 Kanal,4500.0,28888,House,True,10,super hot10Share on FacebookShare on TwitterShare on WhatsAppSend via GMailSend via E-Mail,90,Houses_Peshawar,for_sale,2026-07-26,https://www.zameen.com/Property/hayatabad_hayatabad_phase_7_1_kanal_new_house_for_sell-54455021-8534-1.html
Prime Location 4 Marla House For Sale In The Perfect Location Of Green Cottages,PKR 2.15 Crore,21500000,5,5,4 Marla,900.0,23888,House,True,34,super hot34VerifiedShare on FacebookShare on TwitterShare on WhatsAppSend via GMailSend via E-Mail,98,Houses_Peshawar,for_sale,2026-07-26,https://www.zameen.com/Property/warsak_road_green_cottages_prime_location_4_marla_house_for_sale_in_the_perfect_location_of_green_cottages-54324121-11933-1.html
Brand New House In Sector-A  Up For Sale Investor Rate,PKR 9.3 Crore,93000000,,,1 Kanal,4500.0,20666,House,True,2,super hot2Share on FacebookShare on TwitterShare on WhatsAppSend via GMailSend via E-Mail,89,Houses_Peshawar,for_sale,2026-07-26,https://www.zameen.com/Property/dha_phase_1_dha_phase_1_-_sector_a_brand_new_house_in_sector-a_up_for_sale_investor_rate-54421544-12292-1.html
4 Marla Triple Storey House Is Available For Sale In Hussain Abad Colony Peshawar,PKR 2.5 Crore,25000000,4,2,4 Marla,900.0,27777,House,True,1,super hot11Share on FacebookShare on TwitterShare on WhatsAppSend via GMailSend via E-Mail,90,Houses_Peshawar,for_sale,2026-07-26,https://www.zameen.com/Property/peshawar_hussain_abad_colony_4_marla_triple_storey_house_is_available_for_sale_in_hussain_abad_colony_peshawar-54079843-10403-1.html
Prime Location House For Sale In Sudais Villas,PKR 67 Lakh,6700000,3,3,2 Marla,450.0,14888,House,True,7,super hot71VerifiedShare on FacebookShare on TwitterShare on WhatsAppSend via GMailSend via E-Mail,98,Houses_Peshawar,for_sale,2026-07-26,https://www.zameen.com/Property/warsak_road_sudais_villas_prime_location_house_for_sale_in_sudais_villas-54513286-18406-1.html
Fresh Kanal Home For Sale At F2,PKR 11.5 Crore,115000000,10,6,1 Kanal,4500.0,25555,House,True,7,super hot7Share on FacebookShare on TwitterShare on WhatsAppSend via GMailSend via E-Mail,89,Houses_Peshawar,for_sale,2026-07-26,https://www.zameen.com/Property/hayatabad_hayatabad_phase_6_fresh_kanal_home_for_sale_at_f2-54469364-7627-1.html
05 Marla House For Sale In Zone 04 Regi Model Town Peshawar,PKR 2.95 Crore,29500000,8,6,5 Marla,1125.0,26222,House,True,27,hot27Share on FacebookShare on TwitterShare on WhatsAppSend via GMailSend via E-Mail,84,Houses_Peshawar,for_sale,2026-07-26,https://www.zameen.com/Property/regi_model_town_regi_model_town_phase_4_05_marla_house_for_sale_in_zone_04_regi_model_town_peshawar-54502195-17014-1.html
"05 Marla House For Sale in Sector G, DHA Peshawar",PKR 3.6 Crore,36000000,4,4,5 Marla,1125.0,32000,House,True,15,hot15Share on FacebookShare on TwitterShare on WhatsAppSend via GMailSend via E-Mail,84,Houses_Peshawar,for_sale,2026-07-26,https://www.zameen.com/Property/dha_phase_1_dha_phase_1_-_sector_g_05_marla_house_for_sale_in_sector_g_dha_peshawar-54447883-12299-1.html
Prime Location 10 Marla House For Sale In Beautiful Sudais Villas,PKR 3.7 Crore,37000000,6,6,10 Marla,2250.0,16444,House,False,40,hot40VerifiedShare on FacebookShare on TwitterShare on WhatsAppSend via GMailSend via E-Mail,92,Houses_Peshawar,for_sale,2026-07-26,https://www.zameen.com/Property/warsak_road_sudais_villas_prime_location_10_marla_house_for_sale_in_beautiful_sudais_villas-52943807-18406-1.html
10 Marla Corner House For Sale,PKR 4.5 Crore,45000000,7,6,10 Marla,2250.0,20000,House,False,7,hot7Share on FacebookShare on TwitterShare on WhatsAppSend via GMailSend via E-Mail,83,Houses_Peshawar,for_sale,2026-07-26,https://www.zameen.com/Property/peshawar_police_colony_10_marla_corner_house_for_sale-54482669-12359-1.html
1kanal Double Story Prime Location House For Sale,PKR 7.5 Crore,75000000,5,5,1 Kanal,4500.0,16666,House,False,10,hot10Share on FacebookShare on TwitterShare on WhatsAppSend via GMailSend via E-Mail,84,Houses_Peshawar,for_sale,2026-07-26,https://www.zameen.com/Property/peshawar_hayatabad_1kanal_double_story_prime_location_house_for_sale-54394757-394-1.html
5 Marla Prime Location House For Sale,PKR 3.5 Crore,35000000,4,4,5 Marla,1125.0,31111,House,False,9,hot9Share on FacebookShare on TwitterShare on WhatsAppSend via GMailSend via E-Mail,83,Houses_Peshawar,for_sale,2026-07-26,https://www.zameen.com/Property/peshawar_dha_defence_5_marla_prime_location_house_for_sale-54271712-9050-1.html
10 Marla Double Garage House For Sale,PKR 6 Crore,60000000,9,6,10 Marla,2250.0,26666,House,True,7,hot7Share on FacebookShare on TwitterShare on WhatsAppSend via GMailSend via E-Mail,83,Houses_Peshawar,for_sale,2026-07-26,https://www.zameen.com/Property/hayatabad_phase_6_hayatabad_phase_6_-_f7_10_marla_double_garage_house_for_sale-54450840-7633-1.html
Prime Location sale The Ideally Located House For An Incredible Price Of Pkr Rs. 43000000,PKR 4.3 Crore,43000000,6,6,12 Marla,2700.0,15925,House,False,26,26VerifiedShare on FacebookShare on TwitterShare on WhatsAppSend via GMailSend via E-Mail,89,Houses_Peshawar,for_sale,2026-07-26,https://www.zameen.com/Property/peshawar_warsak_road_prime_location_sale_the_ideally_located_house_for_an_incredible_price_of_pkr_rs_43000000-54109156-1000-1.html
A Prime Location 12 Marla House Has Landed On Market In Darmangi Of Peshawar,PKR 3.5 Crore,35000000,6,6,12 Marla,2700.0,12962,House,False,28,28VerifiedShare on FacebookShare on TwitterShare on WhatsAppSend via GMailSend via E-Mail,89,Houses_Peshawar,for_sale,2026-07-26,https://www.zameen.com/Property/warsak_road_darmangi_a_prime_location_12_marla_house_has_landed_on_market_in_darmangi_of_peshawar-53866238-12422-1.html
Well-constructed Fully Furnished House Available For sale In Sufiyan Garden,PKR 1.5 Crore,15000000,3,3,5 Marla,1125.0,13333,House,False,24,24VerifiedShare on FacebookShare on TwitterShare on WhatsAppSend via GMailSend via E-Mail,89,Houses_Peshawar,for_sale,2026-07-26,https://www.zameen.com/Property/warsak_road_sufiyan_garden_well-constructed_fully_furnished_house_available_for_sale_in_sufiyan_garden-53676986-19313-1.html
Find Your Ideal Prime Location House In Peshawar Under Rs. 20000000,PKR 2 Crore,20000000,5,5,5 Marla,1125.0,17777,House,False,30,30VerifiedShare on FacebookShare on TwitterShare on WhatsAppSend via GMailSend via E-Mail,89,Houses_Peshawar,for_sale,2026-07-26,https://www.zameen.com/Property/warsak_road_darmangi_find_your_ideal_prime_location_house_in_peshawar_under_rs_20000000-53665211-12422-1.html
Prime Location 3 Marla House For Sale In Warsak Road,PKR 1.45 Crore,14500000,4,4,3 Marla,675.0,21481,House,False,19,19VerifiedShare on FacebookShare on TwitterShare on WhatsAppSend via GMailSend via E-Mail,89,Houses_Peshawar,for_sale,2026-07-26,https://www.zameen.com/Property/peshawar_warsak_road_prime_location_3_marla_house_for_sale_in_warsak_road-53450709-1000-1.html
Your Ideal Prime Location 5 Marla House Has Just Become Available In Arbab Sabz Ali Khan Town Executive Lodges,PKR 2.5 Crore,25000000,7,,5 Marla,1125.0,22222,House,False,25,25VerifiedShare on FacebookShare on TwitterShare on WhatsAppSend via GMailSend via E-Mail,89,Houses_Peshawar,for_sale,2026-07-26,https://www.zameen.com/Property/arbab_sabz_ali_khan_town_arbab_sabz_ali_khan_town_executive_lodges_your_ideal_prime_location_5_marla_house_has_just_become_available_in_arbab_sabz_ali_khan_town_executive_lodges-53422731-10382-1.html
Prime Location 10 Marla House For Sale In Darmangi,PKR 4 Crore,40000000,6,6,10 Marla,2250.0,17777,House,False,44,44VerifiedShare on FacebookShare on TwitterShare on WhatsAppSend via GMailSend via E-Mail,89,Houses_Peshawar,for_sale,2026-07-26,https://www.zameen.com/Property/warsak_road_darmangi_prime_location_10_marla_house_for_sale_in_darmangi-54228120-12422-1.html
Prime Location House Of 10 Marla Is Available For sale,PKR 5.5 Crore,55000000,6,6,10 Marla,2250.0,24444,House,False,13,13VerifiedShare on FacebookShare on TwitterShare on WhatsAppSend via GMailSend via E-Mail,89,Houses_Peshawar,for_sale,2026-07-26,https://www.zameen.com/Property/peshawar_irshadabad_prime_location_house_of_10_marla_is_available_for_sale-54236018-10380-1.html
5 Marla House For Sale In F8 On Investor Rate Here Only Plot Is 230 Lac Plus,PKR 2.8 Crore,28000000,7,6,5 Marla,1125.0,24888,House,True,1,super hot1Share on FacebookShare on TwitterShare on WhatsAppSend via GMailSend via E-Mail,89,Houses_Peshawar,for_sale,2026-07-26,https://www.zameen.com/Property/hayatabad_phase_6_hayatabad_phase_6_-_f8_5_marla_house_for_sale_in_f8_on_investor_rate_here_only_plot_is_230_lac_plus-54058080-7634-1.html
1 Kanal House For Sell In Hayatabad,PKR 8 Crore,80000000,7,6,1 Kanal,4500.0,17777,House,True,,super hotShare on FacebookShare on TwitterShare on WhatsAppSend via GMailSend via E-Mail,88,Houses_Peshawar,for_sale,2026-07-26,https://www.zameen.com/Property/hayatabad_hayatabad_phase_3_1_kanal_house_for_sell_in_hayatabad-54383258-7617-1.html
1 Kanal Luxury House For Sale,PKR 13 Crore,130000000,8,6,1 Kanal,4500.0,28888,House,True,9,super hot9Share on FacebookShare on TwitterShare on WhatsAppSend via GMailSend via E-Mail,89,Houses_Peshawar,for_sale,2026-07-26,https://www.zameen.com/Property/hayatabad_hayatabad_phase_2_1_kanal_luxury_house_for_sale-54451064-7602-1.html
1 Kanal House For Sale On Investors Rate,PKR 7.1 Crore,71000000,10,6,1 Kanal,4500.0,15777,House,True,9,super hot9Share on FacebookShare on TwitterShare on WhatsAppSend via GMailSend via E-Mail,89,Houses_Peshawar,for_sale,2026-07-26,https://www.zameen.com/Property/hayatabad_hayatabad_phase_4_1_kanal_house_for_sale_on_investors_rate-53886795-7625-1.html
10 Marla Triple Storey House For Sale,PKR 3.85 Crore,38500000,7,7,10 Marla,2250.0,17111,House,True,49,super hot49Share on FacebookShare on TwitterShare on WhatsAppSend via GMailSend via E-Mail,90,Houses_Peshawar,for_sale,2026-07-26,https://www.zameen.com/Property/peshawar_warsak_road_10_marla_triple_storey_house_for_sale-52951343-1000-1.html
Your Dream 3 Marla House Is Up For Sale,PKR 1.45 Crore,14500000,4,4,3 Marla,675.0,21481,House,True,48,super hot48Share on FacebookShare on TwitterShare on WhatsAppSend via GMailSend via E-Mail,90,Houses_Peshawar,for_sale,2026-07-26,https://www.zameen.com/Property/peshawar_warsak_road_your_dream_3_marla_house_is_up_for_sale-53451585-1000-1.html
Prime Location House Sized 5 Marla Is Available For sale In Sufiyan Garden,PKR 2.1 Crore,21000000,5,5,5 Marla,1125.0,18666,House,True,33,super hot33VerifiedShare on FacebookShare on TwitterShare on WhatsAppSend via GMailSend via E-Mail,98,Houses_Peshawar,for_sale,2026-07-26,https://www.zameen.com/Property/warsak_road_sufiyan_garden_prime_location_house_sized_5_marla_is_available_for_sale_in_sufiyan_garden-53575526-19313-1.html
1 Kanal Luxury Prime Location House For Sale In DHA PESHAWAR,PKR 11.5 Crore,115000000,8,6,1 Kanal,4500.0,25555,House,True,50,super hot50Share on FacebookShare on TwitterShare on WhatsAppSend via GMailSend via E-Mail,90,Houses_Peshawar,for_sale,2026-07-26,https://www.zameen.com/Property/dha_phase_1_dha_phase_1_-_sector_b_1_kanal_luxury_prime_location_house_for_sale_in_dha_peshawar-54456110-12293-1.html
Prime Location 20 Marla House For Sale In Warsak Road Near Babu Ghari Stop,PKR 3.8 Crore,38000000,6,6,1 Kanal,4500.0,8444,House,True,29,super hot29VerifiedShare on FacebookShare on TwitterShare on WhatsAppSend via GMailSend via E-Mail,98,Houses_Peshawar,for_sale,2026-07-26,https://www.zameen.com/Property/peshawar_warsak_road_prime_location_20_marla_house_for_sale_in_warsak_road_near_babu_ghari_stop-53949611-1000-1.html
Elegantly Designed Luxury 10 Marla Wide Street-House For Sale At Zone 3 Regi Model Town,PKR 4.9 Crore,49000000,10,6,10 Marla,2250.0,21777,House,True,22,super hot22Share on FacebookShare on TwitterShare on WhatsAppSend via GMailSend via E-Mail,90,Houses_Peshawar,for_sale,2026-07-26,https://www.zameen.com/Property/peshawar_regi_model_town_elegantly_designed_luxury_10_marla_wide_street-house_for_sale_at_zone_3_regi_model_town-54315884-7660-1.html
Premium 5 Marla Luxury House Available For Sale,PKR 3.3 Crore,33000000,8,7,5 Marla,1125.0,29333,House,True,21,hot21Share on FacebookShare on TwitterShare on WhatsAppSend via GMailSend via E-Mail,84,Houses_Peshawar,for_sale,2026-07-26,https://www.zameen.com/Property/regi_model_town_regi_model_town_phase_3_premium_5_marla_luxury_house_available_for_sale-54461926-17013-1.html
1 Kanal Luxury House For Sale In DHA,PKR 11 Crore,110000000,9,7,1 Kanal,4500.0,24444,House,True,28,hot28Share on FacebookShare on TwitterShare on WhatsAppSend via GMailSend via E-Mail,84,Houses_Peshawar,for_sale,2026-07-26,https://www.zameen.com/Property/dha_phase_1_dha_phase_1_-_sector_b_1_kanal_luxury_house_for_sale_in_dha-54461972-12293-1.html
10 Marla Vip House For Sale,PKR 6.8 Crore,68000000,9,6,10 Marla,2250.0,30222,House,False,13,hot13Share on FacebookShare on TwitterShare on WhatsAppSend via GMailSend via E-Mail,84,Houses_Peshawar,for_sale,2026-07-26,https://www.zameen.com/Property/hayatabad_phase_7_hayatabad_phase_7_-_e5_10_marla_vip_house_for_sale-54445977-13218-1.html
Prime Location 2 Marla House In Sudais Villas Is Available For sale,PKR 1.1 Crore,11000000,4,5,2 Marla,450.0,24444,House,False,10,hot10VerifiedShare on FacebookShare on TwitterShare on WhatsAppSend via GMailSend via E-Mail,92,Houses_Peshawar,for_sale,2026-07-26,https://www.zameen.com/Property/warsak_road_sudais_villas_prime_location_2_marla_house_in_sudais_villas_is_available_for_sale-54355571-18406-1.html
1 Kanal Luxury House Available For Sale In Sector B,PKR 11 Crore,110000000,10,7,1 Kanal,4500.0,24444,House,False,1,hot1Share on FacebookShare on TwitterShare on WhatsAppSend via GMailSend via E-Mail,83,Houses_Peshawar,for_sale,2026-07-26,https://www.zameen.com/Property/dha_phase_1_dha_phase_1_-_sector_b_1_kanal_luxury_house_available_for_sale_in_sector_b-54201927-12293-1.html
5 Marla solid House Available For Sale In Phase 1 HAYATABAD,PKR 2.5 Crore,25000000,5,5,5 Marla,1125.0,22222,House,False,1,hot1Share on FacebookShare on TwitterShare on WhatsAppSend via GMailSend via E-Mail,83,Houses_Peshawar,for_sale,2026-07-26,https://www.zameen.com/Property/hayatabad_phase_1_hayatabad_phase_1_-_d4_5_marla_solid_house_available_for_sale_in_phase_1_hayatabad-54519765-15037-1.html
3 Marla TMA Approved Structure Available For Sale,PKR 95 Lakh,9500000,4,4,3 Marla,675.0,14074,House,False,15,hot151Share on FacebookShare on TwitterShare on WhatsAppSend via GMailSend via E-Mail,85,Houses_Peshawar,for_sale,2026-07-26,https://www.zameen.com/Property/islamabad_peshawar_motorway_garden_villas_3_marla_tma_approved_structure_available_for_sale-53487629-21070-1.html
"Luxury 1 Kanal House For Sale Hayatabad Phase 7, Sector E6",PKR 10.8 Crore,108000000,,,1 Kanal,4500.0,24000,House,False,24,24Share on FacebookShare on TwitterShare on WhatsAppSend via GMailSend via E-Mail,81,Houses_Peshawar,for_sale,2026-07-26,https://www.zameen.com/Property/hayatabad_phase_7_hayatabad_phase_7_-_e6_luxury_1_kanal_house_for_sale_hayatabad_phase_7_sector_e6-54086685-13219-1.html
10 Marla Good Condition Full Basement House For Sale,PKR 5.8 Crore,58000000,9,6,10 Marla,2250.0,25777,House,True,14,14Share on FacebookShare on TwitterShare on WhatsAppSend via GMailSend via E-Mail,81,Houses_Peshawar,for_sale,2026-07-26,https://www.zameen.com/Property/hayatabad_phase_6_hayatabad_phase_6_-_f10_10_marla_good_condition_full_basement_house_for_sale-54450821-15038-1.html
NEW SHAMI ROAD NEW HOUSE FOR SALE,PKR 26 Crore,260000000,8,6,1.6 Kanal,7200.0,36111,House,False,10,10Share on FacebookShare on TwitterShare on WhatsAppSend via GMailSend via E-Mail,81,Houses_Peshawar,for_sale,2026-07-26,https://www.zameen.com/Property/peshawar_shami_road_new_shami_road_new_house_for_sale-53270547-998-1.html
"05 Marla Fresh Modern House Available for Sale  Sheikh Yaseen Town, Phase 1, Peshawar Prime VIP Location  Proudly Designed & Constructed by LINKERS BUILDERS",PKR 2.15 Crore,21500000,8,,5 Marla,1125.0,19111,House,False,32,32Share on FacebookShare on TwitterShare on WhatsAppSend via GMailSend via E-Mail,81,Houses_Peshawar,for_sale,2026-07-26,https://www.zameen.com/Property/sheikh_yaseen_town_sheikh_yaseen_town_-_jamal_block_05_marla_fresh_modern_house_available_for_sale_sheikh_yaseen_town_phase_1_peshawar_prime_vip_location_proudly_designed_constructed_by_linkers_builders-54518508-17065-1.html
"Back Street Market Masjid & Park, Luxurious 01 Kanal House For Sale",PKR 10.99 Crore,109900000,9,6,1 Kanal,4500.0,24422,House,False,15,15Share on FacebookShare on TwitterShare on WhatsAppSend via GMailSend via E-Mail,81,Houses_Peshawar,for_sale,2026-07-26,https://www.zameen.com/Property/dha_phase_1_dha_phase_1_-_sector_c_back_street_market_masjid_park_luxurious_01_kanal_house_for_sale-54417361-12294-1.html
"Brand New Luxury House For Sale In Zone 3 , Ideal Location",PKR 3 Crore,30000000,8,6,5 Marla,1125.0,26666,House,False,25,25Share on FacebookShare on TwitterShare on WhatsAppSend via GMailSend via E-Mail,81,Houses_Peshawar,for_sale,2026-07-26,https://www.zameen.com/Property/regi_model_town_regi_model_town_phase_3_brand_new_luxury_house_for_sale_in_zone_3_ideal_location-53477955-17013-1.html
Your Search For House In Peshawar Ends Here,PKR 2.75 Crore,27500000,8,6,5 Marla,1125.0,24444,House,False,9,9Share on FacebookShare on TwitterShare on WhatsAppSend via GMailSend via E-Mail,80,Houses_Peshawar,for_sale,2026-07-26,https://www.zameen.com/Property/regi_model_town_regi_model_town_phase_4_your_search_for_house_in_peshawar_ends_here-53585684-17014-1.html
10 Marla Finishing Stage Prime Location House For Sale,PKR 7.4 Crore,74000000,9,6,10 Marla,2250.0,32888,House,False,15,15Share on FacebookShare on TwitterShare on WhatsAppSend via GMailSend via E-Mail,81,Houses_Peshawar,for_sale,2026-07-26,https://www.zameen.com/Property/hayatabad_hayatabad_phase_6_10_marla_finishing_stage_prime_location_house_for_sale-54210914-7627-1.html
01 Kanal Grey Structure House For Sale,PKR 5.99 Crore,59900000,10,6,1 Kanal,4500.0,13311,House,True,12,super hot12Share on FacebookShare on TwitterShare on WhatsAppSend via GMailSend via E-Mail,90,Houses_Peshawar,for_sale,2026-07-26,https://www.zameen.com/Property/dha_phase_1_dha_phase_1_-_sector_a_01_kanal_grey_structure_house_for_sale-54340233-12292-1.html
1 Kanal House For Sale In DHA Peshawer Sector A,PKR 8 Crore,80000000,9,6,1 Kanal,4500.0,17777,House,True,21,super hot21Share on FacebookShare on TwitterShare on WhatsAppSend via GMailSend via E-Mail,90,Houses_Peshawar,for_sale,2026-07-26,https://www.zameen.com/Property/dha_phase_1_dha_phase_1_-_sector_a_1_kanal_house_for_sale_in_dha_peshawer_sector_a-54433698-12292-1.html
23 Marla House For Sale Brand New House At University Town Peshawar,PKR 16.5 Crore,165000000,6,6,1.2 Kanal,5400.0,30555,House,True,28,super hot28Share on FacebookShare on TwitterShare on WhatsAppSend via GMailSend via E-Mail,90,Houses_Peshawar,for_sale,2026-07-26,https://www.zameen.com/Property/peshawar_university_town_23_marla_house_for_sale_brand_new_house_at_university_town_peshawar-50426510-1437-1.html
1 Kanal Owner-Constructed House For Sale Luxurious Design And Top-Quality Build At A Prime Location. 11 Kv Solar System Installed+ Green Meter,PKR 9.5 Crore,95000000,10,6,1 Kanal,4500.0,21111,House,True,37,super hot37Share on FacebookShare on TwitterShare on WhatsAppSend via GMailSend via E-Mail,90,Houses_Peshawar,for_sale,2026-07-26,https://www.zameen.com/Property/dha_phase_1_dha_phase_1_-_sector_a_1_kanal_owner-constructed_house_for_sale_luxurious_design_and_top-quality_build_at_a_prime_location_11_kv_solar_system_installed_green_meter-53362467-12292-1.html
10 Marla Luxury Basement House For Sale Located At Warsak Road Executive Lodges,PKR 4.9 Crore,49000000,8,6,10 Marla,2250.0,21777,House,True,39,super hot391Share on FacebookShare on TwitterShare on WhatsAppSend via GMailSend via E-Mail,91,Houses_Peshawar,for_sale,2026-07-26,https://www.zameen.com/Property/arbab_sabz_ali_khan_town_arbab_sabz_ali_khan_town_executive_lodges_10_marla_luxury_basement_house_for_sale_located_at_warsak_road_executive_lodges-53699998-10382-1.html
Beautiful House Available For Sale,PKR 7 Crore,70000000,7,6,14 Marla,3150.0,22222,House,True,,super hotShare on FacebookShare on TwitterShare on WhatsAppSend via GMailSend via E-Mail,88,Houses_Peshawar,for_sale,2026-07-26,https://www.zameen.com/Property/peshawar_university_town_beautiful_house_available_for_sale-54426819-1437-1.html
10 Marla Luxury House For Sale,PKR 5.3 Crore,53000000,8,7,10 Marla,2250.0,23555,House,True,29,hot29Share on FacebookShare on TwitterShare on WhatsAppSend via GMailSend via E-Mail,84,Houses_Peshawar,for_sale,2026-07-26,https://www.zameen.com/Property/regi_model_town_regi_model_town_phase_3_10_marla_luxury_house_for_sale-54462029-17013-1.html
"5 Marla House For Sale In Regi Model Town, Peshawar",PKR 3.2 Crore,32000000,8,7,5 Marla,1125.0,28444,House,True,3,hot3Share on FacebookShare on TwitterShare on WhatsAppSend via GMailSend via E-Mail,83,Houses_Peshawar,for_sale,2026-07-26,https://www.zameen.com/Property/regi_model_town_regi_model_town_phase_3_5_marla_house_for_sale_in_regi_model_town_peshawar-54462083-17013-1.html
Brand New Beautiful House Available For Sale,PKR 8.25 Crore,82500000,9,6,10 Marla,2250.0,36666,House,True,12,hot12Share on FacebookShare on TwitterShare on WhatsAppSend via GMailSend via E-Mail,84,Houses_Peshawar,for_sale,2026-07-26,https://www.zameen.com/Property/peshawar_hayatabad_brand_new_beautiful_house_available_for_sale-54218401-394-1.html
"Marla House With Extra Land For Sale Regi Model Town, Peshawar",PKR 3.3 Crore,33000000,7,7,6 Marla,1350.0,24444,House,True,17,hot17Share on FacebookShare on TwitterShare on WhatsAppSend via GMailSend via E-Mail,84,Houses_Peshawar,for_sale,2026-07-26,https://www.zameen.com/Property/regi_model_town_regi_model_town_phase_4_marla_house_with_extra_land_for_sale_regi_model_town_peshawar-54453693-17014-1.html
"05 Marla House For Sale In Zone 03, Regi Model Town Peshawar",PKR 3.2 Crore,32000000,8,6,5 Marla,1125.0,28444,House,True,1,hot1Share on FacebookShare on TwitterShare on WhatsAppSend via GMailSend via E-Mail,83,Houses_Peshawar,for_sale,2026-07-26,https://www.zameen.com/Property/regi_model_town_regi_model_town_phase_3_05_marla_house_for_sale_in_zone_03_regi_model_town_peshawar-54447961-17013-1.html
SECTOR PRISM | PRIME LOCATION 1 KANAL FRESH HOUSE FOR SALE,PKR 7 Crore,70000000,11,7,1 Kanal,4500.0,15555,House,True,5,hot5Share on FacebookShare on TwitterShare on WhatsAppSend via GMailSend via E-Mail,83,Houses_Peshawar,for_sale,2026-07-26,https://www.zameen.com/Property/dha_defence_dha_defence_-_sector_prism_sector_prism_prime_location_1_kanal_fresh_house_for_sale-54440139-19286-1.html
1 Kanal Luxurious House for Sale,PKR 10 Crore,100000000,10,6,1 Kanal,4500.0,22222,House,False,10,hot10Share on FacebookShare on TwitterShare on WhatsAppSend via GMailSend via E-Mail,84,Houses_Peshawar,for_sale,2026-07-26,https://www.zameen.com/Property/peshawar_regi_model_town_1_kanal_luxurious_house_for_sale-54472466-7660-1.html
3.5 Marla House Available For Sale In Wazir Colony Ring Road Near Abasyn University And MMC Hospital Street No-8,PKR 1.1 Crore,11000000,4,4,4 Marla,900.0,12222,House,False,6,hot6Share on FacebookShare on TwitterShare on WhatsAppSend via GMailSend via E-Mail,83,Houses_Peshawar,for_sale,2026-07-26,https://www.zameen.com/Property/peshawar_wazir_colony_3_5_marla_house_available_for_sale_in_wazir_colony_ring_road_near_abasyn_university_and_mmc_hospital_street_no-8-54490128-7675-1.html
4.5 Marla House For Sale,PKR 2.3 Crore,23000000,4,4,4.5 Marla,1012.5,22716,House,False,12,hot12Share on FacebookShare on TwitterShare on WhatsAppSend via GMailSend via E-Mail,84,Houses_Peshawar,for_sale,2026-07-26,https://www.zameen.com/Property/warsak_road_green_cottages_4_5_marla_house_for_sale-54334357-11933-1.html
House For Sale,PKR 2.35 Crore,23500000,6,6,5 Marla,1125.0,20888,House,False,13,hot13Share on FacebookShare on TwitterShare on WhatsAppSend via GMailSend via E-Mail,84,Houses_Peshawar,for_sale,2026-07-26,https://www.zameen.com/Property/warsak_road_officers_home_society_house_for_sale-54395461-21072-1.html
Book A House Of 6 Marla In Warsak Road Warsak Road,PKR 2.3 Crore,23000000,6,6,6 Marla,1350.0,17037,House,False,24,hot24Share on FacebookShare on TwitterShare on WhatsAppSend via GMailSend via E-Mail,84,Houses_Peshawar,for_sale,2026-07-26,https://www.zameen.com/Property/peshawar_warsak_road_book_a_house_of_6_marla_in_warsak_road_warsak_road-54450507-1000-1.html
Buying A Prime Location House In Peshawar?,PKR 1.2 Crore,12000000,3,3,3 Marla,675.0,17777,House,False,26,26VerifiedShare on FacebookShare on TwitterShare on WhatsAppSend via GMailSend via E-Mail,89,Houses_Peshawar,for_sale,2026-07-26,https://www.zameen.com/Property/warsak_road_ali_villas_buying_a_prime_location_house_in_peshawar-53891889-22001-1.html
Prime Location 5 Marla House For sale In Sudais Villas,PKR 2 Crore,20000000,6,6,5 Marla,1125.0,17777,House,False,39,39VerifiedShare on FacebookShare on TwitterShare on WhatsAppSend via GMailSend via E-Mail,89,Houses_Peshawar,for_sale,2026-07-26,https://www.zameen.com/Property/warsak_road_sudais_villas_prime_location_5_marla_house_for_sale_in_sudais_villas-54520913-18406-1.html
Prime Location 3 Marla Spacious House Is Available In Warsak Road For Sale,PKR 95 Lakh,9500000,6,6,3 Marla,675.0,14074,House,False,21,21VerifiedShare on FacebookShare on TwitterShare on WhatsAppSend via GMailSend via E-Mail,89,Houses_Peshawar,for_sale,2026-07-26,https://www.zameen.com/Property/peshawar_warsak_road_prime_location_3_marla_spacious_house_is_available_in_warsak_road_for_sale-53326851-1000-1.html
This Is Your Chance To Buy Prime Location House In Sufiyan Garden Peshawar,PKR 4 Crore,40000000,6,6,10 Marla,2250.0,17777,House,False,39,39VerifiedShare on FacebookShare on TwitterShare on WhatsAppSend via GMailSend via E-Mail,89,Houses_Peshawar,for_sale,2026-07-26,https://www.zameen.com/Property/warsak_road_sufiyan_garden_this_is_your_chance_to_buy_prime_location_house_in_sufiyan_garden_peshawar-54166187-19313-1.html
"Ideal Prime Location 5 Marla House has landed on market in Arbab Sabz Ali Khan Town Executive Lodges, Peshawar",PKR 2.3 Crore,23000000,5,5,5 Marla,1125.0,20444,House,False,35,35VerifiedShare on FacebookShare on TwitterShare on WhatsAppSend via GMailSend via E-Mail,89,Houses_Peshawar,for_sale,2026-07-26,https://www.zameen.com/Property/arbab_sabz_ali_khan_town_arbab_sabz_ali_khan_town_executive_lodges_ideal_prime_location_5_marla_house_has_landed_on_market_in_arbab_sabz_ali_khan_town_executive_lodges_peshawar-54247887-10382-1.html
Prime Location House Of 5 Marla For Sale In Arbab Sabz Ali Khan Town Executive Lodges,PKR 2.2 Crore,22000000,5,5,5 Marla,1125.0,19555,House,False,19,19VerifiedShare on FacebookShare on TwitterShare on WhatsAppSend via GMailSend via E-Mail,89,Houses_Peshawar,for_sale,2026-07-26,https://www.zameen.com/Property/arbab_sabz_ali_khan_town_arbab_sabz_ali_khan_town_executive_lodges_prime_location_house_of_5_marla_for_sale_in_arbab_sabz_ali_khan_town_executive_lodges-54267440-10382-1.html
Prime Location 4 Marla House For Sale In Green Cottages Peshawar,PKR 2.35 Crore,23500000,4,5,4 Marla,900.0,26111,House,False,25,25VerifiedShare on FacebookShare on TwitterShare on WhatsAppSend via GMailSend via E-Mail,89,Houses_Peshawar,for_sale,2026-07-26,https://www.zameen.com/Property/warsak_road_green_cottages_prime_location_4_marla_house_for_sale_in_green_cottages_peshawar-54324120-11933-1.html
Idyllic Prime Location House Available In Arbab Sabz Ali Khan Town Executive Lodges For sale,PKR 3.6 Crore,36000000,7,,7 Marla,1575.0,22857,House,False,33,33VerifiedShare on FacebookShare on TwitterShare on WhatsAppSend via GMailSend via E-Mail,89,Houses_Peshawar,for_sale,2026-07-26,https://www.zameen.com/Property/arbab_sabz_ali_khan_town_arbab_sabz_ali_khan_town_executive_lodges_idyllic_prime_location_house_available_in_arbab_sabz_ali_khan_town_executive_lodges_for_sale-54334769-10382-1.html
Beautiful House Available For Sale,PKR 1.65 Crore,16500000,7,5,5 Marla,1125.0,14666,House,False,9,hot9Share on FacebookShare on TwitterShare on WhatsAppSend via GMailSend via E-Mail,83,Houses_Peshawar,for_sale,2026-07-26,https://www.zameen.com/Property/peshawar_canal_road_beautiful_house_available_for_sale-54050285-11940-1.html
2 Kanal Luxurious Villa For Sale,PKR 17.5 Crore,175000000,8,6,2 Kanal,9000.0,19444,House,False,11,hot11Share on FacebookShare on TwitterShare on WhatsAppSend via GMailSend via E-Mail,84,Houses_Peshawar,for_sale,2026-07-26,https://www.zameen.com/Property/hayatabad_phase_2_hayatabad_phase_2_-_g2_2_kanal_luxurious_villa_for_sale-53261519-7604-1.html
12 Marla Luxury House For Sale,PKR 3.5 Crore,35000000,5,5,12 Marla,2700.0,12962,House,False,39,hot39Share on FacebookShare on TwitterShare on WhatsAppSend via GMailSend via E-Mail,84,Houses_Peshawar,for_sale,2026-07-26,https://www.zameen.com/Property/peshawar_warsak_road_12_marla_luxury_house_for_sale-52945519-1000-1.html
3 Marla House For Sale,PKR 1.3 Crore,13000000,4,4,3 Marla,675.0,19259,House,False,32,hot32Share on FacebookShare on TwitterShare on WhatsAppSend via GMailSend via E-Mail,84,Houses_Peshawar,for_sale,2026-07-26,https://www.zameen.com/Property/warsak_road_darmangi_3_marla_house_for_sale-53136805-12422-1.html
Prime Location 5 Marla House In Arbab Sabz Ali Khan Town Executive Lodges For sale At Good Location,PKR 2.7 Crore,27000000,8,,5 Marla,1125.0,24000,House,False,16,hot16VerifiedShare on FacebookShare on TwitterShare on WhatsAppSend via GMailSend via E-Mail,92,Houses_Peshawar,for_sale,2026-07-26,https://www.zameen.com/Property/arbab_sabz_ali_khan_town_arbab_sabz_ali_khan_town_executive_lodges_prime_location_5_marla_house_in_arbab_sabz_ali_khan_town_executive_lodges_for_sale_at_good_location-54242688-10382-1.html
House For Sale Officers Garden Colony,PKR 1.9 Crore,19000000,6,6,4 Marla,900.0,21111,House,False,27,hot27Share on FacebookShare on TwitterShare on WhatsAppSend via GMailSend via E-Mail,84,Houses_Peshawar,for_sale,2026-07-26,https://www.zameen.com/Property/warsak_road_officers_garden_colony_house_for_sale_officers_garden_colony-51030425-7655-1.html
Prime Location House For sale Situated In Green Cottages,PKR 2.15 Crore,21500000,4,4,4 Marla,900.0,23888,House,False,42,hot42VerifiedShare on FacebookShare on TwitterShare on WhatsAppSend via GMailSend via E-Mail,92,Houses_Peshawar,for_sale,2026-07-26,https://www.zameen.com/Property/warsak_road_green_cottages_prime_location_house_for_sale_situated_in_green_cottages-54242689-11933-1.html
Buy your ideal Prime Location 4 Marla House in a prime location of Warsak Road,PKR 1.75 Crore,17500000,6,6,4 Marla,900.0,19444,House,False,20,hot20VerifiedShare on FacebookShare on TwitterShare on WhatsAppSend via GMailSend via E-Mail,92,Houses_Peshawar,for_sale,2026-07-26,https://www.zameen.com/Property/peshawar_warsak_road_buy_your_ideal_prime_location_4_marla_house_in_a_prime_location_of_warsak_road-54242690-1000-1.html
Buy A Prime Location 2 Marla House For Sale In Warsak Road,PKR 80 Lakh,8000000,3,3,2 Marla,450.0,17777,House,False,20,hot20VerifiedShare on FacebookShare on TwitterShare on WhatsAppSend via GMailSend via E-Mail,92,Houses_Peshawar,for_sale,2026-07-26,https://www.zameen.com/Property/peshawar_warsak_road_buy_a_prime_location_2_marla_house_for_sale_in_warsak_road-54242692-1000-1.html
Brand New 4.5 Marla Designer House,PKR 2.6 Crore,26000000,5,5,4 Marla,900.0,28888,House,False,20,hot20Share on FacebookShare on TwitterShare on WhatsAppSend via GMailSend via E-Mail,84,Houses_Peshawar,for_sale,2026-07-26,https://www.zameen.com/Property/arbab_sabz_ali_khan_town_arbab_sabz_ali_khan_town_executive_lodges_brand_new_4_5_marla_designer_house-54450261-10382-1.html
Beautiful House Available For Sale,PKR 1.5 Crore,15000000,5,5,6 Marla,1350.0,11111,House,False,4,hot4Share on FacebookShare on TwitterShare on WhatsAppSend via GMailSend via E-Mail,83,Houses_Peshawar,for_sale,2026-07-26,https://www.zameen.com/Property/peshawar_canal_road_beautiful_house_available_for_sale-54372677-11940-1.html
3 Marla New Corner House Available For Sale In Sudais Villa Warsk Road,PKR 1.15 Crore,11500000,4,5,3 Marla,675.0,17037,House,False,30,hot30Share on FacebookShare on TwitterShare on WhatsAppSend via GMailSend via E-Mail,84,Houses_Peshawar,for_sale,2026-07-26,https://www.zameen.com/Property/warsak_road_sudais_villas_3_marla_new_corner_house_available_for_sale_in_sudais_villa_warsk_road-54154178-18406-1.html
Furnished Kanal House for Sale Phase 6 Hayatabad,PKR 9.5 Crore,95000000,9,6,1 Kanal,4500.0,21111,House,False,1,hot1Share on FacebookShare on TwitterShare on WhatsAppSend via GMailSend via E-Mail,83,Houses_Peshawar,for_sale,2026-07-26,https://www.zameen.com/Property/hayatabad_hayatabad_phase_6_furnished_kanal_house_for_sale_phase_6_hayatabad-54495461-7627-1.html
5 Marla Designer House - AAA Rating,PKR 3.5 Crore,35000000,5,5,5 Marla,1125.0,31111,House,False,7,hot7Share on FacebookShare on TwitterShare on WhatsAppSend via GMailSend via E-Mail,83,Houses_Peshawar,for_sale,2026-07-26,https://www.zameen.com/Property/peshawar_dha_defence_5_marla_designer_house_-_aaa_rating-54455336-9050-1.html
Gorgeous Prime Location 5 Marla House For Sale Available In Sufiyan Garden,PKR 2.1 Crore,21000000,5,5,5 Marla,1125.0,18666,House,False,23,hot23VerifiedShare on FacebookShare on TwitterShare on WhatsAppSend via GMailSend via E-Mail,92,Houses_Peshawar,for_sale,2026-07-26,https://www.zameen.com/Property/warsak_road_sufiyan_garden_gorgeous_prime_location_5_marla_house_for_sale_available_in_sufiyan_garden-54272634-19313-1.html
South Face 50 Ft Road Luxury House | Sector 3C2 | Ideal Location House,PKR 5.29 Crore,52900000,10,6,10 Marla,2250.0,23511,House,False,27,hot27Share on FacebookShare on TwitterShare on WhatsAppSend via GMailSend via E-Mail,84,Houses_Peshawar,for_sale,2026-07-26,https://www.zameen.com/Property/regi_model_town_regi_model_town_phase_3_south_face_50_ft_road_luxury_house_sector_3c2_ideal_location_house-54487070-17013-1.html
Prime Location 5 Marla House Is Available For Sale,PKR 2.55 Crore,25500000,6,6,5 Marla,1125.0,22666,House,False,33,hot33VerifiedShare on FacebookShare on TwitterShare on WhatsAppSend via GMailSend via E-Mail,92,Houses_Peshawar,for_sale,2026-07-26,https://www.zameen.com/Property/warsak_road_arbab_sabz_ali_khan_town_prime_location_5_marla_house_is_available_for_sale-54426749-10222-1.html
A Prime Location House Of 5 Marla In Arbab Sabz Ali Khan Town Executive Lodges,PKR 2.7 Crore,27000000,8,,5 Marla,1125.0,24000,House,False,34,34VerifiedShare on FacebookShare on TwitterShare on WhatsAppSend via GMailSend via E-Mail,89,Houses_Peshawar,for_sale,2026-07-26,https://www.zameen.com/Property/arbab_sabz_ali_khan_town_arbab_sabz_ali_khan_town_executive_lodges_a_prime_location_house_of_5_marla_in_arbab_sabz_ali_khan_town_executive_lodges-54353325-10382-1.html
Prime Location 4 Marla House For Sale In Arbab Sabz Ali Khan Town Peshawar In Only Rs. 16000000,PKR 1.6 Crore,16000000,6,6,4 Marla,900.0,17777,House,False,21,21VerifiedShare on FacebookShare on TwitterShare on WhatsAppSend via GMailSend via E-Mail,89,Houses_Peshawar,for_sale,2026-07-26,https://www.zameen.com/Property/warsak_road_arbab_sabz_ali_khan_town_prime_location_4_marla_house_for_sale_in_arbab_sabz_ali_khan_town_peshawar_in_only_rs_16000000-54353326-10222-1.html
Well-Constructed Grey Structure House Available For Sale In Arbab Sabz Ali Khan Town Executive Lodges,PKR 1.5 Crore,15000000,6,6,5 Marla,1125.0,13333,House,False,13,13VerifiedShare on FacebookShare on TwitterShare on WhatsAppSend via GMailSend via E-Mail,89,Houses_Peshawar,for_sale,2026-07-26,https://www.zameen.com/Property/arbab_sabz_ali_khan_town_arbab_sabz_ali_khan_town_executive_lodges_well-constructed_grey_structure_house_available_for_sale_in_arbab_sabz_ali_khan_town_executive_lodges-54373188-10382-1.html
Prime Location House For Grabs In 5 Marla Peshawar,PKR 2.4 Crore,24000000,5,6,5 Marla,1125.0,21333,House,False,41,41VerifiedShare on FacebookShare on TwitterShare on WhatsAppSend via GMailSend via E-Mail,89,Houses_Peshawar,for_sale,2026-07-26,https://www.zameen.com/Property/warsak_road_green_cottages_prime_location_house_for_grabs_in_5_marla_peshawar-54379520-11933-1.html
Book A Prime Location House Of 7 Marla In Arbab Sabz Ali Khan Town Executive Lodges Peshawar,PKR 3.5 Crore,35000000,6,,7 Marla,1575.0,22222,House,False,41,41VerifiedShare on FacebookShare on TwitterShare on WhatsAppSend via GMailSend via E-Mail,89,Houses_Peshawar,for_sale,2026-07-26,https://www.zameen.com/Property/arbab_sabz_ali_khan_town_arbab_sabz_ali_khan_town_executive_lodges_book_a_prime_location_house_of_7_marla_in_arbab_sabz_ali_khan_town_executive_lodges_peshawar-54391888-10382-1.html
Prime Location 5 Marla House Situated In Arbab Sabz Ali Khan Town Executive Lodges For Sale,PKR 2.4 Crore,24000000,6,6,5.2 Marla,1170.0,20512,House,False,33,33VerifiedShare on FacebookShare on TwitterShare on WhatsAppSend via GMailSend via E-Mail,89,Houses_Peshawar,for_sale,2026-07-26,https://www.zameen.com/Property/arbab_sabz_ali_khan_town_arbab_sabz_ali_khan_town_executive_lodges_prime_location_5_marla_house_situated_in_arbab_sabz_ali_khan_town_executive_lodges_for_sale-54406948-10382-1.html
Prime Location House For sale Situated In Sufiyan Garden,PKR 2.4 Crore,24000000,6,6,5 Marla,1125.0,21333,House,False,34,34VerifiedShare on FacebookShare on TwitterShare on WhatsAppSend via GMailSend via E-Mail,89,Houses_Peshawar,for_sale,2026-07-26,https://www.zameen.com/Property/warsak_road_sufiyan_garden_prime_location_house_for_sale_situated_in_sufiyan_garden-54406949-19313-1.html
Looking For A Prime Location House In Peshawar,PKR 5.2 Crore,52000000,7,,1 Kanal,4500.0,11555,House,False,49,49VerifiedShare on FacebookShare on TwitterShare on WhatsAppSend via GMailSend via E-Mail,89,Houses_Peshawar,for_sale,2026-07-26,https://www.zameen.com/Property/warsak_road_shaheen_housing_scheme_looking_for_a_prime_location_house_in_peshawar-54426782-11473-1.html
Premium 10 Marla House For Sale,PKR 2.65 Crore,26500000,6,6,10 Marla,2250.0,11777,House,True,23,hot23Share on FacebookShare on TwitterShare on WhatsAppSend via GMailSend via E-Mail,84,Houses_Peshawar,for_sale,2026-07-26,https://www.zameen.com/Property/peshawar_warsak_road_premium_10_marla_house_for_sale-54456486-1000-1.html
1 Kanal South Open Fresh Un Touch House For Sale In Dha Peshawar Sector C,PKR 10.9 Crore,109000000,7,6,1 Kanal,4500.0,24222,House,False,25,hot25Share on FacebookShare on TwitterShare on WhatsAppSend via GMailSend via E-Mail,84,Houses_Peshawar,for_sale,2026-07-26,https://www.zameen.com/Property/dha_phase_1_dha_phase_1_-_sector_c_1_kanal_south_open_fresh_un_touch_house_for_sale_in_dha_peshawar_sector_c-54406742-12294-1.html
Ready To sale A Prime Location House 10 Marla In Green Cottages Peshawar,PKR 4.9 Crore,49000000,6,,10 Marla,2250.0,21777,House,False,12,hot12VerifiedShare on FacebookShare on TwitterShare on WhatsAppSend via GMailSend via E-Mail,92,Houses_Peshawar,for_sale,2026-07-26,https://www.zameen.com/Property/warsak_road_green_cottages_ready_to_sale_a_prime_location_house_10_marla_in_green_cottages_peshawar-54407373-11933-1.html
Prime Location 5 Marla House For sale In Arbab Sabz Ali Khan Town Executive Lodges Peshawar,PKR 2.2 Crore,22000000,6,6,5 Marla,1125.0,19555,House,False,17,hot17VerifiedShare on FacebookShare on TwitterShare on WhatsAppSend via GMailSend via E-Mail,92,Houses_Peshawar,for_sale,2026-07-26,https://www.zameen.com/Property/arbab_sabz_ali_khan_town_arbab_sabz_ali_khan_town_executive_lodges_prime_location_5_marla_house_for_sale_in_arbab_sabz_ali_khan_town_executive_lodges_peshawar-54433917-10382-1.html
A Spacious Prime Location 5 Marla House In Arbab Sabz Ali Khan Town Executive Lodges,PKR 2.2 Crore,22000000,6,6,5 Marla,1125.0,19555,House,False,18,hot18VerifiedShare on FacebookShare on TwitterShare on WhatsAppSend via GMailSend via E-Mail,92,Houses_Peshawar,for_sale,2026-07-26,https://www.zameen.com/Property/arbab_sabz_ali_khan_town_arbab_sabz_ali_khan_town_executive_lodges_a_spacious_prime_location_5_marla_house_in_arbab_sabz_ali_khan_town_executive_lodges-54433918-10382-1.html
Prime Location 10 Marla House In Arbab Sabz Ali Khan Town Executive Lodges Best Option,PKR 4.7 Crore,47000000,,,10 Marla,2250.0,20888,House,False,19,hot19VerifiedShare on FacebookShare on TwitterShare on WhatsAppSend via GMailSend via E-Mail,92,Houses_Peshawar,for_sale,2026-07-26,https://www.zameen.com/Property/arbab_sabz_ali_khan_town_arbab_sabz_ali_khan_town_executive_lodges_prime_location_10_marla_house_in_arbab_sabz_ali_khan_town_executive_lodges_best_option-54433919-10382-1.html
Prime Location Officers Garden Colony House Sized 11 Marla Is Available,PKR 7 Crore,70000000,7,,11 Marla,2475.0,28282,House,False,13,hot13VerifiedShare on FacebookShare on TwitterShare on WhatsAppSend via GMailSend via E-Mail,92,Houses_Peshawar,for_sale,2026-07-26,https://www.zameen.com/Property/warsak_road_officers_garden_colony_prime_location_officers_garden_colony_house_sized_11_marla_is_available-54272701-7655-1.html
Sector B3 | 12 Kv Solar System+ Green Meter House For Sale,PKR 4.44 Crore,44400000,10,6,10 Marla,2250.0,19733,House,False,3,hot3Share on FacebookShare on TwitterShare on WhatsAppSend via GMailSend via E-Mail,83,Houses_Peshawar,for_sale,2026-07-26,https://www.zameen.com/Property/regi_model_town_regi_model_town_phase_3_sector_b3_12_kv_solar_system_green_meter_house_for_sale-53076467-17013-1.html
Prime Location A Centrally Located House Is Available For Sale In Peshawar,PKR 4.8 Crore,48000000,7,,10 Marla,2250.0,21333,House,False,29,hot29VerifiedShare on FacebookShare on TwitterShare on WhatsAppSend via GMailSend via E-Mail,92,Houses_Peshawar,for_sale,2026-07-26,https://www.zameen.com/Property/warsak_road_sufiyan_garden_prime_location_a_centrally_located_house_is_available_for_sale_in_peshawar-54460263-19313-1.html
Buy Prime Location 3 Marla House At Highly Affordable Price,PKR 1.15 Crore,11500000,4,4,3 Marla,675.0,17037,House,False,23,hot23VerifiedShare on FacebookShare on TwitterShare on WhatsAppSend via GMailSend via E-Mail,92,Houses_Peshawar,for_sale,2026-07-26,https://www.zameen.com/Property/warsak_road_sudais_villas_buy_prime_location_3_marla_house_at_highly_affordable_price-54005097-18406-1.html
Get In Touch Now To Buy A Prime Location 7 Marla House In Ali Homes,PKR 4 Crore,40000000,6,6,7 Marla,1575.0,25396,House,False,33,hot33VerifiedShare on FacebookShare on TwitterShare on WhatsAppSend via GMailSend via E-Mail,92,Houses_Peshawar,for_sale,2026-07-26,https://www.zameen.com/Property/warsak_road_ali_homes_get_in_touch_now_to_buy_a_prime_location_7_marla_house_in_ali_homes-54005096-21999-1.html
Prime Location 10 Marla Spacious House Is Available In Ali Homes For sale,PKR 6 Crore,60000000,8,,10 Marla,2250.0,26666,House,False,45,hot45VerifiedShare on FacebookShare on TwitterShare on WhatsAppSend via GMailSend via E-Mail,92,Houses_Peshawar,for_sale,2026-07-26,https://www.zameen.com/Property/warsak_road_ali_homes_prime_location_10_marla_spacious_house_is_available_in_ali_homes_for_sale-54005095-21999-1.html
Get In Touch Now To Buy A Prime Location House In Arbab Sabz Ali Khan Town Executive Lodges,PKR 3.1 Crore,31000000,7,,5 Marla,1125.0,27555,House,False,50,hot50VerifiedShare on FacebookShare on TwitterShare on WhatsAppSend via GMailSend via E-Mail,92,Houses_Peshawar,for_sale,2026-07-26,https://www.zameen.com/Property/arbab_sabz_ali_khan_town_arbab_sabz_ali_khan_town_executive_lodges_get_in_touch_now_to_buy_a_prime_location_house_in_arbab_sabz_ali_khan_town_executive_lodges-53917923-10382-1.html
Stunning Corner 5 Marla House In Green Cottages Available,PKR 2.3 Crore,23000000,5,5,5 Marla,1125.0,20444,House,False,11,hot11VerifiedShare on FacebookShare on TwitterShare on WhatsAppSend via GMailSend via E-Mail,92,Houses_Peshawar,for_sale,2026-07-26,https://www.zameen.com/Property/warsak_road_green_cottages_stunning_corner_5_marla_house_in_green_cottages_available-54466895-11933-1.html
A Prime Location 3 Marla House Located In Sudais Villas Is Available For sale,PKR 1.3 Crore,13000000,4,4,3 Marla,675.0,19259,House,False,28,hot28VerifiedShare on FacebookShare on TwitterShare on WhatsAppSend via GMailSend via E-Mail,92,Houses_Peshawar,for_sale,2026-07-26,https://www.zameen.com/Property/warsak_road_sudais_villas_a_prime_location_3_marla_house_located_in_sudais_villas_is_available_for_sale-54466896-18406-1.html
Buying A Prime Location House In Green Cottages?,PKR 2.2 Crore,22000000,5,5,4 Marla,900.0,24444,House,False,39,hot39VerifiedShare on FacebookShare on TwitterShare on WhatsAppSend via GMailSend via E-Mail,92,Houses_Peshawar,for_sale,2026-07-26,https://www.zameen.com/Property/warsak_road_green_cottages_buying_a_prime_location_house_in_green_cottages-54466892-11933-1.html
Ideally Located Prime Location House Of 3 Marla Is Available For Sale In Peshawar,PKR 1.2 Crore,12000000,4,4,3 Marla,675.0,17777,House,False,26,hot26VerifiedShare on FacebookShare on TwitterShare on WhatsAppSend via GMailSend via E-Mail,92,Houses_Peshawar,for_sale,2026-07-26,https://www.zameen.com/Property/warsak_road_sudais_villas_ideally_located_prime_location_house_of_3_marla_is_available_for_sale_in_peshawar-54465659-18406-1.html
Prime Location House For Sale Is Readily Available In Prime Location Of Sudais Villas,PKR 1.2 Crore,12000000,4,4,3 Marla,675.0,17777,House,False,33,33VerifiedShare on FacebookShare on TwitterShare on WhatsAppSend via GMailSend via E-Mail,89,Houses_Peshawar,for_sale,2026-07-26,https://www.zameen.com/Property/warsak_road_sudais_villas_prime_location_house_for_sale_is_readily_available_in_prime_location_of_sudais_villas-54445226-18406-1.html
Prime Location House Of 4 Marla Is Available For Sale,PKR 2.6 Crore,26000000,5,5,4 Marla,900.0,28888,House,False,32,32VerifiedShare on FacebookShare on TwitterShare on WhatsAppSend via GMailSend via E-Mail,89,Houses_Peshawar,for_sale,2026-07-26,https://www.zameen.com/Property/arbab_sabz_ali_khan_town_arbab_sabz_ali_khan_town_executive_lodges_prime_location_house_of_4_marla_is_available_for_sale-54456472-10382-1.html
"Corner In Green Cottages Of Peshawar, A 5 Marla House Is Available",PKR 2.5 Crore,25000000,5,5,5 Marla,1125.0,22222,House,False,35,35VerifiedShare on FacebookShare on TwitterShare on WhatsAppSend via GMailSend via E-Mail,89,Houses_Peshawar,for_sale,2026-07-26,https://www.zameen.com/Property/warsak_road_green_cottages_corner_in_green_cottages_of_peshawar_a_5_marla_house_is_available-54465274-11933-1.html
Prime Location 5 Marla House Is Available For Sale,PKR 1.6 Crore,16000000,8,,5 Marla,1125.0,14222,House,False,31,31VerifiedShare on FacebookShare on TwitterShare on WhatsAppSend via GMailSend via E-Mail,89,Houses_Peshawar,for_sale,2026-07-26,https://www.zameen.com/Property/warsak_michini_road_al_massa_town_prime_location_5_marla_house_is_available_for_sale-54465275-16506-1.html
Perfect Prime Location 5 Marla House In Arbab Sabz Ali Khan Town Executive Lodges For sale,PKR 2.85 Crore,28500000,7,,5 Marla,1125.0,25333,House,False,35,35VerifiedShare on FacebookShare on TwitterShare on WhatsAppSend via GMailSend via E-Mail,89,Houses_Peshawar,for_sale,2026-07-26,https://www.zameen.com/Property/arbab_sabz_ali_khan_town_arbab_sabz_ali_khan_town_executive_lodges_perfect_prime_location_5_marla_house_in_arbab_sabz_ali_khan_town_executive_lodges_for_sale-54487691-10382-1.html
"Prime Location In Sudais Villas Of Peshawar, A 3 Marla House Is Available",PKR 1.4 Crore,14000000,4,4,3.5 Marla,787.5,17777,House,False,26,26VerifiedShare on FacebookShare on TwitterShare on WhatsAppSend via GMailSend via E-Mail,89,Houses_Peshawar,for_sale,2026-07-26,https://www.zameen.com/Property/warsak_road_sudais_villas_prime_location_in_sudais_villas_of_peshawar_a_3_marla_house_is_available-54487692-18406-1.html
A Prime Location 5 Marla House Located In Sufiyan Garden Is Available For sale,PKR 2.1 Crore,21000000,5,5,5 Marla,1125.0,18666,House,False,29,29VerifiedShare on FacebookShare on TwitterShare on WhatsAppSend via GMailSend via E-Mail,89,Houses_Peshawar,for_sale,2026-07-26,https://www.zameen.com/Property/warsak_road_sufiyan_garden_a_prime_location_5_marla_house_located_in_sufiyan_garden_is_available_for_sale-54507836-19313-1.html
Prominently-Located Prime Location 5 Marla House Available In Arbab Sabz Ali Khan Town Executive Lodges,PKR 2.2 Crore,22000000,6,6,5 Marla,1125.0,19555,House,False,39,39VerifiedShare on FacebookShare on TwitterShare on WhatsAppSend via GMailSend via E-Mail,89,Houses_Peshawar,for_sale,2026-07-26,https://www.zameen.com/Property/arbab_sabz_ali_khan_town_arbab_sabz_ali_khan_town_executive_lodges_prominently-located_prime_location_5_marla_house_available_in_arbab_sabz_ali_khan_town_executive_lodges-54513255-10382-1.html
Prime Location 4.5 Marla House For Sale Available In Warsak Road,PKR 2.2 Crore,22000000,5,5,4.5 Marla,1012.5,21728,House,False,40,hot40VerifiedShare on FacebookShare on TwitterShare on WhatsAppSend via GMailSend via E-Mail,92,Houses_Peshawar,for_sale,2026-07-26,https://www.zameen.com/Property/warsak_road_green_cottages_prime_location_4_5_marla_house_for_sale_available_in_warsak_road-54466893-11933-1.html
1 Kanal Luxury House Available For Sale,PKR 7.5 Crore,75000000,10,,1 Kanal,4500.0,16666,House,False,15,hot15Share on FacebookShare on TwitterShare on WhatsAppSend via GMailSend via E-Mail,84,Houses_Peshawar,for_sale,2026-07-26,https://www.zameen.com/Property/regi_model_town_regi_model_town_phase_4_1_kanal_luxury_house_available_for_sale-53450679-17014-1.html
1 Kanal Luxury House For Sale In DHA Peshawar Sector B,PKR 11 Crore,110000000,8,6,1 Kanal,4500.0,24444,House,False,25,hot25Share on FacebookShare on TwitterShare on WhatsAppSend via GMailSend via E-Mail,84,Houses_Peshawar,for_sale,2026-07-26,https://www.zameen.com/Property/peshawar_dha_defence_1_kanal_luxury_house_for_sale_in_dha_peshawar_sector_b-54478784-9050-1.html
10 Marla New House For Sale,PKR 5.25 Crore,52500000,4,5,10 Marla,2250.0,23333,House,False,13,hot13Share on FacebookShare on TwitterShare on WhatsAppSend via GMailSend via E-Mail,84,Houses_Peshawar,for_sale,2026-07-26,https://www.zameen.com/Property/peshawar_askari_6_10_marla_new_house_for_sale-45753136-9275-1.html
12 Marla Beautiful House For Sale,PKR 5.7 Crore,57000000,5,6,12 Marla,2700.0,21111,House,False,50,hot50Share on FacebookShare on TwitterShare on WhatsAppSend via GMailSend via E-Mail,84,Houses_Peshawar,for_sale,2026-07-26,https://www.zameen.com/Property/peshawar_askari_6_12_marla_beautiful_house_for_sale-49750104-9275-1.html
Kanal Corner House For Sale,PKR 8 Crore,80000000,5,6,1 Kanal,4500.0,17777,House,False,39,hot39Share on FacebookShare on TwitterShare on WhatsAppSend via GMailSend via E-Mail,84,Houses_Peshawar,for_sale,2026-07-26,https://www.zameen.com/Property/peshawar_askari_6_kanal_corner_house_for_sale-51902647-9275-1.html
This Is Your Chance To Buy Prime Location House In Sufiyan Garden Peshawar,PKR 4.1 Crore,41000000,6,6,10 Marla,2250.0,18222,House,False,49,hot49VerifiedShare on FacebookShare on TwitterShare on WhatsAppSend via GMailSend via E-Mail,92,Houses_Peshawar,for_sale,2026-07-26,https://www.zameen.com/Property/warsak_road_sufiyan_garden_this_is_your_chance_to_buy_prime_location_house_in_sufiyan_garden_peshawar-54426747-19313-1.html
Prime Location House In Green Cottages Sized 4 Marla Is Available,PKR 2.2 Crore,22000000,4,4,4 Marla,900.0,24444,House,False,40,hot40VerifiedShare on FacebookShare on TwitterShare on WhatsAppSend via GMailSend via E-Mail,92,Houses_Peshawar,for_sale,2026-07-26,https://www.zameen.com/Property/warsak_road_green_cottages_prime_location_house_in_green_cottages_sized_4_marla_is_available-54426748-11933-1.html
Brand New Luxury House For Sale,PKR 2.1 Crore,21000000,5,5,5 Marla,1125.0,18666,House,False,17,hot17Share on FacebookShare on TwitterShare on WhatsAppSend via GMailSend via E-Mail,84,Houses_Peshawar,for_sale,2026-07-26,https://www.zameen.com/Property/warsak_road_sufiyan_garden_brand_new_luxury_house_for_sale-54482139-19313-1.html
Get This Amazing Prime Location 4 Marla House Available In Warsak Road,PKR 2.3 Crore,23000000,5,5,4 Marla,900.0,25555,House,False,23,hot23VerifiedShare on FacebookShare on TwitterShare on WhatsAppSend via GMailSend via E-Mail,92,Houses_Peshawar,for_sale,2026-07-26,https://www.zameen.com/Property/peshawar_warsak_road_get_this_amazing_prime_location_4_marla_house_available_in_warsak_road-54427361-1000-1.html
5 Marla New Corner House For Sale In Sheikh Yaseen Town Peshawar,PKR 1.9 Crore,19000000,8,,5 Marla,1125.0,16888,House,False,15,hot15Share on FacebookShare on TwitterShare on WhatsAppSend via GMailSend via E-Mail,84,Houses_Peshawar,for_sale,2026-07-26,https://www.zameen.com/Property/nasir_bagh_road_sheikh_yaseen_town_5_marla_new_corner_house_for_sale_in_sheikh_yaseen_town_peshawar-54210995-13024-1.html
5 Marla South Open Grey Structure House For Sale In Zone 3 Regi Model Town Peshawar,PKR 2.25 Crore,22500000,8,,5 Marla,1125.0,20000,House,False,,hotShare on FacebookShare on TwitterShare on WhatsAppSend via GMailSend via E-Mail,82,Houses_Peshawar,for_sale,2026-07-26,https://www.zameen.com/Property/regi_model_town_regi_model_town_phase_3_5_marla_south_open_grey_structure_house_for_sale_in_zone_3_regi_model_town_peshawar-54479596-17013-1.html
House In Sector A For Sale (Prime Location),PKR 6.6 Crore,66000000,7,6,1 Kanal,4500.0,14666,House,False,1,hot1Share on FacebookShare on TwitterShare on WhatsAppSend via GMailSend via E-Mail,83,Houses_Peshawar,for_sale,2026-07-26,https://www.zameen.com/Property/dha_phase_1_dha_phase_1_-_sector_a_house_in_sector_a_for_sale_prime_location-54340944-12292-1.html
Prime Location House Of 10 Marla In Hayatabad Phase 7 Is Available,PKR 5.8 Crore,58000000,8,6,10 Marla,2250.0,25777,House,False,17,hot17VerifiedShare on FacebookShare on TwitterShare on WhatsAppSend via GMailSend via E-Mail,92,Houses_Peshawar,for_sale,2026-07-26,https://www.zameen.com/Property/hayatabad_hayatabad_phase_7_prime_location_house_of_10_marla_in_hayatabad_phase_7_is_available-54403893-8534-1.html
Ideal Prime Location House For Sale In Hayatabad Phase 7,PKR 2.8 Crore,28000000,6,6,5 Marla,1125.0,24888,House,False,10,hot10VerifiedShare on FacebookShare on TwitterShare on WhatsAppSend via GMailSend via E-Mail,92,Houses_Peshawar,for_sale,2026-07-26,https://www.zameen.com/Property/hayatabad_hayatabad_phase_7_ideal_prime_location_house_for_sale_in_hayatabad_phase_7-54403890-8534-1.html
Aesthetic Prime Location House Of 5 Marla For Sale Is Available,PKR 3.8 Crore,38000000,8,6,5 Marla,1125.0,33777,House,False,11,hot11VerifiedShare on FacebookShare on TwitterShare on WhatsAppSend via GMailSend via E-Mail,92,Houses_Peshawar,for_sale,2026-07-26,https://www.zameen.com/Property/hayatabad_hayatabad_phase_7_aesthetic_prime_location_house_of_5_marla_for_sale_is_available-54362812-8534-1.html
5 Marla House For Sale Zone 3 Sector C1 Regi Model Town Peshawar,PKR 3.3 Crore,33000000,8,6,5 Marla,1125.0,29333,House,False,22,hot22Share on FacebookShare on TwitterShare on WhatsAppSend via GMailSend via E-Mail,84,Houses_Peshawar,for_sale,2026-07-26,https://www.zameen.com/Property/regi_model_town_phase_3_regi_model_town_phase_3_-_block_c1_5_marla_house_for_sale_zone_3_sector_c1_regi_model_town_peshawar-54334561-17025-1.html
A Prime Location House At Affordable Price Awaits You,PKR 1.9 Crore,19000000,6,6,5 Marla,1125.0,16888,House,False,40,40VerifiedShare on FacebookShare on TwitterShare on WhatsAppSend via GMailSend via E-Mail,89,Houses_Peshawar,for_sale,2026-07-26,https://www.zameen.com/Property/warsak_road_sudais_villas_a_prime_location_house_at_affordable_price_awaits_you-54513256-18406-1.html
Ideal House For Sale In Askari 5,PKR 6.8 Crore,68000000,4,4,10 Marla,2250.0,30222,House,False,5,5Share on FacebookShare on TwitterShare on WhatsAppSend via GMailSend via E-Mail,80,Houses_Peshawar,for_sale,2026-07-26,https://www.zameen.com/Property/peshawar_askari_5_ideal_house_for_sale_in_askari_5-52531671-8564-1.html
5 Marla House For Sale,PKR 3.85 Crore,38500000,8,6,5 Marla,1125.0,34222,House,False,1,1Share on FacebookShare on TwitterShare on WhatsAppSend via GMailSend via E-Mail,80,Houses_Peshawar,for_sale,2026-07-26,https://www.zameen.com/Property/hayatabad_phase_7_hayatabad_phase_7_-_e5_5_marla_house_for_sale-54362539-13218-1.html
10 Marla Old House For Sale,PKR 2.89 Crore,28900000,5,5,10 Marla,2250.0,12844,House,False,1,1Share on FacebookShare on TwitterShare on WhatsAppSend via GMailSend via E-Mail,80,Houses_Peshawar,for_sale,2026-07-26,https://www.zameen.com/Property/hayatabad_phase_1_hayatabad_phase_1_-_e3_10_marla_old_house_for_sale-54250341-7600-1.html
"5 Marla House Available for Sale Phase 1, Sector D4, Hayatabad, Peshawar",PKR 3.4 Crore,34000000,8,,5 Marla,1125.0,30222,House,False,1,1Share on FacebookShare on TwitterShare on WhatsAppSend via GMailSend via E-Mail,80,Houses_Peshawar,for_sale,2026-07-26,https://www.zameen.com/Property/hayatabad_phase_1_hayatabad_phase_1_-_d4_5_marla_house_available_for_sale_phase_1_sector_d4_hayatabad_peshawar-54519832-15037-1.html
"5 Marla House Available for Sale Phase 1, Sector D4, Hayatabad, Peshawar",PKR 2.8 Crore,28000000,6,6,5 Marla,1125.0,24888,House,False,1,1Share on FacebookShare on TwitterShare on WhatsAppSend via GMailSend via E-Mail,80,Houses_Peshawar,for_sale,2026-07-26,https://www.zameen.com/Property/hayatabad_hayatabad_phase_1_5_marla_house_available_for_sale_phase_1_sector_d4_hayatabad_peshawar-54519794-7597-1.html
"5 Marla House Available for Sale Phase 1, Sector D4, Hayatabad, Peshawar",PKR 2.35 Crore,23500000,6,4,5 Marla,1125.0,20888,House,False,1,1Share on FacebookShare on TwitterShare on WhatsAppSend via GMailSend via E-Mail,80,Houses_Peshawar,for_sale,2026-07-26,https://www.zameen.com/Property/hayatabad_hayatabad_phase_1_5_marla_house_available_for_sale_phase_1_sector_d4_hayatabad_peshawar-54519785-7597-1.html
1 Kanal House For Sell In Hayatabad Phase 2,PKR 8 Crore,80000000,8,6,1 Kanal,4500.0,17777,House,True,,Share on FacebookShare on TwitterShare on WhatsAppSend via GMailSend via E-Mail,79,Houses_Peshawar,for_sale,2026-07-26,https://www.zameen.com/Property/hayatabad_hayatabad_phase_2_1_kanal_house_for_sell_in_hayatabad_phase_2-52896674-7602-1.html
Prime Location 10 Marla House In Stunning Hayatabad Phase 1 Is Available For sale,PKR 4.5 Crore,45000000,6,6,10 Marla,2250.0,20000,House,False,10,hot10VerifiedShare on FacebookShare on TwitterShare on WhatsAppSend via GMailSend via E-Mail,92,Houses_Peshawar,for_sale,2026-07-26,https://www.zameen.com/Property/hayatabad_hayatabad_phase_1_prime_location_10_marla_house_in_stunning_hayatabad_phase_1_is_available_for_sale-54338934-7597-1.html
Prime Location 10 Marla House In Hayatabad Phase 7 For sale,PKR 6.9 Crore,69000000,8,6,10 Marla,2250.0,30666,House,False,34,hot34VerifiedShare on FacebookShare on TwitterShare on WhatsAppSend via GMailSend via E-Mail,92,Houses_Peshawar,for_sale,2026-07-26,https://www.zameen.com/Property/hayatabad_hayatabad_phase_7_prime_location_10_marla_house_in_hayatabad_phase_7_for_sale-54338933-8534-1.html
Prime Location House For Sale In Hayatabad Phase 6 Peshawar,PKR 4.1 Crore,41000000,9,6,7 Marla,1575.0,26031,House,False,17,hot17VerifiedShare on FacebookShare on TwitterShare on WhatsAppSend via GMailSend via E-Mail,92,Houses_Peshawar,for_sale,2026-07-26,https://www.zameen.com/Property/hayatabad_hayatabad_phase_6_prime_location_house_for_sale_in_hayatabad_phase_6_peshawar-54338932-7627-1.html
Brand New House Available For Sale,PKR 14.5 Crore,145000000,5,5,15 Marla,3375.0,42962,House,False,32,hot32Share on FacebookShare on TwitterShare on WhatsAppSend via GMailSend via E-Mail,84,Houses_Peshawar,for_sale,2026-07-26,https://www.zameen.com/Property/peshawar_university_town_brand_new_house_available_for_sale-46758267-1437-1.html
Luxury House for Sale | Defence Officer Colony | Peshawar,PKR 22 Crore,220000000,11,7,1.5 Kanal,6750.0,32592,House,False,15,hot15Share on FacebookShare on TwitterShare on WhatsAppSend via GMailSend via E-Mail,84,Houses_Peshawar,for_sale,2026-07-26,https://www.zameen.com/Property/peshawar_defence_officer_colony_luxury_house_for_sale_defence_officer_colony_peshawar-53290729-392-1.html
Exclusive 6 Marla Luxury Corner House | Triple Storey | Zone 4 Regi Model Town,PKR 3.3 Crore,33000000,8,7,6 Marla,1350.0,24444,House,True,16,hot16Share on FacebookShare on TwitterShare on WhatsAppSend via GMailSend via E-Mail,84,Houses_Peshawar,for_sale,2026-07-26,https://www.zameen.com/Property/regi_model_town_regi_model_town_phase_4_exclusive_6_marla_luxury_corner_house_triple_storey_zone_4_regi_model_town-54418906-17014-1.html
6 Marla 9 Rooms Attach Bath Double Car Porch Gas Electricity Water Available Malik Tariq Road Street 1 Ring Road RMC Hospital House For Sale,PKR 2.8 Crore,28000000,9,2,6 Marla,1350.0,20740,House,False,16,hot16Share on FacebookShare on TwitterShare on WhatsAppSend via GMailSend via E-Mail,84,Houses_Peshawar,for_sale,2026-07-26,https://www.zameen.com/Property/peshawar_ring_road_6_marla_9_rooms_attach_bath_double_car_porch_gas_electricity_water_available_malik_tariq_road_street_1_ring_road_rmc_hospital_house_for_sale-54418546-997-1.html
You Can Find A Gorgeous House For Sale In Dalazak Road,PKR 7 Crore,70000000,10,,13 Marla,2925.0,23931,House,False,15,hot15Share on FacebookShare on TwitterShare on WhatsAppSend via GMailSend via E-Mail,84,Houses_Peshawar,for_sale,2026-07-26,https://www.zameen.com/Property/peshawar_dalazak_road_you_can_find_a_gorgeous_house_for_sale_in_dalazak_road-54417117-7587-1.html
3.25 Marla House,PKR 96 Lakh,9600000,4,4,3.2 Marla,720.0,13333,House,False,20,hot20Share on FacebookShare on TwitterShare on WhatsAppSend via GMailSend via E-Mail,84,Houses_Peshawar,for_sale,2026-07-26,https://www.zameen.com/Property/warsak_road_uzair_town_3_25_marla_house-54289779-22002-1.html
Own Your Dream House At RMT Zone 3 For Sale,PKR 3.2 Crore,32000000,7,6,5 Marla,1125.0,28444,House,False,11,hot11Share on FacebookShare on TwitterShare on WhatsAppSend via GMailSend via E-Mail,84,Houses_Peshawar,for_sale,2026-07-26,https://www.zameen.com/Property/peshawar_regi_model_town_own_your_dream_house_at_rmt_zone_3_for_sale-54390406-7660-1.html
Buy A 5 Marla House For sale In Hayatabad Phase 6,PKR 2.75 Crore,27500000,7,5,5 Marla,1125.0,24444,House,False,10,hot10Share on FacebookShare on TwitterShare on WhatsAppSend via GMailSend via E-Mail,84,Houses_Peshawar,for_sale,2026-07-26,https://www.zameen.com/Property/hayatabad_hayatabad_phase_6_buy_a_5_marla_house_for_sale_in_hayatabad_phase_6-54423943-7627-1.html
Beautiful House Available For Sale Hayatabad,PKR 6.5 Crore,65000000,6,6,1 Kanal,4500.0,14444,House,False,10,hot10Share on FacebookShare on TwitterShare on WhatsAppSend via GMailSend via E-Mail,84,Houses_Peshawar,for_sale,2026-07-26,https://www.zameen.com/Property/hayatabad_hayatabad_phase_1_beautiful_house_available_for_sale_hayatabad-54434698-7597-1.html
The Friends Properties Offers A 10 Marla Low Budget House For Sale Hayatabad Phase 2 Prime Location,PKR 4.8 Crore,48000000,7,,10 Marla,2250.0,21333,House,False,2,hot2Share on FacebookShare on TwitterShare on WhatsAppSend via GMailSend via E-Mail,83,Houses_Peshawar,for_sale,2026-07-26,https://www.zameen.com/Property/hayatabad_hayatabad_phase_2_the_friends_properties_offers_a_10_marla_low_budget_house_for_sale_hayatabad_phase_2_prime_location-54423955-7602-1.html
House Of 4 Marla In Darmangi Is Available,PKR 1.38 Crore,13799999,4,4,4 Marla,900.0,15333,House,False,17,hot17Share on FacebookShare on TwitterShare on WhatsAppSend via GMailSend via E-Mail,84,Houses_Peshawar,for_sale,2026-07-26,https://www.zameen.com/Property/warsak_road_darmangi_house_of_4_marla_in_darmangi_is_available-54401103-12422-1.html
"Premium 10 Marla Luxury Living House Available For Sale In The Highly Desirable Zone 3, Sector C3.",PKR 4.9 Crore,49000000,10,6,10 Marla,2250.0,21777,House,True,32,hot32Share on FacebookShare on TwitterShare on WhatsAppSend via GMailSend via E-Mail,84,Houses_Peshawar,for_sale,2026-07-26,https://www.zameen.com/Property/regi_model_town_phase_3_regi_model_town_phase_3_-_block_c3_premium_10_marla_luxury_living_house_available_for_sale_in_the_highly_desirable_zone_3_sector_c3-54325663-17026-1.html
Prime 7 Marla House For Sale In Hayatabad Perfectly Located Near CECOS University,PKR 6.2 Crore,62000000,8,7,7 Marla,1575.0,39365,House,False,21,hot21Share on FacebookShare on TwitterShare on WhatsAppSend via GMailSend via E-Mail,84,Houses_Peshawar,for_sale,2026-07-26,https://www.zameen.com/Property/hayatabad_phase_6_hayatabad_phase_6_-_f6_prime_7_marla_house_for_sale_in_hayatabad_perfectly_located_near_cecos_university-54209248-7632-1.html
5 Marla Low Budget House For Sale In HAYATABAD Phase 3,PKR 2.4 Crore,24000000,4,4,5 Marla,1125.0,21333,House,False,1,hot1Share on FacebookShare on TwitterShare on WhatsAppSend via GMailSend via E-Mail,83,Houses_Peshawar,for_sale,2026-07-26,https://www.zameen.com/Property/hayatabad_hayatabad_phase_3_5_marla_low_budget_house_for_sale_in_hayatabad_phase_3-54383012-7617-1.html
2 Kanal House For Sell In Hayatabad Phase 6,PKR 18 Crore,180000000,11,7,2 Kanal,9000.0,20000,House,True,,Share on FacebookShare on TwitterShare on WhatsAppSend via GMailSend via E-Mail,79,Houses_Peshawar,for_sale,2026-07-26,https://www.zameen.com/Property/hayatabad_hayatabad_phase_6_2_kanal_house_for_sell_in_hayatabad_phase_6-53468384-7627-1.html
1 Kanal House For Sale In DHA Peshawar,PKR 9 Crore,90000000,11,7,1 Kanal,4500.0,20000,House,True,,Share on FacebookShare on TwitterShare on WhatsAppSend via GMailSend via E-Mail,79,Houses_Peshawar,for_sale,2026-07-26,https://www.zameen.com/Property/dha_phase_1_dha_phase_1_-_sector_c_1_kanal_house_for_sale_in_dha_peshawar-53917919-12294-1.html
1 Kanal House For Sale In Hayatabad Phase 3 K3,PKR 8 Crore,80000000,10,6,1 Kanal,4500.0,17777,House,True,,Share on FacebookShare on TwitterShare on WhatsAppSend via GMailSend via E-Mail,79,Houses_Peshawar,for_sale,2026-07-26,https://www.zameen.com/Property/hayatabad_phase_3_hayatabad_phase_3_-_k3_1_kanal_house_for_sale_in_hayatabad_phase_3_k3-54045816-7620-1.html
7 Marla House For Sale In F8,PKR 5 Crore,50000000,8,6,7 Marla,1575.0,31746,House,True,,Share on FacebookShare on TwitterShare on WhatsAppSend via GMailSend via E-Mail,79,Houses_Peshawar,for_sale,2026-07-26,https://www.zameen.com/Property/hayatabad_phase_6_hayatabad_phase_6_-_f8_7_marla_house_for_sale_in_f8-53699038-7634-1.html
"10 marla,old house for sell",PKR 3.7 Crore,37000000,6,6,10 Marla,2250.0,16444,House,True,,Share on FacebookShare on TwitterShare on WhatsAppSend via GMailSend via E-Mail,79,Houses_Peshawar,for_sale,2026-07-26,https://www.zameen.com/Property/hayatabad_hayatabad_phase_3_10_marla_old_house_for_sell-54521773-7617-1.html
It Is A Very Beautiful And Good Environment With Good Security It Is On New Shami Road,PKR 11.05 Crore,110500000,6,6,1 Kanal,4500.0,24555,House,False,6,6Share on FacebookShare on TwitterShare on WhatsAppSend via GMailSend via E-Mail,80,Houses_Peshawar,for_sale,2026-07-26,https://www.zameen.com/Property/peshawar_shami_road_it_is_a_very_beautiful_and_good_environment_with_good_security_it_is_on_new_shami_road-54357351-998-1.html
Hayatabad Phase 3 Sector K6 Corner House Available For Sale,PKR 5.3 Crore,53000000,6,6,10 Marla,2250.0,23555,House,False,12,12Share on FacebookShare on TwitterShare on WhatsAppSend via GMailSend via E-Mail,81,Houses_Peshawar,for_sale,2026-07-26,https://www.zameen.com/Property/hayatabad_phase_3_hayatabad_phase_3_-_k6_hayatabad_phase_3_sector_k6_corner_house_available_for_sale-54361690-7623-1.html
Prime Location 7 Marla Spacious House Available In Wapda Town For sale,PKR 2.4 Crore,24000000,7,6,7 Marla,1575.0,15238,House,False,5,51VerifiedShare on FacebookShare on TwitterShare on WhatsAppSend via GMailSend via E-Mail,89,Houses_Peshawar,for_sale,2026-07-26,https://www.zameen.com/Property/peshawar_wapda_town_prime_location_7_marla_spacious_house_available_in_wapda_town_for_sale-54106446-398-1.html
Beautiful House Available For Sale,PKR 4.4 Crore,44000000,9,6,10 Marla,2250.0,19555,House,False,1,hot1Share on FacebookShare on TwitterShare on WhatsAppSend via GMailSend via E-Mail,83,Houses_Peshawar,for_sale,2026-07-26,https://www.zameen.com/Property/peshawar_ring_road_beautiful_house_available_for_sale-54424980-997-1.html
10 Marla Park Facing Single Story House In Police Colony Of Police Colony Is Available For Sale,PKR 3.5 Crore,35000000,3,3,10 Marla,2250.0,15555,House,False,,hotShare on FacebookShare on TwitterShare on WhatsAppSend via GMailSend via E-Mail,82,Houses_Peshawar,for_sale,2026-07-26,https://www.zameen.com/Property/peshawar_police_colony_10_marla_park_facing_single_story_house_in_police_colony_of_police_colony_is_available_for_sale-54309629-12359-1.html
5 Marla Residential House For Sale In Regi Model Town,PKR 2.9 Crore,29000000,8,7,5 Marla,1125.0,25777,House,True,26,26Share on FacebookShare on TwitterShare on WhatsAppSend via GMailSend via E-Mail,81,Houses_Peshawar,for_sale,2026-07-26,https://www.zameen.com/Property/regi_model_town_regi_model_town_phase_4_5_marla_residential_house_for_sale_in_regi_model_town-54503735-17014-1.html
8 Marla House For Sale,PKR 4.5 Crore,45000000,7,6,8 Marla,1800.0,25000,House,False,17,17Share on FacebookShare on TwitterShare on WhatsAppSend via GMailSend via E-Mail,81,Houses_Peshawar,for_sale,2026-07-26,https://www.zameen.com/Property/warsak_road_officers_garden_colony_8_marla_house_for_sale-54094398-7655-1.html
05 Marla House For Sale In Zone 04 Regi Model Town Peshawar,PKR 3.1 Crore,31000000,8,6,5 Marla,1125.0,27555,House,True,26,26Share on FacebookShare on TwitterShare on WhatsAppSend via GMailSend via E-Mail,81,Houses_Peshawar,for_sale,2026-07-26,https://www.zameen.com/Property/regi_model_town_regi_model_town_phase_4_05_marla_house_for_sale_in_zone_04_regi_model_town_peshawar-54502140-17014-1.html
12 Marla Residential Property Featuring Two Separate House Units With Separate Entrances.,PKR 5.35 Crore,53500000,8,7,12 Marla,2700.0,19814,House,False,50,50Share on FacebookShare on TwitterShare on WhatsAppSend via GMailSend via E-Mail,81,Houses_Peshawar,for_sale,2026-07-26,https://www.zameen.com/Property/peshawar_peshawar_garden_12_marla_residential_property_featuring_two_separate_house_units_with_separate_entrances-53960835-12319-1.html
This Is Your Chance To Buy House In Warsak Road,PKR 3.6 Crore,36000000,6,6,7 Marla,1575.0,22857,House,False,15,15Share on FacebookShare on TwitterShare on WhatsAppSend via GMailSend via E-Mail,81,Houses_Peshawar,for_sale,2026-07-26,https://www.zameen.com/Property/peshawar_warsak_road_this_is_your_chance_to_buy_house_in_warsak_road-54511432-1000-1.html
Dha Psh Sector A Kanal Owner Build House,PKR 7.9 Crore,79000000,9,6,1 Kanal,4500.0,17555,House,False,28,28Share on FacebookShare on TwitterShare on WhatsAppSend via GMailSend via E-Mail,81,Houses_Peshawar,for_sale,2026-07-26,https://www.zameen.com/Property/dha_phase_1_dha_phase_1_-_sector_a_dha_psh_sector_a_kanal_owner_build_house-54431868-12292-1.html
"5 Marla House For Sale In Regi Model Town, Phase 3",PKR 3.3 Crore,33000000,8,7,5 Marla,1125.0,29333,House,True,19,19Share on FacebookShare on TwitterShare on WhatsAppSend via GMailSend via E-Mail,81,Houses_Peshawar,for_sale,2026-07-26,https://www.zameen.com/Property/regi_model_town_regi_model_town_phase_3_5_marla_house_for_sale_in_regi_model_town_phase_3-54503643-17013-1.html
10 House For Sale,PKR 3.2 Crore,32000000,6,6,10 Marla,2250.0,14222,House,False,11,11Share on FacebookShare on TwitterShare on WhatsAppSend via GMailSend via E-Mail,81,Houses_Peshawar,for_sale,2026-07-26,https://www.zameen.com/Property/warsak_road_khushal_bagh_10_house_for_sale-54377709-22003-1.html
5 Marla Gray Structure Available For Sale,PKR 60 Lakh,6000000,3,3,5 Marla,1125.0,5333,House,False,4,4Share on FacebookShare on TwitterShare on WhatsAppSend via GMailSend via E-Mail,80,Houses_Peshawar,for_sale,2026-07-26,https://www.zameen.com/Property/rahatabad_green_oaks_residencia_5_marla_gray_structure_available_for_sale-53069813-17967-1.html
01 Kanal Owner Made House | Walking distance Central Park Masjid & Market | 15 Kv Solar system,PKR 7.4 Crore,74000000,10,6,1 Kanal,4500.0,16444,House,False,10,10Share on FacebookShare on TwitterShare on WhatsAppSend via GMailSend via E-Mail,81,Houses_Peshawar,for_sale,2026-07-26,https://www.zameen.com/Property/regi_model_town_phase_3_regi_model_town_phase_3_-_block_b2_01_kanal_owner_made_house_walking_distance_central_park_masjid_market_15_kv_solar_system-53780191-17019-1.html
Hayatabad Phase 7 Sector E-5 3malra South Facing Solid House,PKR 2.2 Crore,22000000,6,6,3 Marla,675.0,32592,House,False,4,4Share on FacebookShare on TwitterShare on WhatsAppSend via GMailSend via E-Mail,80,Houses_Peshawar,for_sale,2026-07-26,https://www.zameen.com/Property/hayatabad_hayatabad_phase_7_hayatabad_phase_7_sector_e-5_3malra_south_facing_solid_house-54411192-8534-1.html
5vmarla brand new House,PKR 4.3 Crore,43000000,8,6,5 Marla,1125.0,38222,House,True,1,1Share on FacebookShare on TwitterShare on WhatsAppSend via GMailSend via E-Mail,80,Houses_Peshawar,for_sale,2026-07-26,https://www.zameen.com/Property/hayatabad_phase_7_hayatabad_phase_7_-_e5_5vmarla_brand_new_house-54512440-13218-1.html
"1 Kanal Luxury House for Sale Phase 2, Sector J1, Hayatabad, Peshawar",PKR 12 Crore,120000000,10,,1 Kanal,4500.0,26666,House,False,1,1Share on FacebookShare on TwitterShare on WhatsAppSend via GMailSend via E-Mail,80,Houses_Peshawar,for_sale,2026-07-26,https://www.zameen.com/Property/hayatabad_hayatabad_phase_2_1_kanal_luxury_house_for_sale_phase_2_sector_j1_hayatabad_peshawar-54506599-7602-1.html
10 Kv Solar System Installed | Waking Distance Market Masjid Park House For Sale,PKR 4.4 Crore,44000000,9,6,10 Marla,2250.0,19555,House,False,4,4Share on FacebookShare on TwitterShare on WhatsAppSend via GMailSend via E-Mail,80,Houses_Peshawar,for_sale,2026-07-26,https://www.zameen.com/Property/regi_model_town_regi_model_town_phase_3_10_kv_solar_system_installed_waking_distance_market_masjid_park_house_for_sale-54294336-17013-1.html
New trendy 5 Marla house available for sale in phase 1,PKR 3.35 Crore,33500000,8,6,5 Marla,1125.0,29777,House,False,,Share on FacebookShare on TwitterShare on WhatsAppSend via GMailSend via E-Mail,79,Houses_Peshawar,for_sale,2026-07-26,https://www.zameen.com/Property/hayatabad_hayatabad_phase_1_new_trendy_5_marla_house_available_for_sale_in_phase_1-54506942-7597-1.html
4 Marle Fresh House For Sale,PKR 2.25 Crore,22500000,4,5,4 Marla,900.0,25000,House,False,13,13Share on FacebookShare on TwitterShare on WhatsAppSend via GMailSend via E-Mail,81,Houses_Peshawar,for_sale,2026-07-26,https://www.zameen.com/Property/peshawar_warsak_road_4_marle_fresh_house_for_sale-54235978-1000-1.html
15 MARLA HOUSE FOR SALE IN WARSAK ROAD SABZ ALI TOWN PESHAWAR,PKR 4.5 Crore,45000000,8,7,15 Marla,3375.0,13333,House,False,22,22Share on FacebookShare on TwitterShare on WhatsAppSend via GMailSend via E-Mail,81,Houses_Peshawar,for_sale,2026-07-26,https://www.zameen.com/Property/peshawar_warsak_road_15_marla_house_for_sale_in_warsak_road_sabz_ali_town_peshawar-53600601-1000-1.html
3.5 Marla New House Beautiful House Available For In Sudais Villa,PKR 1.5 Crore,15000000,5,5,3.5 Marla,787.5,19047,House,False,20,20Share on FacebookShare on TwitterShare on WhatsAppSend via GMailSend via E-Mail,81,Houses_Peshawar,for_sale,2026-07-26,https://www.zameen.com/Property/warsak_road_sudais_villas_3_5_marla_new_house_beautiful_house_available_for_in_sudais_villa-54191683-18406-1.html
5 Marla New Beautiful House Is Available For Sale In Sudais Villa Warsk Road,PKR 1.9 Crore,19000000,6,6,5 Marla,1125.0,16888,House,False,6,6Share on FacebookShare on TwitterShare on WhatsAppSend via GMailSend via E-Mail,80,Houses_Peshawar,for_sale,2026-07-26,https://www.zameen.com/Property/warsak_road_sudais_villas_5_marla_new_beautiful_house_is_available_for_sale_in_sudais_villa_warsk_road-54032219-18406-1.html
3 Marla New Beautiful House For Sale In Sudais Villa,PKR 1.15 Crore,11500000,4,5,3 Marla,675.0,17037,House,False,11,11Share on FacebookShare on TwitterShare on WhatsAppSend via GMailSend via E-Mail,81,Houses_Peshawar,for_sale,2026-07-26,https://www.zameen.com/Property/warsak_road_sudais_villas_3_marla_new_beautiful_house_for_sale_in_sudais_villa-54116841-18406-1.html
4.15 marle house for sale,PKR 2.3 Crore,23000000,5,5,4.1 Marla,922.4999999999999,24932,House,False,8,8Share on FacebookShare on TwitterShare on WhatsAppSend via GMailSend via E-Mail,80,Houses_Peshawar,for_sale,2026-07-26,https://www.zameen.com/Property/peshawar_warsak_road_4_15_marle_house_for_sale-54501470-1000-1.html
4.75 marle house for sale  Fresh house  Basement full tile  Total 6bed rooms  Double story  Location warsak road Sufyan gardan,PKR 2.4 Crore,24000000,2,6,4.7 Marla,1057.5,22695,House,False,11,11Share on FacebookShare on TwitterShare on WhatsAppSend via GMailSend via E-Mail,81,Houses_Peshawar,for_sale,2026-07-26,https://www.zameen.com/Property/peshawar_warsak_road_4_75_marle_house_for_sale_fresh_house_basement_full_tile_total_6bed_rooms_double_story_location_warsak_road_sufyan_gardan-54501454-1000-1.html
Ideal Prime Location House Is Available For sale In Peshawar,PKR 2 Crore,20000000,6,6,5 Marla,1125.0,17777,House,False,15,15VerifiedShare on FacebookShare on TwitterShare on WhatsAppSend via GMailSend via E-Mail,89,Houses_Peshawar,for_sale,2026-07-26,https://www.zameen.com/Property/warsak_road_sudais_villas_ideal_prime_location_house_is_available_for_sale_in_peshawar-54500374-18406-1.html
Prime Location House Is Available For sale In Sufiyan Garden,PKR 4.8 Crore,48000000,7,,10 Marla,2250.0,21333,House,False,22,22VerifiedShare on FacebookShare on TwitterShare on WhatsAppSend via GMailSend via E-Mail,89,Houses_Peshawar,for_sale,2026-07-26,https://www.zameen.com/Property/warsak_road_sufiyan_garden_prime_location_house_is_available_for_sale_in_sufiyan_garden-54500373-19313-1.html
5 Marla Fresh House For Sale In Zone 3 At C1 Sector,PKR 3.3 Crore,33000000,8,6,5 Marla,1125.0,29333,House,False,33,33Share on FacebookShare on TwitterShare on WhatsAppSend via GMailSend via E-Mail,81,Houses_Peshawar,for_sale,2026-07-26,https://www.zameen.com/Property/regi_model_town_phase_3_regi_model_town_phase_3_-_block_c1_5_marla_fresh_house_for_sale_in_zone_3_at_c1_sector-54494074-17025-1.html
Affordable House House For Sale,PKR 1.95 Crore,19500000,5,4,5 Marla,1125.0,17333,House,False,,Share on FacebookShare on TwitterShare on WhatsAppSend via GMailSend via E-Mail,79,Houses_Peshawar,for_sale,2026-07-26,https://www.zameen.com/Property/hayatabad_hayatabad_phase_1_affordable_house_house_for_sale-54501504-7597-1.html
10 Marla New Untouched House,PKR 8.25 Crore,82500000,9,,10 Marla,2250.0,36666,House,True,,Share on FacebookShare on TwitterShare on WhatsAppSend via GMailSend via E-Mail,79,Houses_Peshawar,for_sale,2026-07-26,https://www.zameen.com/Property/hayatabad_phase_3_hayatabad_phase_3_-_k4_10_marla_new_untouched_house-54501149-7621-1.html
Prime Location 5 Marla House In Warsak Road For Sale At Good Location,PKR 3.1 Crore,31000000,6,,5 Marla,1125.0,27555,House,False,18,18VerifiedShare on FacebookShare on TwitterShare on WhatsAppSend via GMailSend via E-Mail,89,Houses_Peshawar,for_sale,2026-07-26,https://www.zameen.com/Property/arbab_sabz_ali_khan_town_arbab_sabz_ali_khan_town_executive_lodges_prime_location_5_marla_house_in_warsak_road_for_sale_at_good_location-54272556-10382-1.html
Buying A Prime Location House In Al-Moeez Housing Society?,PKR 4.5 Crore,45000000,7,,11 Marla,2475.0,18181,House,False,39,39VerifiedShare on FacebookShare on TwitterShare on WhatsAppSend via GMailSend via E-Mail,89,Houses_Peshawar,for_sale,2026-07-26,https://www.zameen.com/Property/peshawar_al-moeez_housing_society_buying_a_prime_location_house_in_al-moeez_housing_society-54272633-21067-1.html
Prime Location 9 Marla House Up For sale In Darmangi,PKR 3.7 Crore,37000000,6,6,9 Marla,2025.0,18271,House,False,16,16VerifiedShare on FacebookShare on TwitterShare on WhatsAppSend via GMailSend via E-Mail,89,Houses_Peshawar,for_sale,2026-07-26,https://www.zameen.com/Property/warsak_road_darmangi_prime_location_9_marla_house_up_for_sale_in_darmangi-54291213-12422-1.html
South Open Corner Solid House with Basement,PKR 9.5 Crore,95000000,9,7,1 Kanal,4500.0,21111,House,False,7,7Share on FacebookShare on TwitterShare on WhatsAppSend via GMailSend via E-Mail,80,Houses_Peshawar,for_sale,2026-07-26,https://www.zameen.com/Property/peshawar_hayatabad_south_open_corner_solid_house_with_basement-53055714-394-1.html
22 Marla South Corner House FOR SALE  10 Kv Solar System Installed,PKR 7.1 Crore,71000000,10,6,1.1 Kanal,4950.0,14343,House,False,14,14Share on FacebookShare on TwitterShare on WhatsAppSend via GMailSend via E-Mail,81,Houses_Peshawar,for_sale,2026-07-26,https://www.zameen.com/Property/peshawar_regi_model_town_22_marla_south_corner_house_for_sale_10_kv_solar_system_installed-52983002-7660-1.html
South Facing | 2 Minutes Walking Distance Market Masjid Park| Prime Location,PKR 9.1 Crore,91000000,9,6,1 Kanal,4500.0,20222,House,False,13,13Share on FacebookShare on TwitterShare on WhatsAppSend via GMailSend via E-Mail,81,Houses_Peshawar,for_sale,2026-07-26,https://www.zameen.com/Property/dha_phase_1_dha_phase_1_-_sector_a_south_facing_2_minutes_walking_distance_market_masjid_park_prime_location-54207457-12292-1.html
Brand New Beautiful House For Sell In Dha Peshawar On Double Road Near To park Masjid Market,PKR 7 Crore,70000000,7,6,1 Kanal,4500.0,15555,House,True,11,11Share on FacebookShare on TwitterShare on WhatsAppSend via GMailSend via E-Mail,81,Houses_Peshawar,for_sale,2026-07-26,https://www.zameen.com/Property/dha_phase_1_dha_phase_1_-_sector_a_brand_new_beautiful_house_for_sell_in_dha_peshawar_on_double_road_near_to_park_masjid_market-52734187-12292-1.html
Prime Location Sufiyan Garden House Sized 5 Marla,PKR 2.2 Crore,22000000,7,,5 Marla,1125.0,19555,House,False,23,23VerifiedShare on FacebookShare on TwitterShare on WhatsAppSend via GMailSend via E-Mail,89,Houses_Peshawar,for_sale,2026-07-26,https://www.zameen.com/Property/warsak_road_sufiyan_garden_prime_location_sufiyan_garden_house_sized_5_marla-53909825-19313-1.html
1 Kanal House For Sell In Hayatabad Phase 6,PKR 7.5 Crore,75000000,8,6,1 Kanal,4500.0,16666,House,True,8,8Share on FacebookShare on TwitterShare on WhatsAppSend via GMailSend via E-Mail,80,Houses_Peshawar,for_sale,2026-07-26,https://www.zameen.com/Property/hayatabad_hayatabad_phase_6_1_kanal_house_for_sell_in_hayatabad_phase_6-53420493-7627-1.html
5 Marla Untouch House For Sale Regi Zone 4,PKR 3.1 Crore,31000000,8,6,5 Marla,1125.0,27555,House,False,6,6Share on FacebookShare on TwitterShare on WhatsAppSend via GMailSend via E-Mail,80,Houses_Peshawar,for_sale,2026-07-26,https://www.zameen.com/Property/peshawar_regi_model_town_5_marla_untouch_house_for_sale_regi_zone_4-54484838-7660-1.html
Prime Location House Of 15 Marla For Sale In Arbab Sabz Ali Khan Town,PKR 4.5 Crore,45000000,6,6,15 Marla,3375.0,13333,House,False,17,17VerifiedShare on FacebookShare on TwitterShare on WhatsAppSend via GMailSend via E-Mail,89,Houses_Peshawar,for_sale,2026-07-26,https://www.zameen.com/Property/warsak_road_arbab_sabz_ali_khan_town_prime_location_house_of_15_marla_for_sale_in_arbab_sabz_ali_khan_town-54267458-10222-1.html
Prime Location 5 Marla House Is Available In Warsak Road,PKR 2.2 Crore,22000000,5,5,5 Marla,1125.0,19555,House,False,26,26VerifiedShare on FacebookShare on TwitterShare on WhatsAppSend via GMailSend via E-Mail,89,Houses_Peshawar,for_sale,2026-07-26,https://www.zameen.com/Property/peshawar_warsak_road_prime_location_5_marla_house_is_available_in_warsak_road-54309979-1000-1.html
Prime Location Green Cottages House Sized 4 Marla Is Available,PKR 2.25 Crore,22500000,5,5,4 Marla,900.0,25000,House,False,19,19VerifiedShare on FacebookShare on TwitterShare on WhatsAppSend via GMailSend via E-Mail,89,Houses_Peshawar,for_sale,2026-07-26,https://www.zameen.com/Property/warsak_road_green_cottages_prime_location_green_cottages_house_sized_4_marla_is_available-54309993-11933-1.html
A Prime Location House Of 8 Marla In Rs. 34000000,PKR 3.4 Crore,34000000,6,6,8 Marla,1800.0,18888,House,False,24,24VerifiedShare on FacebookShare on TwitterShare on WhatsAppSend via GMailSend via E-Mail,89,Houses_Peshawar,for_sale,2026-07-26,https://www.zameen.com/Property/warsak_road_sufiyan_garden_a_prime_location_house_of_8_marla_in_rs_34000000-54353328-19313-1.html
A Prime Location 5 Marla House Has Landed On Market In Arbab Sabz Ali Khan Town Executive Lodges Of Peshawar,PKR 2.85 Crore,28500000,8,,5 Marla,1125.0,25333,House,False,37,37VerifiedShare on FacebookShare on TwitterShare on WhatsAppSend via GMailSend via E-Mail,89,Houses_Peshawar,for_sale,2026-07-26,https://www.zameen.com/Property/arbab_sabz_ali_khan_town_arbab_sabz_ali_khan_town_executive_lodges_a_prime_location_5_marla_house_has_landed_on_market_in_arbab_sabz_ali_khan_town_executive_lodges_of_peshawar-54445224-10382-1.html
A Prime Location House At Affordable Price Awaits You,PKR 4.8 Crore,48000000,7,,10 Marla,2250.0,21333,House,False,32,32VerifiedShare on FacebookShare on TwitterShare on WhatsAppSend via GMailSend via E-Mail,89,Houses_Peshawar,for_sale,2026-07-26,https://www.zameen.com/Property/warsak_road_sufiyan_garden_a_prime_location_house_at_affordable_price_awaits_you-54445225-19313-1.html
1 Kanal Single Storey Corner House Fir Sell Near Masjid Park,PKR 8 Crore,80000000,5,5,1 Kanal,4500.0,17777,House,True,4,4Share on FacebookShare on TwitterShare on WhatsAppSend via GMailSend via E-Mail,80,Houses_Peshawar,for_sale,2026-07-26,https://www.zameen.com/Property/hayatabad_phase_4_hayatabad_phase_4_-_n4_1_kanal_single_storey_corner_house_fir_sell_near_masjid_park-54486341-13328-1.html
1 Kanal House Is Available For Sale,PKR 12 Crore,120000000,10,,1 Kanal,4500.0,26666,House,False,3,3Share on FacebookShare on TwitterShare on WhatsAppSend via GMailSend via E-Mail,80,Houses_Peshawar,for_sale,2026-07-26,https://www.zameen.com/Property/hayatabad_phase_7_hayatabad_phase_7_-_e4_1_kanal_house_is_available_for_sale-54487011-13217-1.html
5-Bedroom South Open House For Sale Prime Location Near Park,PKR 5.5 Crore,55000000,5,5,13 Marla,2925.0,18803,House,False,1,1Share on FacebookShare on TwitterShare on WhatsAppSend via GMailSend via E-Mail,80,Houses_Peshawar,for_sale,2026-07-26,https://www.zameen.com/Property/peshawar_askari_6_5-bedroom_south_open_house_for_sale_prime_location_near_park-52236022-9275-1.html
1 Kanal House For Sale In Hayatabad Phase 7,PKR 9 Crore,90000000,7,6,1 Kanal,4500.0,20000,House,True,,Share on FacebookShare on TwitterShare on WhatsAppSend via GMailSend via E-Mail,79,Houses_Peshawar,for_sale,2026-07-26,https://www.zameen.com/Property/hayatabad_hayatabad_phase_7_1_kanal_house_for_sale_in_hayatabad_phase_7-53420491-8534-1.html
A Prime Location 3 Marla House Has Landed On Market In Sufiyan Garden Of Peshawar,PKR 1.5 Crore,15000000,4,4,3 Marla,675.0,22222,House,False,29,29VerifiedShare on FacebookShare on TwitterShare on WhatsAppSend via GMailSend via E-Mail,89,Houses_Peshawar,for_sale,2026-07-26,https://www.zameen.com/Property/warsak_road_sufiyan_garden_a_prime_location_3_marla_house_has_landed_on_market_in_sufiyan_garden_of_peshawar-54272615-19313-1.html
1 Kanal House For Sell,PKR 10.5 Crore,105000000,10,6,1 Kanal,4500.0,23333,House,True,,Share on FacebookShare on TwitterShare on WhatsAppSend via GMailSend via E-Mail,79,Houses_Peshawar,for_sale,2026-07-26,https://www.zameen.com/Property/peshawar_hayatabad_1_kanal_house_for_sell-52880772-394-1.html
2 Kanal Corner House For Sell In Hayatabad Phase 4,PKR 13.5 Crore,135000000,11,7,2 Kanal,9000.0,15000,House,True,,Share on FacebookShare on TwitterShare on WhatsAppSend via GMailSend via E-Mail,79,Houses_Peshawar,for_sale,2026-07-26,https://www.zameen.com/Property/hayatabad_hayatabad_phase_4_2_kanal_corner_house_for_sell_in_hayatabad_phase_4-53468373-7625-1.html
2 Kanal House For Sell In Hayatabad Phase 3,PKR 15 Crore,150000000,11,7,2 Kanal,9000.0,16666,House,True,,Share on FacebookShare on TwitterShare on WhatsAppSend via GMailSend via E-Mail,79,Houses_Peshawar,for_sale,2026-07-26,https://www.zameen.com/Property/hayatabad_hayatabad_phase_3_2_kanal_house_for_sell_in_hayatabad_phase_3-53468388-7617-1.html
"144 Marla House For Sell Haweli Type, 24 Rooms",PKR 80 Crore,800000000,10,6,7.2 Kanal,32400.0,24691,House,True,,Share on FacebookShare on TwitterShare on WhatsAppSend via GMailSend via E-Mail,79,Houses_Peshawar,for_sale,2026-07-26,https://www.zameen.com/Property/peshawar_chughal_pura_144_marla_house_for_sell_haweli_type_24_rooms-52867730-15788-1.html
2 Kanal Beautiful Corner House For Sale In Hayatabad Phase 4,PKR 13 Crore,130000000,9,6,2 Kanal,9000.0,14444,House,True,,Share on FacebookShare on TwitterShare on WhatsAppSend via GMailSend via E-Mail,79,Houses_Peshawar,for_sale,2026-07-26,https://www.zameen.com/Property/hayatabad_hayatabad_phase_4_2_kanal_beautiful_corner_house_for_sale_in_hayatabad_phase_4-53097303-7625-1.html
1 Kanal House For Sell In Hayatabad Phase 3,PKR 14 Crore,140000000,10,6,1 Kanal,4500.0,31111,House,True,,Share on FacebookShare on TwitterShare on WhatsAppSend via GMailSend via E-Mail,79,Houses_Peshawar,for_sale,2026-07-26,https://www.zameen.com/Property/hayatabad_hayatabad_phase_3_1_kanal_house_for_sell_in_hayatabad_phase_3-53420496-7617-1.html
1 Kanal House For Sale In Hayatabad Phase 3,PKR 11 Crore,110000000,10,6,1 Kanal,4500.0,24444,House,True,,Share on FacebookShare on TwitterShare on WhatsAppSend via GMailSend via E-Mail,79,Houses_Peshawar,for_sale,2026-07-26,https://www.zameen.com/Property/hayatabad_hayatabad_phase_3_1_kanal_house_for_sale_in_hayatabad_phase_3-53420501-7617-1.html
10 Marla House For Sale In DHA Peshawar,PKR 5.2 Crore,52000000,7,7,10 Marla,2250.0,23111,House,True,,Share on FacebookShare on TwitterShare on WhatsAppSend via GMailSend via E-Mail,79,Houses_Peshawar,for_sale,2026-07-26,https://www.zameen.com/Property/dha_defence_dha_defence_-_sector_prism_10_marla_house_for_sale_in_dha_peshawar-53451704-19286-1.html
5 Marla House ( Old Bara Road ) New Construction,PKR 3.3 Crore,33000000,5,5,5 Marla,1125.0,29333,House,False,,Share on FacebookShare on TwitterShare on WhatsAppSend via GMailSend via E-Mail,79,Houses_Peshawar,for_sale,2026-07-26,https://www.zameen.com/Property/peshawar_university_town_5_marla_house_old_bara_road_new_construction-54490819-1437-1.html
2 Kanal Corner House For Sale,PKR 13.4 Crore,134000000,9,7,2 Kanal,9000.0,14888,House,True,,Share on FacebookShare on TwitterShare on WhatsAppSend via GMailSend via E-Mail,79,Houses_Peshawar,for_sale,2026-07-26,https://www.zameen.com/Property/hayatabad_hayatabad_phase_2_2_kanal_corner_house_for_sale-53468377-7602-1.html
2 Kanal House For Sell In Hayatabad Phase 7,PKR 20 Crore,200000000,11,7,2 Kanal,9000.0,22222,House,True,,Share on FacebookShare on TwitterShare on WhatsAppSend via GMailSend via E-Mail,79,Houses_Peshawar,for_sale,2026-07-26,https://www.zameen.com/Property/hayatabad_hayatabad_phase_7_2_kanal_house_for_sell_in_hayatabad_phase_7-53468381-8534-1.html
4 Kanal House For Sale In Hayatabad Phase 2,PKR 30 Crore,300000000,8,6,4 Kanal,18000.0,16666,House,True,,Share on FacebookShare on TwitterShare on WhatsAppSend via GMailSend via E-Mail,79,Houses_Peshawar,for_sale,2026-07-26,https://www.zameen.com/Property/hayatabad_hayatabad_phase_2_4_kanal_house_for_sale_in_hayatabad_phase_2-54058372-7602-1.html
Your Dream Prime Location 8 Marla House Is Available In Sufiyan Garden,PKR 3.4 Crore,34000000,6,6,8 Marla,1800.0,18888,House,False,12,12VerifiedShare on FacebookShare on TwitterShare on WhatsAppSend via GMailSend via E-Mail,89,Houses_Peshawar,for_sale,2026-07-26,https://www.zameen.com/Property/warsak_road_sufiyan_garden_your_dream_prime_location_8_marla_house_is_available_in_sufiyan_garden-54212164-19313-1.html
Semi Furnished 10 Marla House For Sale In Sudais Villas Peshawar,PKR 3.9 Crore,39000000,6,6,10 Marla,2250.0,17333,House,False,17,17VerifiedShare on FacebookShare on TwitterShare on WhatsAppSend via GMailSend via E-Mail,89,Houses_Peshawar,for_sale,2026-07-26,https://www.zameen.com/Property/warsak_road_sudais_villas_semi_furnished_10_marla_house_for_sale_in_sudais_villas_peshawar-54212165-18406-1.html
Prime Location 5 Marla House For sale In Sufiyan Garden,PKR 1.9 Crore,19000000,5,5,5 Marla,1125.0,16888,House,False,7,7VerifiedShare on FacebookShare on TwitterShare on WhatsAppSend via GMailSend via E-Mail,88,Houses_Peshawar,for_sale,2026-07-26,https://www.zameen.com/Property/warsak_road_sufiyan_garden_prime_location_5_marla_house_for_sale_in_sufiyan_garden-54212166-19313-1.html
Buy A Prime Location 5 Marla House For sale In Officers Home Society,PKR 2.4 Crore,24000000,6,6,5 Marla,1125.0,21333,House,False,20,20VerifiedShare on FacebookShare on TwitterShare on WhatsAppSend via GMailSend via E-Mail,89,Houses_Peshawar,for_sale,2026-07-26,https://www.zameen.com/Property/warsak_road_officers_home_society_buy_a_prime_location_5_marla_house_for_sale_in_officers_home_society-54212167-21072-1.html
Buy A Prime Location House Of 11 Marla In Officers Garden Colony,PKR 7 Crore,70000000,6,6,11 Marla,2475.0,28282,House,False,24,24VerifiedShare on FacebookShare on TwitterShare on WhatsAppSend via GMailSend via E-Mail,89,Houses_Peshawar,for_sale,2026-07-26,https://www.zameen.com/Property/warsak_road_officers_garden_colony_buy_a_prime_location_house_of_11_marla_in_officers_garden_colony-54212192-7655-1.html
5 Marla Basement House For Sale Executive Lodges Warsak Road,PKR 2.55 Crore,25500000,7,6,5 Marla,1125.0,22666,House,False,23,23Share on FacebookShare on TwitterShare on WhatsAppSend via GMailSend via E-Mail,81,Houses_Peshawar,for_sale,2026-07-26,https://www.zameen.com/Property/arbab_sabz_ali_khan_town_arbab_sabz_ali_khan_town_executive_lodges_5_marla_basement_house_for_sale_executive_lodges_warsak_road-54098565-10382-1.html
10 Marla Semi Corner House For Sale,PKR 3.65 Crore,36500000,8,6,10 Marla,2250.0,16222,House,False,21,21Share on FacebookShare on TwitterShare on WhatsAppSend via GMailSend via E-Mail,81,Houses_Peshawar,for_sale,2026-07-26,https://www.zameen.com/Property/regi_model_town_phase_3_regi_model_town_phase_3_-_block_b3_10_marla_semi_corner_house_for_sale-54478293-17020-1.html
1 Kanal Luxury House For Sale,PKR 10 Crore,100000000,8,7,1 Kanal,4500.0,22222,House,False,6,6Share on FacebookShare on TwitterShare on WhatsAppSend via GMailSend via E-Mail,80,Houses_Peshawar,for_sale,2026-07-26,https://www.zameen.com/Property/peshawar_dha_defence_1_kanal_luxury_house_for_sale-53327069-9050-1.html
A Perfect Prime Location House Awaits You In Sufiyan Garden Peshawar,PKR 3.8 Crore,38000000,8,,10 Marla,2250.0,16888,House,False,24,24VerifiedShare on FacebookShare on TwitterShare on WhatsAppSend via GMailSend via E-Mail,89,Houses_Peshawar,for_sale,2026-07-26,https://www.zameen.com/Property/warsak_road_sufiyan_garden_a_perfect_prime_location_house_awaits_you_in_sufiyan_garden_peshawar-53144272-19313-1.html
"A Beautifully Maintained 14 Marla Family Home Is Now Available For Sale. Located In A Highly Desirable Area, This Property Offers Spacious Living, A Practical Layout, And Excellent Accessibilityperfec",PKR 13.5 Crore,135000000,4,4,14 Marla,3150.0,42857,House,False,3,3Share on FacebookShare on TwitterShare on WhatsAppSend via GMailSend via E-Mail,80,Houses_Peshawar,for_sale,2026-07-26,https://www.zameen.com/Property/peshawar_shami_road_a_beautifully_maintained_14_marla_family_home_is_now_available_for_sale_located_in_a_highly_desirable_area_this_property_offers_spacious_living_a_practical_layout_and_excellent_accessibilityperfect_for_families_or_investor-54472923-998-1.html
University Town House Sized 40 Marla,PKR 12 Crore,120000000,6,5,2 Kanal,9000.0,13333,House,True,,Share on FacebookShare on TwitterShare on WhatsAppSend via GMailSend via E-Mail,79,Houses_Peshawar,for_sale,2026-07-26,https://www.zameen.com/Property/peshawar_university_town_university_town_house_sized_40_marla-54476906-1437-1.html
05 MARLA VIP LOCATION HOUSE AVAILABLE ON EASY INSTALLMENTS IN REGI MODEL TOWN PESHAWAR,PKR 3 Crore,30000000,,,5 Marla,1125.0,26666,House,False,,Share on FacebookShare on TwitterShare on WhatsAppSend via GMailSend via E-Mail,79,Houses_Peshawar,for_sale,2026-07-26,https://www.zameen.com/Property/peshawar_regi_model_town_05_marla_vip_location_house_available_on_easy_installments_in_regi_model_town_peshawar-54452944-7660-1.html
10 MARLA GOOD LOCATION HOUSE AVAILABLE ON EASY INSTALLMENTS IN REGI MODEL TOWN PESHAWAR,PKR 4.8 Crore,48000000,,,10 Marla,2250.0,21333,House,False,,Share on FacebookShare on TwitterShare on WhatsAppSend via GMailSend via E-Mail,79,Houses_Peshawar,for_sale,2026-07-26,https://www.zameen.com/Property/peshawar_regi_model_town_10_marla_good_location_house_available_on_easy_installments_in_regi_model_town_peshawar-54452996-7660-1.html
House Of 400 Square Yards In Chilten Housing Scheme Is Available,PKR 7.5 Crore,75000000,9,7,16 Marla,3600.0,20833,House,False,,Share on FacebookShare on TwitterShare on WhatsAppSend via GMailSend via E-Mail,79,Houses_Quetta,for_sale,2026-07-26,https://www.zameen.com/Property/quetta_chilten_housing_scheme_house_of_400_square_yards_in_chilten_housing_scheme_is_available-53309344-1247-1.html
600 Yard Bungalow For Sale In Jinnah Town In Green Balt,PKR 14 Crore,140000000,7,7,1.2 Kanal,5400.0,25925,House,False,,Share on FacebookShare on TwitterShare on WhatsAppSend via GMailSend via E-Mail,79,Houses_Quetta,for_sale,2026-07-26,https://www.zameen.com/Property/quetta_jinnah_town_600_yard_bungalow_for_sale_in_jinnah_town_in_green_balt-53098223-620-1.html
House Available In D-12 For Sale,PKR 5.3 Crore,53000000,3,3,4.4 Marla,990.0000000000001,53535,Flat,True,11,super hot11Share on FacebookShare on TwitterShare on WhatsAppSend via GMailSend via E-Mail,90,Flats_Islamabad,for_sale,2026-07-26,https://www.zameen.com/Property/islamabad_d-12_house_available_in_d-12_for_sale-54194275-160-1.html
Beautifully Constructed House Is Available For sale In D-12/4,PKR 6.4 Crore,64000000,4,5,5 Marla,1125.0,56888,Flat,True,17,super hot171Share on FacebookShare on TwitterShare on WhatsAppSend via GMailSend via E-Mail,91,Flats_Islamabad,for_sale,2026-07-26,https://www.zameen.com/Property/d_12_d-12_4_beautifully_constructed_house_is_available_for_sale_in_d-12_4-54076104-3157-1.html
House Of 10 Marla In D-12/2 For Sale,PKR 13 Crore,130000000,5,5,10 Marla,2250.0,57777,Flat,True,14,super hot141VerifiedShare on FacebookShare on TwitterShare on WhatsAppSend via GMailSend via E-Mail,99,Flats_Islamabad,for_sale,2026-07-26,https://www.zameen.com/Property/d_12_d-12_2_house_of_10_marla_in_d-12_2_for_sale-54390456-3155-1.html
10 Marla Ideal Luxury Single Unit House For Sale,PKR 12 Crore,120000000,5,5,10 Marla,2250.0,53333,Flat,True,17,super hot17VerifiedShare on FacebookShare on TwitterShare on WhatsAppSend via GMailSend via E-Mail,98,Flats_Islamabad,for_sale,2026-07-26,https://www.zameen.com/Property/d_12_d-12_1_10_marla_ideal_luxury_single_unit_house_for_sale-54390493-3154-1.html
10 Marla Brand New House For Sale,PKR 4.15 Crore,41500000,5,6,10 Marla,2250.0,18444,Flat,True,26,super hot26Share on FacebookShare on TwitterShare on WhatsAppSend via GMailSend via E-Mail,90,Flats_Islamabad,for_sale,2026-07-26,https://www.zameen.com/Property/islamabad_top_city_1_10_marla_brand_new_house_for_sale-54241161-1383-1.html
5 Marla House For Sale B17 Islamabad,PKR 2.7 Crore,27000000,4,6,5 Marla,1125.0,24000,Flat,True,28,super hot28Share on FacebookShare on TwitterShare on WhatsAppSend via GMailSend via E-Mail,90,Flats_Islamabad,for_sale,2026-07-26,https://www.zameen.com/Property/b_17_mpchs_-_multi_gardens_5_marla_house_for_sale_b17_islamabad-54522049-3115-1.html
G-13/1 Islamabad 4 Brand New House For Sale,PKR 4.1 Crore,41000000,4,4,4 Marla,900.0,45555,Flat,True,19,super hot19Share on FacebookShare on TwitterShare on WhatsAppSend via GMailSend via E-Mail,90,Flats_Islamabad,for_sale,2026-07-26,https://www.zameen.com/Property/g_13_g-13_1_g-13_1_islamabad_4_brand_new_house_for_sale-54520337-3337-1.html
10 Marla Newly Built House For Sale In Bani Gala,PKR 2.8 Crore,28000000,5,6,10 Marla,2250.0,12444,Flat,True,43,super hot431Share on FacebookShare on TwitterShare on WhatsAppSend via GMailSend via E-Mail,91,Flats_Islamabad,for_sale,2026-07-26,https://www.zameen.com/Property/islamabad_bani_gala_10_marla_newly_built_house_for_sale_in_bani_gala-53421452-340-1.html
Askari Heights 5 4 Bed 1st Floor Apartment For Sale | TP Pending,PKR 3.25 Crore,32500000,3,5,13.1 Marla,2947.5,11026,Flat,True,31,super hot31Share on FacebookShare on TwitterShare on WhatsAppSend via GMailSend via E-Mail,90,Flats_Islamabad,for_sale,2026-07-26,https://www.zameen.com/Property/dha_defence_phase_5_askari_heights_5_askari_heights_5_4_bed_1st_floor_apartment_for_sale_tp_pending-54478135-22450-1.html
Flat Of 483 Square Feet For Sale In Top City 1 - Kanwar Moiz Block,PKR 80 Lakh,8000000,,1,2.1 Marla,472.5,16931,Flat,True,6,super hot6VerifiedShare on FacebookShare on TwitterShare on WhatsAppSend via GMailSend via E-Mail,97,Flats_Islamabad,for_sale,2026-07-26,https://www.zameen.com/Property/top_city_1_top_city_1_-_kanwar_moiz_block_flat_of_483_square_feet_for_sale_in_top_city_1_-_kanwar_moiz_block-54336928-22390-1.html
8 Marla Gray Structure For Sale in Bahria Enclave Islamabad,PKR 2.9 Crore,29000000,5,5,8 Marla,1800.0,16111,Flat,True,11,hot11Share on FacebookShare on TwitterShare on WhatsAppSend via GMailSend via E-Mail,84,Flats_Islamabad,for_sale,2026-07-26,https://www.zameen.com/Property/bahria_enclave_bahria_enclave_-_sector_g_8_marla_gray_structure_for_sale_in_bahria_enclave_islamabad-54488169-11984-1.html
Super Exotic House For Sale Located At Hot Location In B17,PKR 4.1 Crore,41000000,5,5,7 Marla,1575.0,26031,Flat,True,15,hot15Share on FacebookShare on TwitterShare on WhatsAppSend via GMailSend via E-Mail,84,Flats_Islamabad,for_sale,2026-07-26,https://www.zameen.com/Property/islamabad_b-17_super_exotic_house_for_sale_located_at_hot_location_in_b17-54401850-616-1.html
10 Marla Brand New Designer Luxury House For Sale DHA Phase 2 Islamabad,PKR 7.5 Crore,75000000,5,6,10 Marla,2250.0,33333,Flat,False,24,hot24Share on FacebookShare on TwitterShare on WhatsAppSend via GMailSend via E-Mail,84,Flats_Islamabad,for_sale,2026-07-26,https://www.zameen.com/Property/dha_defence_dha_defence_phase_2_10_marla_brand_new_designer_luxury_house_for_sale_dha_phase_2_islamabad-53529685-339-1.html
Two bedroom Flat For Sale In B-17 Multi Garden At Main Gate Islamabad,PKR 84 Lakh,8400000,84,2,4.2 Marla,945.0,8888,Flat,False,11,hot11Share on FacebookShare on TwitterShare on WhatsAppSend via GMailSend via E-Mail,84,Flats_Islamabad,for_sale,2026-07-26,https://www.zameen.com/Property/islamabad_b-17_two_bedroom_flat_for_sale_in_b-17_multi_garden_at_main_gate_islamabad-51548138-616-1.html
G-13 Brand New 25X40 Corner House Available For Sale,PKR 4.25 Crore,42500000,4,4,4 Marla,900.0,47222,Flat,False,13,hot13Share on FacebookShare on TwitterShare on WhatsAppSend via GMailSend via E-Mail,84,Flats_Islamabad,for_sale,2026-07-26,https://www.zameen.com/Property/islamabad_g-13_g-13_brand_new_25x40_corner_house_available_for_sale-54476914-330-1.html
Margala Hills E11 3 Bedrooms Apartment Margala Facing Is Available For Sale,PKR 3.5 Crore,35000000,3,3,7.8 Marla,1755.0,19943,Flat,False,10,hot10Share on FacebookShare on TwitterShare on WhatsAppSend via GMailSend via E-Mail,84,Flats_Islamabad,for_sale,2026-07-26,https://www.zameen.com/Property/e_11_margalla_hills-2_margala_hills_e11_3_bedrooms_apartment_margala_facing_is_available_for_sale-54394666-9668-1.html
2100 Square Feet House In E-11 For Sale,PKR 6.4 Crore,64000000,6,6,9.3 Marla,2092.5,30585,Flat,False,16,hot16Share on FacebookShare on TwitterShare on WhatsAppSend via GMailSend via E-Mail,84,Flats_Islamabad,for_sale,2026-07-26,https://www.zameen.com/Property/islamabad_e-11_2100_square_feet_house_in_e-11_for_sale-54443592-329-1.html
30x60 House For Sale,PKR 3.75 Crore,37500000,5,6,8 Marla,1800.0,20833,Flat,False,20,20Share on FacebookShare on TwitterShare on WhatsAppSend via GMailSend via E-Mail,81,Flats_Islamabad,for_sale,2026-07-26,https://www.zameen.com/Property/islamabad_faisal_town_-_f-18_30x60_house_for_sale-53955577-8260-1.html
Ultra Modern Designer 1 kanal House Ready For Sale in DHA DEFENSE PHASE 2 ISLAMABAD,PKR 11.5 Crore,115000000,5,6,1 Kanal,4500.0,25555,Flat,True,23,23Share on FacebookShare on TwitterShare on WhatsAppSend via GMailSend via E-Mail,81,Flats_Islamabad,for_sale,2026-07-26,https://www.zameen.com/Property/dha_defence_dha_defence_phase_2_ultra_modern_designer_1_kanal_house_ready_for_sale_in_dha_defense_phase_2_islamabad-54504109-339-1.html
Western Design 1 Kanal Brand New Designer House Ready For Sale In DHA DEFENSE PHASE 2 ISLAMABAD,PKR 11.5 Crore,115000000,5,6,1 Kanal,4500.0,25555,Flat,True,25,25Share on FacebookShare on TwitterShare on WhatsAppSend via GMailSend via E-Mail,81,Flats_Islamabad,for_sale,2026-07-26,https://www.zameen.com/Property/dha_defence_dha_defence_phase_2_western_design_1_kanal_brand_new_designer_house_ready_for_sale_in_dha_defense_phase_2_islamabad-54504222-339-1.html
Brand New Designer House Ready For Sale in DHA DEFENSE PHASE 2 Islamabad,PKR 12.5 Crore,125000000,5,6,1 Kanal,4500.0,27777,Flat,True,16,16Share on FacebookShare on TwitterShare on WhatsAppSend via GMailSend via E-Mail,81,Flats_Islamabad,for_sale,2026-07-26,https://www.zameen.com/Property/dha_defence_dha_defence_phase_2_brand_new_designer_house_ready_for_sale_in_dha_defense_phase_2_islamabad-54455108-339-1.html
B 17 5 Marla Brand New Double unit House for sale,PKR 2.25 Crore,22500000,4,4,5 Marla,1125.0,20000,Flat,False,23,23Share on FacebookShare on TwitterShare on WhatsAppSend via GMailSend via E-Mail,81,Flats_Islamabad,for_sale,2026-07-26,https://www.zameen.com/Property/mpchs_multi_gardens_mpchs_-_block_f_b_17_5_marla_brand_new_double_unit_house_for_sale-54482752-8527-1.html
"5 Marla Brand New Luxury House For Sale Block A, Faisal Hills",PKR 2.4 Crore,24000000,5,5,5 Marla,1125.0,21333,Flat,False,23,23Share on FacebookShare on TwitterShare on WhatsAppSend via GMailSend via E-Mail,81,Flats_Islamabad,for_sale,2026-07-26,https://www.zameen.com/Property/islamabad_faisal_hills_5_marla_brand_new_luxury_house_for_sale_block_a_faisal_hills-54347140-10859-1.html
5 Marla Double Storey Corner House In University Town Islamabad,PKR 1.6 Crore,16000000,4,4,5 Marla,1125.0,14222,Flat,True,10,10Share on FacebookShare on TwitterShare on WhatsAppSend via GMailSend via E-Mail,81,Flats_Islamabad,for_sale,2026-07-26,https://www.zameen.com/Property/university_town_university_town_-_block_e_5_marla_double_storey_corner_house_in_university_town_islamabad-54359266-3505-1.html
30x60 (8 MARLA) Brand New House For Sale In D-12.,PKR 9.5 Crore,95000000,5,6,8 Marla,1800.0,52777,Flat,True,5,5Share on FacebookShare on TwitterShare on WhatsAppSend via GMailSend via E-Mail,80,Flats_Islamabad,for_sale,2026-07-26,https://www.zameen.com/Property/islamabad_d-12_30x60_8_marla_brand_new_house_for_sale_in_d-12-53780206-160-1.html
"30 Marla Corner Owner build house DHA Phase 5,Islamabad",PKR 12.5 Crore,125000000,8,7,1.5 Kanal,6750.0,18518,Flat,True,49,super hot49Share on FacebookShare on TwitterShare on WhatsAppSend via GMailSend via E-Mail,90,Flats_Islamabad,for_sale,2026-07-26,https://www.zameen.com/Property/dha_defence_dha_defence_phase_5_30_marla_corner_owner_build_house_dha_phase_5_islamabad-54484662-10991-1.html
Ideal House Is Available For Sale In Bani Gala,PKR 5 Crore,50000000,4,6,1.3 Kanal,5850.0,8547,Flat,True,44,super hot44Share on FacebookShare on TwitterShare on WhatsAppSend via GMailSend via E-Mail,90,Flats_Islamabad,for_sale,2026-07-26,https://www.zameen.com/Property/islamabad_bani_gala_ideal_house_is_available_for_sale_in_bani_gala-50367010-340-1.html
STUDIO FLAT AVAILABLE FOR SALE ON INVESTOR PRICE,PKR 35 Lakh,3500000,1,1,1.6 Marla,360.0,9722,Flat,False,5,hot5Share on FacebookShare on TwitterShare on WhatsAppSend via GMailSend via E-Mail,83,Flats_Islamabad,for_sale,2026-07-26,https://www.zameen.com/Property/islamabad_soan_garden_studio_flat_available_for_sale_on_investor_price-53961926-338-1.html
Park View City J Block Beautiful House,PKR 2.6 Crore,26000000,3,5,5 Marla,1125.0,23111,Flat,False,9,hot9Share on FacebookShare on TwitterShare on WhatsAppSend via GMailSend via E-Mail,83,Flats_Islamabad,for_sale,2026-07-26,https://www.zameen.com/Property/park_view_city_park_view_-_block_j_park_view_city_j_block_beautiful_house-54221526-16867-1.html
6 Marla Double story House for sale,PKR 1.9 Crore,19000000,4,5,6 Marla,1350.0,14074,Flat,False,16,hot16Share on FacebookShare on TwitterShare on WhatsAppSend via GMailSend via E-Mail,84,Flats_Islamabad,for_sale,2026-07-26,https://www.zameen.com/Property/islamabad_islamabad_expressway_6_marla_double_story_house_for_sale-54521838-9014-1.html
E11/1 Margala Hills Tower 4beds Apartment For Sale,PKR 4 Crore,40000000,4,5,12 Marla,2700.0,14814,Flat,False,14,hot14Share on FacebookShare on TwitterShare on WhatsAppSend via GMailSend via E-Mail,84,Flats_Islamabad,for_sale,2026-07-26,https://www.zameen.com/Property/e_11_e-11_1_e11_1_margala_hills_tower_4beds_apartment_for_sale-54418619-3230-1.html
Bahria Enclave Islambad The Galleria 2 Bed Rooms Luxury Apartment Available For Sale,PKR 1.25 Crore,12500000,1,2,6.1 Marla,1372.5,9107,Flat,False,15,hot15Share on FacebookShare on TwitterShare on WhatsAppSend via GMailSend via E-Mail,84,Flats_Islamabad,for_sale,2026-07-26,https://www.zameen.com/Property/bahria_enclave_bahria_enclave_-_sector_h_bahria_enclave_islambad_the_galleria_2_bed_rooms_luxury_apartment_available_for_sale-54104565-11983-1.html
Prime Location D-12/4 House Sized 10 Marla Is For Sale,PKR 12.1 Crore,121000000,6,6,10 Marla,2250.0,53777,Flat,True,37,371VerifiedShare on FacebookShare on TwitterShare on WhatsAppSend via GMailSend via E-Mail,90,Flats_Islamabad,for_sale,2026-07-26,https://www.zameen.com/Property/d_12_d-12_4_prime_location_d-12_4_house_sized_10_marla_is_for_sale-53763427-3157-1.html
Bahria Enclave Sector A Cube One Bedroom Brand New Apartment For Sale Open Form Close to Main Gate,PKR 1.16 Crore,11600000,1,2,4.8 Marla,1080.0,10740,Flat,True,17,super hot17Share on FacebookShare on TwitterShare on WhatsAppSend via GMailSend via E-Mail,90,Flats_Islamabad,for_sale,2026-07-26,https://www.zameen.com/Property/bahria_enclave_cube_apartments_bahria_enclave_sector_a_cube_one_bedroom_brand_new_apartment_for_sale_open_form_close_to_main_gate-54521282-21520-1.html
4 Bed Apartment For Sale In Askari Heights 5 DHA 5,PKR 3.25 Crore,32500000,3,5,12 Marla,2700.0,12037,Flat,False,5,5Share on FacebookShare on TwitterShare on WhatsAppSend via GMailSend via E-Mail,80,Flats_Islamabad,for_sale,2026-07-26,https://www.zameen.com/Property/dha_defence_phase_5_askari_heights_5_4_bed_apartment_for_sale_in_askari_heights_5_dha_5-54486465-22450-1.html
10 Kanal Luxury Farmhouse | 4 Bedrooms | 2 Swimming Pools (Indoor & Outdoor) | Spacious Lawn | Scenic Location | Opposite Bahria Enclave,PKR 18 Crore,180000000,18,7,10 Kanal,45000.0,4000,Flat,True,41,super hot41Share on FacebookShare on TwitterShare on WhatsAppSend via GMailSend via E-Mail,90,Flats_Islamabad,for_sale,2026-07-26,https://www.zameen.com/Property/bahria_enclave_bahria_enclave_-_sector_m_10_kanal_luxury_farmhouse_4_bedrooms_2_swimming_pools_indoor_outdoor_spacious_lawn_scenic_location_opposite_bahria_enclave-54478685-11977-1.html
2 BED READY TO MOVE FLAT FOR SALE,PKR 34 Lakh,3400000,34,2,3.9 Marla,877.5,3874,Flat,True,13,super hot13Share on FacebookShare on TwitterShare on WhatsAppSend via GMailSend via E-Mail,90,Flats_Islamabad,for_sale,2026-07-26,https://www.zameen.com/Property/islamabad_f-17_2_bed_ready_to_move_flat_for_sale-54469507-335-1.html
Gulberg Greens Luxury Farm House For Sale,PKR 30 Crore,300000000,9,7,4 Kanal,18000.0,16666,Flat,True,41,super hot41Share on FacebookShare on TwitterShare on WhatsAppSend via GMailSend via E-Mail,90,Flats_Islamabad,for_sale,2026-07-26,https://www.zameen.com/Property/gulberg_greens_gulberg_greens_-_block_b_gulberg_greens_luxury_farm_house_for_sale-54161064-8314-1.html
3300 Square Feet Flat In Central Bahria Garden City For sale,PKR 4.79 Crore,47900000,3,3,14.7 Marla,3307.5,14482,Flat,False,19,hot19Share on FacebookShare on TwitterShare on WhatsAppSend via GMailSend via E-Mail,84,Flats_Islamabad,for_sale,2026-07-26,https://www.zameen.com/Property/bahria_town_bahria_garden_city_3300_square_feet_flat_in_central_bahria_garden_city_for_sale-54472203-8120-1.html
A Great Choice For A 2300 Square Feet Flat Available In Bahria Garden City,PKR 3.33 Crore,33300000,2,2,10.2 Marla,2295.0,14509,Flat,False,10,hot10Share on FacebookShare on TwitterShare on WhatsAppSend via GMailSend via E-Mail,84,Flats_Islamabad,for_sale,2026-07-26,https://www.zameen.com/Property/bahria_town_bahria_garden_city_a_great_choice_for_a_2300_square_feet_flat_available_in_bahria_garden_city-54472204-8120-1.html
Apollo Tower E11 Two bedrooms Margala facing apartment is available for sale,PKR 1.75 Crore,17500000,1,2,5.6 Marla,1260.0,13888,Flat,False,10,10Share on FacebookShare on TwitterShare on WhatsAppSend via GMailSend via E-Mail,81,Flats_Islamabad,for_sale,2026-07-26,https://www.zameen.com/Property/islamabad_e-11_apollo_tower_e11_two_bedrooms_margala_facing_apartment_is_available_for_sale-54394638-329-1.html
The Veranda Residence 1750 Square Feet Flat Up For Sale,PKR 3.05 Crore,30500000,2,2,7.8 Marla,1755.0,17378,Flat,False,9,9VerifiedShare on FacebookShare on TwitterShare on WhatsAppSend via GMailSend via E-Mail,88,Flats_Islamabad,for_sale,2026-07-26,https://www.zameen.com/Property/e_11_1_the_veranda_residence_the_veranda_residence_1750_square_feet_flat_up_for_sale-54443548-9702-1.html
"Brand New 3 Bedroom Fully Furnished Apartment For Sale In Defence Executive Tower , Defence Residency Dha Phase 2 Islamabad",PKR 2.6 Crore,26000000,2,3,9.1 Marla,2047.5,12698,Flat,True,10,10Share on FacebookShare on TwitterShare on WhatsAppSend via GMailSend via E-Mail,81,Flats_Islamabad,for_sale,2026-07-26,https://www.zameen.com/Property/dha_defence_phase_2_defence_executive_apartments_brand_new_3_bedroom_fully_furnished_apartment_for_sale_in_defence_executive_tower_defence_residency_dha_phase_2_islamabad-54349424-9615-1.html
"3-Bed Apartment For Sale PHA Flats, G-11 Markaz, Islamabad",PKR 2.3 Crore,23000000,2,3,4.9 Marla,1102.5,20861,Flat,False,12,12Share on FacebookShare on TwitterShare on WhatsAppSend via GMailSend via E-Mail,81,Flats_Islamabad,for_sale,2026-07-26,https://www.zameen.com/Property/islamabad_g-11_3-bed_apartment_for_sale_pha_flats_g-11_markaz_islamabad-54490727-168-1.html
Book A Flat Of 2300 Square Feet In The Arch Islamabad,PKR 4.1 Crore,41000000,3,3,10.2 Marla,2295.0,17864,Flat,True,6,super hot6VerifiedShare on FacebookShare on TwitterShare on WhatsAppSend via GMailSend via E-Mail,97,Flats_Islamabad,for_sale,2026-07-26,https://www.zameen.com/Property/g_11_3_the_arch_book_a_flat_of_2300_square_feet_in_the_arch_islamabad-54518863-12793-1.html
One Bedroom Flat Directly Available For Sale In Green Height B-17 Islamabad At Reasonable Price In Block A,PKR 49 Lakh,4900000,49,1,2.1 Marla,472.5,10370,Flat,False,5,hot5Share on FacebookShare on TwitterShare on WhatsAppSend via GMailSend via E-Mail,83,Flats_Islamabad,for_sale,2026-07-26,https://www.zameen.com/Property/islamabad_b-17_one_bedroom_flat_directly_available_for_sale_in_green_height_b-17_islamabad_at_reasonable_price_in_block_a-50905833-616-1.html
3 Bedroom Luxury Apartment available for sale at reasonable price in The Gate Mall and Apartments located in Faisal Town F-18 at prime location.,PKR 1.55 Crore,15500000,1,3,8.7 Marla,1957.4999999999998,7918,Flat,False,11,hot11Share on FacebookShare on TwitterShare on WhatsAppSend via GMailSend via E-Mail,84,Flats_Islamabad,for_sale,2026-07-26,https://www.zameen.com/Property/faisal_town_f_18_the_gate_mall_apartments_3_bedroom_luxury_apartment_available_for_sale_at_reasonable_price_in_the_gate_mall_and_apartments_located_in_faisal_town_f-18_at_prime_location-54521520-11456-1.html
Faisal Town Phase 1  Project Name Al Harmain  Prime location.,PKR 75 Lakh,7500000,1,1,2.4 Marla,540.0,13888,Flat,False,8,hot8Share on FacebookShare on TwitterShare on WhatsAppSend via GMailSend via E-Mail,83,Flats_Islamabad,for_sale,2026-07-26,https://www.zameen.com/Property/faisal_town_phase_1_faisal_town_phase_1_-_block_a_faisal_town_phase_1_project_name_al_harmain_prime_location-54344943-16416-1.html
"2 Bed Apartment For Sale | 808 Sq. Ft. Net Covered Area | 1st Floor | MDR Facing | B1 Markaz, Multi Gardens B-17 Islamabad",PKR 85 Lakh,8500000,85,2,3.6 Marla,810.0,10493,Flat,True,12,super hot12Share on FacebookShare on TwitterShare on WhatsAppSend via GMailSend via E-Mail,90,Flats_Islamabad,for_sale,2026-07-26,https://www.zameen.com/Property/mpchs_multi_gardens_mpchs_-_block_b_extension_1_2_bed_apartment_for_sale_808_sq_ft_net_covered_area_1st_floor_mdr_facing_b1_markaz_multi_gardens_b-17_islamabad-54489422-16519-1.html
Direct Owner One Bedroom Flat For Sale On Easy Installment Plan In Domination Heights In FMC By B-17 Islamabad,PKR 87 Lakh,8700000,87,1,2.5 Marla,562.5,15466,Flat,False,11,hot111Share on FacebookShare on TwitterShare on WhatsAppSend via GMailSend via E-Mail,85,Flats_Islamabad,for_sale,2026-07-26,https://www.zameen.com/Property/b_17_faisal_margalla_city_direct_owner_one_bedroom_flat_for_sale_on_easy_installment_plan_in_domination_heights_in_fmc_by_b-17_islamabad-51462648-13424-1.html
G-11 Investor Price 11 Central 2 Bed Apartment Available For Sale,PKR 3.75 Crore,37500000,3,2,5.8 Marla,1305.0,28735,Flat,False,11,hot11Share on FacebookShare on TwitterShare on WhatsAppSend via GMailSend via E-Mail,84,Flats_Islamabad,for_sale,2026-07-26,https://www.zameen.com/Property/g_11_1_11_central_apartments_g-11_investor_price_11_central_2_bed_apartment_available_for_sale-54477735-22037-1.html
Prime Location Brand New Apartment For Sale,PKR 3.35 Crore,33500000,3,4,11 Marla,2475.0,13535,Flat,True,3,super hot3Share on FacebookShare on TwitterShare on WhatsAppSend via GMailSend via E-Mail,89,Flats_Islamabad,for_sale,2026-07-26,https://www.zameen.com/Property/dha_phase_5_sector_h_askari_heights_4_prime_location_brand_new_apartment_for_sale-54441575-21450-1.html
G-11/3 Warda Hamna Residencia 2Bedroom Apartment Available For Sale,PKR 3.5 Crore,35000000,3,2,7.3 Marla,1642.5,21308,Flat,False,24,hot24Share on FacebookShare on TwitterShare on WhatsAppSend via GMailSend via E-Mail,84,Flats_Islamabad,for_sale,2026-07-26,https://www.zameen.com/Property/g_11_markaz_warda_hamna_residencia_g-11_3_warda_hamna_residencia_2bedroom_apartment_available_for_sale-54246971-22209-1.html
G-11/3 Brand New Luxury 2Bedroom Apartment Available For Sale,PKR 3.75 Crore,37500000,3,2,7.1 Marla,1597.5,23474,Flat,False,21,hot21Share on FacebookShare on TwitterShare on WhatsAppSend via GMailSend via E-Mail,84,Flats_Islamabad,for_sale,2026-07-26,https://www.zameen.com/Property/g_11_markaz_warda_hamna_residencia_g-11_3_brand_new_luxury_2bedroom_apartment_available_for_sale-54344330-22209-1.html
G-11 Warda Hamna Residencia 3Bedroom Apartment Available For Sale,PKR 4.5 Crore,45000000,4,3,8.8 Marla,1980.0000000000002,22727,Flat,False,24,hot24Share on FacebookShare on TwitterShare on WhatsAppSend via GMailSend via E-Mail,84,Flats_Islamabad,for_sale,2026-07-26,https://www.zameen.com/Property/g_11_markaz_warda_hamna_residencia_g-11_warda_hamna_residencia_3bedroom_apartment_available_for_sale-54116603-22209-1.html
Warda Hamna Fully Furnished Duplex 3Bed Front Facing Apartment Available For Sale,PKR 5.5 Crore,55000000,5,3,8.7 Marla,1957.4999999999998,28097,Flat,False,41,hot41Share on FacebookShare on TwitterShare on WhatsAppSend via GMailSend via E-Mail,84,Flats_Islamabad,for_sale,2026-07-26,https://www.zameen.com/Property/g_11_3_warda_hamna_residencia_3_warda_hamna_fully_furnished_duplex_3bed_front_facing_apartment_available_for_sale-53143599-11863-1.html
"5 Kanal Fully Furnished Luxury Farmhouse for Sale Gulberg Greens, Islamabad",PKR 30 Crore,300000000,10,,5 Kanal,22500.0,13333,Flat,False,20,hot20Share on FacebookShare on TwitterShare on WhatsAppSend via GMailSend via E-Mail,84,Flats_Islamabad,for_sale,2026-07-26,https://www.zameen.com/Property/gulberg_gulberg_greens_5_kanal_fully_furnished_luxury_farmhouse_for_sale_gulberg_greens_islamabad-54425252-8312-1.html
Sukh Chayn Residence Flat Is For Sale,PKR 12 Crore,120000000,4,5,12.4 Marla,2790.0,43010,Flat,True,38,super hot38Share on FacebookShare on TwitterShare on WhatsAppSend via GMailSend via E-Mail,90,Flats_Islamabad,for_sale,2026-07-26,https://www.zameen.com/Property/islamabad_f-10_sukh_chayn_residence_flat_is_for_sale-54382617-162-1.html
F-11 Spacious 2Bedroom Apartment Available For Sale,PKR 3.55 Crore,35500000,3,2,9.4 Marla,2115.0,16784,Flat,True,28,super hot28Share on FacebookShare on TwitterShare on WhatsAppSend via GMailSend via E-Mail,90,Flats_Islamabad,for_sale,2026-07-26,https://www.zameen.com/Property/f_11_f-11_markaz_f-11_spacious_2bedroom_apartment_available_for_sale-54477223-3286-1.html
G-11/3 The Arch Brand New Investor Price 2 Bed Apartment For Sale,PKR 3.35 Crore,33500000,3,3,7.3 Marla,1642.5,20395,Flat,False,30,hot30Share on FacebookShare on TwitterShare on WhatsAppSend via GMailSend via E-Mail,84,Flats_Islamabad,for_sale,2026-07-26,https://www.zameen.com/Property/g_11_3_the_arch_g-11_3_the_arch_brand_new_investor_price_2_bed_apartment_for_sale-52553617-12793-1.html
F-11 Millinium Heights Fully Furnished Fully Renovated 2Bedroom Apartment Available For Sale,PKR 2.95 Crore,29500000,2,2,7.3 Marla,1642.5,17960,Flat,False,11,hot11Share on FacebookShare on TwitterShare on WhatsAppSend via GMailSend via E-Mail,84,Flats_Islamabad,for_sale,2026-07-26,https://www.zameen.com/Property/f_11_f-11_markaz_f-11_millinium_heights_fully_furnished_fully_renovated_2bedroom_apartment_available_for_sale-54515478-3286-1.html
"1 Bed Apartment For Sale | Icon 2, Business Square, Block C, Gulberg Greens A Great Opportunity To Own A Well-Located Apartment In One Of Gulberg Greens Most Sought-After Mixed-Use Developments.",PKR 70 Lakh,7000000,70,1,2.3 Marla,517.5,13526,Flat,False,9,hot9Share on FacebookShare on TwitterShare on WhatsAppSend via GMailSend via E-Mail,83,Flats_Islamabad,for_sale,2026-07-26,https://www.zameen.com/Property/gulberg_gulberg_greens_1_bed_apartment_for_sale_icon_2_business_square_block_c_gulberg_greens_a_great_opportunity_to_own_a_well-located_apartment_in_one_of_gulberg_greens_most_sought-after_mixed-use_developments-54422883-8312-1.html
"Luxury 2-Bed Apartment For Sale Arena Mall, Gulberg Greens",PKR 1.95 Crore,19500000,1,2,6.2 Marla,1395.0,13978,Flat,False,16,hot16Share on FacebookShare on TwitterShare on WhatsAppSend via GMailSend via E-Mail,84,Flats_Islamabad,for_sale,2026-07-26,https://www.zameen.com/Property/gulberg_greens_gulberg_arena_mall_luxury_2-bed_apartment_for_sale_arena_mall_gulberg_greens-54421943-19297-1.html
Luxury Furnished 5 Kanal Farm House For Sale,PKR 22 Crore,220000000,11,7,5 Kanal,22500.0,9777,Flat,False,12,hot12Share on FacebookShare on TwitterShare on WhatsAppSend via GMailSend via E-Mail,84,Flats_Islamabad,for_sale,2026-07-26,https://www.zameen.com/Property/gulberg_gulberg_greens_luxury_furnished_5_kanal_farm_house_for_sale-54455448-8312-1.html
Block B Luxurious 5 Kanal Furnished Farmhouse For Sale Heighted Prime Location,PKR 32 Crore,320000000,9,7,5 Kanal,22500.0,14222,Flat,True,16,super hot16Share on FacebookShare on TwitterShare on WhatsAppSend via GMailSend via E-Mail,90,Flats_Islamabad,for_sale,2026-07-26,https://www.zameen.com/Property/gulberg_greens_gulberg_greens_-_block_b_block_b_luxurious_5_kanal_furnished_farmhouse_for_sale_heighted_prime_location-53113687-8314-1.html
Block A Luxurious 10 Kanal Corner Farmhouse For Sale Prime Location,PKR 60 Crore,600000000,11,7,10 Kanal,45000.0,13333,Flat,True,14,super hot14Share on FacebookShare on TwitterShare on WhatsAppSend via GMailSend via E-Mail,90,Flats_Islamabad,for_sale,2026-07-26,https://www.zameen.com/Property/gulberg_greens_gulberg_greens_-_block_e_block_a_luxurious_10_kanal_corner_farmhouse_for_sale_prime_location-53113692-8317-1.html
Top Luxury Apartments 1 Bed Available Forsale,PKR 1.8 Crore,18000000,1,1,4.3 Marla,967.5,18604,Flat,True,38,super hot38Share on FacebookShare on TwitterShare on WhatsAppSend via GMailSend via E-Mail,90,Flats_Islamabad,for_sale,2026-07-26,https://www.zameen.com/Property/islamabad_top_city_1_top_luxury_apartments_1_bed_available_forsale-52967946-1383-1.html
Stunning Furnished Apartment For Sale,PKR 4.5 Crore,45000000,3,3,9.6 Marla,2160.0,20833,Flat,True,42,super hot421Share on FacebookShare on TwitterShare on WhatsAppSend via GMailSend via E-Mail,91,Flats_Islamabad,for_sale,2026-07-26,https://www.zameen.com/Property/g_11_3_the_arch_stunning_furnished_apartment_for_sale-50171237-12793-1.html
Fully Renovated Unfurnished Apartment For Sale In F-11 Islamabad,PKR 3.1 Crore,31000000,2,2,7.8 Marla,1755.0,17663,Flat,True,16,super hot16Share on FacebookShare on TwitterShare on WhatsAppSend via GMailSend via E-Mail,90,Flats_Islamabad,for_sale,2026-07-26,https://www.zameen.com/Property/islamabad_f-11_fully_renovated_unfurnished_apartment_for_sale_in_f-11_islamabad-51751088-163-1.html
Karakoram Enclave 4 Bedroom Apartment For Sale Fully Renovated And Fully Furnished.,PKR 10 Crore,100000000,10,4,18.7 Marla,4207.5,23767,Flat,True,28,super hot28Share on FacebookShare on TwitterShare on WhatsAppSend via GMailSend via E-Mail,90,Flats_Islamabad,for_sale,2026-07-26,https://www.zameen.com/Property/islamabad_f-11_karakoram_enclave_4_bedroom_apartment_for_sale_fully_renovated_and_fully_furnished-54484291-163-1.html
"4 Kanal Luxury Farmhouse For Sale Block B, Gulberg Greens Experience Premium Farmhouse Living In One Of The Most Sought-After Locations Of Gulberg Greens. This Beautifully Designed 4 Kanal Farmhouse O",PKR 28 Crore,280000000,7,6,4 Kanal,18000.0,15555,Flat,True,11,hot11Share on FacebookShare on TwitterShare on WhatsAppSend via GMailSend via E-Mail,84,Flats_Islamabad,for_sale,2026-07-26,https://www.zameen.com/Property/gulberg_gulberg_greens_4_kanal_luxury_farmhouse_for_sale_block_b_gulberg_greens_experience_premium_farmhouse_living_in_one_of_the_most_sought-after_locations_of_gulberg_greens_this_beautifully_designed_4_kanal_farmhouse_offers_the_perfect_blend_of_luxury_comfort_and_priv-54437365-8312-1.html
Furnished Farm House Available For Sale Block B Gulberg Greens,PKR 25 Crore,250000000,8,,4 Kanal,18000.0,13888,Flat,False,8,hot8Share on FacebookShare on TwitterShare on WhatsAppSend via GMailSend via E-Mail,83,Flats_Islamabad,for_sale,2026-07-26,https://www.zameen.com/Property/gulberg_greens_gulberg_greens_-_block_b_furnished_farm_house_available_for_sale_block_b_gulberg_greens-54470384-8314-1.html
1 Bed Luxury Apartment,PKR 1.15 Crore,11500000,1,1,2.3 Marla,517.5,22222,Flat,False,6,hot6Share on FacebookShare on TwitterShare on WhatsAppSend via GMailSend via E-Mail,83,Flats_Islamabad,for_sale,2026-07-26,https://www.zameen.com/Property/g_15_zarkon_heights_1_bed_luxury_apartment-54512738-10169-1.html
850 Square Feet Flat In Beautiful Location Of MPCHS - Block B Extension 1 In Islamabad,PKR 90 Lakh,9000000,2,2,3.8 Marla,855.0,10526,Flat,True,12,12VerifiedShare on FacebookShare on TwitterShare on WhatsAppSend via GMailSend via E-Mail,89,Flats_Islamabad,for_sale,2026-07-26,https://www.zameen.com/Property/mpchs_multi_gardens_mpchs_-_block_b_extension_1_850_square_feet_flat_in_beautiful_location_of_mpchs_-_block_b_extension_1_in_islamabad-54003734-16519-1.html
5 Knal Farmhouse Luxurious Fully Furnished Available For Sale in Gulberg Green Islamabad,PKR 35 Crore,350000000,9,7,5 Kanal,22500.0,15555,Flat,False,25,25Share on FacebookShare on TwitterShare on WhatsAppSend via GMailSend via E-Mail,81,Flats_Islamabad,for_sale,2026-07-26,https://www.zameen.com/Property/gulberg_gulberg_greens_5_knal_farmhouse_luxurious_fully_furnished_available_for_sale_in_gulberg_green_islamabad-54278572-8312-1.html
4 Kanal Farmhouse Available For Sale In Gulberg Islamabad,PKR 30 Crore,300000000,7,7,4 Kanal,18000.0,16666,Flat,False,16,16Share on FacebookShare on TwitterShare on WhatsAppSend via GMailSend via E-Mail,81,Flats_Islamabad,for_sale,2026-07-26,https://www.zameen.com/Property/gulberg_gulberg_greens_4_kanal_farmhouse_available_for_sale_in_gulberg_islamabad-54273718-8312-1.html
2 Bed Luxury Furnished Available For Sale In Gulberg Green Islamabad,PKR 3.4 Crore,34000000,3,2,6.4 Marla,1440.0,23611,Flat,False,15,15Share on FacebookShare on TwitterShare on WhatsAppSend via GMailSend via E-Mail,81,Flats_Islamabad,for_sale,2026-07-26,https://www.zameen.com/Property/gulberg_gulberg_greens_2_bed_luxury_furnished_available_for_sale_in_gulberg_green_islamabad-54273575-8312-1.html
2bed Luxury Furnished Available For Sale In Gulberg Green Islamabad,PKR 1.22 Crore,12200000,1,2,3.9 Marla,877.5,13903,Flat,False,12,12Share on FacebookShare on TwitterShare on WhatsAppSend via GMailSend via E-Mail,81,Flats_Islamabad,for_sale,2026-07-26,https://www.zameen.com/Property/gulberg_gulberg_greens_2bed_luxury_furnished_available_for_sale_in_gulberg_green_islamabad-54359226-8312-1.html
1Bed Fully Furnished Apartment For Sale in Gulberg Green Islamabad,PKR 1.05 Crore,10500000,1,1,2.9 Marla,652.5,16091,Flat,False,8,8Share on FacebookShare on TwitterShare on WhatsAppSend via GMailSend via E-Mail,80,Flats_Islamabad,for_sale,2026-07-26,https://www.zameen.com/Property/gulberg_gulberg_greens_1bed_fully_furnished_apartment_for_sale_in_gulberg_green_islamabad-54359118-8312-1.html
2bed Luxury Furnished Apartment For Sale In Gulberg Green Islamabad,PKR 1.5 Crore,15000000,1,2,5.3 Marla,1192.5,12578,Flat,False,9,9Share on FacebookShare on TwitterShare on WhatsAppSend via GMailSend via E-Mail,80,Flats_Islamabad,for_sale,2026-07-26,https://www.zameen.com/Property/gulberg_gulberg_greens_2bed_luxury_furnished_apartment_for_sale_in_gulberg_green_islamabad-54352910-8312-1.html
2 Bed Luxury Furnished Apartment Available For Sale In Gulberg Green Islamabad,PKR 3.5 Crore,35000000,3,2,6.4 Marla,1440.0,24305,Flat,False,14,14Share on FacebookShare on TwitterShare on WhatsAppSend via GMailSend via E-Mail,81,Flats_Islamabad,for_sale,2026-07-26,https://www.zameen.com/Property/gulberg_gulberg_greens_2_bed_luxury_furnished_apartment_available_for_sale_in_gulberg_green_islamabad-54309622-8312-1.html
ONE BEDROOM FURNISHED APARTMENT ON EASY INSTALLMENT PLAN FOR SALE,PKR 27 Lakh,2700000,27,1,2.4 Marla,540.0,5000,Flat,True,4,super hot4Share on FacebookShare on TwitterShare on WhatsAppSend via GMailSend via E-Mail,89,Flats_Lahore,for_sale,2026-07-26,https://www.zameen.com/Property/bahria_town_sector_e_bahria_town_-_jinnah_block_one_bedroom_furnished_apartment_on_easy_installment_plan_for_sale-54315970-1804-1.html
4 MARLA DOUBLE STOREY HOUSE FOR SALE IN MILITARY ACCOUNT BAJWA STREET COLLEGE ROAD LAHORE BIJLI PANI GASS AVAILABLE READY TO POSSESSION ALL FACILITY AVAILABLE,PKR 1.6 Crore,16000000,6,6,4 Marla,900.0,17777,Flat,True,16,hot16Share on FacebookShare on TwitterShare on WhatsAppSend via GMailSend via E-Mail,84,Flats_Lahore,for_sale,2026-07-26,https://www.zameen.com/Property/lahore_military_accounts_housing_society_4_marla_double_storey_house_for_sale_in_military_account_bajwa_street_college_road_lahore_bijli_pani_gass_available_ready_to_possession_all_facility_available-54343898-781-1.html
20 -Marla Affordable House Solar Install For Sale In Bahria Town Sector F Tipu Sultan Block,PKR 6.8 Crore,68000000,6,6,1 Kanal,4500.0,15111,Flat,True,19,hot19Share on FacebookShare on TwitterShare on WhatsAppSend via GMailSend via E-Mail,84,Flats_Lahore,for_sale,2026-07-26,https://www.zameen.com/Property/bahria_town_bahria_town_-_sector_f_20_-marla_affordable_house_solar_install_for_sale_in_bahria_town_sector_f_tipu_sultan_block-54102576-3097-1.html
"Brand New Luxury 5.5 Marla Double Storey House for Sale in MID City, Lake City Lahore | Premium Finishing | Ready to Move",PKR 2.75 Crore,27500000,4,4,5.5 Marla,1237.5,22222,Flat,True,5,hot5Share on FacebookShare on TwitterShare on WhatsAppSend via GMailSend via E-Mail,83,Flats_Lahore,for_sale,2026-07-26,https://www.zameen.com/Property/midcity_midcity_-_block_c_brand_new_luxury_5_5_marla_double_storey_house_for_sale_in_mid_city_lake_city_lahore_premium_finishing_ready_to_move-54518174-18723-1.html
5 Marla Triple Storey House For Sale-Prime Location In Central Park Housing Scheme Lahore.,PKR 2.25 Crore,22500000,4,5,5 Marla,1125.0,20000,Flat,False,7,hot7Share on FacebookShare on TwitterShare on WhatsAppSend via GMailSend via E-Mail,83,Flats_Lahore,for_sale,2026-07-26,https://www.zameen.com/Property/lahore_central_park_housing_scheme_5_marla_triple_storey_house_for_sale-prime_location_in_central_park_housing_scheme_lahore-54461947-1013-1.html
Prime Location Central Park Housing Scheme House Sized 5 Marla,PKR 2.3 Crore,23000000,3,3,5 Marla,1125.0,20444,Flat,False,7,hot7VerifiedShare on FacebookShare on TwitterShare on WhatsAppSend via GMailSend via E-Mail,91,Flats_Lahore,for_sale,2026-07-26,https://www.zameen.com/Property/lahore_central_park_housing_scheme_prime_location_central_park_housing_scheme_house_sized_5_marla-54474998-1013-1.html
5 Marla Prime Location Beautiful House For Sale,PKR 2.3 Crore,23000000,4,5,5 Marla,1125.0,20444,Flat,False,22,hot22Share on FacebookShare on TwitterShare on WhatsAppSend via GMailSend via E-Mail,84,Flats_Lahore,for_sale,2026-07-26,https://www.zameen.com/Property/lahore_park_view_city_5_marla_prime_location_beautiful_house_for_sale-54393542-1466-1.html
"7 Marla 60 Wide Road Double Unit Most Luxurious and Modern Elevation House Near To Park, Lake City Mall, Or Ring Road",PKR 4.3 Crore,43000000,6,6,7 Marla,1575.0,27301,Flat,False,13,13Share on FacebookShare on TwitterShare on WhatsAppSend via GMailSend via E-Mail,81,Flats_Lahore,for_sale,2026-07-26,https://www.zameen.com/Property/lake_city_lake_city_-_sector_m-7a_7_marla_60_wide_road_double_unit_most_luxurious_and_modern_elevation_house_near_to_park_lake_city_mall_or_ring_road-54375757-19058-1.html
8 MARLA DOUBLE STOREY HOUSE FOR SALE IN MILITARY ACCOUNT COLLEGE ROAD,PKR 2.8 Crore,28000000,6,7,8 Marla,1800.0,15555,Flat,True,23,23VerifiedShare on FacebookShare on TwitterShare on WhatsAppSend via GMailSend via E-Mail,89,Flats_Lahore,for_sale,2026-07-26,https://www.zameen.com/Property/lahore_military_accounts_housing_society_8_marla_double_storey_house_for_sale_in_military_account_college_road-54343900-781-1.html
4 MARLA DOUBLE STORY HOUSE FOR SALE IN HIGHCOURT PHASE 2 BLOCK B COLLEGE ROAD LAHORE BIJLI PANI AVAILABLE READY TO POSSESSION ALL FACILITY AVAILABLE,PKR 1.39 Crore,13899999,4,5,4 Marla,900.0,15444,Flat,True,14,14VerifiedShare on FacebookShare on TwitterShare on WhatsAppSend via GMailSend via E-Mail,89,Flats_Lahore,for_sale,2026-07-26,https://www.zameen.com/Property/highcourt_society_high_court_society_-_phase_2_4_marla_double_story_house_for_sale_in_highcourt_phase_2_block_b_college_road_lahore_bijli_pani_available_ready_to_possession_all_facility_available-54343901-8926-1.html
3-Marla Brand New House LDA Approved Area A+ Construction In New Lahore City Phase2,PKR 95 Lakh,9500000,4,3,3 Marla,675.0,14074,Flat,True,18,18Share on FacebookShare on TwitterShare on WhatsAppSend via GMailSend via E-Mail,81,Flats_Lahore,for_sale,2026-07-26,https://www.zameen.com/Property/lahore_new_lahore_city_3-marla_brand_new_house_lda_approved_area_a_construction_in_new_lahore_city_phase2-54034839-8152-1.html
5-Marla Brand New House LDA Approved Area A+ Construction In New Lahore City Phase2,PKR 1.25 Crore,12500000,3,4,5 Marla,1125.0,11111,Flat,True,14,14Share on FacebookShare on TwitterShare on WhatsAppSend via GMailSend via E-Mail,81,Flats_Lahore,for_sale,2026-07-26,https://www.zameen.com/Property/lahore_new_lahore_city_5-marla_brand_new_house_lda_approved_area_a_construction_in_new_lahore_city_phase2-54037539-8152-1.html
10 -Marla Affordable House Available For Sale In Bahria Town sector F,PKR 3.2 Crore,32000000,5,6,10 Marla,2250.0,14222,Flat,True,17,17Share on FacebookShare on TwitterShare on WhatsAppSend via GMailSend via E-Mail,81,Flats_Lahore,for_sale,2026-07-26,https://www.zameen.com/Property/bahria_town_bahria_town_-_sector_f_10_-marla_affordable_house_available_for_sale_in_bahria_town_sector_f-54348236-3097-1.html
10 -Marla Affordable House Available For Sale In Bahria Town Sector E,PKR 3.5 Crore,35000000,5,6,10 Marla,2250.0,15555,Flat,True,21,21Share on FacebookShare on TwitterShare on WhatsAppSend via GMailSend via E-Mail,81,Flats_Lahore,for_sale,2026-07-26,https://www.zameen.com/Property/bahria_town_bahria_town_-_sector_e_10_-marla_affordable_house_available_for_sale_in_bahria_town_sector_e-54483447-1802-1.html
A BEAUTIFUL 8 MARLA HOUSE FOR SALE IN USMAN BLOCK SECTOR B BAHRIA TOWN LAHORE,PKR 2.5 Crore,25000000,5,6,8 Marla,1800.0,13888,Flat,True,26,26Share on FacebookShare on TwitterShare on WhatsAppSend via GMailSend via E-Mail,81,Flats_Lahore,for_sale,2026-07-26,https://www.zameen.com/Property/bahria_town_sector_b_bahria_town_-_usman_block_a_beautiful_8_marla_house_for_sale_in_usman_block_sector_b_bahria_town_lahore-52634828-1780-1.html
"10 Marla Residential House For Sale In Sector B, Nearby Commercial Market, School, Mosque and Health Care Canter",PKR 3 Crore,30000000,5,6,10 Marla,2250.0,13333,Flat,True,30,hot30Share on FacebookShare on TwitterShare on WhatsAppSend via GMailSend via E-Mail,84,Flats_Lahore,for_sale,2026-07-26,https://www.zameen.com/Property/bahria_town_bahria_town_-_sector_b_10_marla_residential_house_for_sale_in_sector_b_nearby_commercial_market_school_mosque_and_health_care_canter-54503373-1772-1.html
10 MARLA BEAUTIFUL HOUSE FOR SALE IN NARGIS BLOCK SECTOR C BAHRIA TOWN LAHORE,PKR 4.3 Crore,43000000,5,6,10 Marla,2250.0,19111,Flat,True,24,24Share on FacebookShare on TwitterShare on WhatsAppSend via GMailSend via E-Mail,81,Flats_Lahore,for_sale,2026-07-26,https://www.zameen.com/Property/bahria_town_sector_c_bahria_town_-_nargis_block_10_marla_beautiful_house_for_sale_in_nargis_block_sector_c_bahria_town_lahore-51154434-1791-1.html
500 Square Feet One Bed Apartment Available On Easy Installment Plan Sector E Bahria Town,PKR 85 Lakh,8500000,85,1,2.2 Marla,495.00000000000006,17171,Flat,False,5,hot5Share on FacebookShare on TwitterShare on WhatsAppSend via GMailSend via E-Mail,83,Flats_Lahore,for_sale,2026-07-26,https://www.zameen.com/Property/bahria_town_bahria_town_-_sector_e_500_square_feet_one_bed_apartment_available_on_easy_installment_plan_sector_e_bahria_town-54277608-1802-1.html
Flat Spread Over 1203 Square Feet In Penta Square By DHA Lahore Available,PKR 3.2 Crore,32000000,1,2,5 Marla,1125.0,28444,Flat,True,15,super hot15Share on FacebookShare on TwitterShare on WhatsAppSend via GMailSend via E-Mail,90,Flats_Lahore,for_sale,2026-07-26,https://www.zameen.com/Property/dha_phase_5_penta_square_by_dha_lahore_flat_spread_over_1203_square_feet_in_penta_square_by_dha_lahore_available-53267515-11845-1.html
1 Bed Apartment for Sale in Grand 15 | Easy Installment Plan | Bahria Town Lahore,PKR 85 Lakh,8500000,85,1,2.2 Marla,495.00000000000006,17171,Flat,True,18,hot18Share on FacebookShare on TwitterShare on WhatsAppSend via GMailSend via E-Mail,84,Flats_Lahore,for_sale,2026-07-26,https://www.zameen.com/Property/bahria_town_bahria_town_-_sector_e_1_bed_apartment_for_sale_in_grand_15_easy_installment_plan_bahria_town_lahore-54486951-1802-1.html
Luxury 1 Bed Studio Apartment For Sale | Easy Installment Plan In Sector D Bahria Town Lahore,PKR 52.2 Lakh,5220000,52,1,1.3 Marla,292.5,17846,Flat,True,11,hot11Share on FacebookShare on TwitterShare on WhatsAppSend via GMailSend via E-Mail,84,Flats_Lahore,for_sale,2026-07-26,https://www.zameen.com/Property/bahria_town_bahria_town_-_sector_d_luxury_1_bed_studio_apartment_for_sale_easy_installment_plan_in_sector_d_bahria_town_lahore-54414523-1796-1.html
Centrally Located Farm House For Sale In Bedian Available,PKR 2.25 Crore,22500000,2,3,4 Kanal,18000.0,1250,Flat,True,5,super hot5VerifiedShare on FacebookShare on TwitterShare on WhatsAppSend via GMailSend via E-Mail,97,Flats_Lahore,for_sale,2026-07-26,https://www.zameen.com/Property/bedian_road_bedian_centrally_located_farm_house_for_sale_in_bedian_available-54363905-20804-1.html
Premium 3 Bedroom Apartment For Sale In Grand 15 | Easy Installments Plan | Bahria Town Lahore,PKR 2.55 Crore,25500000,2,3,6.7 Marla,1507.5,16915,Flat,True,10,hot10Share on FacebookShare on TwitterShare on WhatsAppSend via GMailSend via E-Mail,84,Flats_Lahore,for_sale,2026-07-26,https://www.zameen.com/Property/bahria_town_bahria_town_-_sector_e_premium_3_bedroom_apartment_for_sale_in_grand_15_easy_installments_plan_bahria_town_lahore-54457268-1802-1.html
"1 Bedroom Apartment For Sale | Prime Location In Sector F, Bahria Town Lahore",PKR 64.5 Lakh,6450000,64,1,2.4 Marla,540.0,11944,Flat,True,12,hot12Share on FacebookShare on TwitterShare on WhatsAppSend via GMailSend via E-Mail,84,Flats_Lahore,for_sale,2026-07-26,https://www.zameen.com/Property/bahria_town_bahria_town_-_sector_f_1_bedroom_apartment_for_sale_prime_location_in_sector_f_bahria_town_lahore-54420362-3097-1.html
12 Marla Brand New Flat available for Sale in Askari 10 Sec S Lahore,PKR 4.4 Crore,44000000,4,5,12 Marla,2700.0,16296,Flat,True,19,super hot191Share on FacebookShare on TwitterShare on WhatsAppSend via GMailSend via E-Mail,91,Flats_Lahore,for_sale,2026-07-26,https://www.zameen.com/Property/askari_askari_10_12_marla_brand_new_flat_available_for_sale_in_askari_10_sec_s_lahore-54409892-1011-1.html
10 Marla 3 Bed Apartment For Sale Askari 11 Sec D,PKR 3.8 Crore,38000000,3,4,10 Marla,2250.0,16888,Flat,True,15,super hot15Share on FacebookShare on TwitterShare on WhatsAppSend via GMailSend via E-Mail,90,Flats_Lahore,for_sale,2026-07-26,https://www.zameen.com/Property/askari_11_askari_11_-_sector_d_10_marla_3_bed_apartment_for_sale_askari_11_sec_d-54480844-21437-1.html
2300 Sq Feet Super Luxury Furnished Apartment For Sale In Most Beautiful Secure Project In Gulberg,PKR 8.14 Crore,81400000,2,3,9.8 Marla,2205.0,36916,Flat,True,11,hot11Share on FacebookShare on TwitterShare on WhatsAppSend via GMailSend via E-Mail,84,Flats_Lahore,for_sale,2026-07-26,https://www.zameen.com/Property/mm_alam_road_oyster_court_luxury_residences_2300_sq_feet_super_luxury_furnished_apartment_for_sale_in_most_beautiful_secure_project_in_gulberg-52491754-9692-1.html
Flat For sale In Askari 10 - Sector F,PKR 3.6 Crore,36000000,3,3,10 Marla,2250.0,16000,Flat,True,42,super hot42VerifiedShare on FacebookShare on TwitterShare on WhatsAppSend via GMailSend via E-Mail,98,Flats_Lahore,for_sale,2026-07-26,https://www.zameen.com/Property/askari_10_askari_10_-_sector_f_flat_for_sale_in_askari_10_-_sector_f-54513747-10542-1.html
Premium 1-Bedroom Ultra-Modern Furnished Apartment With Eiffel Tower Views Bahria Town Lahore,PKR 1.15 Crore,11500000,1,1,1.8 Marla,405.0,28395,Flat,True,10,super hot10Share on FacebookShare on TwitterShare on WhatsAppSend via GMailSend via E-Mail,90,Flats_Lahore,for_sale,2026-07-26,https://www.zameen.com/Property/bahria_town_sector_e_bahria_town_-_quaid_block_premium_1-bedroom_ultra-modern_furnished_apartment_with_eiffel_tower_views_bahria_town_lahore-54519961-1808-1.html
13 Marla Flat In Askari 10 - Sector S Is Available,PKR 4.4 Crore,44000000,4,5,13 Marla,2925.0,15042,Flat,True,31,super hot31VerifiedShare on FacebookShare on TwitterShare on WhatsAppSend via GMailSend via E-Mail,98,Flats_Lahore,for_sale,2026-07-26,https://www.zameen.com/Property/askari_10_askari_10_-_sector_s_13_marla_flat_in_askari_10_-_sector_s_is_available-54513749-21434-1.html
Looking For A Flat For Sale In Lahore,PKR 3.45 Crore,34500000,4,5,12 Marla,2700.0,12777,Flat,True,42,super hot42VerifiedShare on FacebookShare on TwitterShare on WhatsAppSend via GMailSend via E-Mail,98,Flats_Lahore,for_sale,2026-07-26,https://www.zameen.com/Property/askari_askari_11_looking_for_a_flat_for_sale_in_lahore-54452279-1503-1.html
5 SKY TOWER BY SAWERA | PREMIUM LIVING CURATED BY OK ESTATE & BUILDERS,PKR 6.25 Crore,62500000,3,4,247 Sq. Yd,2223.0,28115,Flat,True,30,super hot30Share on FacebookShare on TwitterShare on WhatsAppSend via GMailSend via E-Mail,90,Flats_Karachi,for_sale,2026-07-26,https://www.zameen.com/Property/clifton_clifton_-_block_9_5_sky_tower_by_sawera_premium_living_curated_by_ok_estate_builders-50358314-1671-1.html
DIRECT OWNER READY TO MOVE 950SQFT 2BED LOUNGE FLAT FOR SALE,PKR 82 Lakh,8200000,82,2,106 Sq. Yd,954.0,8595,Flat,True,39,super hot391Share on FacebookShare on TwitterShare on WhatsAppSend via GMailSend via E-Mail,91,Flats_Karachi,for_sale,2026-07-26,https://www.zameen.com/Property/bahria_town_karachi_bahria_apartments_direct_owner_ready_to_move_950sqft_2bed_lounge_flat_for_sale-53373674-9030-1.html
76 Sq Yard Flat Available For Sale,PKR 65 Lakh,6500000,2,2,76 Sq. Yd,684.0,9502,Flat,True,11,super hot11VerifiedShare on FacebookShare on TwitterShare on WhatsAppSend via GMailSend via E-Mail,98,Flats_Karachi,for_sale,2026-07-26,https://www.zameen.com/Property/federal_b_area_federal_b_area_-_block_8_76_sq_yard_flat_available_for_sale-54443031-6692-1.html
Flat For Sale,PKR 1.45 Crore,14500000,3,3,150 Sq. Yd,1350.0,10740,Flat,False,10,hot10Share on FacebookShare on TwitterShare on WhatsAppSend via GMailSend via E-Mail,84,Flats_Karachi,for_sale,2026-07-26,https://www.zameen.com/Property/gulshan_e_iqbal_town_gulshan-e-iqbal_flat_for_sale-54415227-233-1.html
2 BED DD PIONEER TOWER | Bank Loan Applicable,PKR 1.45 Crore,14500000,1,2,117 Sq. Yd,1053.0,13770,Flat,False,6,hot6Share on FacebookShare on TwitterShare on WhatsAppSend via GMailSend via E-Mail,83,Flats_Karachi,for_sale,2026-07-26,https://www.zameen.com/Property/scheme_33_sector_16_a_government_teacher_housing_society_-_sector_16-a_2_bed_dd_pioneer_tower_bank_loan_applicable-54453100-9190-1.html
A Well Designed Prime Location Flat Is Up For Sale In An Ideal Location In Karachi,PKR 95 Lakh,9500000,2,2,106 Sq. Yd,954.0,9958,Flat,False,7,hot7VerifiedShare on FacebookShare on TwitterShare on WhatsAppSend via GMailSend via E-Mail,91,Flats_Karachi,for_sale,2026-07-26,https://www.zameen.com/Property/gulistan_e_jauhar_gulistan-e-jauhar_-_block_7_a_well_designed_prime_location_flat_is_up_for_sale_in_an_ideal_location_in_karachi-54443042-6831-1.html
Prime Location 950 Square Feet Flat In Gulistan-E-Jauhar Best Option For Sale,PKR 1.05 Crore,10500000,,,106 Sq. Yd,954.0,11006,Flat,False,5,hot5VerifiedShare on FacebookShare on TwitterShare on WhatsAppSend via GMailSend via E-Mail,91,Flats_Karachi,for_sale,2026-07-26,https://www.zameen.com/Property/karachi_gulistan-e-jauhar_prime_location_950_square_feet_flat_in_gulistan-e-jauhar_best_option_for_sale-54443034-232-1.html
Affordable Prime Location Upper Portion Available For Sale In Federal B Area - Block 9,PKR 1.15 Crore,11500000,3,3,142 Sq. Yd,1278.0,8998,Flat,False,11,hot11VerifiedShare on FacebookShare on TwitterShare on WhatsAppSend via GMailSend via E-Mail,92,Flats_Karachi,for_sale,2026-07-26,https://www.zameen.com/Property/federal_b_area_federal_b_area_-_block_9_affordable_prime_location_upper_portion_available_for_sale_in_federal_b_area_-_block_9-54443044-6693-1.html
End Your Search For Prime Location Upper Portion Here And Sale Now,PKR 1.2 Crore,12000000,3,3,120 Sq. Yd,1080.0,11111,Flat,False,8,8VerifiedShare on FacebookShare on TwitterShare on WhatsAppSend via GMailSend via E-Mail,88,Flats_Karachi,for_sale,2026-07-26,https://www.zameen.com/Property/karachi_federal_b_area_end_your_search_for_prime_location_upper_portion_here_and_sale_now-53985797-12-1.html
Prime Location Upper Portion In Federal B Area - Block 9 Sized 120 Square Yards Is Available,PKR 1.3 Crore,13000000,3,3,120 Sq. Yd,1080.0,12037,Flat,False,8,8VerifiedShare on FacebookShare on TwitterShare on WhatsAppSend via GMailSend via E-Mail,88,Flats_Karachi,for_sale,2026-07-26,https://www.zameen.com/Property/federal_b_area_federal_b_area_-_block_9_prime_location_upper_portion_in_federal_b_area_-_block_9_sized_120_square_yards_is_available-53985806-6693-1.html
Prime Location In Federal B Area 120 Square Yards Upper Portion For Sale,PKR 1.3 Crore,13000000,3,3,120 Sq. Yd,1080.0,12037,Flat,False,9,9VerifiedShare on FacebookShare on TwitterShare on WhatsAppSend via GMailSend via E-Mail,88,Flats_Karachi,for_sale,2026-07-26,https://www.zameen.com/Property/karachi_federal_b_area_prime_location_in_federal_b_area_120_square_yards_upper_portion_for_sale-53985807-12-1.html
A Prime Location 750 Square Feet Flat Located In Quetta Town - Sector 18-A Is Available For Sale,PKR 60 Lakh,6000000,2,2,83 Sq. Yd,747.0,8032,Flat,False,14,141VerifiedShare on FacebookShare on TwitterShare on WhatsAppSend via GMailSend via E-Mail,90,Flats_Karachi,for_sale,2026-07-26,https://www.zameen.com/Property/scheme_33_sector_18_a_quetta_town_-_sector_18-a_a_prime_location_750_square_feet_flat_located_in_quetta_town_-_sector_18-a_is_available_for_sale-53985810-9193-1.html
Prime Location Federal B Area Upper Portion Sized 120 Square Yards Is Available,PKR 1.65 Crore,16500000,3,3,120 Sq. Yd,1080.0,15277,Flat,False,6,6VerifiedShare on FacebookShare on TwitterShare on WhatsAppSend via GMailSend via E-Mail,88,Flats_Karachi,for_sale,2026-07-26,https://www.zameen.com/Property/karachi_federal_b_area_prime_location_federal_b_area_upper_portion_sized_120_square_yards_is_available-53989649-12-1.html
5 Sky Tower By Sawera | Luxury 3 Bed Apartments In Clifton For Sale,PKR 6.25 Crore,62500000,6,4,247 Sq. Yd,2223.0,28115,Flat,True,40,super hot403Share on FacebookShare on TwitterShare on WhatsAppSend via GMailSend via E-Mail,91,Flats_Karachi,for_sale,2026-07-26,https://www.zameen.com/Property/clifton_clifton_-_block_9_5_sky_tower_by_sawera_luxury_3_bed_apartments_in_clifton_for_sale-54204018-1671-1.html
Last Unit Available | Luxury 1 Bed Partial Sea View Apartment for Sale | 1376 Sqft | Emaar Panorama | DHA Phase 8 Karachi,PKR 6.95 Crore,69500000,6,1,153 Sq. Yd,1377.0,50472,Flat,True,16,super hot161Share on FacebookShare on TwitterShare on WhatsAppSend via GMailSend via E-Mail,91,Flats_Karachi,for_sale,2026-07-26,https://www.zameen.com/Property/dha_phase_8_emaar_panorama_last_unit_available_luxury_1_bed_partial_sea_view_apartment_for_sale_1376_sqft_emaar_panorama_dha_phase_8_karachi-54487340-17182-1.html
CHANCE DEAL | Full Sea Facing 3 Bed | 41st Floor | Emaar Panorama | DHA Phase 8 Karachi | Single Belt,PKR 14.65 Crore,146500000,14,3,342 Sq. Yd,3078.0,47595,Flat,True,22,super hot221Share on FacebookShare on TwitterShare on WhatsAppSend via GMailSend via E-Mail,91,Flats_Karachi,for_sale,2026-07-26,https://www.zameen.com/Property/dha_phase_8_emaar_panorama_chance_deal_full_sea_facing_3_bed_41st_floor_emaar_panorama_dha_phase_8_karachi_single_belt-54483139-17182-1.html
2 Bed DD Flat For Sale Karachi University Society,PKR 1.1 Crore,11000000,1,2,111 Sq. Yd,999.0,11011,Flat,True,8,super hot8Share on FacebookShare on TwitterShare on WhatsAppSend via GMailSend via E-Mail,89,Flats_Karachi,for_sale,2026-07-26,https://www.zameen.com/Property/scheme_33_karachi_university_housing_society_2_bed_dd_flat_for_sale_karachi_university_society-54445657-9184-1.html
3rd FLOOR WITH ROOF FOR SALE,PKR 1.06 Crore,10600000,2,2,106 Sq. Yd,954.0,11111,Flat,True,6,super hot6Share on FacebookShare on TwitterShare on WhatsAppSend via GMailSend via E-Mail,89,Flats_Karachi,for_sale,2026-07-26,https://www.zameen.com/Property/scheme_33_gwalior_cooperative_housing_society_3rd_floor_with_roof_for_sale-54411759-9074-1.html
Ready to Move 2 Bedroom Flat 950 Square Feet Available For Sale in Precinct-19 Bahria Town Karachi,PKR 78 Lakh,7800000,78,2,106 Sq. Yd,954.0,8176,Flat,True,13,hot13Share on FacebookShare on TwitterShare on WhatsAppSend via GMailSend via E-Mail,84,Flats_Karachi,for_sale,2026-07-26,https://www.zameen.com/Property/bahria_town_karachi_bahria_town_-_precinct_19_ready_to_move_2_bedroom_flat_950_square_feet_available_for_sale_in_precinct-19_bahria_town_karachi-54487603-10030-1.html
"Luxurious 3-Bedroom Apartment With Private Pool In Clifton Block 9 Near Ocean Mall, Karachi",PKR 6.15 Crore,61500000,6,3,247 Sq. Yd,2223.0,27665,Flat,True,6,hot6Share on FacebookShare on TwitterShare on WhatsAppSend via GMailSend via E-Mail,83,Flats_Karachi,for_sale,2026-07-26,https://www.zameen.com/Property/karachi_clifton_luxurious_3-bedroom_apartment_with_private_pool_in_clifton_block_9_near_ocean_mall_karachi-51832321-5-1.html
"Naya Nazimabad Peace Apartment Com 37 1,850 Sq,Ft  3 Bed DD | 4 Bed Lounge",PKR 2.93 Crore,29300000,2,4,206 Sq. Yd,1854.0,15803,Flat,False,,hotShare on FacebookShare on TwitterShare on WhatsAppSend via GMailSend via E-Mail,82,Flats_Karachi,for_sale,2026-07-26,https://www.zameen.com/Property/karachi_naya_nazimabad_naya_nazimabad_peace_apartment_com_37_1_850_sq_ft_3_bed_dd_4_bed_lounge-53619750-10079-1.html
Beautiful Apartment in Malir Cantt Askari-5,PKR 5.25 Crore,52500000,4,4,333 Sq. Yd,2997.0,17517,Flat,False,9,hot9Share on FacebookShare on TwitterShare on WhatsAppSend via GMailSend via E-Mail,83,Flats_Karachi,for_sale,2026-07-26,https://www.zameen.com/Property/malir_cantonment_askari_5_beautiful_apartment_in_malir_cantt_askari-5-54511410-6655-1.html
A Palatial Residence For Prime Location sale In Federal B Area - Block 15 Karachi,PKR 1.3 Crore,13000000,3,3,120 Sq. Yd,1080.0,12037,Flat,False,7,7VerifiedShare on FacebookShare on TwitterShare on WhatsAppSend via GMailSend via E-Mail,88,Flats_Karachi,for_sale,2026-07-26,https://www.zameen.com/Property/federal_b_area_federal_b_area_-_block_15_a_palatial_residence_for_prime_location_sale_in_federal_b_area_-_block_15_karachi-53989656-6699-1.html
Ideally Located Prime Location Upper Portion For Sale In Federal B Area - Block 15 Available,PKR 1.1 Crore,11000000,2,2,120 Sq. Yd,1080.0,10185,Flat,False,8,8VerifiedShare on FacebookShare on TwitterShare on WhatsAppSend via GMailSend via E-Mail,88,Flats_Karachi,for_sale,2026-07-26,https://www.zameen.com/Property/federal_b_area_federal_b_area_-_block_15_ideally_located_prime_location_upper_portion_for_sale_in_federal_b_area_-_block_15_available-54008832-6699-1.html
1170 Sqft Flat Available For Sale,PKR 1.1 Crore,11000000,3,3,130 Sq. Yd,1170.0,9401,Flat,False,13,131VerifiedShare on FacebookShare on TwitterShare on WhatsAppSend via GMailSend via E-Mail,90,Flats_Karachi,for_sale,2026-07-26,https://www.zameen.com/Property/scheme_33_sector_18_a_quetta_town_-_sector_18-a_1170_sqft_flat_available_for_sale-54027864-9193-1.html
Prime Location 1260 Square Feet Flat Available For Sale In Naya Nazimabad,PKR 2 Crore,20000000,2,2,140 Sq. Yd,1260.0,15873,Flat,False,7,7VerifiedShare on FacebookShare on TwitterShare on WhatsAppSend via GMailSend via E-Mail,88,Flats_Karachi,for_sale,2026-07-26,https://www.zameen.com/Property/karachi_naya_nazimabad_prime_location_1260_square_feet_flat_available_for_sale_in_naya_nazimabad-54027873-10079-1.html
Prime Location Flat Of 1014 Square Feet Is Available For sale,PKR 1.7 Crore,17000000,2,2,113 Sq. Yd,1017.0,16715,Flat,False,7,7VerifiedShare on FacebookShare on TwitterShare on WhatsAppSend via GMailSend via E-Mail,88,Flats_Karachi,for_sale,2026-07-26,https://www.zameen.com/Property/karachi_naya_nazimabad_prime_location_flat_of_1014_square_feet_is_available_for_sale-54027874-10079-1.html
You Can Find A Gorgeous Prime Location Flat For Sale In Gulshan-E-Iqbal,PKR 2.5 Crore,25000000,3,3,167 Sq. Yd,1503.0,16633,Flat,False,20,201VerifiedShare on FacebookShare on TwitterShare on WhatsAppSend via GMailSend via E-Mail,90,Flats_Karachi,for_sale,2026-07-26,https://www.zameen.com/Property/gulshan_e_iqbal_town_gulshan-e-iqbal_you_can_find_a_gorgeous_prime_location_flat_for_sale_in_gulshan-e-iqbal-54097288-233-1.html
Prime Location Upper Portion For Sale In Federal B Area - Block 14,PKR 1.4 Crore,14000000,3,3,120 Sq. Yd,1080.0,12962,Flat,False,10,10VerifiedShare on FacebookShare on TwitterShare on WhatsAppSend via GMailSend via E-Mail,89,Flats_Karachi,for_sale,2026-07-26,https://www.zameen.com/Property/federal_b_area_federal_b_area_-_block_14_prime_location_upper_portion_for_sale_in_federal_b_area_-_block_14-54116915-6698-1.html
"ULTRA-LUXURY 4-BEDROOM FULL SEA-FRONT APARTMENT FOR SALE IN EMAAR PEARL TOWER 1, DHA PHASE 8, KARACHI",PKR 16 Crore,160000000,16,6,282 Sq. Yd,2538.0,63041,Flat,True,17,super hot17Share on FacebookShare on TwitterShare on WhatsAppSend via GMailSend via E-Mail,90,Flats_Karachi,for_sale,2026-07-26,https://www.zameen.com/Property/emaar_crescent_bay_emaar_pearl_towers_ultra-luxury_4-bedroom_full_sea-front_apartment_for_sale_in_emaar_pearl_tower_1_dha_phase_8_karachi-54477426-10719-1.html
"Spacious 3 Bedroom Lounge Apartment In Soldier Bazar, Karachi",PKR 1.65 Crore,16500000,1,3,122 Sq. Yd,1098.0,15027,Flat,True,25,hot251VerifiedShare on FacebookShare on TwitterShare on WhatsAppSend via GMailSend via E-Mail,93,Flats_Karachi,for_sale,2026-07-26,https://www.zameen.com/Property/jamshed_town_soldier_bazar_spacious_3_bedroom_lounge_apartment_in_soldier_bazar_karachi-50537547-317-1.html
ZAINAB HABIB TOWER BY OK ESTATE & BUILDERS. AN ICONIC INVESTMENT OPPORTUNITY.,PKR 5.25 Crore,52500000,3,4,217 Sq. Yd,1953.0,26881,Flat,True,19,hot19Share on FacebookShare on TwitterShare on WhatsAppSend via GMailSend via E-Mail,84,Flats_Karachi,for_sale,2026-07-26,https://www.zameen.com/Property/karachi_khalid_bin_walid_road_zainab_habib_tower_by_ok_estate_builders_an_iconic_investment_opportunity-53848849-253-1.html
Your Search For Prime Location Upper Portion In Karachi Ends Here,PKR 2.8 Crore,28000000,3,3,150 Sq. Yd,1350.0,20740,Flat,False,20,hot201VerifiedShare on FacebookShare on TwitterShare on WhatsAppSend via GMailSend via E-Mail,93,Flats_Karachi,for_sale,2026-07-26,https://www.zameen.com/Property/pechs_pechs_block_2_your_search_for_prime_location_upper_portion_in_karachi_ends_here-48985903-6933-1.html
Highly-Desirable Prime Location 750 Square Feet Flat Available In Al-Jadeed Residency,PKR 75 Lakh,7500000,2,2,83 Sq. Yd,747.0,10040,Flat,False,5,hot5VerifiedShare on FacebookShare on TwitterShare on WhatsAppSend via GMailSend via E-Mail,91,Flats_Karachi,for_sale,2026-07-26,https://www.zameen.com/Property/gadap_town_al-jadeed_residency_highly-desirable_prime_location_750_square_feet_flat_available_in_al-jadeed_residency-54261374-11358-1.html
Apartment For Sale,PKR 5.75 Crore,57500000,4,5,244 Sq. Yd,2196.0,26183,Flat,True,13,hot13Share on FacebookShare on TwitterShare on WhatsAppSend via GMailSend via E-Mail,84,Flats_Karachi,for_sale,2026-07-26,https://www.zameen.com/Property/dha_defence_dha_phase_8_apartment_for_sale-54478980-1485-1.html
Hot Deal! 2 Bed + Study Sea Facing Apartment Available For Sale | Limited Time Opportunity,PKR 5.7 Crore,57000000,5,4,223 Sq. Yd,2007.0,28400,Flat,True,26,super hot26Share on FacebookShare on TwitterShare on WhatsAppSend via GMailSend via E-Mail,90,Flats_Karachi,for_sale,2026-07-26,https://www.zameen.com/Property/dha_phase_8_emaar_crescent_bay_hot_deal_2_bed_study_sea_facing_apartment_available_for_sale_limited_time_opportunity-54476811-8503-1.html
3bed Dd With Roof Portion For Sale,PKR 4.8 Crore,48000000,4,3,200 Sq. Yd,1800.0,26666,Flat,True,17,super hot17Share on FacebookShare on TwitterShare on WhatsAppSend via GMailSend via E-Mail,90,Flats_Karachi,for_sale,2026-07-26,https://www.zameen.com/Property/pechs_pechs_block_2_3bed_dd_with_roof_portion_for_sale-53891072-6933-1.html
FLAT AVAILABLE FOR SALE,PKR 1.35 Crore,13500000,3,3,150 Sq. Yd,1350.0,10000,Flat,True,10,super hot101Share on FacebookShare on TwitterShare on WhatsAppSend via GMailSend via E-Mail,91,Flats_Karachi,for_sale,2026-07-26,https://www.zameen.com/Property/gulistan_e_jauhar_block_7_kings_classic_flat_available_for_sale-53953547-8814-1.html
1450 Sq Feet 3 Bed DD Apartment I3rd Floor With Lift,PKR 4 Crore,40000000,4,3,161 Sq. Yd,1449.0,27605,Flat,True,9,super hot9Share on FacebookShare on TwitterShare on WhatsAppSend via GMailSend via E-Mail,89,Flats_Karachi,for_sale,2026-07-26,https://www.zameen.com/Property/gulshan_e_iqbal_gulshan-e-iqbal_-_block_17_1450_sq_feet_3_bed_dd_apartment_i3rd_floor_with_lift-54521225-6879-1.html
1400sq Ft 2BHK Luxury Flat (READY TO MOVE) Available On CASH/ INSTALMENTS. Paragon Towers Are Available On SALE At Minimum Prices.,PKR 95 Lakh,9500000,2,2,156 Sq. Yd,1404.0,6766,Flat,True,15,hot15Share on FacebookShare on TwitterShare on WhatsAppSend via GMailSend via E-Mail,84,Flats_Karachi,for_sale,2026-07-26,https://www.zameen.com/Property/bahria_town_precinct_17_paragon_tower_1400sq_ft_2bhk_luxury_flat_ready_to_move_available_on_cash_instalments_paragon_towers_are_available_on_sale_at_minimum_prices-53845915-21833-1.html
"READY TO MOVE 1100 sq Ft 2 Bed Lounge Flat Available FOR SALE In Bahria Heights In TOWER A, H & G (Ready To Move)",PKR 84 Lakh,8400000,84,2,122 Sq. Yd,1098.0,7650,Flat,True,47,hot47Share on FacebookShare on TwitterShare on WhatsAppSend via GMailSend via E-Mail,84,Flats_Karachi,for_sale,2026-07-26,https://www.zameen.com/Property/bahria_town_karachi_bahria_heights_ready_to_move_1100_sq_ft_2_bed_lounge_flat_available_for_sale_in_bahria_heights_in_tower_a_h_g_ready_to_move-53845933-11761-1.html
Flat In Burjul Harmain Near Rim Jhim Tower,PKR 1.7 Crore,17000000,3,3,167 Sq. Yd,1503.0,11310,Flat,False,13,hot13Share on FacebookShare on TwitterShare on WhatsAppSend via GMailSend via E-Mail,84,Flats_Karachi,for_sale,2026-07-26,https://www.zameen.com/Property/university_road_burj-ul-harmain_flat_in_burjul_harmain_near_rim_jhim_tower-53203221-9674-1.html
3 Bed DD Apartment for Sale Main Road Facing Saima Residencia (Scheme 33) CHANCE DEAL,PKR 2.35 Crore,23500000,2,3,189 Sq. Yd,1701.0,13815,Flat,False,42,hot42Share on FacebookShare on TwitterShare on WhatsAppSend via GMailSend via E-Mail,84,Flats_Karachi,for_sale,2026-07-26,https://www.zameen.com/Property/scheme_33_sector_34_a_saima_residencia_3_bed_dd_apartment_for_sale_main_road_facing_saima_residencia_scheme_33_chance_deal-54030630-22375-1.html
Prime Location Flat In North Karachi - Sector 5-H For Sale,PKR 35 Lakh,3500000,1,1,39 Sq. Yd,351.0,9971,Flat,False,15,hot151VerifiedShare on FacebookShare on TwitterShare on WhatsAppSend via GMailSend via E-Mail,93,Flats_Karachi,for_sale,2026-07-26,https://www.zameen.com/Property/north_karachi_north_karachi_-_sector_5-h_prime_location_flat_in_north_karachi_-_sector_5-h_for_sale-54360993-19648-1.html
Prime Location In Federal B Area - Block 13 1500 Square Feet Flat For Sale,PKR 2.3 Crore,23000000,,,167 Sq. Yd,1503.0,15302,Flat,False,5,5VerifiedShare on FacebookShare on TwitterShare on WhatsAppSend via GMailSend via E-Mail,88,Flats_Karachi,for_sale,2026-07-26,https://www.zameen.com/Property/federal_b_area_federal_b_area_-_block_13_prime_location_in_federal_b_area_-_block_13_1500_square_feet_flat_for_sale-54060037-6697-1.html
Get In Touch Now To Buy A Prime Location 1000 Square Feet Flat In Federal B Area - Block 10 Karachi,PKR 1.35 Crore,13500000,,,111 Sq. Yd,999.0,13513,Flat,False,5,5VerifiedShare on FacebookShare on TwitterShare on WhatsAppSend via GMailSend via E-Mail,88,Flats_Karachi,for_sale,2026-07-26,https://www.zameen.com/Property/federal_b_area_federal_b_area_-_block_10_get_in_touch_now_to_buy_a_prime_location_1000_square_feet_flat_in_federal_b_area_-_block_10_karachi-54060038-6694-1.html
650 Sq Fts Dascon Towers 1-Bed Apartment Near To Grand Mosque For Sale In BahriaTownKarachi,PKR 27 Lakh,2700000,27,1,72 Sq. Yd,648.0,4166,Flat,True,10,super hot10Share on FacebookShare on TwitterShare on WhatsAppSend via GMailSend via E-Mail,90,Flats_Karachi,for_sale,2026-07-26,https://www.zameen.com/Property/bahria_hills_dascon_tower_650_sq_fts_dascon_towers_1-bed_apartment_near_to_grand_mosque_for_sale_in_bahriatownkarachi-54473173-22084-1.html
Apartment For Sale at Metropolis Residency,PKR 2.9 Crore,29000000,3,4,222 Sq. Yd,1998.0,14514,Flat,True,17,super hot17Share on FacebookShare on TwitterShare on WhatsAppSend via GMailSend via E-Mail,90,Flats_Karachi,for_sale,2026-07-26,https://www.zameen.com/Property/jinnah_avenue_metropolis_residency_apartment_for_sale_at_metropolis_residency-54372440-11073-1.html
Gorgeous 256 Square Yards House For Sale Available In North Nazimabad - Block L,PKR 6.75 Crore,67500000,6,6,256 Sq. Yd,2304.0,29296,Flat,False,9,hot9Share on FacebookShare on TwitterShare on WhatsAppSend via GMailSend via E-Mail,83,Flats_Karachi,for_sale,2026-07-26,https://www.zameen.com/Property/north_nazimabad_north_nazimabad_-_block_l_gorgeous_256_square_yards_house_for_sale_available_in_north_nazimabad_-_block_l-48904028-7220-1.html
Double Storey 200 Square Yards House Available In North Nazimabad - Block D For Sale,PKR 5.5 Crore,55000000,6,6,200 Sq. Yd,1800.0,30555,Flat,False,8,hot8Share on FacebookShare on TwitterShare on WhatsAppSend via GMailSend via E-Mail,83,Flats_Karachi,for_sale,2026-07-26,https://www.zameen.com/Property/north_nazimabad_north_nazimabad_-_block_d_double_storey_200_square_yards_house_available_in_north_nazimabad_-_block_d_for_sale-50917656-7212-1.html
Well Maintained Flat For Sale,PKR 3.25 Crore,32500000,3,3,172 Sq. Yd,1548.0,20994,Flat,False,21,hot21Share on FacebookShare on TwitterShare on WhatsAppSend via GMailSend via E-Mail,84,Flats_Karachi,for_sale,2026-07-26,https://www.zameen.com/Property/north_nazimabad_north_nazimabad_-_block_h_well_maintained_flat_for_sale-53274587-7216-1.html
House For Sale In 11b North Karachi,PKR 5.5 Crore,55000000,6,6,300 Sq. Yd,2700.0,20370,Flat,False,19,hot19Share on FacebookShare on TwitterShare on WhatsAppSend via GMailSend via E-Mail,84,Flats_Karachi,for_sale,2026-07-26,https://www.zameen.com/Property/north_karachi_north_karachi_-_sector_11b_house_for_sale_in_11b_north_karachi-53325510-7185-1.html
Prime Location 1600 Square Feet Flat In Stunning Federal B Area - Block 8 Is Available For Sale,PKR 2.35 Crore,23500000,3,3,178 Sq. Yd,1602.0,14669,Flat,False,16,16Share on FacebookShare on TwitterShare on WhatsAppSend via GMailSend via E-Mail,81,Flats_Karachi,for_sale,2026-07-26,https://www.zameen.com/Property/federal_b_area_federal_b_area_-_block_8_prime_location_1600_square_feet_flat_in_stunning_federal_b_area_-_block_8_is_available_for_sale-53849662-6692-1.html
A Flat Of 2300 Square Feet In Karachi,PKR 3.25 Crore,32500000,4,4,256 Sq. Yd,2304.0,14105,Flat,False,31,31Share on FacebookShare on TwitterShare on WhatsAppSend via GMailSend via E-Mail,81,Flats_Karachi,for_sale,2026-07-26,https://www.zameen.com/Property/gulshan_e_iqbal_gulshan-e-iqbal_-_block_1_a_flat_of_2300_square_feet_in_karachi-54358148-6861-1.html
Prime Location 1298 Square Feet Flat In Central Meerut Society For Sale,PKR 1.45 Crore,14500000,3,3,144 Sq. Yd,1296.0,11188,Flat,False,5,5VerifiedShare on FacebookShare on TwitterShare on WhatsAppSend via GMailSend via E-Mail,88,Flats_Karachi,for_sale,2026-07-26,https://www.zameen.com/Property/scheme_33_meerut_society_prime_location_1298_square_feet_flat_in_central_meerut_society_for_sale-54437986-9078-1.html
Prime Location Flat Of 1600 Square Feet Available In Federal B Area - Block 20,PKR 2.6 Crore,26000000,3,3,178 Sq. Yd,1602.0,16229,Flat,False,6,6VerifiedShare on FacebookShare on TwitterShare on WhatsAppSend via GMailSend via E-Mail,88,Flats_Karachi,for_sale,2026-07-26,https://www.zameen.com/Property/federal_b_area_federal_b_area_-_block_20_prime_location_flat_of_1600_square_feet_available_in_federal_b_area_-_block_20-54437987-6704-1.html
Prime Location 1200 Square Feet Flat In Federal B Area - Block 7 For sale At Good Location,PKR 2.5 Crore,25000000,3,3,133 Sq. Yd,1197.0,20885,Flat,False,18,18VerifiedShare on FacebookShare on TwitterShare on WhatsAppSend via GMailSend via E-Mail,89,Flats_Karachi,for_sale,2026-07-26,https://www.zameen.com/Property/federal_b_area_federal_b_area_-_block_7_prime_location_1200_square_feet_flat_in_federal_b_area_-_block_7_for_sale_at_good_location-54437990-6691-1.html
SAPPHIRE RESIDENCY FLATS FOR SALE IN GULSHAN E IQBAL BLOCK 1,PKR 1.9 Crore,19000000,3,3,156 Sq. Yd,1404.0,13532,Flat,True,26,super hot261VerifiedShare on FacebookShare on TwitterShare on WhatsAppSend via GMailSend via E-Mail,99,Flats_Karachi,for_sale,2026-07-26,https://www.zameen.com/Property/gulshan_e_iqbal_gulshan-e-iqbal_-_block_1_sapphire_residency_flats_for_sale_in_gulshan_e_iqbal_block_1-54469215-6861-1.html
"1 Bed Olympia (Type D) Partial Sea Facing With Pool & Parking | The Tilt By SIB, HMR Flat For Sale",PKR 4.37 Crore,43700000,4,2,121 Sq. Yd,1089.0,40128,Flat,True,12,hot12Share on FacebookShare on TwitterShare on WhatsAppSend via GMailSend via E-Mail,84,Flats_Karachi,for_sale,2026-07-26,https://www.zameen.com/Property/dha_phase_8_hmr_waterfront_1_bed_olympia_type_d_partial_sea_facing_with_pool_parking_the_tilt_by_sib_hmr_flat_for_sale-54343799-19639-1.html
APARTMENT FOR SALE IN DEFENCE PHASE 2 EXTENSION,PKR 3 Crore,30000000,3,4,200 Sq. Yd,1800.0,16666,Flat,False,26,hot26Share on FacebookShare on TwitterShare on WhatsAppSend via GMailSend via E-Mail,84,Flats_Karachi,for_sale,2026-07-26,https://www.zameen.com/Property/dha_defence_dha_phase_2_extension_apartment_for_sale_in_defence_phase_2_extension-53536337-1672-1.html
FLAT FOR SALE IN DHA PHASE 7,PKR 1.4 Crore,14000000,4,4,133 Sq. Yd,1197.0,11695,Flat,False,14,hot14Share on FacebookShare on TwitterShare on WhatsAppSend via GMailSend via E-Mail,84,Flats_Karachi,for_sale,2026-07-26,https://www.zameen.com/Property/dha_defence_dha_phase_7_flat_for_sale_in_dha_phase_7-52937913-1484-1.html
1100 Square Feet 2 Bedroom Flats Available For Sale In Bahria Town Karachi,PKR 80 Lakh,8000000,80,2,122 Sq. Yd,1098.0,7285,Flat,True,16,16Share on FacebookShare on TwitterShare on WhatsAppSend via GMailSend via E-Mail,81,Flats_Karachi,for_sale,2026-07-26,https://www.zameen.com/Property/karachi_bahria_town_karachi_1100_square_feet_2_bedroom_flats_available_for_sale_in_bahria_town_karachi-54240379-8298-1.html
Stunning Prime Location Flat Is Available For Sale In Scheme 33,PKR 1.25 Crore,12500000,2,2,113 Sq. Yd,1017.0,12291,Flat,False,4,4Share on FacebookShare on TwitterShare on WhatsAppSend via GMailSend via E-Mail,80,Flats_Karachi,for_sale,2026-07-26,https://www.zameen.com/Property/karachi_scheme_33_stunning_prime_location_flat_is_available_for_sale_in_scheme_33-54327796-495-1.html
Ready To Sale A Flat 1016 Square Feet In Meerut Society Karachi,PKR 1.25 Crore,12500000,2,2,113 Sq. Yd,1017.0,12291,Flat,False,5,5Share on FacebookShare on TwitterShare on WhatsAppSend via GMailSend via E-Mail,80,Flats_Karachi,for_sale,2026-07-26,https://www.zameen.com/Property/scheme_33_meerut_society_ready_to_sale_a_flat_1016_square_feet_in_meerut_society_karachi-54327804-9078-1.html
Become Owner Of Your Prime Location Flat Today Which Is Centrally Located In Federal B Area In Federal B Area,PKR 1.9 Crore,19000000,2,2,132 Sq. Yd,1188.0,15993,Flat,False,11,11VerifiedShare on FacebookShare on TwitterShare on WhatsAppSend via GMailSend via E-Mail,89,Flats_Karachi,for_sale,2026-07-26,https://www.zameen.com/Property/karachi_federal_b_area_become_owner_of_your_prime_location_flat_today_which_is_centrally_located_in_federal_b_area_in_federal_b_area-54327797-12-1.html
Prime Location 1701 Square Feet Flat For Sale,PKR 2.65 Crore,26500000,3,3,189 Sq. Yd,1701.0,15579,Flat,True,1,1VerifiedShare on FacebookShare on TwitterShare on WhatsAppSend via GMailSend via E-Mail,88,Flats_Karachi,for_sale,2026-07-26,https://www.zameen.com/Property/karachi_shahrah-e-pakistan_prime_location_1701_square_feet_flat_for_sale-54327798-12728-1.html
Stunning Prime Location Flat Is Available For Sale In Scheme 33,PKR 1.25 Crore,12500000,2,2,113 Sq. Yd,1017.0,12291,Flat,False,4,4VerifiedShare on FacebookShare on TwitterShare on WhatsAppSend via GMailSend via E-Mail,88,Flats_Karachi,for_sale,2026-07-26,https://www.zameen.com/Property/karachi_scheme_33_stunning_prime_location_flat_is_available_for_sale_in_scheme_33-54327808-495-1.html
Brand New Apartment Available On 3 Years Installment Plan In ONE SIGNATURE TOWER,PKR 1.4 Crore,14000000,2,2,126 Sq. Yd,1134.0,12345,Flat,True,8,super hot8Share on FacebookShare on TwitterShare on WhatsAppSend via GMailSend via E-Mail,89,Flats_Karachi,for_sale,2026-07-26,https://www.zameen.com/Property/sindh_industrial_trading_estate_site_pak_colony_brand_new_apartment_available_on_3_years_installment_plan_in_one_signature_tower-54412075-7264-1.html
Brand New 3 Bed Flat For Sale Sector J Malir Cantt Karachi,PKR 4.25 Crore,42500000,4,4,267 Sq. Yd,2403.0,17686,Flat,True,26,super hot26Share on FacebookShare on TwitterShare on WhatsAppSend via GMailSend via E-Mail,90,Flats_Karachi,for_sale,2026-07-26,https://www.zameen.com/Property/askari_5_askari_5_-_sector_j_brand_new_3_bed_flat_for_sale_sector_j_malir_cantt_karachi-52194625-17289-1.html
Original Pictures Tower 21 Fifth Floor compound face,PKR 89.5 Lakh,8950000,2,2,111 Sq. Yd,999.0,8958,Flat,True,7,super hot7Share on FacebookShare on TwitterShare on WhatsAppSend via GMailSend via E-Mail,89,Flats_Karachi,for_sale,2026-07-26,https://www.zameen.com/Property/bahria_town_karachi_bahria_apartments_original_pictures_tower_21_fifth_floor_compound_face-54499731-9030-1.html
4200 Sqft 5 Bedded Super Luxury Apartment With Maid Room For Sale In Karachi's Most Sought After Gated Society Called Navy Housing Scheme Located Right In City Center,PKR 14.5 Crore,145000000,14,6,467 Sq. Yd,4203.0,34499,Flat,True,6,super hot6Share on FacebookShare on TwitterShare on WhatsAppSend via GMailSend via E-Mail,89,Flats_Karachi,for_sale,2026-07-26,https://www.zameen.com/Property/navy_housing_scheme_karsaz_navy_housing_scheme_karsaz_road_4200_sqft_5_bedded_super_luxury_apartment_with_maid_room_for_sale_in_karachi_s_most_sought_after_gated_society_called_navy_housing_scheme_located_right_in_city_center-54520172-9198-1.html
3 Bed A-Type Sea Facing Fresh Flat Pre-Booking The Tilt By SIB Nikken Sekkei HMR Waterfront,PKR 12.1 Crore,121000000,12,4,320 Sq. Yd,2880.0,42013,Flat,True,13,hot13VerifiedShare on FacebookShare on TwitterShare on WhatsAppSend via GMailSend via E-Mail,92,Flats_Karachi,for_sale,2026-07-26,https://www.zameen.com/Property/dha_phase_8_hmr_waterfront_3_bed_a-type_sea_facing_fresh_flat_pre-booking_the_tilt_by_sib_nikken_sekkei_hmr_waterfront-54343800-19639-1.html
Buy A Centrally Located 1935 Square Feet Flat In HMR Waterfront,PKR 8.13 Crore,81300000,2,3,215 Sq. Yd,1935.0,42015,Flat,True,12,hot12Share on FacebookShare on TwitterShare on WhatsAppSend via GMailSend via E-Mail,84,Flats_Karachi,for_sale,2026-07-26,https://www.zameen.com/Property/dha_phase_8_hmr_waterfront_buy_a_centrally_located_1935_square_feet_flat_in_hmr_waterfront-54343803-19639-1.html
Two Bed Apartment Vip Location Paragon Tower Ready To Move Cash / Instalment,PKR 52 Lakh,5200000,52,2,156 Sq. Yd,1404.0,3703,Flat,False,7,hot7Share on FacebookShare on TwitterShare on WhatsAppSend via GMailSend via E-Mail,83,Flats_Karachi,for_sale,2026-07-26,https://www.zameen.com/Property/bahria_town_karachi_bahria_town_-_precinct_17_two_bed_apartment_vip_location_paragon_tower_ready_to_move_cash_instalment-54041998-10028-1.html
Flat Available For Sale Block M,PKR 1.5 Crore,15000000,2,2,122 Sq. Yd,1098.0,13661,Flat,False,7,hot7Share on FacebookShare on TwitterShare on WhatsAppSend via GMailSend via E-Mail,83,Flats_Karachi,for_sale,2026-07-26,https://www.zameen.com/Property/north_nazimabad_north_nazimabad_-_block_m_flat_available_for_sale_block_m-54505087-7221-1.html
Unoccupied Prime Location Flat Of 1345 Square Feet Is Available For Sale In Scheme 33,PKR 1.6 Crore,16000000,3,3,149 Sq. Yd,1341.0,11931,Flat,False,5,5VerifiedShare on FacebookShare on TwitterShare on WhatsAppSend via GMailSend via E-Mail,88,Flats_Karachi,for_sale,2026-07-26,https://www.zameen.com/Property/scheme_33_meerut_society_unoccupied_prime_location_flat_of_1345_square_feet_is_available_for_sale_in_scheme_33-54327809-9078-1.html
Brand New Portion For Sale On Amir Khusro,PKR 3.8 Crore,38000000,3,4,189 Sq. Yd,1701.0,22339,Flat,False,5,5Share on FacebookShare on TwitterShare on WhatsAppSend via GMailSend via E-Mail,80,Flats_Karachi,for_sale,2026-07-26,https://www.zameen.com/Property/karachi_amir_khusro_brand_new_portion_for_sale_on_amir_khusro-51840226-526-1.html
Apartment For Sale On Tipu Sultan,PKR 8.5 Crore,85000000,4,4,333 Sq. Yd,2997.0,28361,Flat,False,5,5Share on FacebookShare on TwitterShare on WhatsAppSend via GMailSend via E-Mail,80,Flats_Karachi,for_sale,2026-07-26,https://www.zameen.com/Property/karachi_tipu_sultan_road_apartment_for_sale_on_tipu_sultan-53072896-415-1.html
4200 Sqft 5 Bedded Super Luxury Apartment With Maid Room For Sale In Karachi's Most Sought After Gated Community Called Navy Housing Scheme Located Near Karsaz,PKR 14 Crore,140000000,14,6,467 Sq. Yd,4203.0,33309,Flat,True,5,super hot5Share on FacebookShare on TwitterShare on WhatsAppSend via GMailSend via E-Mail,89,Flats_Karachi,for_sale,2026-07-26,https://www.zameen.com/Property/navy_housing_scheme_karsaz_navy_housing_scheme_karsaz_road_4200_sqft_5_bedded_super_luxury_apartment_with_maid_room_for_sale_in_karachi_s_most_sought_after_gated_community_called_navy_housing_scheme_located_near_karsaz-54520237-9198-1.html
"5th Floor Cold Apartment Compound Face Near Imtiaz,Masjid & Mart",PKR 89 Lakh,8900000,2,2,106 Sq. Yd,954.0,9329,Flat,True,6,super hot61Share on FacebookShare on TwitterShare on WhatsAppSend via GMailSend via E-Mail,90,Flats_Karachi,for_sale,2026-07-26,https://www.zameen.com/Property/bahria_town_karachi_bahria_apartments_5th_floor_cold_apartment_compound_face_near_imtiaz_masjid_mart-54381903-9030-1.html
HMR Waterfront Gold Crest Bay Sands Tower 2 | 3-Bedroom Type A1 Flat,PKR 10.96 Crore,109600000,10,3,304 Sq. Yd,2736.0,40058,Flat,True,10,hot10VerifiedShare on FacebookShare on TwitterShare on WhatsAppSend via GMailSend via E-Mail,92,Flats_Karachi,for_sale,2026-07-26,https://www.zameen.com/Property/dha_phase_8_hmr_waterfront_hmr_waterfront_gold_crest_bay_sands_tower_2_3-bedroom_type_a1_flat-54343804-19639-1.html
HMR Waterfront Gold Crest Bay Sands Tower 2 | 1-Bedroom Type C,PKR 3.58 Crore,35800000,3,1,100 Sq. Yd,900.0,39777,Flat,True,10,hot10VerifiedShare on FacebookShare on TwitterShare on WhatsAppSend via GMailSend via E-Mail,92,Flats_Karachi,for_sale,2026-07-26,https://www.zameen.com/Property/dha_phase_8_hmr_waterfront_hmr_waterfront_gold_crest_bay_sands_tower_2_1-bedroom_type_c-54343805-19639-1.html
Creek Vista 4 Bedroom In Front Of Ground Moin Khan Facing Full Privacy View Middle Floor,PKR 12.95 Crore,129500000,12,5,418 Sq. Yd,3762.0,34423,Flat,False,14,hot141Share on FacebookShare on TwitterShare on WhatsAppSend via GMailSend via E-Mail,85,Flats_Karachi,for_sale,2026-07-26,https://www.zameen.com/Property/dha_phase_8_creek_vista_creek_vista_4_bedroom_in_front_of_ground_moin_khan_facing_full_privacy_view_middle_floor-50850485-9058-1.html
Luxury & Brand New Flat Available For Sale Block B,PKR 3.5 Crore,35000000,3,3,213 Sq. Yd,1917.0,18257,Flat,False,32,hot32Share on FacebookShare on TwitterShare on WhatsAppSend via GMailSend via E-Mail,84,Flats_Karachi,for_sale,2026-07-26,https://www.zameen.com/Property/north_nazimabad_north_nazimabad_-_block_b_luxury_brand_new_flat_available_for_sale_block_b-53444402-7210-1.html
Your Search Ends Right Here With The Beautiful Flat In Gulistan-e-Jauhar - Block 3-A At Affordable Price Of Pkr Rs. 27500000,PKR 2.75 Crore,27500000,3,3,178 Sq. Yd,1602.0,17166,Flat,False,9,hot9Share on FacebookShare on TwitterShare on WhatsAppSend via GMailSend via E-Mail,83,Flats_Karachi,for_sale,2026-07-26,https://www.zameen.com/Property/gulistan_e_jauhar_gulistan-e-jauhar_-_block_3-a_your_search_ends_right_here_with_the_beautiful_flat_in_gulistan-e-jauhar_-_block_3-a_at_affordable_price_of_pkr_rs_27500000-52025497-6827-1.html
Flat For Sale In Saim Square One,PKR 3.65 Crore,36500000,3,4,211 Sq. Yd,1899.0,19220,Flat,False,10,hot10Share on FacebookShare on TwitterShare on WhatsAppSend via GMailSend via E-Mail,84,Flats_Karachi,for_sale,2026-07-26,https://www.zameen.com/Property/gulshan_e_iqbal_gulshan-e-iqbal_-_block_10-a_flat_for_sale_in_saim_square_one-51931932-8894-1.html
Brand New Portion For Sale In Dhoraji,PKR 3.5 Crore,35000000,3,3,167 Sq. Yd,1503.0,23286,Flat,False,8,8Share on FacebookShare on TwitterShare on WhatsAppSend via GMailSend via E-Mail,80,Flats_Karachi,for_sale,2026-07-26,https://www.zameen.com/Property/gulshan_e_iqbal_town_dhoraji_colony_brand_new_portion_for_sale_in_dhoraji-54521988-217-1.html
Buy A Corner Flat Of 1500 Square Feet In Al-Jadeed Residency.,PKR 1.45 Crore,14500000,4,4,167 Sq. Yd,1503.0,9647,Flat,False,23,231Share on FacebookShare on TwitterShare on WhatsAppSend via GMailSend via E-Mail,82,Flats_Karachi,for_sale,2026-07-26,https://www.zameen.com/Property/gadap_town_al-jadeed_residency_buy_a_corner_flat_of_1500_square_feet_in_al-jadeed_residency-53422380-11358-1.html
"Premium 4-Bed Family Apartment in Askari 6, Malir Cantt Direct Deal with Owner",PKR 3.75 Crore,37500000,3,5,333 Sq. Yd,2997.0,12512,Flat,True,16,16Share on FacebookShare on TwitterShare on WhatsAppSend via GMailSend via E-Mail,81,Flats_Karachi,for_sale,2026-07-26,https://www.zameen.com/Property/malir_cantonment_askari_6_premium_4-bed_family_apartment_in_askari_6_malir_cantt_direct_deal_with_owner-53767325-21109-1.html
Get In Touch Now To Buy A Prime Location Flat In Naya Nazimabad Naya Nazimabad,PKR 1.7 Crore,17000000,2,2,139 Sq. Yd,1251.0,13589,Flat,True,16,super hot161VerifiedShare on FacebookShare on TwitterShare on WhatsAppSend via GMailSend via E-Mail,99,Flats_Karachi,for_sale,2026-07-26,https://www.zameen.com/Property/karachi_naya_nazimabad_get_in_touch_now_to_buy_a_prime_location_flat_in_naya_nazimabad_naya_nazimabad-54508476-10079-1.html
Prime Location Flat Of 1250 Square Feet Available In Naya Nazimabad,PKR 1.85 Crore,18500000,2,2,139 Sq. Yd,1251.0,14788,Flat,True,13,super hot131VerifiedShare on FacebookShare on TwitterShare on WhatsAppSend via GMailSend via E-Mail,99,Flats_Karachi,for_sale,2026-07-26,https://www.zameen.com/Property/karachi_naya_nazimabad_prime_location_flat_of_1250_square_feet_available_in_naya_nazimabad-54508475-10079-1.html
2000 Square Feet Spacious 3 Bedroom Apartment With Maid Room For Sale Prime Location DHA Phase 6 Bukhari Commercial,PKR 5.5 Crore,55000000,5,4,222 Sq. Yd,1998.0,27527,Flat,True,24,super hot24Share on FacebookShare on TwitterShare on WhatsAppSend via GMailSend via E-Mail,90,Flats_Karachi,for_sale,2026-07-26,https://www.zameen.com/Property/dha_defence_dha_phase_6_2000_square_feet_spacious_3_bedroom_apartment_with_maid_room_for_sale_prime_location_dha_phase_6_bukhari_commercial-54399703-1483-1.html
Tower 21 5th Floor Compound Face Flat For Sale,PKR 90 Lakh,9000000,2,2,106 Sq. Yd,954.0,9433,Flat,True,7,super hot7Share on FacebookShare on TwitterShare on WhatsAppSend via GMailSend via E-Mail,89,Flats_Karachi,for_sale,2026-07-26,https://www.zameen.com/Property/bahria_town_karachi_bahria_apartments_tower_21_5th_floor_compound_face_flat_for_sale-54357949-9030-1.html
Metropolis Residency 3 Bed DD Flat Available For Sale Bank Loan Applicable,PKR 2.89 Crore,28900000,2,4,222 Sq. Yd,1998.0,14464,Flat,True,11,super hot11Share on FacebookShare on TwitterShare on WhatsAppSend via GMailSend via E-Mail,90,Flats_Karachi,for_sale,2026-07-26,https://www.zameen.com/Property/jinnah_avenue_metropolis_residency_metropolis_residency_3_bed_dd_flat_available_for_sale_bank_loan_applicable-47463834-11073-1.html
Brand New 3-Bed Apartment For Sale DHA Phase 8 Karachi,PKR 4.4 Crore,44000000,4,3,194 Sq. Yd,1746.0,25200,Flat,True,12,hot12VerifiedShare on FacebookShare on TwitterShare on WhatsAppSend via GMailSend via E-Mail,92,Flats_Karachi,for_sale,2026-07-26,https://www.zameen.com/Property/dha_phase_8_al-murtaza_commercial_area_brand_new_3-bed_apartment_for_sale_dha_phase_8_karachi-54343814-10370-1.html
Flat For Sale,PKR 2.25 Crore,22500000,3,3,206 Sq. Yd,1854.0,12135,Flat,False,6,hot6Share on FacebookShare on TwitterShare on WhatsAppSend via GMailSend via E-Mail,83,Flats_Karachi,for_sale,2026-07-26,https://www.zameen.com/Property/gulistan_e_jauhar_gulistan-e-jauhar_-_block_3-a_flat_for_sale-50807169-6827-1.html
Dascon Tower 1 Two Bed Dd Flat,PKR 90 Lakh,9000000,90,2,156 Sq. Yd,1404.0,6410,Flat,False,5,5Share on FacebookShare on TwitterShare on WhatsAppSend via GMailSend via E-Mail,80,Flats_Karachi,for_sale,2026-07-26,https://www.zameen.com/Property/bahria_hills_dascon_tower_dascon_tower_1_two_bed_dd_flat-54436064-22084-1.html
1 Bedroom Luxury Apartment Corner for Sale,PKR 75 Lakh,7500000,75,1,3.8 Marla,855.0,8771,Flat,True,13,super hot131VerifiedShare on FacebookShare on TwitterShare on WhatsAppSend via GMailSend via E-Mail,99,Flats_Rawalpindi,for_sale,2026-07-26,https://www.zameen.com/Property/bahria_town_phase_8_bahria_business_district_1_bedroom_luxury_apartment_corner_for_sale-54435157-9033-1.html
3 Bedroom Apartment Available In Askari 14,PKR 3.5 Crore,35000000,3,5,11.6 Marla,2610.0,13409,Flat,True,16,super hot16Share on FacebookShare on TwitterShare on WhatsAppSend via GMailSend via E-Mail,90,Flats_Rawalpindi,for_sale,2026-07-26,https://www.zameen.com/Property/rawalpindi_askari_14_3_bedroom_apartment_available_in_askari_14-38269120-1504-1.html
"Investor Price One Bed Flat, Monthly Income 60,000",PKR 75 Lakh,7500000,75,1,2.9 Marla,652.5,11494,Flat,True,15,hot15Share on FacebookShare on TwitterShare on WhatsAppSend via GMailSend via E-Mail,84,Flats_Rawalpindi,for_sale,2026-07-26,https://www.zameen.com/Property/bahria_business_district_onyx_tower_investor_price_one_bed_flat_monthly_income_60_000-54422038-21900-1.html
Fully Furnised Top Class Apartment for Sale,PKR 1.3 Crore,13000000,1,2,3.6 Marla,810.0,16049,Flat,False,8,hot8Share on FacebookShare on TwitterShare on WhatsAppSend via GMailSend via E-Mail,83,Flats_Rawalpindi,for_sale,2026-07-26,https://www.zameen.com/Property/bahria_town_rawalpindi_bahria_heights_1_fully_furnised_top_class_apartment_for_sale-54483128-12199-1.html
Awami Villa 3 2nd Floor Extra Wood Work Done Grill Cabinets Installed Available For Sale At Bahria Town Phase 8 Rawalpindi Islamabad,PKR 45 Lakh,4500000,2,1,3.5 Marla,787.5,5714,Flat,False,11,hot11Share on FacebookShare on TwitterShare on WhatsAppSend via GMailSend via E-Mail,84,Flats_Rawalpindi,for_sale,2026-07-26,https://www.zameen.com/Property/bahria_town_phase_8_bahria_town_phase_8_-_awami_villas_3_awami_villa_3_2nd_floor_extra_wood_work_done_grill_cabinets_installed_available_for_sale_at_bahria_town_phase_8_rawalpindi_islamabad-51857626-8224-1.html
"Awami Villa 5, 2nd Floor Ultra Designer With Extra Wood Work Done Kitchen And Bathroom Accessories Change With All PVC Pilling Available For Sale At Bahria Town Rawalpindi Islamabad",PKR 60 Lakh,6000000,2,60,3.5 Marla,787.5,7619,Flat,False,12,hot121VerifiedShare on FacebookShare on TwitterShare on WhatsAppSend via GMailSend via E-Mail,93,Flats_Rawalpindi,for_sale,2026-07-26,https://www.zameen.com/Property/bahria_town_phase_8_bahria_town_phase_8_-_awami_villas_5_awami_villa_5_2nd_floor_ultra_designer_with_extra_wood_work_done_kitchen_and_bathroom_accessories_change_with_all_pvc_pilling_available_for_sale_at_bahria_town_rawalpindi_islamabad-53872581-8330-1.html
Furnished Apartment For Sale,PKR 68 Lakh,6800000,1,1,2.3 Marla,517.5,13140,Flat,False,5,hot5Share on FacebookShare on TwitterShare on WhatsAppSend via GMailSend via E-Mail,83,Flats_Rawalpindi,for_sale,2026-07-26,https://www.zameen.com/Property/bahria_town_phase_4_bahria_town_-_civic_centre_furnished_apartment_for_sale-53043847-8974-1.html
20 Kanals Farm House Near DHA Islamabad,PKR 2 Crore,20000000,4,3,20 Kanal,90000.0,222,Flat,True,,super hotShare on FacebookShare on TwitterShare on WhatsAppSend via GMailSend via E-Mail,88,Flats_Rawalpindi,for_sale,2026-07-26,https://www.zameen.com/Property/rawalpindi_chakbeli_road_20_kanals_farm_house_near_dha_islamabad-54129737-9598-1.html
Fully Furnished 2 Bed Apartment With High Rental Income,PKR 2.25 Crore,22500000,2,2,6.4 Marla,1440.0,15625,Flat,True,13,13Share on FacebookShare on TwitterShare on WhatsAppSend via GMailSend via E-Mail,81,Flats_Rawalpindi,for_sale,2026-07-26,https://www.zameen.com/Property/bahria_town_phase_8_bahria_business_district_fully_furnished_2_bed_apartment_with_high_rental_income-54421942-9033-1.html
Awami Villa 5 Corner Ground Floor With Huge Lawn Walking Distance to Commercial and Park Available For Sale,PKR 75 Lakh,7500000,2,1,3.5 Marla,787.5,9523,Flat,False,18,181VerifiedShare on FacebookShare on TwitterShare on WhatsAppSend via GMailSend via E-Mail,90,Flats_Rawalpindi,for_sale,2026-07-26,https://www.zameen.com/Property/bahria_town_phase_8_bahria_town_phase_8_-_awami_villas_5_awami_villa_5_corner_ground_floor_with_huge_lawn_walking_distance_to_commercial_and_park_available_for_sale-53872455-8330-1.html
Ideally Located One Bed Apartment,PKR 1.43 Crore,14300000,1,1,2.4 Marla,540.0,26481,Flat,False,36,36Share on FacebookShare on TwitterShare on WhatsAppSend via GMailSend via E-Mail,81,Flats_Rawalpindi,for_sale,2026-07-26,https://www.zameen.com/Property/bahria_town_phase_8_mgc_jewel_ideally_located_one_bed_apartment-54351043-18833-1.html
Bahria Town Phase 8.2 Bed Apartment For Sale,PKR 70 Lakh,7000000,70,2,3.6 Marla,810.0,8641,Flat,False,6,6Share on FacebookShare on TwitterShare on WhatsAppSend via GMailSend via E-Mail,80,Flats_Rawalpindi,for_sale,2026-07-26,https://www.zameen.com/Property/bahria_town_phase_8_bahria_town_phase_8_-_block_a_bahria_town_phase_8_2_bed_apartment_for_sale-54428633-3049-1.html
Ground Floor 3 Bedroom Apartment In Askari 14 Rawalpindi,PKR 3.85 Crore,38500000,3,3,11.1 Marla,2497.5,15415,Flat,False,15,hot151Share on FacebookShare on TwitterShare on WhatsAppSend via GMailSend via E-Mail,85,Flats_Rawalpindi,for_sale,2026-07-26,https://www.zameen.com/Property/rawalpindi_askari_14_ground_floor_3_bedroom_apartment_in_askari_14_rawalpindi-46124783-1504-1.html
,PKR 2.36 Crore,23600000,,,2.2 Marla,495.00000000000006,47676,Flat,True,19,super hot19Share on FacebookShare on TwitterShare on WhatsAppSend via GMailSend via E-Mail,90,Flats_Rawalpindi,for_sale,2026-07-26,https://www.zameen.com/new-projects/mall_35-1714.html
5 Marla Flat With Structure Ready Available For Sale On 2 Year Installments In Overseas East Block Capital Smart City,PKR 85.9 Lakh,8590000,3,1,5 Marla,1125.0,7635,Flat,True,12,super hot12Share on FacebookShare on TwitterShare on WhatsAppSend via GMailSend via E-Mail,90,Flats_Rawalpindi,for_sale,2026-07-26,https://www.zameen.com/Property/capital_smart_city_capital_smart_city_overseas_5_marla_flat_with_structure_ready_available_for_sale_on_2_year_installments_in_overseas_east_block_capital_smart_city-54466554-16249-1.html
One Bedroom Apartment Available For Sale,PKR 55 Lakh,5500000,55,1,1.9 Marla,427.5,12865,Flat,False,7,hot7Share on FacebookShare on TwitterShare on WhatsAppSend via GMailSend via E-Mail,83,Flats_Rawalpindi,for_sale,2026-07-26,https://www.zameen.com/Property/bahria_town_phase_4_bahria_town_-_civic_centre_one_bedroom_apartment_available_for_sale-52255692-8974-1.html
5 Marla Luxury Villa | The Villas | Capital Smart City | 2 Years Easy Installments,PKR 85.9 Lakh,8590000,2,2,5 Marla,1125.0,7635,Flat,True,9,super hot9Share on FacebookShare on TwitterShare on WhatsAppSend via GMailSend via E-Mail,89,Flats_Rawalpindi,for_sale,2026-07-26,https://www.zameen.com/Property/rawalpindi_capital_smart_city_5_marla_luxury_villa_the_villas_capital_smart_city_2_years_easy_installments-54439819-11891-1.html
Farmhouse For Sale In Naturals Club & Resort,PKR 7.2 Crore,72000000,,,4 Kanal,18000.0,4000,Flat,True,25,25VerifiedShare on FacebookShare on TwitterShare on WhatsAppSend via GMailSend via E-Mail,89,Flats_Faisalabad,for_sale,2026-07-26,https://www.zameen.com/Property/faisalabad_naturals_club_resort_farmhouse_for_sale_in_naturals_club_resort-54470157-21754-1.html
Beautiful Environment Farms House Available For Sale,PKR 7.2 Crore,72000000,4,6,4 Kanal,18000.0,4000,Flat,False,5,5VerifiedShare on FacebookShare on TwitterShare on WhatsAppSend via GMailSend via E-Mail,88,Flats_Faisalabad,for_sale,2026-07-26,https://www.zameen.com/Property/faisalabad_canal_expressway_beautiful_environment_farms_house_available_for_sale-54436038-12108-1.html
Luxury Farmhouse For Sale,PKR 12.5 Crore,125000000,3,2,8.8 Kanal,39600.0,3156,Flat,True,8,super hot8Share on FacebookShare on TwitterShare on WhatsAppSend via GMailSend via E-Mail,89,Flats_Faisalabad,for_sale,2026-07-26,https://www.zameen.com/Property/faisalabad_sargodha_road_luxury_farmhouse_for_sale-54414703-768-1.html
3 Marla Fully Furnished Apartment For Sale,PKR 1.3 Crore,13000000,2,2,3 Marla,675.0,19259,Flat,True,21,hot21Share on FacebookShare on TwitterShare on WhatsAppSend via GMailSend via E-Mail,84,Flats_Faisalabad,for_sale,2026-07-26,https://www.zameen.com/Property/lower_canal_road_green_orchard_apartments_3_marla_fully_furnished_apartment_for_sale-54296126-19726-1.html
Fully Furnished Apartment Available For Sale At Lower Canal Road On Easy Installment,PKR 94 Lakh,9400000,2,2,3.5 Marla,787.5,11936,Flat,False,6,6VerifiedShare on FacebookShare on TwitterShare on WhatsAppSend via GMailSend via E-Mail,88,Flats_Faisalabad,for_sale,2026-07-26,https://www.zameen.com/Property/green_orchard_green_orchard_-_block_b_fully_furnished_apartment_available_for_sale_at_lower_canal_road_on_easy_installment-54498565-19743-1.html
Premium Flat For Sale Kohinoor One Plaza Jaranwala Road Faisalabad,PKR 35 Lakh,3500000,1,1,1.4 Marla,315.0,11111,Flat,True,,hotShare on FacebookShare on TwitterShare on WhatsAppSend via GMailSend via E-Mail,82,Flats_Faisalabad,for_sale,2026-07-26,https://www.zameen.com/Property/jaranwala_road_kohinoor_one_premium_flat_for_sale_kohinoor_one_plaza_jaranwala_road_faisalabad-54482930-12286-1.html
Apartment 504 Sqft Layelpur Galleria,PKR 1.5 Crore,15000000,2,2,2.2 Marla,495.00000000000006,30303,Flat,True,,hotShare on FacebookShare on TwitterShare on WhatsAppSend via GMailSend via E-Mail,82,Flats_Faisalabad,for_sale,2026-07-26,https://www.zameen.com/Property/east_canal_road_lyallpur_galleria_apartment_504_sqft_layelpur_galleria-54428649-10499-1.html
Fully Furnished Apartment Available For Sale At Kohinoor city,PKR 35 Lakh,3500000,1,1,1.4 Marla,315.0,11111,Flat,True,8,hot8Share on FacebookShare on TwitterShare on WhatsAppSend via GMailSend via E-Mail,83,Flats_Faisalabad,for_sale,2026-07-26,https://www.zameen.com/Property/faisalabad_kohinoor_city_fully_furnished_apartment_available_for_sale_at_kohinoor_city-53097276-1360-1.html
Apartment For Sale Madina Town Near Susan Road FDA Flat,PKR 45 Lakh,4500000,2,1,2 Marla,450.0,10000,Flat,False,16,hot16Share on FacebookShare on TwitterShare on WhatsAppSend via GMailSend via E-Mail,84,Flats_Faisalabad,for_sale,2026-07-26,https://www.zameen.com/Property/faisalabad_madina_town_apartment_for_sale_madina_town_near_susan_road_fda_flat-54489741-533-1.html
"1 Kanal Classical House For Sale Royal Orchard, Multan",PKR 6.8 Crore,68000000,5,6,1 Kanal,4500.0,15111,Flat,False,28,hot28Share on FacebookShare on TwitterShare on WhatsAppSend via GMailSend via E-Mail,84,Flats_Multan,for_sale,2026-07-26,https://www.zameen.com/Property/multan_public_school_road_royal_orchard_1_kanal_classical_house_for_sale_royal_orchard_multan-53962439-9492-1.html
"1 Kanal Luxury Park Facing House for Sale Wapda Town Phase 2, Multan",PKR 7.7 Crore,77000000,6,7,1 Kanal,4500.0,17111,Flat,False,25,25Share on FacebookShare on TwitterShare on WhatsAppSend via GMailSend via E-Mail,81,Flats_Multan,for_sale,2026-07-26,https://www.zameen.com/Property/wapda_town_wapda_town_phase_2_1_kanal_luxury_park_facing_house_for_sale_wapda_town_phase_2_multan-53986596-5825-1.html
"10 Marla Luxury House For Sale Royal Orchard, Multan",PKR 4 Crore,40000000,5,6,10 Marla,2250.0,17777,Flat,False,26,26Share on FacebookShare on TwitterShare on WhatsAppSend via GMailSend via E-Mail,81,Flats_Multan,for_sale,2026-07-26,https://www.zameen.com/Property/multan_public_school_road_royal_orchard_10_marla_luxury_house_for_sale_royal_orchard_multan-54296919-9492-1.html
"5 Marla Luxury House For Sale Royal Orchard, Multan",PKR 2 Crore,20000000,3,4,5 Marla,1125.0,17777,Flat,False,17,17Share on FacebookShare on TwitterShare on WhatsAppSend via GMailSend via E-Mail,81,Flats_Multan,for_sale,2026-07-26,https://www.zameen.com/Property/multan_public_school_road_royal_orchard_5_marla_luxury_house_for_sale_royal_orchard_multan-54269377-9492-1.html
"5 Marla Luxury House For Sale Royal Orchard, Multan",PKR 2 Crore,20000000,3,4,5 Marla,1125.0,17777,Flat,False,18,18Share on FacebookShare on TwitterShare on WhatsAppSend via GMailSend via E-Mail,81,Flats_Multan,for_sale,2026-07-26,https://www.zameen.com/Property/multan_public_school_road_royal_orchard_5_marla_luxury_house_for_sale_royal_orchard_multan-54457449-9492-1.html
,PKR 97.2 Lakh,9720000,1,1,2.4 Marla,540.0,18000,Flat,True,13,super hot13Share on FacebookShare on TwitterShare on WhatsAppSend via GMailSend via E-Mail,90,Flats_Multan,for_sale,2026-07-26,https://www.zameen.com/new-projects/downtown_rumanza-2121.html
,PKR 26.22 Lakh,2622000,1,1,1 Marla,225.0,11653,Flat,True,5,super hot5Share on FacebookShare on TwitterShare on WhatsAppSend via GMailSend via E-Mail,89,Flats_Multan,for_sale,2026-07-26,https://www.zameen.com/new-projects/al_madev_complex_ii-6621.html
,PKR 1.01 Crore,10100000,,1,1.9 Marla,427.5,23625,Flat,True,1,super hot1Share on FacebookShare on TwitterShare on WhatsAppSend via GMailSend via E-Mail,89,Flats_Multan,for_sale,2026-07-26,https://www.zameen.com/new-projects/golf_view_rumanza-2132.html
A Beautiful Fully Furnished Farmhouse For Sale In Buch Villas,PKR 33 Crore,330000000,10,6,8 Kanal,36000.0,9166,Flat,True,31,super hot31Share on FacebookShare on TwitterShare on WhatsAppSend via GMailSend via E-Mail,90,Flats_Multan,for_sale,2026-07-26,https://www.zameen.com/Property/multan_buch_executive_villas_a_beautiful_fully_furnished_farmhouse_for_sale_in_buch_villas-54138488-8627-1.html
,PKR 70.11 Lakh,7011000,1,1,2 Marla,450.0,15580,Flat,True,20,super hot20Share on FacebookShare on TwitterShare on WhatsAppSend via GMailSend via E-Mail,90,Flats_Multan,for_sale,2026-07-26,https://www.zameen.com/new-projects/boulevard_heights-2310.html
,PKR 42.99 Lakh,4299000,,1,1.4 Marla,315.0,13647,Flat,True,4,super hot4Share on FacebookShare on TwitterShare on WhatsAppSend via GMailSend via E-Mail,89,Flats_Multan,for_sale,2026-07-26,https://www.zameen.com/new-projects/vintage_commercials_dha_multan-6597.html
Prime Location 1100 Square Feet Flat In Buch Villas Phase 2 - Afzal Block Is Best Option,PKR 1.84 Crore,18400000,2,2,4.9 Marla,1102.5,16689,Flat,False,26,hot26VerifiedShare on FacebookShare on TwitterShare on WhatsAppSend via GMailSend via E-Mail,92,Flats_Multan,for_sale,2026-07-26,https://www.zameen.com/Property/buch_executive_villas_phase_2_buch_villas_phase_2_-_afzal_block_prime_location_1100_square_feet_flat_in_buch_villas_phase_2_-_afzal_block_is_best_option-54416072-22190-1.html
First Floor Appartments For Sale In Al-Falah Modern City Multan,PKR 85 Lakh,8500000,3,2,6.7 Marla,1507.5,5638,Flat,True,5,super hot5VerifiedShare on FacebookShare on TwitterShare on WhatsAppSend via GMailSend via E-Mail,97,Flats_Multan,for_sale,2026-07-26,https://www.zameen.com/Property/multan_al_falah_modern_city_first_floor_appartments_for_sale_in_al-falah_modern_city_multan-54471711-8615-1.html
Aesthetic Flat Of 486 Square Feet For Sale Is Available,PKR 1.26 Crore,12600000,1,1,2.2 Marla,495.00000000000006,25454,Flat,False,11,hot11VerifiedShare on FacebookShare on TwitterShare on WhatsAppSend via GMailSend via E-Mail,92,Flats_Multan,for_sale,2026-07-26,https://www.zameen.com/Property/gulgasht_colony_de_orion_mall_aesthetic_flat_of_486_square_feet_for_sale_is_available-54332008-19944-1.html
Prime Location 92 Marla Farm House Is Available For Sale,PKR 1.9 Crore,19000000,1,1,4.6 Kanal,20700.0,917,Flat,True,8,hot8Share on FacebookShare on TwitterShare on WhatsAppSend via GMailSend via E-Mail,83,Flats_Multan,for_sale,2026-07-26,https://www.zameen.com/Property/multan_southern_bypass_prime_location_92_marla_farm_house_is_available_for_sale-54397912-8725-1.html
Unoccupied Prime Location Flat Of 1100 Square Feet Is Available For Sale In Buch Executive Villas,PKR 1.7 Crore,17000000,2,2,4.9 Marla,1102.5,15419,Flat,False,27,hot27VerifiedShare on FacebookShare on TwitterShare on WhatsAppSend via GMailSend via E-Mail,92,Flats_Multan,for_sale,2026-07-26,https://www.zameen.com/Property/buch_executive_villas_phase_2_buch_villas_phase_2_-_afzal_block_unoccupied_prime_location_flat_of_1100_square_feet_is_available_for_sale_in_buch_executive_villas-54416024-22190-1.html
10 Marla fully finished apartment available for sale,PKR 1.5 Crore,15000000,4,3,9.3 Marla,2092.5,7168,Flat,True,16,super hot16Share on FacebookShare on TwitterShare on WhatsAppSend via GMailSend via E-Mail,90,Flats_Peshawar,for_sale,2026-07-26,https://www.zameen.com/Property/peshawar_warsak_road_10_marla_fully_finished_apartment_available_for_sale-54510300-1000-1.html
"Premium 4-Bed Family Apartment In Askari 6 Phase 3, Nasir Bagh Road Direct Deal With Owner",PKR 2.82 Crore,28200000,2,5,13.1 Marla,2947.5,9567,Flat,True,19,19Share on FacebookShare on TwitterShare on WhatsAppSend via GMailSend via E-Mail,81,Flats_Peshawar,for_sale,2026-07-26,https://www.zameen.com/Property/peshawar_askari_6_premium_4-bed_family_apartment_in_askari_6_phase_3_nasir_bagh_road_direct_deal_with_owner-53771688-9275-1.html
Very Beautiful And Secure Location Opposite Marbella Wedding Hall,PKR 1.45 Crore,14500000,3,3,9.8 Marla,2205.0,6575,Flat,False,11,11Share on FacebookShare on TwitterShare on WhatsAppSend via GMailSend via E-Mail,81,Flats_Peshawar,for_sale,2026-07-26,https://www.zameen.com/Property/canal_road_park_view_mall_apartments_very_beautiful_and_secure_location_opposite_marbella_wedding_hall-54393923-14355-1.html
Beautiful 2 Bed Apartment Available For Sale At Saif Glorious Mall Peshawar,PKR 1.64 Crore,16399999,1,2,5.2 Marla,1170.0,14017,Flat,False,14,hot14Share on FacebookShare on TwitterShare on WhatsAppSend via GMailSend via E-Mail,84,Flats_Peshawar,for_sale,2026-07-26,https://www.zameen.com/Property/peshawar_university_road_beautiful_2_bed_apartment_available_for_sale_at_saif_glorious_mall_peshawar-54487622-397-1.html
2 Bed Flat Available For Sale,PKR 90 Lakh,9000000,90,2,4.8 Marla,1080.0,8333,Flat,False,5,hot5Share on FacebookShare on TwitterShare on WhatsAppSend via GMailSend via E-Mail,83,Flats_Peshawar,for_sale,2026-07-26,https://www.zameen.com/Property/peshawar_tajabad_2_bed_flat_available_for_sale-54498219-7671-1.html
Brand New Apartment For Sale,PKR 3 Crore,30000000,3,4,11.6 Marla,2610.0,11494,Flat,False,7,hot7Share on FacebookShare on TwitterShare on WhatsAppSend via GMailSend via E-Mail,83,Flats_Peshawar,for_sale,2026-07-26,https://www.zameen.com/Property/peshawar_askari_6_brand_new_apartment_for_sale-46217880-9275-1.html
3 Bed Brand New Apartment For Sale,PKR 3.4 Crore,34000000,3,4,9 Marla,2025.0,16790,Flat,False,42,hot42Share on FacebookShare on TwitterShare on WhatsAppSend via GMailSend via E-Mail,84,Flats_Peshawar,for_sale,2026-07-26,https://www.zameen.com/Property/peshawar_askari_6_3_bed_brand_new_apartment_for_sale-50227998-9275-1.html
4 Bed Brand New Apartment For Sale,PKR 3.05 Crore,30500000,3,6,13 Marla,2925.0,10427,Flat,False,26,hot26Share on FacebookShare on TwitterShare on WhatsAppSend via GMailSend via E-Mail,84,Flats_Peshawar,for_sale,2026-07-26,https://www.zameen.com/Property/peshawar_askari_6_4_bed_brand_new_apartment_for_sale-52091809-9275-1.html
Brand New Flat For Sale,PKR 3.15 Crore,31500000,3,5,12.4 Marla,2790.0,11290,Flat,False,21,hot21Share on FacebookShare on TwitterShare on WhatsAppSend via GMailSend via E-Mail,84,Flats_Peshawar,for_sale,2026-07-26,https://www.zameen.com/Property/peshawar_askari_6_brand_new_flat_for_sale-52633026-9275-1.html
4+1 Furnished Flat Available For Sale   Askari 6_Phase 2   Ground floor,PKR 3.89 Crore,38900000,4,4,14 Marla,3150.0,12349,Flat,False,5,5Share on FacebookShare on TwitterShare on WhatsAppSend via GMailSend via E-Mail,80,Flats_Peshawar,for_sale,2026-07-26,https://www.zameen.com/Property/peshawar_askari_6_4_1_furnished_flat_available_for_sale_askari_6_phase_2_ground_floor-54035956-9275-1.html
Two Bed Apartment Awan Tower main University Road Peshawar,PKR 1.1 Crore,11000000,1,2,4.9 Marla,1102.5,9977,Flat,False,4,hot4Share on FacebookShare on TwitterShare on WhatsAppSend via GMailSend via E-Mail,83,Flats_Peshawar,for_sale,2026-07-26,https://www.zameen.com/Property/peshawar_university_town_two_bed_apartment_awan_tower_main_university_road_peshawar-54462409-1437-1.html
"Brand New 4-Bed Flat in Askari 6 Phase 3, Nasir Bagh Road, Direct Deal with Owner",PKR 2.85 Crore,28500000,2,6,13.3 Marla,2992.5,9523,Flat,False,19,19Share on FacebookShare on TwitterShare on WhatsAppSend via GMailSend via E-Mail,81,Flats_Peshawar,for_sale,2026-07-26,https://www.zameen.com/Property/peshawar_askari_6_brand_new_4-bed_flat_in_askari_6_phase_3_nasir_bagh_road_direct_deal_with_owner-53808219-9275-1.html
Flat Sized 1621 Square Feet In Warsak Road,PKR 1.5 Crore,15000000,2,2,7.2 Marla,1620.0,9259,Flat,False,,Share on FacebookShare on TwitterShare on WhatsAppSend via GMailSend via E-Mail,79,Flats_Peshawar,for_sale,2026-07-26,https://www.zameen.com/Property/peshawar_warsak_road_flat_sized_1621_square_feet_in_warsak_road-54495116-1000-1.html
Elegant 4 Beds Apartment For Sale Bara Lane Swati Gate Peshawar,PKR 1.9 Crore,19000000,1,4,9 Marla,2025.0,9382,Flat,False,12,12Share on FacebookShare on TwitterShare on WhatsAppSend via GMailSend via E-Mail,81,Flats_Peshawar,for_sale,2026-07-26,https://www.zameen.com/Property/peshawar_swati_gate_elegant_4_beds_apartment_for_sale_bara_lane_swati_gate_peshawar-50920207-999-1.html
"New Apartment (Ground, NOC Approved)",PKR 3.2 Crore,32000000,3,4,11.6 Marla,2610.0,12260,Flat,False,10,10Share on FacebookShare on TwitterShare on WhatsAppSend via GMailSend via E-Mail,81,Flats_Peshawar,for_sale,2026-07-26,https://www.zameen.com/Property/peshawar_askari_6_new_apartment_ground_noc_approved-47105003-9275-1.html
Residential Flat For Sale In Oasis Heights DHA Quetta | Flat 5th-4,PKR 57.12 Lakh,5712000,1,1,2.1 Marla,472.5,12088,Flat,False,5,5Share on FacebookShare on TwitterShare on WhatsAppSend via GMailSend via E-Mail,80,Flats_Quetta,for_sale,2026-07-26,https://www.zameen.com/Property/dha_defence_dha_defence_-_sector_a3_residential_flat_for_sale_in_oasis_heights_dha_quetta_flat_5th-4-54366094-20075-1.html
Residential Flat For Sale In Oasis Heights DHA Quetta | Flat 4th-4,PKR 66.64 Lakh,6664000,1,1,2.1 Marla,472.5,14103,Flat,False,5,5Share on FacebookShare on TwitterShare on WhatsAppSend via GMailSend via E-Mail,80,Flats_Quetta,for_sale,2026-07-26,https://www.zameen.com/Property/dha_defence_dha_defence_-_sector_a3_residential_flat_for_sale_in_oasis_heights_dha_quetta_flat_4th-4-54365946-20075-1.html
Residential Flat For Sale In Oasis Heights DHA Quetta | Flat T4,PKR 76.16 Lakh,7616000,1,1,2.1 Marla,472.5,16118,Flat,False,5,5Share on FacebookShare on TwitterShare on WhatsAppSend via GMailSend via E-Mail,80,Flats_Quetta,for_sale,2026-07-26,https://www.zameen.com/Property/dha_defence_dha_defence_-_sector_a3_residential_flat_for_sale_in_oasis_heights_dha_quetta_flat_t4-54241978-20075-1.html
Residential Flat For Sale In Oasis Heights DHA Quetta | Flat S4,PKR 78.84 Lakh,7884000,1,1,1.9 Marla,427.5,18442,Flat,False,5,5Share on FacebookShare on TwitterShare on WhatsAppSend via GMailSend via E-Mail,80,Flats_Quetta,for_sale,2026-07-26,https://www.zameen.com/Property/dha_defence_dha_defence_-_sector_a3_residential_flat_for_sale_in_oasis_heights_dha_quetta_flat_s4-54241934-20075-1.html
