title,price,price_numeric,beds,baths,area,area_sqft,price_per_sqft,property_type,featured,photo_count,description,description_length,city,scraped_date,url
New 3 Marla House Demand 50 lack Electricity Water 20 Feet Strteet Registery Intiqal,PKR 48 Lakh,4800000,2,2,3 Marla,675.0,7111,House,False,19,"PKR48 LakhThanda Pani, Islamabad223 MarlaAdded: 22 hours agoSMSCall",67,Houses_Islamabad,2026-07-29,https://www.zameen.com/Property/islamabad_thanda_pani_new_3_marla_house_demand_50_lack_electricity_water_20_feet_strteet_registery_intiqal-54369976-8538-1.html
House For Sale In Chatha Bakhtawar,PKR 1.95 Crore,19500000,6,5,3 Marla,675.0,28888,House,False,9,"PKR1.95 CroreChatha Bakhtawar, Islamabad653 MarlaAdded: 6 days ago(Updated: 2 days ago)SMSCall",94,Houses_Islamabad,2026-07-29,https://www.zameen.com/Property/islamabad_chatha_bakhtawar_house_for_sale_in_chatha_bakhtawar-54495363-3153-1.html
"3 MARLA HOUSE FOR SALE IN GHOURI TOWN PHASE 4-A, ISLAMABAD",PKR 75 Lakh,7500000,5,4,3 Marla,675.0,11111,House,False,20,"PKR75 LakhGhauri Town Phase 4A, Ghauri Town543 MarlaAdded: 5 days ago(Updated: 21 hours ago)SMSCall",99,Houses_Islamabad,2026-07-29,https://www.zameen.com/Property/ghauri_town_ghauri_town_phase_4a_3_marla_house_for_sale_in_ghouri_town_phase_4-a_islamabad-54472878-14956-1.html
3 Marla Brand New House For Sale In Jhangi Syedan,PKR 62 Lakh,6200000,,,3 Marla,675.0,9185,House,False,8,"PKR62 LakhJhangi Syedan, Islamabad3 MarlaAdded: 1 week ago(Updated: 2 days ago)SMSCall",86,Houses_Islamabad,2026-07-29,https://www.zameen.com/Property/islamabad_jhangi_syedan_3_marla_brand_new_house_for_sale_in_jhangi_syedan-54501750-8851-1.html
Corner House For Sale,PKR 1.9 Crore,19000000,5,4,3 Marla,675.0,28148,House,False,9,"PKR1.9 CroreSoan Garden, Islamabad543 MarlaAdded: 3 weeks ago(Updated: 3 days ago)SMSCall",89,Houses_Islamabad,2026-07-29,https://www.zameen.com/Property/islamabad_soan_garden_corner_house_for_sale-52271434-338-1.html
Renovated House For Sale,PKR 3.4 Crore,34000000,4,3,3 Marla,675.0,50370,House,False,10,"PKR3.4 CroreG-10/4, G-10433 MarlaAdded: 3 weeks ago(Updated: 1 week ago)SMSCallEmail",84,Houses_Islamabad,2026-07-29,https://www.zameen.com/Property/g_10_g-10_4_renovated_house_for_sale-54099474-3327-1.html
"3 Marla Double Storey House for Sale Taramri, Islamabad",PKR 95 Lakh,9500000,4,4,3 Marla,675.0,14074,House,False,8,"PKR95 LakhTaramrri, Islamabad443 MarlaAdded: 1 day ago(Updated: 1 day ago)SMSCall",81,Houses_Islamabad,2026-07-29,https://www.zameen.com/Property/islamabad_taramrri_3_marla_double_storey_house_for_sale_taramri_islamabad-54532724-3500-1.html
3 Marla House Available For Sale In Bani Gala Sanjhalian,PKR 60 Lakh,6000000,2,2,3 Marla,675.0,8888,House,False,11,"PKR60 LakhBani Gala, Islamabad223 MarlaAdded: 2 days agoSMSCallEmail",68,Houses_Islamabad,2026-07-29,https://www.zameen.com/Property/islamabad_bani_gala_3_marla_house_available_for_sale_in_bani_gala_sanjhalian-54060693-340-1.html
Beautiful New House,PKR 1.15 Crore,11500000,3,3,3 Marla,675.0,17037,House,False,50,"PKR1.15 CroreGhauri Town Phase 4A, Ghauri Town333 MarlaAdded: 2 days ago(Updated: 2 days ago)SMSCallEmail",105,Houses_Islamabad,2026-07-29,https://www.zameen.com/Property/ghauri_town_ghauri_town_phase_4a_beautiful_new_house-54528480-14956-1.html
3 Marla Singal Storey New House For Sale In Bilal Town Khana Pull Rawal Hospital Islalmabad,PKR 95 Lakh,9500000,3,3,3 Marla,675.0,14074,House,False,14,"PKR95 LakhBilal Town, Lehtrar Road333 MarlaAdded: 4 days ago(Updated: 4 hours ago)SMSCall",89,Houses_Islamabad,2026-07-29,https://www.zameen.com/Property/lehtrar_road_bilal_town_3_marla_singal_storey_new_house_for_sale_in_bilal_town_khana_pull_rawal_hospital_islalmabad-54521518-13227-1.html
3.2 Marla Dai Story Beutifull House For Sale In Ghardan Town Khana Pull Islamabad,PKR 1.5 Crore,15000000,8,7,3 Marla,675.0,22222,House,False,17,"PKR1.5 CroreKhanna East, Islamabad873 MarlaAdded: 4 days ago(Updated: 5 hours ago)SMSCall",89,Houses_Islamabad,2026-07-29,https://www.zameen.com/Property/islamabad_khanna_east_3_2_marla_dai_story_beutifull_house_for_sale_in_ghardan_town_khana_pull_islamabad-54521383-20869-1.html
"3 Marla Double Storey Cornor Brand New House For Sale In New Chatha Bukhtwar, Near Comset University And Park Enclave, Islamabad.",PKR 1.6 Crore,16000000,4,4,3 Marla,675.0,23703,House,False,22,"PKR1.6 CroreChatha Bakhtawar, Islamabad443 MarlaAdded: 5 days ago(Updated: 21 hours ago)SMSCall",95,Houses_Islamabad,2026-07-29,https://www.zameen.com/Property/islamabad_chatha_bakhtawar_3_marla_double_storey_cornor_brand_new_house_for_sale_in_new_chatha_bukhtwar_near_comset_university_and_park_enclave_islamabad-54371443-3153-1.html
"3.5 Marla House And 2 Shops For Sale Demand 16000000/- Gas, Water And Electricity Available 20 Feet Street In Chatha Bukhtwar, Near Milad Choke, Islamabad.",PKR 1.6 Crore,16000000,3,3,3 Marla,675.0,23703,House,False,6,"PKR1.6 CroreChatha Bakhtawar, Islamabad333 MarlaAdded: 5 days ago(Updated: 21 hours ago)SMSCall",95,Houses_Islamabad,2026-07-29,https://www.zameen.com/Property/islamabad_chatha_bakhtawar_3_5_marla_house_and_2_shops_for_sale_demand_16000000_-_gas_water_and_electricity_available_20_feet_street_in_chatha_bukhtwar_near_milad_choke_islamabad-54081163-3153-1.html
Adnan Property Offers A House For Sale,PKR 1.55 Crore,15500000,,,3 Marla,675.0,22962,House,False,9,"PKR1.55 CroreChatha Bakhtawar, Islamabad3 MarlaAdded: 5 days ago(Updated: 21 hours ago)SMSCall",94,Houses_Islamabad,2026-07-29,https://www.zameen.com/Property/islamabad_chatha_bakhtawar_adnan_property_offers_a_house_for_sale-53825441-3153-1.html
New 3 Marla House For Sale Final 60 Lack Electricity Water,PKR 59 Lakh,5900000,2,2,3 Marla,675.0,8740,House,False,32,"PKR59 LakhMarwa Town, Islamabad223 MarlaAdded: 6 days ago(Updated: 21 hours ago)SMSCall",87,Houses_Islamabad,2026-07-29,https://www.zameen.com/Property/islamabad_marwa_town_new_3_marla_house_for_sale_final_60_lack_electricity_water-53233987-10078-1.html
Want To Buy A Prime Location House In Ghauri Town?,PKR 55 Lakh,5500000,2,1,3 Marla,675.0,8148,House,False,8,"PKR55 LakhGhauri Town, Islamabad213 MarlaAdded: 5 days ago(Updated: 21 hours ago)SMSCall",88,Houses_Islamabad,2026-07-29,https://www.zameen.com/Property/islamabad_ghauri_town_want_to_buy_a_prime_location_house_in_ghauri_town-54513587-1314-1.html
Brand New Luxury Single Story House Available For Sale Near Nust Double Road Gate 7.,PKR 75 Lakh,7500000,2,2,3 Marla,675.0,11111,House,False,8,"PKR75 LakhH-13, Islamabad223 MarlaAdded: 1 week ago(Updated: 8 hours ago)SMSCall",80,Houses_Islamabad,2026-07-29,https://www.zameen.com/Property/islamabad_h-13_brand_new_luxury_single_story_house_available_for_sale_near_nust_double_road_gate_7-54458063-1039-1.html
3 Marla Structure House For Sale In Rehman Town,PKR 50 Lakh,5000000,,,3 Marla,675.0,7407,House,False,6,"PKR50 LakhJhangi Syedan, Islamabad3 MarlaAdded: 1 week ago(Updated: 2 days ago)SMSCall",86,Houses_Islamabad,2026-07-29,https://www.zameen.com/Property/islamabad_jhangi_syedan_3_marla_structure_house_for_sale_in_rehman_town-54501773-8851-1.html
3 Marla Single Storey House Available For Sale H 13,PKR 75 Lakh,7500000,1,2,3 Marla,675.0,11111,House,False,10,"PKR75 LakhH-13, Islamabad123 MarlaAdded: 1 week ago(Updated: 2 days ago)SMSCall",79,Houses_Islamabad,2026-07-29,https://www.zameen.com/Property/islamabad_h-13_3_marla_single_storey_house_available_for_sale_h_13-54348404-1039-1.html
Your Dream 3 Marla House Is Available In Opposite I-14,PKR 1.2 Crore,12000000,3,4,3 Marla,675.0,17777,House,False,19,"PKR1.2 CroreI-14, Islamabad343 MarlaAdded: 1 week ago(Updated: 2 days ago)SMSCall",81,Houses_Islamabad,2026-07-29,https://www.zameen.com/Property/islamabad_i-14_your_dream_3_marla_house_is_available_in_opposite_i-14-54080274-1045-1.html
3.50 Marla Brand New House For Sale Tramari Chock Lehtrar Road Islamabad  best Location  Serious Buyers Contact,PKR 85 Lakh,8500000,2,3,3 Marla,675.0,12592,House,False,10,"PKR85 LakhTaramrri, Islamabad233 MarlaAdded: 1 week ago(Updated: 21 hours ago)SMSCall",85,Houses_Islamabad,2026-07-29,https://www.zameen.com/Property/islamabad_taramrri_3_50_marla_brand_new_house_for_sale_tramari_chock_lehtrar_road_islamabad_best_location_serious_buyers_contact-54362876-3500-1.html
3 Marla Double Storey House Near Zong Head Office,PKR 1.1 Crore,11000000,4,2,3 Marla,675.0,16296,House,False,13,"PKR1.1 CroreKuri Road, Islamabad423 MarlaAdded: 1 week ago(Updated: 21 hours ago)SMSCall",88,Houses_Islamabad,2026-07-29,https://www.zameen.com/Property/islamabad_kuri_road_3_marla_double_storey_house_near_zong_head_office-54493763-10322-1.html
G11 HOUSE FOR SALE DOBUL STORY,PKR 2.9 Crore,29000000,3,3,3 Marla,675.0,42962,House,False,7,"PKR2.9 CroreG-11/3, G-11333 MarlaAdded: 2 weeks ago(Updated: 2 days ago)SMSCall",79,Houses_Islamabad,2026-07-29,https://www.zameen.com/Property/g_11_g-11_3_g11_house_for_sale_dobul_story-54386741-3332-1.html
"Ideal 3 Marla House Available In Paradise Villa Apartments, Islamabad",PKR 1.5 Crore,15000000,3,3,3 Marla,675.0,22222,House,False,,"PKR1.5 CroreParadise Villa Apartments, D-17333 MarlaAdded: 2 weeks ago(Updated: 2 days ago)SMSCall",98,Houses_Islamabad,2026-07-29,https://www.zameen.com/Property/d_17_paradise_villa_apartments_ideal_3_marla_house_available_in_paradise_villa_apartments_islamabad-54481575-11039-1.html
Model Valley 2.5 Marla House For Sale On Very Low Price,PKR 47 Lakh,4700000,2,2,3 Marla,675.0,6962,House,False,20,"PKR47 LakhJhangi Syedan, Islamabad223 MarlaAdded: 4 weeks ago(Updated: 2 weeks ago)SMSCall",90,Houses_Islamabad,2026-07-29,https://www.zameen.com/Property/islamabad_jhangi_syedan_model_valley_2_5_marla_house_for_sale_on_very_low_price-54094783-8851-1.html
Ideally Located Prime Location House Of 10 Marla Is Available For sale In Islamabad,PKR 4.75 Crore,47500000,4,4,10 Marla,2250.0,21111,House,True,22,super hot221VerifiedShare on FacebookShare on TwitterShare on WhatsAppSend via GMailSend via E-Mail,99,Houses_Islamabad,2026-07-29,https://www.zameen.com/Property/top_city_1_top_city_1_-_block_d_ideally_located_prime_location_house_of_10_marla_is_available_for_sale_in_islamabad-54510778-9233-1.html
Buying A Prime Location House In Top City 1 - Block D,PKR 5.95 Crore,59500000,4,4,10 Marla,2250.0,26444,House,True,27,super hot271VerifiedShare on FacebookShare on TwitterShare on WhatsAppSend via GMailSend via E-Mail,99,Houses_Islamabad,2026-07-29,https://www.zameen.com/Property/top_city_1_top_city_1_-_block_d_buying_a_prime_location_house_in_top_city_1_-_block_d-54510776-9233-1.html
Top location house with top quality construction,PKR 13.85 Crore,138500000,7,6,1 Kanal,4500.0,30777,House,True,50,super hot50Share on FacebookShare on TwitterShare on WhatsAppSend via GMailSend via E-Mail,90,Houses_Islamabad,2026-07-29,https://www.zameen.com/Property/dha_defence_dha_defence_phase_2_top_location_house_with_top_quality_construction-54537328-339-1.html
New House With Basement For Sale,PKR 28 Crore,280000000,9,6,1.2 Kanal,5400.0,51851,House,True,22,super hot22Share on FacebookShare on TwitterShare on WhatsAppSend via GMailSend via E-Mail,90,Houses_Islamabad,2026-07-29,https://www.zameen.com/Property/i_8_i-8_2_new_house_with_basement_for_sale-54365410-3442-1.html
10 Marla Barnd New Designer House Available For Sale,PKR 6.75 Crore,67500000,6,6,10 Marla,2250.0,30000,House,True,30,super hot30Share on FacebookShare on TwitterShare on WhatsAppSend via GMailSend via E-Mail,90,Houses_Islamabad,2026-07-29,https://www.zameen.com/Property/bahria_enclave_bahria_enclave_-_sector_c1_10_marla_barnd_new_designer_house_available_for_sale-54485644-11987-1.html
3 Kanal Spacious House Available In Bani Gala For sale,PKR 14 Crore,140000000,6,6,3.5 Kanal,15750.0,8888,House,True,29,super hot29Share on FacebookShare on TwitterShare on WhatsAppSend via GMailSend via E-Mail,90,Houses_Islamabad,2026-07-29,https://www.zameen.com/Property/islamabad_bani_gala_3_kanal_spacious_house_available_in_bani_gala_for_sale-54474237-340-1.html
1 Kanal Used Solid Construction House For Sale In DHA Phase 1 Sector A,PKR 9.75 Crore,97500000,10,6,1 Kanal,4500.0,21666,House,True,27,super hot27Share on FacebookShare on TwitterShare on WhatsAppSend via GMailSend via E-Mail,90,Houses_Islamabad,2026-07-29,https://www.zameen.com/Property/dha_defence_dha_defence_phase_1_1_kanal_used_solid_construction_house_for_sale_in_dha_phase_1_sector_a-54352081-376-1.html
Luxury 5 Marla House For Sale In Faisal Town,PKR 3.15 Crore,31500000,4,4,5.6 Marla,1260.0,25000,House,True,14,super hot141Share on FacebookShare on TwitterShare on WhatsAppSend via GMailSend via E-Mail,91,Houses_Islamabad,2026-07-29,https://www.zameen.com/Property/faisal_town_phase_1_faisal_town_phase_1_-_block_c_luxury_5_marla_house_for_sale_in_faisal_town-54538691-16418-1.html
Dha 2 Kanal Beautiful House With Solar For Sale,PKR 12 Crore,120000000,6,7,1 Kanal,4500.0,26666,House,True,32,super hot321VerifiedShare on FacebookShare on TwitterShare on WhatsAppSend via GMailSend via E-Mail,99,Houses_Islamabad,2026-07-29,https://www.zameen.com/Property/dha_defence_dha_defence_phase_2_dha_2_kanal_beautiful_house_with_solar_for_sale-54445680-339-1.html
Bahria enclave islamabad sector N 8marla brand new park face house for sale,PKR 4.25 Crore,42500000,5,6,8 Marla,1800.0,23611,House,True,26,super hot26Share on FacebookShare on TwitterShare on WhatsAppSend via GMailSend via E-Mail,90,Houses_Islamabad,2026-07-29,https://www.zameen.com/Property/bahria_enclave_bahria_enclave_-_sector_n_bahria_enclave_islamabad_sector_n_8marla_brand_new_park_face_house_for_sale-54538434-11975-1.html
1 Kanal Owner Built House For Sale In DHA Phase 2 Islamabad,PKR 9.5 Crore,95000000,6,6,1 Kanal,4500.0,21111,House,True,15,hot15Share on FacebookShare on TwitterShare on WhatsAppSend via GMailSend via E-Mail,84,Houses_Islamabad,2026-07-29,https://www.zameen.com/Property/dha_defence_dha_defence_phase_2_1_kanal_owner_built_house_for_sale_in_dha_phase_2_islamabad-54137974-339-1.html
"1 Kanal Fully Furnished House ,Back To Main Boulevard, Corner, 50 Ft Wide Street, Sunface , Block C Topcity 1",PKR 13 Crore,130000000,5,5,1 Kanal,4500.0,28888,House,True,8,hot8Share on FacebookShare on TwitterShare on WhatsAppSend via GMailSend via E-Mail,83,Houses_Islamabad,2026-07-29,https://www.zameen.com/Property/top_city_1_top_city_1_-_block_c_1_kanal_fully_furnished_house_back_to_main_boulevard_corner_50_ft_wide_street_sunface_block_c_topcity_1-54350180-9232-1.html
"Majestic 1 Kanal Luxury House For Sale DHA Phase 4, Sector C Islamabad",PKR 9.05 Crore,90500000,5,6,1 Kanal,4500.0,20111,House,False,8,hot8Share on FacebookShare on TwitterShare on WhatsAppSend via GMailSend via E-Mail,83,Houses_Islamabad,2026-07-29,https://www.zameen.com/Property/dha_defence_dha_defence_phase_4_majestic_1_kanal_luxury_house_for_sale_dha_phase_4_sector_c_islamabad-54389765-8413-1.html
"10 Marla House for Sale in Bahria Enclave, Islamabad",PKR 5 Crore,50000000,5,5,10 Marla,2250.0,22222,House,False,19,hot19Share on FacebookShare on TwitterShare on WhatsAppSend via GMailSend via E-Mail,84,Houses_Islamabad,2026-07-29,https://www.zameen.com/Property/bahria_town_bahria_enclave_10_marla_house_for_sale_in_bahria_enclave_islamabad-54433845-1705-1.html
1500 Square Feet House Up For Sale In G-10/4,PKR 5.2 Crore,52000000,3,3,6.7 Marla,1507.5,34494,House,False,,hotShare on FacebookShare on TwitterShare on WhatsAppSend via GMailSend via E-Mail,82,Houses_Islamabad,2026-07-29,https://www.zameen.com/Property/g_10_g-10_4_1500_square_feet_house_up_for_sale_in_g-10_4-54424648-3327-1.html
PHA Officer Residencia 8 Marla Gray Structure For Sale,PKR 3 Crore,30000000,5,6,8 Marla,1800.0,16666,Commercial,False,5,hot5Share on FacebookShare on TwitterShare on WhatsAppSend via GMailSend via E-Mail,83,Houses_Islamabad,2026-07-29,https://www.zameen.com/Property/kuri_road_phaf_officers_residencia_pha_officer_residencia_8_marla_gray_structure_for_sale-54506212-13099-1.html
Brand New 1 Kanal Designer House for Sale in DHA Phase 2 | VIP Luxury Living | Prime Location,PKR 14.5 Crore,145000000,5,6,1 Kanal,4500.0,32222,House,False,18,hot18Share on FacebookShare on TwitterShare on WhatsAppSend via GMailSend via E-Mail,84,Houses_Islamabad,2026-07-29,https://www.zameen.com/Property/dha_defence_dha_defence_phase_2_brand_new_1_kanal_designer_house_for_sale_in_dha_phase_2_vip_luxury_living_prime_location-54511030-339-1.html
Simple & Effective Titles 1 Kanal Beautiful House For Sale In DHA Phase 2,PKR 12.25 Crore,122500000,7,7,1 Kanal,4500.0,27222,House,True,20,20Share on FacebookShare on TwitterShare on WhatsAppSend via GMailSend via E-Mail,81,Houses_Islamabad,2026-07-29,https://www.zameen.com/Property/dha_defence_dha_defence_phase_2_simple_effective_titles_1_kanal_beautiful_house_for_sale_in_dha_phase_2-54131304-339-1.html
1 Kanal Corner House Available For Sale at DHA 2,PKR 11 Crore,110000000,6,7,1 Kanal,4500.0,24444,House,True,17,17Share on FacebookShare on TwitterShare on WhatsAppSend via GMailSend via E-Mail,81,Houses_Islamabad,2026-07-29,https://www.zameen.com/Property/dha_defence_dha_defence_phase_2_1_kanal_corner_house_available_for_sale_at_dha_2-54105181-339-1.html
1 Kanal Spanish Villa For Sale In DHA Phase 2,PKR 13.25 Crore,132500000,5,6,1 Kanal,4500.0,29444,House,True,14,14Share on FacebookShare on TwitterShare on WhatsAppSend via GMailSend via E-Mail,81,Houses_Islamabad,2026-07-29,https://www.zameen.com/Property/dha_defence_dha_defence_phase_2_1_kanal_spanish_villa_for_sale_in_dha_phase_2-54156053-339-1.html
1 Kanal Beautiful House For Sale In DHA Phase 2 In Islamabad,PKR 11 Crore,110000000,8,6,1 Kanal,4500.0,24444,House,True,27,27Share on FacebookShare on TwitterShare on WhatsAppSend via GMailSend via E-Mail,81,Houses_Islamabad,2026-07-29,https://www.zameen.com/Property/dha_defence_dha_defence_phase_2_1_kanal_beautiful_house_for_sale_in_dha_phase_2_in_islamabad-54414684-339-1.html
One Kanal Ultra Luxury House For Sale In DHA Phase 2 Islamabad,PKR 10.8 Crore,108000000,5,6,1 Kanal,4500.0,24000,House,True,19,19Share on FacebookShare on TwitterShare on WhatsAppSend via GMailSend via E-Mail,81,Houses_Islamabad,2026-07-29,https://www.zameen.com/Property/dha_defence_dha_defence_phase_2_one_kanal_ultra_luxury_house_for_sale_in_dha_phase_2_islamabad-54104545-339-1.html
1 Kanal Beautiful House For Sale In DHA Phase 2 Islamabad,PKR 13.8 Crore,138000000,5,6,1 Kanal,4500.0,30666,House,True,18,18Share on FacebookShare on TwitterShare on WhatsAppSend via GMailSend via E-Mail,81,Houses_Islamabad,2026-07-29,https://www.zameen.com/Property/dha_defence_dha_defence_phase_2_1_kanal_beautiful_house_for_sale_in_dha_phase_2_islamabad-54150609-339-1.html
1 Kanal Beautiful House For Sale In DHA Phase 2 Islamabad,PKR 10.8 Crore,108000000,7,7,1 Kanal,4500.0,24000,House,True,18,18Share on FacebookShare on TwitterShare on WhatsAppSend via GMailSend via E-Mail,81,Houses_Islamabad,2026-07-29,https://www.zameen.com/Property/dha_defence_dha_defence_phase_2_1_kanal_beautiful_house_for_sale_in_dha_phase_2_islamabad-54162412-339-1.html
1 kanal beautiful House For Sale In DHA phase 2 Islamabad,PKR 11.5 Crore,115000000,5,6,1 Kanal,4500.0,25555,House,True,27,27Share on FacebookShare on TwitterShare on WhatsAppSend via GMailSend via E-Mail,81,Houses_Islamabad,2026-07-29,https://www.zameen.com/Property/dha_defence_dha_defence_phase_2_1_kanal_beautiful_house_for_sale_in_dha_phase_2_islamabad-54152159-339-1.html
"10 Marla Luxury House With Basement For Sale Sector C1, Bahria Enclave Islamabad",PKR 5.7 Crore,57000000,8,7,10 Marla,2250.0,25333,House,True,8,super hot8Share on FacebookShare on TwitterShare on WhatsAppSend via GMailSend via E-Mail,89,Houses_Islamabad,2026-07-29,https://www.zameen.com/Property/bahria_enclave_bahria_enclave_-_sector_c1_10_marla_luxury_house_with_basement_for_sale_sector_c1_bahria_enclave_islamabad-54398830-11987-1.html
Your Dream 10 Marla House Is Available In Bahria Enclave - Sector A,PKR 5.65 Crore,56500000,4,4,10 Marla,2250.0,25111,House,True,21,super hot21VerifiedShare on FacebookShare on TwitterShare on WhatsAppSend via GMailSend via E-Mail,98,Houses_Islamabad,2026-07-29,https://www.zameen.com/Property/bahria_enclave_bahria_enclave_-_sector_a_your_dream_10_marla_house_is_available_in_bahria_enclave_-_sector_a-52815974-11970-1.html
Highly-Desirable House Available In I-8/4 For Sale,PKR 13.95 Crore,139500000,6,6,14 Marla,3150.0,44285,House,True,29,super hot291VerifiedShare on FacebookShare on TwitterShare on WhatsAppSend via GMailSend via E-Mail,99,Houses_Islamabad,2026-07-29,https://www.zameen.com/Property/i_8_i-8_4_highly-desirable_house_available_in_i-8_4_for_sale-54147611-3444-1.html
Highly-Desirable House Available In I-9/4 For Sale,PKR 8.5 Crore,85000000,6,6,9.3 Marla,2092.5,40621,House,True,50,super hot501VerifiedShare on FacebookShare on TwitterShare on WhatsAppSend via GMailSend via E-Mail,99,Houses_Islamabad,2026-07-29,https://www.zameen.com/Property/i_9_i-9_4_highly-desirable_house_available_in_i-9_4_for_sale-54130618-3450-1.html
1 Kanal Brand New Designer House Available For Sale In Prime Location Of Dha 2 Islamabad,PKR 14.9 Crore,149000000,5,6,1 Kanal,4500.0,33111,House,True,23,super hot23Share on FacebookShare on TwitterShare on WhatsAppSend via GMailSend via E-Mail,90,Houses_Islamabad,2026-07-29,https://www.zameen.com/Property/dha_defence_dha_defence_phase_2_1_kanal_brand_new_designer_house_available_for_sale_in_prime_location_of_dha_2_islamabad-54167266-339-1.html
1800 Square Feet Spacious House Available In MPCHS - Multi Gardens For Sale,PKR 3.9 Crore,39000000,,,8 Marla,1800.0,21666,House,True,29,super hot29VerifiedShare on FacebookShare on TwitterShare on WhatsAppSend via GMailSend via E-Mail,98,Houses_Islamabad,2026-07-29,https://www.zameen.com/Property/b_17_mpchs_-_multi_gardens_1800_square_feet_spacious_house_available_in_mpchs_-_multi_gardens_for_sale-54532885-3115-1.html
Centrally Located On Excellent Location House In G-11 Is Available For sale,PKR 9 Crore,90000000,5,6,7 Marla,1575.0,57142,House,True,36,super hot361VerifiedShare on FacebookShare on TwitterShare on WhatsAppSend via GMailSend via E-Mail,99,Houses_Islamabad,2026-07-29,https://www.zameen.com/Property/islamabad_g-11_centrally_located_on_excellent_location_house_in_g-11_is_available_for_sale-54536530-168-1.html
Triple Storey House For Sale In I-8/2 Islamabad Orignal Picture Attached,PKR 13 Crore,130000000,8,7,12.4 Marla,2790.0,46594,House,True,28,super hot28Share on FacebookShare on TwitterShare on WhatsAppSend via GMailSend via E-Mail,90,Houses_Islamabad,2026-07-29,https://www.zameen.com/Property/i_8_i-8_2_triple_storey_house_for_sale_in_i-8_2_islamabad_orignal_picture_attached-54373258-3442-1.html
Almost Brand New House For sale In i-8/2 Islamabad,PKR 14.25 Crore,142500000,9,6,12.4 Marla,2790.0,51075,House,True,23,super hot231VerifiedShare on FacebookShare on TwitterShare on WhatsAppSend via GMailSend via E-Mail,99,Houses_Islamabad,2026-07-29,https://www.zameen.com/Property/i_8_i-8_2_almost_brand_new_house_for_sale_in_i-8_2_islamabad-54509065-3442-1.html
5 Marla Brand New House for Sale DHA2,PKR 4.95 Crore,49500000,4,5,5 Marla,1125.0,44000,House,True,18,super hot18Share on FacebookShare on TwitterShare on WhatsAppSend via GMailSend via E-Mail,90,Houses_Islamabad,2026-07-29,https://www.zameen.com/Property/dha_defence_dha_defence_phase_2_5_marla_brand_new_house_for_sale_dha2-54537735-339-1.html
Exclusive 1 Kanal Brand New Designer House Available For Sale,PKR 13.5 Crore,135000000,5,6,1 Kanal,4500.0,30000,House,True,32,hot32Share on FacebookShare on TwitterShare on WhatsAppSend via GMailSend via E-Mail,84,Houses_Islamabad,2026-07-29,https://www.zameen.com/Property/dha_defence_dha_defence_phase_2_exclusive_1_kanal_brand_new_designer_house_available_for_sale-54445911-339-1.html
Minimalist Design Fully Furnished Park Face Brand New House Ready For Sale In DHA DEFENSE PHASE 2 Islamabad,PKR 12.1 Crore,121000000,5,6,1 Kanal,4500.0,26888,House,True,36,hot36Share on FacebookShare on TwitterShare on WhatsAppSend via GMailSend via E-Mail,84,Houses_Islamabad,2026-07-29,https://www.zameen.com/Property/dha_defence_dha_defence_phase_2_minimalist_design_fully_furnished_park_face_brand_new_house_ready_for_sale_in_dha_defense_phase_2_islamabad-54405804-339-1.html
House For Sale,PKR 7.75 Crore,77500000,6,6,10.9 Marla,2452.5,31600,House,False,16,hot16VerifiedShare on FacebookShare on TwitterShare on WhatsAppSend via GMailSend via E-Mail,92,Houses_Islamabad,2026-07-29,https://www.zameen.com/Property/islamabad_g-13_house_for_sale-51975965-330-1.html
Find Your Ideal House In Islamabad Under Rs. 67000000,PKR 6.7 Crore,67000000,4,4,8 Marla,1800.0,37222,House,False,7,hot7VerifiedShare on FacebookShare on TwitterShare on WhatsAppSend via GMailSend via E-Mail,91,Houses_Islamabad,2026-07-29,https://www.zameen.com/Property/g_11_g-11_1_find_your_ideal_house_in_islamabad_under_rs_67000000-53738272-3330-1.html
2100 Square Feet House In Islamabad Is Available For sale,PKR 11.5 Crore,115000000,4,4,9.3 Marla,2092.5,54958,House,False,8,hot8VerifiedShare on FacebookShare on TwitterShare on WhatsAppSend via GMailSend via E-Mail,91,Houses_Islamabad,2026-07-29,https://www.zameen.com/Property/f_11_f-11_3_2100_square_feet_house_in_islamabad_is_available_for_sale-54360523-3284-1.html
Beautiful Villa For Sale,PKR 6.2 Crore,62000000,4,5,1 Kanal,4500.0,13777,House,False,9,hot9Share on FacebookShare on TwitterShare on WhatsAppSend via GMailSend via E-Mail,83,Houses_Islamabad,2026-07-29,https://www.zameen.com/Property/dha_phase_1_sector_f_dha_phase_1_-_defence_villas_beautiful_villa_for_sale-54278579-3075-1.html
10 Marla House Available For Sale In Dha Phase 2,PKR 6.5 Crore,65000000,5,6,10 Marla,2250.0,28888,House,False,6,hot6Share on FacebookShare on TwitterShare on WhatsAppSend via GMailSend via E-Mail,83,Houses_Islamabad,2026-07-29,https://www.zameen.com/Property/dha_defence_dha_defence_phase_2_10_marla_house_available_for_sale_in_dha_phase_2-48625457-339-1.html
7 Marla Brand New House For Sale In Jinnah Garden,PKR 3.85 Crore,38500000,4,6,7 Marla,1575.0,24444,House,True,28,28Share on FacebookShare on TwitterShare on WhatsAppSend via GMailSend via E-Mail,81,Houses_Islamabad,2026-07-29,https://www.zameen.com/Property/fechs_jinnah_gardens_7_marla_brand_new_house_for_sale_in_jinnah_garden-54345167-1420-1.html
12 Marla Designer Modern House For Sale In Jinnah Garden,PKR 6.9 Crore,69000000,6,6,12 Marla,2700.0,25555,House,True,47,47Share on FacebookShare on TwitterShare on WhatsAppSend via GMailSend via E-Mail,81,Houses_Islamabad,2026-07-29,https://www.zameen.com/Property/fechs_jinnah_gardens_12_marla_designer_modern_house_for_sale_in_jinnah_garden-54345022-1420-1.html
G8 House For Sale Prime Location,PKR 5.5 Crore,55000000,6,5,5 Marla,1125.0,48888,House,False,11,11VerifiedShare on FacebookShare on TwitterShare on WhatsAppSend via GMailSend via E-Mail,89,Houses_Islamabad,2026-07-29,https://www.zameen.com/Property/islamabad_g-8_g8_house_for_sale_prime_location-54539634-170-1.html
F-6 House For Sale,PKR 46 Crore,460000000,5,6,2.1 Kanal,9450.0,48677,House,False,17,17VerifiedShare on FacebookShare on TwitterShare on WhatsAppSend via GMailSend via E-Mail,89,Houses_Islamabad,2026-07-29,https://www.zameen.com/Property/islamabad_f-6_f-6_house_for_sale-54539545-164-1.html
Brand New Luxury House For Sale 35*70 G-13/ Prime Location Islamabad,PKR 8.5 Crore,85000000,5,5,10 Marla,2250.0,37777,House,False,16,16Share on FacebookShare on TwitterShare on WhatsAppSend via GMailSend via E-Mail,81,Houses_Islamabad,2026-07-29,https://www.zameen.com/Property/islamabad_g-13_brand_new_luxury_house_for_sale_35_70_g-13_prime_location_islamabad-54484825-330-1.html
25*40 Brand New Luxury House for Sale in G-13 Islamabad,PKR 4.1 Crore,41000000,4,5,4 Marla,900.0,45555,House,False,17,17Share on FacebookShare on TwitterShare on WhatsAppSend via GMailSend via E-Mail,81,Houses_Islamabad,2026-07-29,https://www.zameen.com/Property/islamabad_g-13_25_40_brand_new_luxury_house_for_sale_in_g-13_islamabad-54484721-330-1.html
30*60 Brand New Luxury House For Sale In G-13 Islamabad,PKR 6.9 Crore,69000000,5,7,8 Marla,1800.0,38333,House,False,28,28Share on FacebookShare on TwitterShare on WhatsAppSend via GMailSend via E-Mail,81,Houses_Islamabad,2026-07-29,https://www.zameen.com/Property/islamabad_g-13_30_60_brand_new_luxury_house_for_sale_in_g-13_islamabad-54484576-330-1.html
25*40 Brand New Luxury House For Sale Park Face In G-13 Islamabad,PKR 4.6 Crore,46000000,4,5,4 Marla,900.0,51111,House,False,19,19Share on FacebookShare on TwitterShare on WhatsAppSend via GMailSend via E-Mail,81,Houses_Islamabad,2026-07-29,https://www.zameen.com/Property/islamabad_g-13_25_40_brand_new_luxury_house_for_sale_park_face_in_g-13_islamabad-54465215-330-1.html
Dha 2 1.5 Kanal Owner Built FULL FURNISHED HOUSE,PKR 14.9 Crore,149000000,7,6,1 Kanal,4500.0,33111,House,True,30,super hot30Share on FacebookShare on TwitterShare on WhatsAppSend via GMailSend via E-Mail,90,Houses_Islamabad,2026-07-29,https://www.zameen.com/Property/dha_defence_dha_defence_phase_2_dha_2_1_5_kanal_owner_built_full_furnished_house-54060075-339-1.html
"Brand New Designer House For Sale 5 Marla South Facing House Sector H, Bahria Enclave Islamabad | Demand: PKR 27.5 Million",PKR 2.75 Crore,27500000,3,4,5 Marla,1125.0,24444,House,True,49,super hot49Share on FacebookShare on TwitterShare on WhatsAppSend via GMailSend via E-Mail,90,Houses_Islamabad,2026-07-29,https://www.zameen.com/Property/bahria_enclave_bahria_enclave_-_sector_h_brand_new_designer_house_for_sale_5_marla_south_facing_house_sector_h_bahria_enclave_islamabad_demand_pkr_27_5_million-54487805-11983-1.html
5 Marla Beautiful House For Sale In Faisal margala City,PKR 2.9 Crore,29000000,5,6,5 Marla,1125.0,25777,House,True,44,super hot441Share on FacebookShare on TwitterShare on WhatsAppSend via GMailSend via E-Mail,91,Houses_Islamabad,2026-07-29,https://www.zameen.com/Property/b_17_faisal_margalla_city_5_marla_beautiful_house_for_sale_in_faisal_margala_city-54258984-13424-1.html
10 Marla Brand New House For Sale,PKR 4.15 Crore,41500000,5,6,10 Marla,2250.0,18444,House,True,26,super hot26Share on FacebookShare on TwitterShare on WhatsAppSend via GMailSend via E-Mail,90,Houses_Islamabad,2026-07-29,https://www.zameen.com/Property/islamabad_top_city_1_10_marla_brand_new_house_for_sale-54241161-1383-1.html
Prime Location 20 Marla House In Beautiful Location Of Top City 1,PKR 7.4 Crore,74000000,6,7,1 Kanal,4500.0,16444,House,True,22,super hot22Share on FacebookShare on TwitterShare on WhatsAppSend via GMailSend via E-Mail,90,Houses_Islamabad,2026-07-29,https://www.zameen.com/Property/islamabad_top_city_1_prime_location_20_marla_house_in_beautiful_location_of_top_city_1-54192013-1383-1.html
"20 Marla Brand New Designer Double Unit House A Statement of Luxury & Class | Prime FGEHA G-13/2, Islamabad",PKR 15 Crore,150000000,7,7,1 Kanal,4500.0,33333,House,True,13,super hot13Share on FacebookShare on TwitterShare on WhatsAppSend via GMailSend via E-Mail,90,Houses_Islamabad,2026-07-29,https://www.zameen.com/Property/g_13_g-13_2_20_marla_brand_new_designer_double_unit_house_a_statement_of_luxury_class_prime_fgeha_g-13_2_islamabad-54537529-3338-1.html
Prominently-Located 335 Square Yards House Available In MPCHS - Block B,PKR 10 Crore,100000000,,,13.4 Marla,3015.0,33167,House,True,32,super hot321VerifiedShare on FacebookShare on TwitterShare on WhatsAppSend via GMailSend via E-Mail,99,Houses_Islamabad,2026-07-29,https://www.zameen.com/Property/mpchs_multi_gardens_mpchs_-_block_b_prominently-located_335_square_yards_house_available_in_mpchs_-_block_b-54531511-3117-1.html
7.2 Marla Luxury House Available For Sale In CDA Sector I 14/4 Islamabad.,PKR 4.1 Crore,41000000,4,7,7 Marla,1575.0,26031,House,True,23,super hot231Share on FacebookShare on TwitterShare on WhatsAppSend via GMailSend via E-Mail,91,Houses_Islamabad,2026-07-29,https://www.zameen.com/Property/islamabad_i-14_7_2_marla_luxury_house_available_for_sale_in_cda_sector_i_14_4_islamabad-54394973-1045-1.html
F. 7 Size 700 Sqyd Street Corner House available For Sale,PKR 45 Crore,450000000,5,6,1.4 Kanal,6300.0,71428,House,True,13,super hot13Share on FacebookShare on TwitterShare on WhatsAppSend via GMailSend via E-Mail,90,Houses_Islamabad,2026-07-29,https://www.zameen.com/Property/islamabad_f-7_f_7_size_700_sqyd_street_corner_house_available_for_sale-54537257-165-1.html
Beautifull 7 Marla House For Sale In G 13 Islamabad,PKR 5.75 Crore,57500000,5,5,7 Marla,1575.0,36507,House,True,19,super hot19Share on FacebookShare on TwitterShare on WhatsAppSend via GMailSend via E-Mail,90,Houses_Islamabad,2026-07-29,https://www.zameen.com/Property/islamabad_g-13_beautifull_7_marla_house_for_sale_in_g_13_islamabad-54537101-330-1.html
Dha 2 One Kanal Brand New Luxurious Designer House,PKR 12.9 Crore,129000000,5,6,1 Kanal,4500.0,28666,House,True,39,hot39Share on FacebookShare on TwitterShare on WhatsAppSend via GMailSend via E-Mail,84,Houses_Islamabad,2026-07-29,https://www.zameen.com/Property/dha_defence_dha_defence_phase_2_dha_2_one_kanal_brand_new_luxurious_designer_house-52696249-339-1.html
Get Your Hands On Brand New House In Islamabad Best Area,PKR 14.5 Crore,145000000,5,6,1 Kanal,4500.0,32222,House,True,23,hot231Share on FacebookShare on TwitterShare on WhatsAppSend via GMailSend via E-Mail,85,Houses_Islamabad,2026-07-29,https://www.zameen.com/Property/dha_defence_dha_defence_phase_2_get_your_hands_on_brand_new_house_in_islamabad_best_area-52696760-339-1.html
1 Kanal House Available For Sale In Dha Phase 2,PKR 9 Crore,90000000,6,6,1 Kanal,4500.0,20000,House,False,6,hot6Share on FacebookShare on TwitterShare on WhatsAppSend via GMailSend via E-Mail,83,Houses_Islamabad,2026-07-29,https://www.zameen.com/Property/dha_defence_dha_defence_phase_2_1_kanal_house_available_for_sale_in_dha_phase_2-54100049-339-1.html
1 Kanal ( 50* 90 ) Corner Brand New House Available For Sale In Top City-1 Islamabad.,PKR 8 Crore,80000000,6,6,1 Kanal,4500.0,17777,House,False,18,hot18Share on FacebookShare on TwitterShare on WhatsAppSend via GMailSend via E-Mail,84,Houses_Islamabad,2026-07-29,https://www.zameen.com/Property/islamabad_top_city_1_1_kanal_50_90_corner_brand_new_house_available_for_sale_in_top_city-1_islamabad-54213190-1383-1.html
Owner Built House With AA Quality Construction,PKR 7.65 Crore,76500000,6,7,1 Kanal,4500.0,17000,House,False,10,hot10Share on FacebookShare on TwitterShare on WhatsAppSend via GMailSend via E-Mail,84,Houses_Islamabad,2026-07-29,https://www.zameen.com/Property/dha_defence_dha_defence_phase_5_owner_built_house_with_aa_quality_construction-54334373-10991-1.html
1 Kanal Designer Brand New House For Sale In DHA Phase 1 Sector F,PKR 12.5 Crore,125000000,6,6,1 Kanal,4500.0,27777,House,False,32,hot32Share on FacebookShare on TwitterShare on WhatsAppSend via GMailSend via E-Mail,84,Houses_Islamabad,2026-07-29,https://www.zameen.com/Property/dha_defence_phase_1_dha_phase_1_-_sector_f_1_kanal_designer_brand_new_house_for_sale_in_dha_phase_1_sector_f-54175040-8226-1.html
DHA Phase 1 1 Kanal Triple Story 7 Bedrooms House For Sale,PKR 8 Crore,80000000,8,6,1 Kanal,4500.0,17777,House,False,23,hot23Share on FacebookShare on TwitterShare on WhatsAppSend via GMailSend via E-Mail,84,Houses_Islamabad,2026-07-29,https://www.zameen.com/Property/dha_defence_dha_defence_phase_1_dha_phase_1_1_kanal_triple_story_7_bedrooms_house_for_sale-54406711-376-1.html
Welcome To Brand New Luxury House For Sale Nestled In One Of The Best Locations Of G-14/4 Islamabad,PKR 19.5 Crore,195000000,8,7,1.3 Kanal,5850.0,33333,House,False,20,20Share on FacebookShare on TwitterShare on WhatsAppSend via GMailSend via E-Mail,81,Houses_Islamabad,2026-07-29,https://www.zameen.com/Property/islamabad_g-14_welcome_to_brand_new_luxury_house_for_sale_nestled_in_one_of_the_best_locations_of_g-14_4_islamabad-54494279-454-1.html
"1 Kanal 50*90 Brand New Luxury House for Sale in G-13, Islamabad",PKR 16 Crore,160000000,6,7,1 Kanal,4500.0,35555,House,True,36,36Share on FacebookShare on TwitterShare on WhatsAppSend via GMailSend via E-Mail,81,Houses_Islamabad,2026-07-29,https://www.zameen.com/Property/islamabad_g-13_1_kanal_50_90_brand_new_luxury_house_for_sale_in_g-13_islamabad-54495658-330-1.html
"Brand New Luxury House for Sale (40*80) G-14/4, Islamabad",PKR 10.5 Crore,105000000,6,7,14 Marla,3150.0,33333,House,False,18,18Share on FacebookShare on TwitterShare on WhatsAppSend via GMailSend via E-Mail,81,Houses_Islamabad,2026-07-29,https://www.zameen.com/Property/islamabad_g-14_brand_new_luxury_house_for_sale_40_80_g-14_4_islamabad-54539488-454-1.html
"One Kanal Luxury Spanish Designer House for Sale | Top City-1, Islamabad",PKR 10.5 Crore,105000000,7,6,1 Kanal,4500.0,23333,House,True,27,27Share on FacebookShare on TwitterShare on WhatsAppSend via GMailSend via E-Mail,81,Houses_Islamabad,2026-07-29,https://www.zameen.com/Property/islamabad_top_city_1_one_kanal_luxury_spanish_designer_house_for_sale_top_city-1_islamabad-54539476-1383-1.html
10Marla Solid Constructed 2Side Open House With 10Marla Green Patch With Stunning Murree Facing View,PKR 5.5 Crore,55000000,5,6,10 Marla,2250.0,24444,House,False,36,36Share on FacebookShare on TwitterShare on WhatsAppSend via GMailSend via E-Mail,81,Houses_Islamabad,2026-07-29,https://www.zameen.com/Property/bahria_enclave_bahria_enclave_-_sector_m_10marla_solid_constructed_2side_open_house_with_10marla_green_patch_with_stunning_murree_facing_view-54397214-11977-1.html
1 Kanal Ideal Location Designer House With Stunning Hills View Deadend Street & Solar,PKR 12 Crore,120000000,5,6,1 Kanal,4500.0,26666,House,False,34,34Share on FacebookShare on TwitterShare on WhatsAppSend via GMailSend via E-Mail,81,Houses_Islamabad,2026-07-29,https://www.zameen.com/Property/bahria_enclave_bahria_enclave_-_sector_c_1_kanal_ideal_location_designer_house_with_stunning_hills_view_deadend_street_solar-54330691-11973-1.html
1 Kanal Classic Designer House for Sale in DHA Phase 2 Islamabad,PKR 11.2 Crore,112000000,5,6,1 Kanal,4500.0,24888,House,True,16,super hot16Share on FacebookShare on TwitterShare on WhatsAppSend via GMailSend via E-Mail,90,Houses_Islamabad,2026-07-29,https://www.zameen.com/Property/dha_defence_dha_defence_phase_2_1_kanal_classic_designer_house_for_sale_in_dha_phase_2_islamabad-54438236-339-1.html
To sale You Can Find Spacious House In MPCHS - Block E,PKR 4.3 Crore,43000000,,,8 Marla,1800.0,23888,House,True,,super hotVerifiedShare on FacebookShare on TwitterShare on WhatsAppSend via GMailSend via E-Mail,96,Houses_Islamabad,2026-07-29,https://www.zameen.com/Property/mpchs_multi_gardens_mpchs_-_block_e_to_sale_you_can_find_spacious_house_in_mpchs_-_block_e-54265578-3120-1.html
BEAUTIFUL LOCATION MODERN LUXURY HOUSE FOR SALE SOLID CONSTRUCTION,PKR 12 Crore,120000000,5,6,10 Marla,2250.0,53333,House,True,22,super hot22Share on FacebookShare on TwitterShare on WhatsAppSend via GMailSend via E-Mail,90,Houses_Islamabad,2026-07-29,https://www.zameen.com/Property/islamabad_d-12_beautiful_location_modern_luxury_house_for_sale_solid_construction-54460361-160-1.html
"5 Marla Luxury Designer House For Sale In Sector F, DHA Phase 5 Islamabad",PKR 3.5 Crore,35000000,4,4,5 Marla,1125.0,31111,House,True,8,super hot8VerifiedShare on FacebookShare on TwitterShare on WhatsAppSend via GMailSend via E-Mail,97,Houses_Islamabad,2026-07-29,https://www.zameen.com/Property/dha_defence_phase_5_dha_phase_5_-_sector_f_5_marla_luxury_designer_house_for_sale_in_sector_f_dha_phase_5_islamabad-54361536-8836-1.html
F7 Porsche Located 1777 Sqy Big Lawn House Near to Margalla Road for Sale,PKR 90 Crore,900000000,4,5,3.6 Kanal,16200.0,55555,House,True,17,super hot17Share on FacebookShare on TwitterShare on WhatsAppSend via GMailSend via E-Mail,90,Houses_Islamabad,2026-07-29,https://www.zameen.com/Property/islamabad_f-7_f7_porsche_located_1777_sqy_big_lawn_house_near_to_margalla_road_for_sale-54119721-165-1.html
I-10/1 Brand New Double Storey House For Sale Size 4 Marla,PKR 3.5 Crore,35000000,6,5,4 Marla,900.0,38888,House,True,8,super hot8Share on FacebookShare on TwitterShare on WhatsAppSend via GMailSend via E-Mail,89,Houses_Islamabad,2026-07-29,https://www.zameen.com/Property/i_10_i-10_1_i-10_1_brand_new_double_storey_house_for_sale_size_4_marla-54497222-3420-1.html
Brand New House For Sale,PKR 4.5 Crore,45000000,5,6,4 Marla,900.0,50000,House,True,26,super hot26Share on FacebookShare on TwitterShare on WhatsAppSend via GMailSend via E-Mail,90,Houses_Islamabad,2026-07-29,https://www.zameen.com/Property/islamabad_d-12_brand_new_house_for_sale-54349178-160-1.html
G-11/2 NEW HOUSE 30+60 CORNER FOR SALE,PKR 8.75 Crore,87500000,5,5,8 Marla,1800.0,48611,House,True,10,super hot10Share on FacebookShare on TwitterShare on WhatsAppSend via GMailSend via E-Mail,90,Houses_Islamabad,2026-07-29,https://www.zameen.com/Property/g_11_g-11_2_g-11_2_new_house_30_60_corner_for_sale-54453091-3331-1.html
4 Bed Double Storey House For Sale On 5 Marla,PKR 1.7 Crore,17000000,1,6,5 Marla,1125.0,15111,House,True,12,super hot12Share on FacebookShare on TwitterShare on WhatsAppSend via GMailSend via E-Mail,90,Houses_Islamabad,2026-07-29,https://www.zameen.com/Property/islamabad_bani_gala_4_bed_double_storey_house_for_sale_on_5_marla-54108031-340-1.html
13 Marla House Available For Sale Dha Phase 3,PKR 6 Crore,60000000,5,5,13 Marla,2925.0,20512,House,True,18,super hot18Share on FacebookShare on TwitterShare on WhatsAppSend via GMailSend via E-Mail,90,Houses_Islamabad,2026-07-29,https://www.zameen.com/Property/dha_defence_dha_defence_phase_3_13_marla_house_available_for_sale_dha_phase_3-54224567-8412-1.html
Sector A Prime Location House For Sale in Bahria Enclave Islamabad,PKR 5.34 Crore,53400000,5,6,10 Marla,2250.0,23733,House,True,15,hot15Share on FacebookShare on TwitterShare on WhatsAppSend via GMailSend via E-Mail,84,Houses_Islamabad,2026-07-29,https://www.zameen.com/Property/bahria_enclave_bahria_enclave_-_sector_a_sector_a_prime_location_house_for_sale_in_bahria_enclave_islamabad-54499565-11970-1.html
Classic Design House For Sale In DHA-1 Sector F,PKR 14 Crore,140000000,7,7,1.1 Kanal,4950.0,28282,House,True,48,hot48Share on FacebookShare on TwitterShare on WhatsAppSend via GMailSend via E-Mail,84,Houses_Islamabad,2026-07-29,https://www.zameen.com/Property/dha_defence_phase_1_dha_phase_1_-_sector_f_classic_design_house_for_sale_in_dha-1_sector_f-52982350-8226-1.html
24 Marla furnished house with basement,PKR 13.9 Crore,139000000,8,,1.2 Kanal,5400.0,25740,House,False,19,hot19Share on FacebookShare on TwitterShare on WhatsAppSend via GMailSend via E-Mail,84,Houses_Islamabad,2026-07-29,https://www.zameen.com/Property/bahria_enclave_bahria_enclave_-_sector_a_24_marla_furnished_house_with_basement-54538502-11970-1.html
Bahria Enclave Islamabad Sector N 5marla House For Sale,PKR 2.4 Crore,24000000,3,4,5 Marla,1125.0,21333,House,False,20,hot20Share on FacebookShare on TwitterShare on WhatsAppSend via GMailSend via E-Mail,84,Houses_Islamabad,2026-07-29,https://www.zameen.com/Property/bahria_enclave_bahria_enclave_-_sector_n_bahria_enclave_islamabad_sector_n_5marla_house_for_sale-54486063-11975-1.html
one kanal corenr house available for sale in dha 2,PKR 8 Crore,80000000,6,6,1 Kanal,4500.0,17777,House,False,9,hot9Share on FacebookShare on TwitterShare on WhatsAppSend via GMailSend via E-Mail,83,Houses_Islamabad,2026-07-29,https://www.zameen.com/Property/dha_defence_dha_defence_phase_2_one_kanal_corenr_house_available_for_sale_in_dha_2-54538364-339-1.html
7 bedroom full fledge house,PKR 60 Crore,600000000,60,6,1.3 Kanal,5850.0,102564,House,False,33,hot33Share on FacebookShare on TwitterShare on WhatsAppSend via GMailSend via E-Mail,84,Houses_Islamabad,2026-07-29,https://www.zameen.com/Property/f_7_f-7_3_7_bedroom_full_fledge_house-54538389-3309-1.html
"Brand New Double Story Designer House for Sale, Block-A, Size (30 x 60) Faisal Town Phase 1, Islamabad.",PKR 4.2 Crore,42000000,5,6,8 Marla,1800.0,23333,House,False,38,hot38Share on FacebookShare on TwitterShare on WhatsAppSend via GMailSend via E-Mail,84,Houses_Islamabad,2026-07-29,https://www.zameen.com/Property/faisal_town_phase_1_faisal_town_phase_1_-_block_a_brand_new_double_story_designer_house_for_sale_block-a_size_30_x_60_faisal_town_phase_1_islamabad-54538283-16416-1.html
G-13 35X70 Brand New House Available For Sale,PKR 8.75 Crore,87500000,6,6,10 Marla,2250.0,38888,House,False,10,10Share on FacebookShare on TwitterShare on WhatsAppSend via GMailSend via E-Mail,81,Houses_Islamabad,2026-07-29,https://www.zameen.com/Property/islamabad_g-13_g-13_35x70_brand_new_house_available_for_sale-54467701-330-1.html
G-13 30X60 Brand new Double story Luxury House available for sale,PKR 6.85 Crore,68500000,5,6,7 Marla,1575.0,43492,House,False,22,22Share on FacebookShare on TwitterShare on WhatsAppSend via GMailSend via E-Mail,81,Houses_Islamabad,2026-07-29,https://www.zameen.com/Property/islamabad_g-13_g-13_30x60_brand_new_double_story_luxury_house_available_for_sale-54482708-330-1.html
G-13 25*40 House Available For Sale,PKR 3.35 Crore,33500000,4,,4 Marla,900.0,37222,House,False,12,12Share on FacebookShare on TwitterShare on WhatsAppSend via GMailSend via E-Mail,81,Houses_Islamabad,2026-07-29,https://www.zameen.com/Property/islamabad_g-13_g-13_25_40_house_available_for_sale-54482862-330-1.html
G-13 25x40 Brand New Double Storey House Available For Sale,PKR 4.15 Crore,41500000,4,4,4 Marla,900.0,46111,House,False,18,18Share on FacebookShare on TwitterShare on WhatsAppSend via GMailSend via E-Mail,81,Houses_Islamabad,2026-07-29,https://www.zameen.com/Property/islamabad_g-13_g-13_25x40_brand_new_double_storey_house_available_for_sale-54499513-330-1.html
"1 Kanal House for Sale in DHA Phase 2, Islamabad | Prime Location",PKR 13.75 Crore,137500000,5,6,1 Kanal,4500.0,30555,House,False,12,12Share on FacebookShare on TwitterShare on WhatsAppSend via GMailSend via E-Mail,81,Houses_Islamabad,2026-07-29,https://www.zameen.com/Property/dha_defence_dha_defence_phase_2_1_kanal_house_for_sale_in_dha_phase_2_islamabad_prime_location-54533453-339-1.html
1 KANAL SLIGHTLY USED HOUSE FOR SALE DHA PHASE 2,PKR 14.5 Crore,145000000,5,6,1 Kanal,4500.0,32222,House,False,18,18Share on FacebookShare on TwitterShare on WhatsAppSend via GMailSend via E-Mail,81,Houses_Islamabad,2026-07-29,https://www.zameen.com/Property/dha_defence_dha_defence_phase_2_1_kanal_slightly_used_house_for_sale_dha_phase_2-54533277-339-1.html
"1 Kanal House For Sale In DHA Phase 2, Islamabad | Prime Location",PKR 14.5 Crore,145000000,5,6,1 Kanal,4500.0,32222,House,False,14,14Share on FacebookShare on TwitterShare on WhatsAppSend via GMailSend via E-Mail,81,Houses_Islamabad,2026-07-29,https://www.zameen.com/Property/dha_defence_dha_defence_phase_2_1_kanal_house_for_sale_in_dha_phase_2_islamabad_prime_location-54516592-339-1.html
Stunning House Is Available For sale In F-11/2,PKR 10.5 Crore,105000000,6,6,9.3 Marla,2092.5,50179,House,False,5,5VerifiedShare on FacebookShare on TwitterShare on WhatsAppSend via GMailSend via E-Mail,88,Houses_Islamabad,2026-07-29,https://www.zameen.com/Property/f_11_f-11_2_stunning_house_is_available_for_sale_in_f-11_2-52130218-3283-1.html
Best House Of Dha Available For Sale,PKR 16 Crore,160000000,5,6,1 Kanal,4500.0,35555,House,True,18,super hot18Share on FacebookShare on TwitterShare on WhatsAppSend via GMailSend via E-Mail,90,Houses_Islamabad,2026-07-29,https://www.zameen.com/Property/dha_defence_dha_defence_phase_2_best_house_of_dha_available_for_sale-54162847-339-1.html
Modern Design Brand New House Available For Sale In I-10/2 (6 Marla),PKR 5.99 Crore,59900000,5,5,6 Marla,1350.0,44370,House,True,30,super hot301VerifiedShare on FacebookShare on TwitterShare on WhatsAppSend via GMailSend via E-Mail,99,Houses_Islamabad,2026-07-29,https://www.zameen.com/Property/islamabad_i-10_modern_design_brand_new_house_available_for_sale_in_i-10_2_6_marla-54357732-173-1.html
FOR SALE 1000 Sqyrd Brand New Designer Triple Storey CDA Transfer F_8/2,PKR 70 Crore,700000000,7,7,2 Kanal,9000.0,77777,House,True,6,super hot6Share on FacebookShare on TwitterShare on WhatsAppSend via GMailSend via E-Mail,89,Houses_Islamabad,2026-07-29,https://www.zameen.com/Property/islamabad_f-8_for_sale_1000_sqyrd_brand_new_designer_triple_storey_cda_transfer_f_8_2-54513389-166-1.html
Ultra Modern Fully Furnished 1 Kanal Designer House Ready For Sale In DHA DEFENCE PHASE 2 ISLAMABAD,PKR 12.5 Crore,125000000,5,6,1 Kanal,4500.0,27777,House,True,18,super hot18Share on FacebookShare on TwitterShare on WhatsAppSend via GMailSend via E-Mail,90,Houses_Islamabad,2026-07-29,https://www.zameen.com/Property/dha_defence_dha_defence_phase_2_ultra_modern_fully_furnished_1_kanal_designer_house_ready_for_sale_in_dha_defence_phase_2_islamabad-54530474-339-1.html
Corner 1 Kanal Elegant Design House Near Family Bee Park,PKR 13.25 Crore,132500000,6,7,1 Kanal,4500.0,29444,House,True,14,super hot14Share on FacebookShare on TwitterShare on WhatsAppSend via GMailSend via E-Mail,90,Houses_Islamabad,2026-07-29,https://www.zameen.com/Property/dha_defence_dha_defence_phase_2_corner_1_kanal_elegant_design_house_near_family_bee_park-54421231-339-1.html
E-11/1 Kanal 3 Storey House For Sale,PKR 14 Crore,140000000,10,,1 Kanal,4500.0,31111,House,True,4,super hot4VerifiedShare on FacebookShare on TwitterShare on WhatsAppSend via GMailSend via E-Mail,97,Houses_Islamabad,2026-07-29,https://www.zameen.com/Property/islamabad_e-11_e-11_1_kanal_3_storey_house_for_sale-54228158-329-1.html
House Of 1 Kanal Is Available For sale In E-11/3,PKR 20 Crore,200000000,,,1 Kanal,4500.0,44444,House,True,4,super hot4VerifiedShare on FacebookShare on TwitterShare on WhatsAppSend via GMailSend via E-Mail,97,Houses_Islamabad,2026-07-29,https://www.zameen.com/Property/e_11_e-11_3_house_of_1_kanal_is_available_for_sale_in_e-11_3-54313680-3238-1.html
G 13 HOUSE 14 Marla 40x80 VERY IDEAL LOCATION ON 50 FEET ROAD PINDI FACE NEAR PARK AND BASIC AMUNITIES,PKR 10.95 Crore,109500000,7,6,14 Marla,3150.0,34761,House,True,48,super hot481VerifiedShare on FacebookShare on TwitterShare on WhatsAppSend via GMailSend via E-Mail,99,Houses_Islamabad,2026-07-29,https://www.zameen.com/Property/islamabad_g-13_g_13_house_14_marla_40x80_very_ideal_location_on_50_feet_road_pindi_face_near_park_and_basic_amunities-54378827-330-1.html
Brand New House For Sale in Multi Garden B17 islamabad Block C1,PKR 6.5 Crore,65000000,5,6,10 Marla,2250.0,28888,House,True,20,super hot20Share on FacebookShare on TwitterShare on WhatsAppSend via GMailSend via E-Mail,90,Houses_Islamabad,2026-07-29,https://www.zameen.com/Property/mpchs_multi_gardens_mpchs_-_block_c1_brand_new_house_for_sale_in_multi_garden_b17_islamabad_block_c1-54535508-12607-1.html
7 Marla House For Sale In Jinnha Garden Phase 1 Brand New Modern House,PKR 3.6 Crore,36000000,4,6,7 Marla,1575.0,22857,House,True,16,super hot16Share on FacebookShare on TwitterShare on WhatsAppSend via GMailSend via E-Mail,90,Houses_Islamabad,2026-07-29,https://www.zameen.com/Property/jinnah_gardens_jinnah_gardens_phase_1_7_marla_house_for_sale_in_jinnha_garden_phase_1_brand_new_modern_house-54344495-1421-1.html
2 Kanal Luxury Lavish Villa For Sale,PKR 19 Crore,190000000,5,6,2 Kanal,9000.0,21111,House,True,35,hot35Share on FacebookShare on TwitterShare on WhatsAppSend via GMailSend via E-Mail,84,Houses_Islamabad,2026-07-29,https://www.zameen.com/Property/bahria_garden_city_bahria_garden_city_-_zone_1_2_kanal_luxury_lavish_villa_for_sale-51907593-10605-1.html
Sector G Gray Structure For Sale In Sector G Bahria Enclave Islamabad,PKR 2.9 Crore,29000000,5,5,8 Marla,1800.0,16111,Unknown,True,11,hot11Share on FacebookShare on TwitterShare on WhatsAppSend via GMailSend via E-Mail,84,Houses_Islamabad,2026-07-29,https://www.zameen.com/Property/bahria_enclave_bahria_enclave_-_sector_g_sector_g_gray_structure_for_sale_in_sector_g_bahria_enclave_islamabad-54494325-11984-1.html
25 Marla Brand New Fully Furnished Designer House Ready For Sale in DHA DEFENSE PHASE 2 ISLAMABAD,PKR 15 Crore,150000000,7,6,2 Kanal,9000.0,16666,House,False,28,hot28Share on FacebookShare on TwitterShare on WhatsAppSend via GMailSend via E-Mail,84,Houses_Islamabad,2026-07-29,https://www.zameen.com/Property/dha_defence_dha_defence_phase_2_25_marla_brand_new_fully_furnished_designer_house_ready_for_sale_in_dha_defense_phase_2_islamabad-54423984-339-1.html
Not Just A Luxury House A Long-Term Real Estate Asset.,PKR 6 Crore,60000000,6,7,7 Marla,1575.0,38095,House,False,36,hot36VerifiedShare on FacebookShare on TwitterShare on WhatsAppSend via GMailSend via E-Mail,92,Houses_Islamabad,2026-07-29,https://www.zameen.com/Property/g_14_g-14_3_not_just_a_luxury_house_a_long-term_real_estate_asset-54245938-3345-1.html
Brand New 10 Marla House,PKR 5.25 Crore,52500000,6,6,10 Marla,2250.0,23333,House,False,37,hot37Share on FacebookShare on TwitterShare on WhatsAppSend via GMailSend via E-Mail,84,Houses_Islamabad,2026-07-29,https://www.zameen.com/Property/islamabad_faisal_town_-_f-18_brand_new_10_marla_house-51449971-8260-1.html
G-14/3 Brand New 40*80(14 Marla) house for sale,PKR 8 Crore,80000000,7,6,14 Marla,3150.0,25396,House,False,17,hot17Share on FacebookShare on TwitterShare on WhatsAppSend via GMailSend via E-Mail,84,Houses_Islamabad,2026-07-29,https://www.zameen.com/Property/g_14_g-14_3_g-14_3_brand_new_40_80_14_marla_house_for_sale-54537977-3345-1.html
G 15/3 Size 25x50 5 Marla Brand New House For Sale Beautiful Location,PKR 4.25 Crore,42500000,5,6,5 Marla,1125.0,37777,House,False,16,hot16Share on FacebookShare on TwitterShare on WhatsAppSend via GMailSend via E-Mail,84,Houses_Islamabad,2026-07-29,https://www.zameen.com/Property/g_15_g-15_3_g_15_3_size_25x50_5_marla_brand_new_house_for_sale_beautiful_location-54537828-3350-1.html
Brand New House For Sale in Multi Garden B17 islamabad Block C1,PKR 13.5 Crore,135000000,6,6,2 Kanal,9000.0,15000,House,False,26,26Share on FacebookShare on TwitterShare on WhatsAppSend via GMailSend via E-Mail,81,Houses_Islamabad,2026-07-29,https://www.zameen.com/Property/mpchs_multi_gardens_mpchs_-_block_c1_brand_new_house_for_sale_in_multi_garden_b17_islamabad_block_c1-54539007-12607-1.html
1500 Square Feet House In G-9 For Sale At Good Location,PKR 6.25 Crore,62500000,5,4,6.7 Marla,1507.5,41459,House,False,7,7VerifiedShare on FacebookShare on TwitterShare on WhatsAppSend via GMailSend via E-Mail,88,Houses_Islamabad,2026-07-29,https://www.zameen.com/Property/islamabad_g-9_1500_square_feet_house_in_g-9_for_sale_at_good_location-54485417-171-1.html
Brand New 5 Bed Designer Double Highted A+ Quality Construction House For Sale,PKR 9.75 Crore,97500000,9,6,1 Kanal,4500.0,21666,House,True,17,17VerifiedShare on FacebookShare on TwitterShare on WhatsAppSend via GMailSend via E-Mail,89,Houses_Islamabad,2026-07-29,https://www.zameen.com/Property/dha_defence_dha_defence_phase_2_brand_new_5_bed_designer_double_highted_a_quality_construction_house_for_sale-54471500-339-1.html
Brand New Fully Furnished Ultra Modern Mansion In DHA-2,PKR 12.75 Crore,127500000,5,6,1 Kanal,4500.0,28333,Unknown,True,37,37VerifiedShare on FacebookShare on TwitterShare on WhatsAppSend via GMailSend via E-Mail,89,Houses_Islamabad,2026-07-29,https://www.zameen.com/Property/dha_defence_dha_defence_phase_2_brand_new_fully_furnished_ultra_modern_mansion_in_dha-2-54471510-339-1.html
Brand New Ultra Modern Mansion A+ Quality Prime Location,PKR 10.2 Crore,102000000,6,6,1 Kanal,4500.0,22666,Unknown,True,18,18VerifiedShare on FacebookShare on TwitterShare on WhatsAppSend via GMailSend via E-Mail,89,Houses_Islamabad,2026-07-29,https://www.zameen.com/Property/dha_defence_dha_defence_phase_2_brand_new_ultra_modern_mansion_a_quality_prime_location-54471505-339-1.html
Brand New Ultra Modern Corner Mansion With Swimming Pool And Elevator A+ Quality Construction,PKR 15.5 Crore,155000000,6,6,1 Kanal,4500.0,34444,Unknown,True,26,26VerifiedShare on FacebookShare on TwitterShare on WhatsAppSend via GMailSend via E-Mail,89,Houses_Islamabad,2026-07-29,https://www.zameen.com/Property/dha_defence_dha_defence_phase_2_brand_new_ultra_modern_corner_mansion_with_swimming_pool_and_elevator_a_quality_construction-54471501-339-1.html
08 MARLA BRAND NEW HOUSE AVAILABLE FOR SALE IN FAISAL TOWN F-18 ISLAMABAD,PKR 3.25 Crore,32500000,5,6,8 Marla,1800.0,18055,House,False,18,18Share on FacebookShare on TwitterShare on WhatsAppSend via GMailSend via E-Mail,81,Houses_Islamabad,2026-07-29,https://www.zameen.com/Property/islamabad_faisal_town_-_f-18_08_marla_brand_new_house_available_for_sale_in_faisal_town_f-18_islamabad-53721716-8260-1.html
"Spacious & Exquisite Under-Construction House for Sale on 3rd Avenue, Sector A DHA Phase 4, Islamabad",PKR 6.5 Crore,65000000,8,7,1 Kanal,4500.0,14444,House,False,7,7Share on FacebookShare on TwitterShare on WhatsAppSend via GMailSend via E-Mail,80,Houses_Islamabad,2026-07-29,https://www.zameen.com/Property/dha_defence_phase_4_dha_phase_4_-_sector_a_spacious_exquisite_under-construction_house_for_sale_on_3rd_avenue_sector_a_dha_phase_4_islamabad-54357902-13956-1.html
Prime Location Brand New 4 Marla House For Sale Located D-12 Islamabad,PKR 5.5 Crore,55000000,3,4,4.4 Marla,990.0000000000001,55555,House,True,32,super hot321Share on FacebookShare on TwitterShare on WhatsAppSend via GMailSend via E-Mail,91,Houses_Islamabad,2026-07-29,https://www.zameen.com/Property/islamabad_d-12_prime_location_brand_new_4_marla_house_for_sale_located_d-12_islamabad-54011538-160-1.html
"4.44 Marla Single Unit House For Sale | Investor Rate | CDA Sector D-12/1, Islamabad",PKR 4.5 Crore,45000000,4,4,4.4 Marla,990.0000000000001,45454,House,True,19,super hot19Share on FacebookShare on TwitterShare on WhatsAppSend via GMailSend via E-Mail,90,Houses_Islamabad,2026-07-29,https://www.zameen.com/Property/d_12_d-12_1_4_44_marla_single_unit_house_for_sale_investor_rate_cda_sector_d-12_1_islamabad-54514609-3154-1.html
Fully furnished 1 Kanal Spanish Style House For Sale In DHA Phase 2,PKR 16.5 Crore,165000000,5,6,1 Kanal,4500.0,36666,House,True,42,super hot42Share on FacebookShare on TwitterShare on WhatsAppSend via GMailSend via E-Mail,90,Houses_Islamabad,2026-07-29,https://www.zameen.com/Property/dha_defence_dha_defence_phase_2_fully_furnished_1_kanal_spanish_style_house_for_sale_in_dha_phase_2-54480942-339-1.html
G-13 BRAND NEW CORNER HOUSE 25X40,PKR 4.5 Crore,45000000,5,5,4 Marla,900.0,50000,House,True,14,super hot14Share on FacebookShare on TwitterShare on WhatsAppSend via GMailSend via E-Mail,90,Houses_Islamabad,2026-07-29,https://www.zameen.com/Property/islamabad_g-13_g-13_brand_new_corner_house_25x40-54478680-330-1.html
Dha2 One Kanal Owner Built Designer House,PKR 11.9 Crore,119000000,5,6,1 Kanal,4500.0,26444,House,True,28,super hot28Share on FacebookShare on TwitterShare on WhatsAppSend via GMailSend via E-Mail,90,Houses_Islamabad,2026-07-29,https://www.zameen.com/Property/dha_defence_dha_defence_phase_2_dha2_one_kanal_owner_built_designer_house-52491800-339-1.html
"1 Kanal Luxury House For Sale In B-17, Multi Gardens, Islamabad",PKR 7.5 Crore,75000000,8,6,1 Kanal,4500.0,16666,House,True,29,super hot29Share on FacebookShare on TwitterShare on WhatsAppSend via GMailSend via E-Mail,90,Houses_Islamabad,2026-07-29,https://www.zameen.com/Property/islamabad_b-17_1_kanal_luxury_house_for_sale_in_b-17_multi_gardens_islamabad-54524787-616-1.html
INVESTOR PRICE G-6/3 Demolished House | 3.5 Kanal | Urgent sale,PKR 53.85 Crore,538500000,3,3,3.3 Kanal,14850.0,36262,House,True,7,super hot7Share on FacebookShare on TwitterShare on WhatsAppSend via GMailSend via E-Mail,89,Houses_Islamabad,2026-07-29,https://www.zameen.com/Property/g_6_g-6_3_investor_price_g-6_3_demolished_house_3_5_kanal_urgent_sale-54534899-3364-1.html
5 Marla(25x50) House Available For Sale In Mpchs Multi Garden B17 Islamabad,PKR 2 Crore,20000000,3,4,5 Marla,1125.0,17777,House,True,18,super hot18Share on FacebookShare on TwitterShare on WhatsAppSend via GMailSend via E-Mail,90,Houses_Islamabad,2026-07-29,https://www.zameen.com/Property/b_17_mpchs_-_multi_gardens_5_marla_25x50_house_available_for_sale_in_mpchs_multi_garden_b17_islamabad-54520189-3115-1.html
Brand New House Available for Sale in DHA 3,PKR 5.9 Crore,59000000,5,6,13 Marla,2925.0,20170,House,True,13,super hot13Share on FacebookShare on TwitterShare on WhatsAppSend via GMailSend via E-Mail,90,Houses_Islamabad,2026-07-29,https://www.zameen.com/Property/dha_defence_dha_defence_phase_3_brand_new_house_available_for_sale_in_dha_3-54386183-8412-1.html
8 Marla House For Sale,PKR 3.39 Crore,33900000,6,6,8 Marla,1800.0,18833,House,True,16,super hot16Share on FacebookShare on TwitterShare on WhatsAppSend via GMailSend via E-Mail,90,Houses_Islamabad,2026-07-29,https://www.zameen.com/Property/islamabad_faisal_town_-_f-18_8_marla_house_for_sale-54329460-8260-1.html
Prime Location D-12/4 House Sized 10 Marla Is For Sale,PKR 12.1 Crore,121000000,6,6,10 Marla,2250.0,53777,House,True,37,hot371VerifiedShare on FacebookShare on TwitterShare on WhatsAppSend via GMailSend via E-Mail,93,Houses_Islamabad,2026-07-29,https://www.zameen.com/Property/d_12_d-12_4_prime_location_d-12_4_house_sized_10_marla_is_for_sale-53763427-3157-1.html
40x80 (14 MARLA) House With Solar System Installed Available For Sale In D-12.,PKR 16.5 Crore,165000000,5,6,14 Marla,3150.0,52380,House,True,32,hot32Share on FacebookShare on TwitterShare on WhatsAppSend via GMailSend via E-Mail,84,Houses_Islamabad,2026-07-29,https://www.zameen.com/Property/islamabad_d-12_40x80_14_marla_house_with_solar_system_installed_available_for_sale_in_d-12-53758422-160-1.html
"Not Just A Home A Statement Of Status, Lifestyle, And Ease",PKR 19.5 Crore,195000000,6,6,1.2 Kanal,5400.0,36111,House,False,17,hot17VerifiedShare on FacebookShare on TwitterShare on WhatsAppSend via GMailSend via E-Mail,92,Houses_Islamabad,2026-07-29,https://www.zameen.com/Property/g_14_g-14_4_not_just_a_home_a_statement_of_status_lifestyle_and_ease-54120592-3346-1.html
House Is Available For Sale,PKR 5.5 Crore,55000000,3,3,4 Marla,900.0,61111,House,False,30,hot30Share on FacebookShare on TwitterShare on WhatsAppSend via GMailSend via E-Mail,84,Houses_Islamabad,2026-07-29,https://www.zameen.com/Property/d_12_d-12_1_house_is_available_for_sale-54411671-3154-1.html
House Is Available For Sale,PKR 4.2 Crore,42000000,3,3,4 Marla,900.0,46666,House,False,23,hot231VerifiedShare on FacebookShare on TwitterShare on WhatsAppSend via GMailSend via E-Mail,93,Houses_Islamabad,2026-07-29,https://www.zameen.com/Property/islamabad_d-12_house_is_available_for_sale-54183860-160-1.html
House Is Available For Sale,PKR 5.5 Crore,55000000,4,,5 Marla,1125.0,48888,House,False,12,hot12Share on FacebookShare on TwitterShare on WhatsAppSend via GMailSend via E-Mail,84,Houses_Islamabad,2026-07-29,https://www.zameen.com/Property/islamabad_d-12_house_is_available_for_sale-54354795-160-1.html
5 Marla Modern Design Houses Available For Sale At DHA Phase 5,PKR 3.9 Crore,39000000,4,5,5 Marla,1125.0,34666,House,False,13,hot13Share on FacebookShare on TwitterShare on WhatsAppSend via GMailSend via E-Mail,84,Houses_Islamabad,2026-07-29,https://www.zameen.com/Property/dha_defence_dha_defence_phase_5_5_marla_modern_design_houses_available_for_sale_at_dha_phase_5-54446119-10991-1.html
LUXURIOUS BRAND NEW 05 MARLA HOUSE AVAILABLE FOR SALE IN FAISAL TOWN F-18 ISLAMABAD,PKR 2.6 Crore,26000000,5,6,5 Marla,1125.0,23111,House,False,11,11Share on FacebookShare on TwitterShare on WhatsAppSend via GMailSend via E-Mail,81,Houses_Islamabad,2026-07-29,https://www.zameen.com/Property/islamabad_faisal_town_-_f-18_luxurious_brand_new_05_marla_house_available_for_sale_in_faisal_town_f-18_islamabad-53721725-8260-1.html
Brand New 5 Marla House for Sale | FMC B-17 Islamabad | Prime Location,PKR 2.7 Crore,27000000,4,4,5 Marla,1125.0,24000,House,False,14,14Share on FacebookShare on TwitterShare on WhatsAppSend via GMailSend via E-Mail,81,Houses_Islamabad,2026-07-29,https://www.zameen.com/Property/b_17_faisal_margalla_city_brand_new_5_marla_house_for_sale_fmc_b-17_islamabad_prime_location-54486888-13424-1.html
48 Marla Grey Structure with 28 Marla Lawn DHA Phase 5,PKR 17.95 Crore,179500000,6,7,2.4 Kanal,10800.0,16620,Unknown,False,43,43Share on FacebookShare on TwitterShare on WhatsAppSend via GMailSend via E-Mail,81,Houses_Islamabad,2026-07-29,https://www.zameen.com/Property/dha_defence_dha_defence_phase_5_48_marla_grey_structure_with_28_marla_lawn_dha_phase_5-54538863-10991-1.html
Investor Alert F7/3 Margalla Face 1244 Syd House 4bedroom drawing and dining TV Lounge with sqtr Margalla Facing CDA Transfer Top Location in F7 Near to Margalla Road and 7th avenue,PKR 70 Crore,700000000,70,5,2.5 Kanal,11250.0,62222,House,True,6,6Share on FacebookShare on TwitterShare on WhatsAppSend via GMailSend via E-Mail,80,Houses_Islamabad,2026-07-29,https://www.zameen.com/Property/islamabad_f-7_investor_alert_f7_3_margalla_face_1244_syd_house_4bedroom_drawing_and_dining_tv_lounge_with_sqtr_margalla_facing_cda_transfer_top_location_in_f7_near_to_margalla_road_and_7th_avenue-54413725-165-1.html
Investor Alert F6 666 Syd Good Location House Margalla View Facing with 5 Bedrooms Drawing and Dining 2 TV Lounges 2 Servant Quarters,PKR 38.5 Crore,385000000,38,6,1.3 Kanal,5850.0,65811,House,True,25,25Share on FacebookShare on TwitterShare on WhatsAppSend via GMailSend via E-Mail,81,Houses_Islamabad,2026-07-29,https://www.zameen.com/Property/islamabad_f-6_investor_alert_f6_666_syd_good_location_house_margalla_view_facing_with_5_bedrooms_drawing_and_dining_2_tv_lounges_2_servant_quarters-54413635-164-1.html
F-6 Islamabad | 2400 Sq. Yards Margalla Facing Estate for Sale Where Luxury Meets Legacy,PKR 1.4 Arab,1400000000,5,6,4.8 Kanal,21600.0,64814,Unknown,True,16,16Share on FacebookShare on TwitterShare on WhatsAppSend via GMailSend via E-Mail,81,Houses_Islamabad,2026-07-29,https://www.zameen.com/Property/islamabad_f-6_f-6_islamabad_2400_sq_yards_margalla_facing_estate_for_sale_where_luxury_meets_legacy-54413350-164-1.html
Well-Constructed Semi Furnished House Available For Sale In Eighteen,PKR 6 Crore,60000000,4,4,12 Marla,2700.0,22222,House,False,37,37Share on FacebookShare on TwitterShare on WhatsAppSend via GMailSend via E-Mail,81,Houses_Islamabad,2026-07-29,https://www.zameen.com/Property/kashmir_highway_eighteen_well-constructed_semi_furnished_house_available_for_sale_in_eighteen-54140555-12602-1.html
Stunning House Is Available For Sale In Bahria  Garden City - Zone 1,PKR 16 Crore,160000000,10,,2 Kanal,9000.0,17777,House,False,35,35Share on FacebookShare on TwitterShare on WhatsAppSend via GMailSend via E-Mail,81,Houses_Islamabad,2026-07-29,https://www.zameen.com/Property/bahria_garden_city_bahria_garden_city_-_zone_1_stunning_house_is_available_for_sale_in_bahria_garden_city_-_zone_1-53582449-10605-1.html
10 MARLA NEW HOUSE FOR SALE F-17 ISLAMABAD ALL FACILITY AVAILABLE CDA PPROVED SECTOR,PKR 3.45 Crore,34500000,6,6,10 Marla,2250.0,15333,House,True,12,super hot12Share on FacebookShare on TwitterShare on WhatsAppSend via GMailSend via E-Mail,90,Houses_Islamabad,2026-07-29,https://www.zameen.com/Property/islamabad_f-17_10_marla_new_house_for_sale_f-17_islamabad_all_facility_available_cda_pproved_sector-53453761-335-1.html
80x120 Corner Prime Location House is for SALE,PKR 54 Crore,540000000,6,7,2.1 Kanal,9450.0,57142,House,True,7,super hot7Share on FacebookShare on TwitterShare on WhatsAppSend via GMailSend via E-Mail,89,Houses_Islamabad,2026-07-29,https://www.zameen.com/Property/islamabad_f-7_80x120_corner_prime_location_house_is_for_sale-54498799-165-1.html
8 Marla Corner Home For Sale,PKR 1.95 Crore,19500000,3,3,8 Marla,1800.0,10833,Unknown,True,28,super hot281Share on FacebookShare on TwitterShare on WhatsAppSend via GMailSend via E-Mail,91,Houses_Islamabad,2026-07-29,https://www.zameen.com/Property/dha_valley_oleander_sector_oleander_sector_-_dha_homes_block_a_8_marla_corner_home_for_sale-53287654-16792-1.html
Rare Park Facing Two Kanal Property at Investor Rate,PKR 44 Crore,440000000,6,7,2 Kanal,9000.0,48888,Unknown,True,11,super hot11Share on FacebookShare on TwitterShare on WhatsAppSend via GMailSend via E-Mail,90,Houses_Islamabad,2026-07-29,https://www.zameen.com/Property/islamabad_f-8_rare_park_facing_two_kanal_property_at_investor_rate-54500963-166-1.html
Brand New Independent Portions House Is For SALE,PKR 39 Crore,390000000,7,7,17.8 Marla,4005.0,97378,House,True,24,super hot24Share on FacebookShare on TwitterShare on WhatsAppSend via GMailSend via E-Mail,90,Houses_Islamabad,2026-07-29,https://www.zameen.com/Property/islamabad_f-6_brand_new_independent_portions_house_is_for_sale-54498683-164-1.html
i-8 Corner 600gz House for Sale in Prime Location,PKR 22.25 Crore,222500000,5,5,1.3 Kanal,5850.0,38034,House,True,13,super hot13Share on FacebookShare on TwitterShare on WhatsAppSend via GMailSend via E-Mail,90,Houses_Islamabad,2026-07-29,https://www.zameen.com/Property/islamabad_i-8_i-8_corner_600gz_house_for_sale_in_prime_location-54533669-174-1.html
12 Marla Brand New Spacious House available for sale in G15,PKR 6 Crore,60000000,7,6,12 Marla,2700.0,22222,House,True,28,super hot28Share on FacebookShare on TwitterShare on WhatsAppSend via GMailSend via E-Mail,90,Houses_Islamabad,2026-07-29,https://www.zameen.com/Property/islamabad_g-15_12_marla_brand_new_spacious_house_available_for_sale_in_g15-54533410-764-1.html
F 7 House Available 80*140 House Near Margla Road.,PKR 55 Crore,550000000,5,6,2.5 Kanal,11250.0,48888,House,True,47,super hot47Share on FacebookShare on TwitterShare on WhatsAppSend via GMailSend via E-Mail,90,Houses_Islamabad,2026-07-29,https://www.zameen.com/Property/f_7_f-7_3_f_7_house_available_80_140_house_near_margla_road-53022784-3309-1.html
Beautiful House For Sale In Soan Gardens,PKR 7.25 Crore,72500000,7,7,1 Kanal,4500.0,16111,House,True,33,super hot331VerifiedShare on FacebookShare on TwitterShare on WhatsAppSend via GMailSend via E-Mail,99,Houses_Islamabad,2026-07-29,https://www.zameen.com/Property/islamabad_soan_garden_beautiful_house_for_sale_in_soan_gardens-53795735-338-1.html
9 Marla Semi Double Storey House,PKR 2.8 Crore,28000000,4,5,9 Marla,2025.0,13827,House,True,19,super hot19Share on FacebookShare on TwitterShare on WhatsAppSend via GMailSend via E-Mail,90,Houses_Islamabad,2026-07-29,https://www.zameen.com/Property/islamabad_bani_gala_9_marla_semi_double_storey_house-54518147-340-1.html
Prime Location Good 10 Marla House For Sale In Top City 1 - Block D,PKR 4.9 Crore,49000000,5,5,10 Marla,2250.0,21777,House,True,5,hot5VerifiedShare on FacebookShare on TwitterShare on WhatsAppSend via GMailSend via E-Mail,91,Houses_Islamabad,2026-07-29,https://www.zameen.com/Property/top_city_1_top_city_1_-_block_d_prime_location_good_10_marla_house_for_sale_in_top_city_1_-_block_d-54016312-9233-1.html
A Block Beautiful Mansion For Sale,PKR 4.85 Crore,48500000,6,6,10 Marla,2250.0,21555,Unknown,True,41,hot41VerifiedShare on FacebookShare on TwitterShare on WhatsAppSend via GMailSend via E-Mail,92,Houses_Islamabad,2026-07-29,https://www.zameen.com/Property/islamabad_top_city_1_a_block_beautiful_mansion_for_sale-54016469-1383-1.html
22 Marla House for Sale in G-15,PKR 8.15 Crore,81500000,7,7,1.1 Kanal,4950.0,16464,House,False,28,hot28Share on FacebookShare on TwitterShare on WhatsAppSend via GMailSend via E-Mail,84,Houses_Islamabad,2026-07-29,https://www.zameen.com/Property/islamabad_g-15_22_marla_house_for_sale_in_g-15-54528382-764-1.html
12 Marla House Available For sell in G-15.,PKR 5.6 Crore,56000000,6,6,12 Marla,2700.0,20740,House,False,14,hot14Share on FacebookShare on TwitterShare on WhatsAppSend via GMailSend via E-Mail,84,Houses_Islamabad,2026-07-29,https://www.zameen.com/Property/islamabad_g-15_12_marla_house_available_for_sell_in_g-15-54528396-764-1.html
Double Storey New Real Picture Urgent Sale,PKR 5.62 Crore,56200000,6,6,12 Marla,2700.0,20814,House,False,47,hot471VerifiedShare on FacebookShare on TwitterShare on WhatsAppSend via GMailSend via E-Mail,93,Houses_Islamabad,2026-07-29,https://www.zameen.com/Property/islamabad_g-15_double_storey_new_real_picture_urgent_sale-54233882-764-1.html
"4 Marla (25x40) Brand New House For Sale In G-13, Islamabad",PKR 3.3 Crore,33000000,4,4,4 Marla,900.0,36666,House,False,9,hot9Share on FacebookShare on TwitterShare on WhatsAppSend via GMailSend via E-Mail,83,Houses_Islamabad,2026-07-29,https://www.zameen.com/Property/islamabad_g-13_4_marla_25x40_brand_new_house_for_sale_in_g-13_islamabad-54451415-330-1.html
Upper Bani Gala Luxury Brand New House With Sawing Pool Direct Deal With Owner For Sale,PKR 8.8 Crore,88000000,5,6,1 Kanal,4500.0,19555,House,False,9,hot9Share on FacebookShare on TwitterShare on WhatsAppSend via GMailSend via E-Mail,83,Houses_Islamabad,2026-07-29,https://www.zameen.com/Property/islamabad_bani_gala_upper_bani_gala_luxury_brand_new_house_with_sawing_pool_direct_deal_with_owner_for_sale-54000968-340-1.html
Buy Corner 10 Marla House At Highly Affordable Price,PKR 6.5 Crore,65000000,4,4,10 Marla,2250.0,28888,House,False,20,201VerifiedShare on FacebookShare on TwitterShare on WhatsAppSend via GMailSend via E-Mail,90,Houses_Islamabad,2026-07-29,https://www.zameen.com/Property/kashmir_highway_eighteen_buy_corner_10_marla_house_at_highly_affordable_price-52843691-12602-1.html
End Your Search For House Here And Sale Now,PKR 43.14 Crore,431400000,,,8 Kanal,36000.0,11983,House,False,9,9VerifiedShare on FacebookShare on TwitterShare on WhatsAppSend via GMailSend via E-Mail,88,Houses_Islamabad,2026-07-29,https://www.zameen.com/Property/kashmir_highway_eighteen_end_your_search_for_house_here_and_sale_now-47387023-12602-1.html
Reserve A Centrally Located House Of 8 Kanal In Eighteen,PKR 42.59 Crore,425900000,,,8 Kanal,36000.0,11830,House,False,18,18VerifiedShare on FacebookShare on TwitterShare on WhatsAppSend via GMailSend via E-Mail,89,Houses_Islamabad,2026-07-29,https://www.zameen.com/Property/kashmir_highway_eighteen_reserve_a_centrally_located_house_of_8_kanal_in_eighteen-47387029-12602-1.html
Beautiful Location Sector C 1 Kanal (50*90) House Available For Sale Ideal Location Reasonable Demand.,PKR 10.7 Crore,107000000,6,7,1 Kanal,4500.0,23777,House,False,16,16Share on FacebookShare on TwitterShare on WhatsAppSend via GMailSend via E-Mail,81,Houses_Islamabad,2026-07-29,https://www.zameen.com/Property/bahria_enclave_bahria_enclave_-_sector_c_beautiful_location_sector_c_1_kanal_50_90_house_available_for_sale_ideal_location_reasonable_demand-52455074-11973-1.html
Brand New Beautiful Designer House 10 Marla Available For Sale in Very Reasonable Demand.,PKR 4.95 Crore,49500000,5,6,10 Marla,2250.0,22000,House,False,15,15Share on FacebookShare on TwitterShare on WhatsAppSend via GMailSend via E-Mail,81,Houses_Islamabad,2026-07-29,https://www.zameen.com/Property/bahria_enclave_bahria_enclave_-_sector_c1_brand_new_beautiful_designer_house_10_marla_available_for_sale_in_very_reasonable_demand-52847342-11987-1.html
6 marla Brand New designer house for sale Bahria enclave islamabad,PKR 3.3 Crore,33000000,3,5,6 Marla,1350.0,24444,House,False,18,18Share on FacebookShare on TwitterShare on WhatsAppSend via GMailSend via E-Mail,81,Houses_Islamabad,2026-07-29,https://www.zameen.com/Property/bahria_town_bahria_enclave_6_marla_brand_new_designer_house_for_sale_bahria_enclave_islamabad-54538706-1705-1.html
50 Marla Corner With Lawn Designer House,PKR 15.95 Crore,159500000,4,6,2.5 Kanal,11250.0,14177,House,False,50,50Share on FacebookShare on TwitterShare on WhatsAppSend via GMailSend via E-Mail,81,Houses_Islamabad,2026-07-29,https://www.zameen.com/Property/dha_defence_dha_defence_phase_5_50_marla_corner_with_lawn_designer_house-54538682-10991-1.html
50 Feet Wide Road Front Open Green Land Beautiful Spanish House Available For Sale,PKR 6.8 Crore,68000000,6,6,1 Kanal,4500.0,15111,House,False,18,18Share on FacebookShare on TwitterShare on WhatsAppSend via GMailSend via E-Mail,81,Houses_Islamabad,2026-07-29,https://www.zameen.com/Property/g_16_g-16_4_50_feet_wide_road_front_open_green_land_beautiful_spanish_house_available_for_sale-54006619-3355-1.html
5 + 5 Kanal Main Margalla Road House with Extra Land is for SALE,PKR 2.1 Arab,2100000000,7,7,5 Kanal,22500.0,93333,House,True,8,super hot8Share on FacebookShare on TwitterShare on WhatsAppSend via GMailSend via E-Mail,89,Houses_Islamabad,2026-07-29,https://www.zameen.com/Property/islamabad_f-6_5_5_kanal_main_margalla_road_house_with_extra_land_is_for_sale-54495988-164-1.html
Double Storey,PKR 4.5 Crore,45000000,6,6,10 Marla,2250.0,20000,Unknown,True,28,super hot281VerifiedShare on FacebookShare on TwitterShare on WhatsAppSend via GMailSend via E-Mail,99,Houses_Islamabad,2026-07-29,https://www.zameen.com/Property/top_city_1_top_city_1_-_block_a_double_storey-54471549-9231-1.html
10 Marla Luxury Designer House for Sale | Spacious Living | Outclass Finishing | Premium Lifestyle,PKR 5.95 Crore,59500000,5,6,10 Marla,2250.0,26444,House,True,37,super hot37Share on FacebookShare on TwitterShare on WhatsAppSend via GMailSend via E-Mail,90,Houses_Islamabad,2026-07-29,https://www.zameen.com/Property/islamabad_top_city_1_10_marla_luxury_designer_house_for_sale_spacious_living_outclass_finishing_premium_lifestyle-54512208-1383-1.html
B17 Block E Brand New House Available For Sale A+ Construction,PKR 4.3 Crore,43000000,6,6,8 Marla,1800.0,23888,House,True,27,super hot27Share on FacebookShare on TwitterShare on WhatsAppSend via GMailSend via E-Mail,90,Houses_Islamabad,2026-07-29,https://www.zameen.com/Property/mpchs_multi_gardens_mpchs_-_block_e_b17_block_e_brand_new_house_available_for_sale_a_construction-54457593-3120-1.html
10 Marla Luxury House For Sale.,PKR 5.1 Crore,51000000,7,7,10 Marla,2250.0,22666,House,True,27,super hot27Share on FacebookShare on TwitterShare on WhatsAppSend via GMailSend via E-Mail,90,Houses_Islamabad,2026-07-29,https://www.zameen.com/Property/top_city_1_top_city_1_-_block_d_10_marla_luxury_house_for_sale-54516444-9233-1.html
Brand New corner 1 knal House available for sale at prime location of G-15 Islamabad,PKR 10 Crore,100000000,9,7,1 Kanal,4500.0,22222,House,True,30,super hot301VerifiedShare on FacebookShare on TwitterShare on WhatsAppSend via GMailSend via E-Mail,99,Houses_Islamabad,2026-07-29,https://www.zameen.com/Property/islamabad_g-15_brand_new_corner_1_knal_house_available_for_sale_at_prime_location_of_g-15_islamabad-54528304-764-1.html
11.5 Marla House Use Condition Available For Sale Bahria Enclave Islamabad,PKR 6.5 Crore,65000000,5,5,11.5 Marla,2587.5,25120,House,True,14,super hot14Share on FacebookShare on TwitterShare on WhatsAppSend via GMailSend via E-Mail,90,Houses_Islamabad,2026-07-29,https://www.zameen.com/Property/bahria_enclave_bahria_enclave_-_sector_a_11_5_marla_house_use_condition_available_for_sale_bahria_enclave_islamabad-54439596-11970-1.html
"Sun Facing Dream Home For Sale In D-12/1, Islamabad",PKR 5.6 Crore,56000000,3,3,4 Marla,900.0,62222,Unknown,True,9,super hot9Share on FacebookShare on TwitterShare on WhatsAppSend via GMailSend via E-Mail,89,Houses_Islamabad,2026-07-29,https://www.zameen.com/Property/islamabad_d-12_sun_facing_dream_home_for_sale_in_d-12_1_islamabad-54403648-160-1.html
A Well Designed House Is Up For Sale In An Ideal Location In Islamabad,PKR 7 Crore,70000000,9,6,7 Marla,1575.0,44444,House,True,34,super hot341VerifiedShare on FacebookShare on TwitterShare on WhatsAppSend via GMailSend via E-Mail,99,Houses_Islamabad,2026-07-29,https://www.zameen.com/Property/g_13_g-13_1_a_well_designed_house_is_up_for_sale_in_an_ideal_location_in_islamabad-54531329-3337-1.html
One Kanal Brand New House With Full Basement,PKR 11 Crore,110000000,10,6,1 Kanal,4500.0,24444,House,True,26,super hot26Share on FacebookShare on TwitterShare on WhatsAppSend via GMailSend via E-Mail,90,Houses_Islamabad,2026-07-29,https://www.zameen.com/Property/top_city_1_top_city_1_-_block_b_one_kanal_brand_new_house_with_full_basement-54128610-9230-1.html
Prime Location 10 Marla 4 Bedrooms Owner Build House For Sale In Bahria Enclave Islamabad Sector C2,PKR 5.5 Crore,55000000,5,5,10 Marla,2250.0,24444,House,True,21,hot21Share on FacebookShare on TwitterShare on WhatsAppSend via GMailSend via E-Mail,84,Houses_Islamabad,2026-07-29,https://www.zameen.com/Property/bahria_town_bahria_enclave_prime_location_10_marla_4_bedrooms_owner_build_house_for_sale_in_bahria_enclave_islamabad_sector_c2-54424148-1705-1.html
Prime Location 10marla 6 Bedrooms House For Sale In Bahria Enclave Islamabad Sector A,PKR 7 Crore,70000000,7,6,12 Marla,2700.0,25925,House,True,47,hot47Share on FacebookShare on TwitterShare on WhatsAppSend via GMailSend via E-Mail,84,Houses_Islamabad,2026-07-29,https://www.zameen.com/Property/bahria_enclave_bahria_enclave_-_sector_a_prime_location_10marla_6_bedrooms_house_for_sale_in_bahria_enclave_islamabad_sector_a-54444594-11970-1.html
"1 Kanal House For Sale In DHA Phase 2, Islamabad | Prime Location",PKR 13.75 Crore,137500000,5,6,1 Kanal,4500.0,30555,House,False,7,hot7Share on FacebookShare on TwitterShare on WhatsAppSend via GMailSend via E-Mail,83,Houses_Islamabad,2026-07-29,https://www.zameen.com/Property/dha_defence_dha_defence_phase_2_1_kanal_house_for_sale_in_dha_phase_2_islamabad_prime_location-54515364-339-1.html
Defence Villa For Sale,PKR 5.45 Crore,54500000,4,4,10 Marla,2250.0,24222,House,False,7,hot7Share on FacebookShare on TwitterShare on WhatsAppSend via GMailSend via E-Mail,83,Houses_Islamabad,2026-07-29,https://www.zameen.com/Property/dha_phase_1_sector_f_dha_phase_1_-_defence_villas_defence_villa_for_sale-54462961-3075-1.html
House For sale In Top City 1,PKR 4.95 Crore,49500000,5,6,10 Marla,2250.0,22000,House,False,31,hot31Share on FacebookShare on TwitterShare on WhatsAppSend via GMailSend via E-Mail,84,Houses_Islamabad,2026-07-29,https://www.zameen.com/Property/islamabad_top_city_1_house_for_sale_in_top_city_1-54223522-1383-1.html
30/60 (Aprox 8 Marla) Brand New House Available For Sale in G-14-4 Rent value 2 Lakh,PKR 6.7 Crore,67000000,5,6,8 Marla,1800.0,37222,House,False,32,hot32Share on FacebookShare on TwitterShare on WhatsAppSend via GMailSend via E-Mail,84,Houses_Islamabad,2026-07-29,https://www.zameen.com/Property/g_14_g-14_4_30_60_aprox_8_marla_brand_new_house_available_for_sale_in_g-14-4_rent_value_2_lakh-54419202-3346-1.html
Kanal Luxury House Available For Sale,PKR 10.5 Crore,105000000,7,7,1 Kanal,4500.0,23333,House,False,16,hot16Share on FacebookShare on TwitterShare on WhatsAppSend via GMailSend via E-Mail,84,Houses_Islamabad,2026-07-29,https://www.zameen.com/Property/islamabad_top_city_1_kanal_luxury_house_available_for_sale-54504906-1383-1.html
House Available For SALE,PKR 3.1 Crore,31000000,6,6,8 Marla,1800.0,17222,House,False,45,45Share on FacebookShare on TwitterShare on WhatsAppSend via GMailSend via E-Mail,81,Houses_Islamabad,2026-07-29,https://www.zameen.com/Property/islamabad_g-16_house_available_for_sale-49232566-580-1.html
Brand New Designer House Available For SALE CDA APPROVED MAP & COMPLITION,PKR 4.1 Crore,41000000,6,6,8 Marla,1800.0,22777,House,False,22,22Share on FacebookShare on TwitterShare on WhatsAppSend via GMailSend via E-Mail,81,Houses_Islamabad,2026-07-29,https://www.zameen.com/Property/g_16_g-16_4_brand_new_designer_house_available_for_sale_cda_approved_map_complition-54028855-3355-1.html
1 Kanal Elegant Designed House For Sale In DHA I_R,PKR 13.9 Crore,139000000,7,6,1 Kanal,4500.0,30888,House,True,20,20Share on FacebookShare on TwitterShare on WhatsAppSend via GMailSend via E-Mail,81,Houses_Islamabad,2026-07-29,https://www.zameen.com/Property/dha_defence_dha_defence_phase_2_1_kanal_elegant_designed_house_for_sale_in_dha_i_r-52384560-339-1.html
1 Kanal Aesthetically Designed House For Sale In DHA I R,PKR 10.9 Crore,109000000,6,6,1 Kanal,4500.0,24222,House,True,16,16Share on FacebookShare on TwitterShare on WhatsAppSend via GMailSend via E-Mail,81,Houses_Islamabad,2026-07-29,https://www.zameen.com/Property/dha_defence_dha_defence_phase_2_1_kanal_aesthetically_designed_house_for_sale_in_dha_i_r-52392086-339-1.html
Brand new 10 marla house For sale Sector A,PKR 5.5 Crore,55000000,5,6,10 Marla,2250.0,24444,House,False,15,15Share on FacebookShare on TwitterShare on WhatsAppSend via GMailSend via E-Mail,81,Houses_Islamabad,2026-07-29,https://www.zameen.com/Property/bahria_enclave_bahria_enclave_-_sector_a_brand_new_10_marla_house_for_sale_sector_a-54538539-11970-1.html
E Block Residencies House,PKR 10 Crore,100000000,5,7,1 Kanal,4500.0,22222,House,False,34,34Share on FacebookShare on TwitterShare on WhatsAppSend via GMailSend via E-Mail,81,Houses_Islamabad,2026-07-29,https://www.zameen.com/Property/gulberg_residencia_gulberg_residencia_-_block_e_e_block_residencies_house-51197582-9115-1.html
Safe End Secure House For Sale,PKR 3.35 Crore,33500000,4,7,7 Marla,1575.0,21269,House,False,9,9Share on FacebookShare on TwitterShare on WhatsAppSend via GMailSend via E-Mail,80,Houses_Islamabad,2026-07-29,https://www.zameen.com/Property/fechs_jinnah_gardens_safe_end_secure_house_for_sale-51197414-1420-1.html
5 Marla Brand New House Available For Sale In Gulberg Green Islamabad,PKR 3.2 Crore,32000000,4,4,5 Marla,1125.0,28444,House,False,31,31Share on FacebookShare on TwitterShare on WhatsAppSend via GMailSend via E-Mail,81,Houses_Islamabad,2026-07-29,https://www.zameen.com/Property/gulberg_residencia_gulberg_residencia_-_block_c_5_marla_brand_new_house_available_for_sale_in_gulberg_green_islamabad-52986751-9114-1.html
Park View City Overseas Block | Dead-End House Near Overseas Entrance,PKR 2.5 Crore,25000000,3,4,5 Marla,1125.0,22222,House,True,12,super hot12Share on FacebookShare on TwitterShare on WhatsAppSend via GMailSend via E-Mail,90,Houses_Islamabad,2026-07-29,https://www.zameen.com/Property/park_view_city_park_view_city_-_overseas_block_park_view_city_overseas_block_dead-end_house_near_overseas_entrance-54534451-19666-1.html
Sunface Brand New A+ Construction House Available For Sale,PKR 4.3 Crore,43000000,5,6,8 Marla,1800.0,23888,House,True,14,super hot14Share on FacebookShare on TwitterShare on WhatsAppSend via GMailSend via E-Mail,90,Houses_Islamabad,2026-07-29,https://www.zameen.com/Property/mpchs_multi_gardens_mpchs_-_block_e_sunface_brand_new_a_construction_house_available_for_sale-54509341-3120-1.html
4.5 Marla Corner Single Storey House Available For Sale,PKR 95 Lakh,9500000,2,2,4.5 Marla,1012.5,9382,House,True,10,super hot10Share on FacebookShare on TwitterShare on WhatsAppSend via GMailSend via E-Mail,90,Houses_Islamabad,2026-07-29,https://www.zameen.com/Property/university_town_university_town_-_block_a_4_5_marla_corner_single_storey_house_available_for_sale-54479942-3501-1.html
1 Kanal Brand New Designer House Available For Sale In Prime Location Of Dha 2 Islamabad,PKR 8.5 Crore,85000000,7,6,1 Kanal,4500.0,18888,House,True,8,super hot8Share on FacebookShare on TwitterShare on WhatsAppSend via GMailSend via E-Mail,89,Houses_Islamabad,2026-07-29,https://www.zameen.com/Property/dha_defence_dha_defence_phase_2_1_kanal_brand_new_designer_house_available_for_sale_in_prime_location_of_dha_2_islamabad-54417552-339-1.html
5 Marla Brand New House For Sale In Sector H Prime Location In Reasanable Price,PKR 2.85 Crore,28500000,3,4,5 Marla,1125.0,25333,House,True,21,super hot211Share on FacebookShare on TwitterShare on WhatsAppSend via GMailSend via E-Mail,91,Houses_Islamabad,2026-07-29,https://www.zameen.com/Property/bahria_town_bahria_enclave_5_marla_brand_new_house_for_sale_in_sector_h_prime_location_in_reasanable_price-54474298-1705-1.html
Premiun Designer House Available For Sale,PKR 11.75 Crore,117500000,7,6,1 Kanal,4500.0,26111,House,True,17,super hot17Share on FacebookShare on TwitterShare on WhatsAppSend via GMailSend via E-Mail,90,Houses_Islamabad,2026-07-29,https://www.zameen.com/Property/islamabad_top_city_1_premiun_designer_house_available_for_sale-54426450-1383-1.html
Ideally Located Main Double Road House For Sale In G-15/1 Available,PKR 7.8 Crore,78000000,,,1.2 Kanal,5400.0,14444,House,True,38,super hot381VerifiedShare on FacebookShare on TwitterShare on WhatsAppSend via GMailSend via E-Mail,99,Houses_Islamabad,2026-07-29,https://www.zameen.com/Property/g_15_g-15_1_ideally_located_main_double_road_house_for_sale_in_g-15_1_available-54471495-3348-1.html
5 Marla ( 25*50 In Block C ) Short Corner House. For Sale In Faisal Town F-18 Islamabad.,PKR 3.03 Crore,30299999,4,6,5 Marla,1125.0,26933,House,True,37,super hot37Share on FacebookShare on TwitterShare on WhatsAppSend via GMailSend via E-Mail,90,Houses_Islamabad,2026-07-29,https://www.zameen.com/Property/faisal_town_phase_1_faisal_town_phase_1_-_block_c_5_marla_25_50_in_block_c_short_corner_house_for_sale_in_faisal_town_f-18_islamabad-54532767-16418-1.html
2.5 Kanal Luxury Designer House for Sale | Prime Location | 15 KVA Solar | Near Park & Mosque,PKR 16 Crore,160000000,4,5,2.5 Kanal,11250.0,14222,House,True,49,super hot49Share on FacebookShare on TwitterShare on WhatsAppSend via GMailSend via E-Mail,90,Houses_Islamabad,2026-07-29,https://www.zameen.com/Property/dha_defence_phase_5_dha_phase_5_-_sector_c_2_5_kanal_luxury_designer_house_for_sale_prime_location_15_kva_solar_near_park_mosque-54042967-8402-1.html
7 Marla 30*60 House For Sale In G15,PKR 3.4 Crore,34000000,5,5,7 Marla,1575.0,21587,House,True,29,super hot29Share on FacebookShare on TwitterShare on WhatsAppSend via GMailSend via E-Mail,90,Houses_Islamabad,2026-07-29,https://www.zameen.com/Property/islamabad_g-15_7_marla_30_60_house_for_sale_in_g15-54103951-764-1.html
5 Marla DHA Homes for Sale | 2 Bed | TV Lounge | Attached Baths | Ready to Move,PKR 90 Lakh,9000000,90,90,5 Marla,1125.0,8000,House,True,13,hot13Share on FacebookShare on TwitterShare on WhatsAppSend via GMailSend via E-Mail,84,Houses_Islamabad,2026-07-29,https://www.zameen.com/Property/dha_valley_dha_homes_5_marla_dha_homes_for_sale_2_bed_tv_lounge_attached_baths_ready_to_move-54471086-3226-1.html
Stunning And Affordable House Available For Sale In Top City 1 - Block D,PKR 5.3 Crore,53000000,5,6,10 Marla,2250.0,23555,House,True,18,hot18VerifiedShare on FacebookShare on TwitterShare on WhatsAppSend via GMailSend via E-Mail,92,Houses_Islamabad,2026-07-29,https://www.zameen.com/Property/top_city_1_top_city_1_-_block_d_stunning_and_affordable_house_available_for_sale_in_top_city_1_-_block_d-54309753-9233-1.html
10 Marla Double Unit Brand New House Fully furnished Available For Sale in Top City Block A Islamabad.,PKR 5 Crore,50000000,5,6,10 Marla,2250.0,22222,House,False,12,hot12Share on FacebookShare on TwitterShare on WhatsAppSend via GMailSend via E-Mail,84,Houses_Islamabad,2026-07-29,https://www.zameen.com/Property/islamabad_top_city_1_10_marla_double_unit_brand_new_house_fully_furnished_available_for_sale_in_top_city_block_a_islamabad-53675080-1383-1.html
6 Marla Double Unit House Available For Sale in Mumtaz City-Ravi Block Islamabad.,PKR 3.1 Crore,31000000,5,5,6 Marla,1350.0,22962,House,False,45,hot45VerifiedShare on FacebookShare on TwitterShare on WhatsAppSend via GMailSend via E-Mail,92,Houses_Islamabad,2026-07-29,https://www.zameen.com/Property/mumtaz_city_mumtaz_city_-_ravi_block_6_marla_double_unit_house_available_for_sale_in_mumtaz_city-ravi_block_islamabad-54062204-14996-1.html
1 Kanal ( 50*90 In Block B ) Double Unit House Available For Sale In Top City-1 City Islamabad.,PKR 10.5 Crore,105000000,5,6,1 Kanal,4500.0,23333,House,False,35,hot35VerifiedShare on FacebookShare on TwitterShare on WhatsAppSend via GMailSend via E-Mail,92,Houses_Islamabad,2026-07-29,https://www.zameen.com/Property/top_city_1_top_city_1_-_block_b_1_kanal_50_90_in_block_b_double_unit_house_available_for_sale_in_top_city-1_city_islamabad-54096073-9230-1.html
8 Marla ( 30*60 in Ravi Block ) Double Unit House Available For Sale in Mumtaz City-Ravi Block Islamabad,PKR 3.35 Crore,33500000,5,5,8 Marla,1800.0,18611,House,False,9,hot9VerifiedShare on FacebookShare on TwitterShare on WhatsAppSend via GMailSend via E-Mail,91,Houses_Islamabad,2026-07-29,https://www.zameen.com/Property/mumtaz_city_mumtaz_city_-_ravi_block_8_marla_30_60_in_ravi_block_double_unit_house_available_for_sale_in_mumtaz_city-ravi_block_islamabad-54097948-14996-1.html
1 Kanal Corner House For Sale In Top City-1 Islamabad,PKR 8 Crore,80000000,7,6,1 Kanal,4500.0,17777,House,False,6,hot6Share on FacebookShare on TwitterShare on WhatsAppSend via GMailSend via E-Mail,83,Houses_Islamabad,2026-07-29,https://www.zameen.com/Property/islamabad_top_city_1_1_kanal_corner_house_for_sale_in_top_city-1_islamabad-54447802-1383-1.html
Naval Incorage Block G Marla 5 Houses Available For Sale,PKR 2.55 Crore,25500000,4,6,5 Marla,1125.0,22666,House,False,50,50Share on FacebookShare on TwitterShare on WhatsAppSend via GMailSend via E-Mail,81,Houses_Islamabad,2026-07-29,https://www.zameen.com/Property/naval_anchorage_naval_anchorage_-_block_g_naval_incorage_block_g_marla_5_houses_available_for_sale-53162063-9158-1.html
10 Marla Block O Gulberg Residencia,PKR 5.95 Crore,59500000,6,6,10 Marla,2250.0,26444,Unknown,False,22,22Share on FacebookShare on TwitterShare on WhatsAppSend via GMailSend via E-Mail,81,Houses_Islamabad,2026-07-29,https://www.zameen.com/Property/gulberg_residencia_gulberg_residencia_-_block_o_10_marla_block_o_gulberg_residencia-53118513-9125-1.html
Bahria Enclave Islamabad Sector A 10 Marla Brand New Designer House For Sale,PKR 7.8 Crore,78000000,5,6,10 Marla,2250.0,34666,House,False,25,25Share on FacebookShare on TwitterShare on WhatsAppSend via GMailSend via E-Mail,81,Houses_Islamabad,2026-07-29,https://www.zameen.com/Property/bahria_enclave_bahria_enclave_-_sector_a_bahria_enclave_islamabad_sector_a_10_marla_brand_new_designer_house_for_sale-54357104-11970-1.html
1 Kanal House For Sale In Behria Enclave Islamabad,PKR 12.5 Crore,125000000,6,6,1 Kanal,4500.0,27777,House,True,35,35Share on FacebookShare on TwitterShare on WhatsAppSend via GMailSend via E-Mail,81,Houses_Islamabad,2026-07-29,https://www.zameen.com/Property/bahria_town_bahria_enclave_1_kanal_house_for_sale_in_behria_enclave_islamabad-54538390-1705-1.html
8 marla gray structure for sale bahria enclave islamabad,PKR 2.85 Crore,28500000,4,4,8 Marla,1800.0,15833,Unknown,False,6,6Share on FacebookShare on TwitterShare on WhatsAppSend via GMailSend via E-Mail,80,Houses_Islamabad,2026-07-29,https://www.zameen.com/Property/bahria_enclave_bahria_enclave_-_sector_n_8_marla_gray_structure_for_sale_bahria_enclave_islamabad-54538347-11975-1.html
European Design 1 Kanal Brans New Designer House Available For Sale In DHA DEFENSE PHASE 2 ISLAMABAD,PKR 10 Crore,100000000,5,6,1 Kanal,4500.0,22222,House,False,26,26Share on FacebookShare on TwitterShare on WhatsAppSend via GMailSend via E-Mail,81,Houses_Islamabad,2026-07-29,https://www.zameen.com/Property/dha_defence_dha_defence_phase_2_european_design_1_kanal_brans_new_designer_house_available_for_sale_in_dha_defense_phase_2_islamabad-54328670-339-1.html
Elegant Designer House With Swimming Pool Ready For Sale In DHA DEFENCE PHASE 2 Islamabad,PKR 12.25 Crore,122500000,5,6,1 Kanal,4500.0,27222,House,False,31,31Share on FacebookShare on TwitterShare on WhatsAppSend via GMailSend via E-Mail,81,Houses_Islamabad,2026-07-29,https://www.zameen.com/Property/dha_defence_dha_defence_phase_2_elegant_designer_house_with_swimming_pool_ready_for_sale_in_dha_defence_phase_2_islamabad-54247604-339-1.html
Spanish Design 1 Kanal Brand New Designer House Ready For Sale In DHA DEFENCE PHASE 2 Islamabad,PKR 9.5 Crore,95000000,5,6,1 Kanal,4500.0,21111,House,False,23,23Share on FacebookShare on TwitterShare on WhatsAppSend via GMailSend via E-Mail,81,Houses_Islamabad,2026-07-29,https://www.zameen.com/Property/dha_defence_dha_defence_phase_2_spanish_design_1_kanal_brand_new_designer_house_ready_for_sale_in_dha_defence_phase_2_islamabad-54246424-339-1.html
Classical Design Fully Furnished 1 Kanal Luxury House Available For Sale in DHA Phase 7,PKR 10.5 Crore,105000000,5,6,1 Kanal,4500.0,23333,House,True,10,super hot10Share on FacebookShare on TwitterShare on WhatsAppSend via GMailSend via E-Mail,90,Houses_Lahore,2026-07-29,https://www.zameen.com/Property/dha_defence_dha_phase_7_classical_design_fully_furnished_1_kanal_luxury_house_available_for_sale_in_dha_phase_7-54467378-1450-1.html
Spanish Design 1 Kanal Brand New House For Sale In DHA Phase 6,PKR 9.4 Crore,94000000,5,6,1 Kanal,4500.0,20888,House,True,17,super hot17Share on FacebookShare on TwitterShare on WhatsAppSend via GMailSend via E-Mail,90,Houses_Lahore,2026-07-29,https://www.zameen.com/Property/dha_defence_dha_phase_6_spanish_design_1_kanal_brand_new_house_for_sale_in_dha_phase_6-54455133-1448-1.html
Owner Build 5 Marla Luxury Modern House For Sale in DHA 9 Town at a Prime Location,PKR 3.5 Crore,35000000,3,4,5 Marla,1125.0,31111,House,True,24,super hot24Share on FacebookShare on TwitterShare on WhatsAppSend via GMailSend via E-Mail,90,Houses_Lahore,2026-07-29,https://www.zameen.com/Property/dha_defence_dha_9_town_owner_build_5_marla_luxury_modern_house_for_sale_in_dha_9_town_at_a_prime_location-54486034-1452-1.html
2 Bed Townhouse for Sale On 5 Year Installment Plan,PKR 1.39 Crore,13899999,1,2,5 Marla,1125.0,12355,House,True,9,super hot9Share on FacebookShare on TwitterShare on WhatsAppSend via GMailSend via E-Mail,89,Houses_Lahore,2026-07-29,https://www.zameen.com/Property/lake_city_sector_m_8_lake_city_townhouses_2_bed_townhouse_for_sale_on_5_year_installment_plan-54511344-21955-1.html
5 Marla Brand New House For Sale In Lake City - Sector M-7B Lake City Lahore,PKR 3 Crore,30000000,4,5,5 Marla,1125.0,26666,House,True,15,super hot15Share on FacebookShare on TwitterShare on WhatsAppSend via GMailSend via E-Mail,90,Houses_Lahore,2026-07-29,https://www.zameen.com/Property/lake_city_lake_city_-_sector_m-7b_5_marla_brand_new_house_for_sale_in_lake_city_-_sector_m-7b_lake_city_lahore-53912787-19059-1.html
3 Years Installment Plan Luxury 5 Marla Brand New House In Park View City Lahore,PKR 2 Crore,20000000,4,5,5 Marla,1125.0,17777,House,True,15,super hot15Share on FacebookShare on TwitterShare on WhatsAppSend via GMailSend via E-Mail,90,Houses_Lahore,2026-07-29,https://www.zameen.com/Property/lahore_park_view_city_3_years_installment_plan_luxury_5_marla_brand_new_house_in_park_view_city_lahore-53942973-1466-1.html
PRIME ADDRESS! ARCHITECTURALLY DESIGNED 1 KANAL HOUSE IN DHA PHASE 7,PKR 7.15 Crore,71500000,5,6,1 Kanal,4500.0,15888,House,True,30,super hot30Share on FacebookShare on TwitterShare on WhatsAppSend via GMailSend via E-Mail,90,Houses_Lahore,2026-07-29,https://www.zameen.com/Property/dha_defence_dha_phase_7_prime_address_architecturally_designed_1_kanal_house_in_dha_phase_7-53752783-1450-1.html
10 Marla Brand New Beautifully Designed Modern House for Sale DHA Phase 7,PKR 5.5 Crore,55000000,4,5,10 Marla,2250.0,24444,House,True,29,super hot29Share on FacebookShare on TwitterShare on WhatsAppSend via GMailSend via E-Mail,90,Houses_Lahore,2026-07-29,https://www.zameen.com/Property/dha_defence_dha_phase_7_10_marla_brand_new_beautifully_designed_modern_house_for_sale_dha_phase_7-54483591-1450-1.html
3 Years Installments Plan Brand New 5 Marla House For Sale In Park View City,PKR 1.6 Crore,16000000,4,5,5 Marla,1125.0,14222,House,True,19,super hot19Share on FacebookShare on TwitterShare on WhatsAppSend via GMailSend via E-Mail,90,Houses_Lahore,2026-07-29,https://www.zameen.com/Property/lahore_park_view_city_3_years_installments_plan_brand_new_5_marla_house_for_sale_in_park_view_city-54443284-1466-1.html
"6 Marla Corner House with Beautiful Elevation for Sale in Park View City, Lahore",PKR 2.7 Crore,27000000,4,4,6 Marla,1350.0,20000,House,True,16,super hot16Share on FacebookShare on TwitterShare on WhatsAppSend via GMailSend via E-Mail,90,Houses_Lahore,2026-07-29,https://www.zameen.com/Property/lahore_park_view_city_6_marla_corner_house_with_beautiful_elevation_for_sale_in_park_view_city_lahore-54539187-1466-1.html
"5 Marla ULTRA Modern House For Sale DHA Phase 9 Town, Lahore Prime Location",PKR 2.7 Crore,27000000,3,4,5 Marla,1125.0,24000,House,True,23,hot23Share on FacebookShare on TwitterShare on WhatsAppSend via GMailSend via E-Mail,84,Houses_Lahore,2026-07-29,https://www.zameen.com/Property/dha_defence_dha_9_town_5_marla_ultra_modern_house_for_sale_dha_phase_9_town_lahore_prime_location-54280900-1452-1.html
Fully Furnished With Full Basement & Swimming Pool 1 Kanal House For Sale In DHA Phase 6,PKR 26 Crore,260000000,6,7,1 Kanal,4500.0,57777,House,True,46,hot46Share on FacebookShare on TwitterShare on WhatsAppSend via GMailSend via E-Mail,84,Houses_Lahore,2026-07-29,https://www.zameen.com/Property/dha_defence_dha_phase_6_fully_furnished_with_full_basement_swimming_pool_1_kanal_house_for_sale_in_dha_phase_6-54480285-1448-1.html
5 Marla Brand New House For Sale in Dha 9 town,PKR 3 Crore,30000000,3,4,5 Marla,1125.0,26666,House,False,14,hot14Share on FacebookShare on TwitterShare on WhatsAppSend via GMailSend via E-Mail,84,Houses_Lahore,2026-07-29,https://www.zameen.com/Property/dha_defence_dha_9_town_5_marla_brand_new_house_for_sale_in_dha_9_town-54531444-1452-1.html
5 Marla Ultra Modern Brand New House For sale in Dha 9 Town Mini Pool Etc. . .,PKR 3.1 Crore,31000000,3,4,5 Marla,1125.0,27555,House,False,14,hot14Share on FacebookShare on TwitterShare on WhatsAppSend via GMailSend via E-Mail,84,Houses_Lahore,2026-07-29,https://www.zameen.com/Property/dha_9_town_dha_9_town_-_block_c_5_marla_ultra_modern_brand_new_house_for_sale_in_dha_9_town_mini_pool_etc-54537007-8175-1.html
10 Marla Ultr Modern Brand New House For Sale In Dha Phase 7 Y Block,PKR 5.45 Crore,54500000,4,5,10 Marla,2250.0,24222,House,False,49,hot49Share on FacebookShare on TwitterShare on WhatsAppSend via GMailSend via E-Mail,84,Houses_Lahore,2026-07-29,https://www.zameen.com/Property/dha_phase_7_dha_phase_7_-_block_y_10_marla_ultr_modern_brand_new_house_for_sale_in_dha_phase_7_y_block-54537046-1632-1.html
"Ideal 16 Marla House Available In Nasheman Iqbal Phase 2 - Block B1, Lahore",PKR 4 Crore,40000000,4,4,16 Marla,3600.0,11111,House,False,13,hot13VerifiedShare on FacebookShare on TwitterShare on WhatsAppSend via GMailSend via E-Mail,92,Houses_Lahore,2026-07-29,https://www.zameen.com/Property/nasheman_e_iqbal_phase_2_nasheman_iqbal_phase_2_-_block_b1_ideal_16_marla_house_available_in_nasheman_iqbal_phase_2_-_block_b1_lahore-54514219-14878-1.html
Luxurious 5 Marla Lavish Brand New Bungalow On Top Location For Sale in DHA Phase 9 Town Lahore,PKR 2.4 Crore,24000000,3,4,5 Marla,1125.0,21333,House,False,29,hot29Share on FacebookShare on TwitterShare on WhatsAppSend via GMailSend via E-Mail,84,Houses_Lahore,2026-07-29,https://www.zameen.com/Property/dha_defence_dha_9_town_luxurious_5_marla_lavish_brand_new_bungalow_on_top_location_for_sale_in_dha_phase_9_town_lahore-54534796-1452-1.html
SYED BROTHERS PROUDLY OFFERS: 22 Marla & 50 Sq. Ft. Elegant And Fully Furnihsed Modern Bungalow Is Available In The Best Block Of DHA Lahore.,PKR 20.75 Crore,207500000,5,6,1.1 Kanal,4950.0,41919,House,True,,Share on FacebookShare on TwitterShare on WhatsAppSend via GMailSend via E-Mail,79,Houses_Lahore,2026-07-29,https://www.zameen.com/Property/dha_defence_dha_phase_6_syed_brothers_proudly_offers_22_marla_50_sq_ft_elegant_and_fully_furnihsed_modern_bungalow_is_available_in_the_best_block_of_dha_lahore-54539716-1448-1.html
5 Marla Ultra Modern Brand New House For Sale in Dha 9 town,PKR 2.85 Crore,28500000,3,4,5 Marla,1125.0,25333,House,False,21,21Share on FacebookShare on TwitterShare on WhatsAppSend via GMailSend via E-Mail,81,Houses_Lahore,2026-07-29,https://www.zameen.com/Property/dha_defence_dha_9_town_5_marla_ultra_modern_brand_new_house_for_sale_in_dha_9_town-54531593-1452-1.html
5 Marla House For Sale In Paragon City Lahore,PKR 2.3 Crore,23000000,3,4,5 Marla,1125.0,20444,House,False,12,12Share on FacebookShare on TwitterShare on WhatsAppSend via GMailSend via E-Mail,81,Houses_Lahore,2026-07-29,https://www.zameen.com/Property/lahore_paragon_city_5_marla_house_for_sale_in_paragon_city_lahore-50891803-1014-1.html
5 Marla House For Sale In Paragon City Lahore,PKR 2.5 Crore,25000000,3,4,5 Marla,1125.0,22222,House,False,30,30Share on FacebookShare on TwitterShare on WhatsAppSend via GMailSend via E-Mail,81,Houses_Lahore,2026-07-29,https://www.zameen.com/Property/lahore_paragon_city_5_marla_house_for_sale_in_paragon_city_lahore-50908406-1014-1.html
SYED BROTHERS PROUDLY OFFERS: 1-Kanal Elegant And Fully Furnihsed Modern Bungalow with SQs in Basement Is Available In The Best Block Of DHA Lahore.,PKR 17 Crore,170000000,5,6,1 Kanal,4500.0,37777,House,False,18,18Share on FacebookShare on TwitterShare on WhatsAppSend via GMailSend via E-Mail,81,Houses_Lahore,2026-07-29,https://www.zameen.com/Property/dha_defence_dha_phase_7_syed_brothers_proudly_offers_1-kanal_elegant_and_fully_furnihsed_modern_bungalow_with_sqs_in_basement_is_available_in_the_best_block_of_dha_lahore-54539691-1450-1.html
5 Marla Brand New Luxurious House For Sale In Park View City Lahore,PKR 2.35 Crore,23500000,4,4,5 Marla,1125.0,20888,House,False,10,10Share on FacebookShare on TwitterShare on WhatsAppSend via GMailSend via E-Mail,81,Houses_Lahore,2026-07-29,https://www.zameen.com/Property/lahore_park_view_city_5_marla_brand_new_luxurious_house_for_sale_in_park_view_city_lahore-54430964-1466-1.html
5 Marla Brand New Luxurious House For sale in Park View City Lahore,PKR 2.5 Crore,25000000,4,4,5 Marla,1125.0,22222,House,False,17,17Share on FacebookShare on TwitterShare on WhatsAppSend via GMailSend via E-Mail,81,Houses_Lahore,2026-07-29,https://www.zameen.com/Property/lahore_park_view_city_5_marla_brand_new_luxurious_house_for_sale_in_park_view_city_lahore-54430791-1466-1.html
SYED BROTHERS PROUDLY OFFERS: 1-Kanal Elegant And Fully Furnihsed Classic Bungalow Near to Carefour Is Available In The Best Block Of DHA Lahore.,PKR 10.5 Crore,105000000,5,6,1 Kanal,4500.0,23333,House,False,17,17Share on FacebookShare on TwitterShare on WhatsAppSend via GMailSend via E-Mail,81,Houses_Lahore,2026-07-29,https://www.zameen.com/Property/dha_phase_7_dha_phase_7_-_block_u_syed_brothers_proudly_offers_1-kanal_elegant_and_fully_furnihsed_classic_bungalow_near_to_carefour_is_available_in_the_best_block_of_dha_lahore-54539686-1628-1.html
1 Kanal Top Quality Build Luxurious Beautiful Modern Design Villa With Basement For Sale In DHA Lahore Phase 7 Prime Location Near To Park,PKR 8.25 Crore,82500000,5,6,1 Kanal,4500.0,18333,House,True,27,super hot27Share on FacebookShare on TwitterShare on WhatsAppSend via GMailSend via E-Mail,90,Houses_Lahore,2026-07-29,https://www.zameen.com/Property/dha_phase_7_dha_phase_7_-_block_y_1_kanal_top_quality_build_luxurious_beautiful_modern_design_villa_with_basement_for_sale_in_dha_lahore_phase_7_prime_location_near_to_park-54516849-1632-1.html
Fully Furnished With Swimming Pool & Cinema Theater 1 Kanal Ultra Modern House For Sale In DHA Phase 6,PKR 22 Crore,220000000,6,7,1 Kanal,4500.0,48888,House,True,47,super hot471Share on FacebookShare on TwitterShare on WhatsAppSend via GMailSend via E-Mail,91,Houses_Lahore,2026-07-29,https://www.zameen.com/Property/dha_phase_6_dha_phase_6_-_block_k_fully_furnished_with_swimming_pool_cinema_theater_1_kanal_ultra_modern_house_for_sale_in_dha_phase_6-54065837-1619-1.html
05 Marla Luxury House For Sale In Park View City Platinum Block Lahore,PKR 1.8 Crore,18000000,4,5,5 Marla,1125.0,16000,House,True,16,super hot16Share on FacebookShare on TwitterShare on WhatsAppSend via GMailSend via E-Mail,90,Houses_Lahore,2026-07-29,https://www.zameen.com/Property/park_view_city_park_view_city_-_platinum_block_05_marla_luxury_house_for_sale_in_park_view_city_platinum_block_lahore-54415449-16617-1.html
Get This Amazing 5 Marla House Available In Park View City - Executive Block,PKR 2.4 Crore,24000000,4,5,5 Marla,1125.0,21333,House,True,26,super hot261VerifiedShare on FacebookShare on TwitterShare on WhatsAppSend via GMailSend via E-Mail,99,Houses_Lahore,2026-07-29,https://www.zameen.com/Property/park_view_city_park_view_city_-_executive_block_get_this_amazing_5_marla_house_available_in_park_view_city_-_executive_block-54497979-17598-1.html
6 Marla House In Only Rs. 28500000,PKR 2.85 Crore,28500000,5,5,6 Marla,1350.0,21111,House,True,25,super hot251VerifiedShare on FacebookShare on TwitterShare on WhatsAppSend via GMailSend via E-Mail,99,Houses_Lahore,2026-07-29,https://www.zameen.com/Property/park_view_city_park_view_city_-_tulip_overseas_6_marla_house_in_only_rs_28500000-54497980-13754-1.html
Well-constructed Fully Furnished House Available For sale In DHA Phase 5 - Block E,PKR 23.5 Crore,235000000,6,6,1 Kanal,4500.0,52222,House,True,39,super hot391VerifiedShare on FacebookShare on TwitterShare on WhatsAppSend via GMailSend via E-Mail,99,Houses_Lahore,2026-07-29,https://www.zameen.com/Property/dha_phase_5_dha_phase_5_-_block_e_well-constructed_fully_furnished_house_available_for_sale_in_dha_phase_5_-_block_e-53857974-1602-1.html
1 Kanal Luxury House for Sale in DHA Phase 6 Furnished Master Bedroom + Servant Quarters | 10.50 Cr,PKR 10.5 Crore,105000000,10,5,1 Kanal,4500.0,23333,House,True,21,super hot21Share on FacebookShare on TwitterShare on WhatsAppSend via GMailSend via E-Mail,90,Houses_Lahore,2026-07-29,https://www.zameen.com/Property/dha_defence_dha_phase_6_1_kanal_luxury_house_for_sale_in_dha_phase_6_furnished_master_bedroom_servant_quarters_10_50_cr-54538417-1448-1.html
"18 Marla Ultra Luxury House for Sale in A Block, Etihad Town Phase 1 | 10 Master Bedrooms | Demand PKR 16 Crore",PKR 16 Crore,160000000,16,7,18 Marla,4050.0,39506,House,True,39,super hot39Share on FacebookShare on TwitterShare on WhatsAppSend via GMailSend via E-Mail,90,Houses_Lahore,2026-07-29,https://www.zameen.com/Property/etihad_town_etihad_town_phase_1_18_marla_ultra_luxury_house_for_sale_in_a_block_etihad_town_phase_1_10_master_bedrooms_demand_pkr_16_crore-54421317-16882-1.html
"5 Marla Ultra Modern Design House Available For Sale, In Central Park Housing Scheme Lahore.",PKR 2.4 Crore,24000000,4,5,5 Marla,1125.0,21333,House,True,20,super hot20Share on FacebookShare on TwitterShare on WhatsAppSend via GMailSend via E-Mail,90,Houses_Lahore,2026-07-29,https://www.zameen.com/Property/lahore_central_park_housing_scheme_5_marla_ultra_modern_design_house_available_for_sale_in_central_park_housing_scheme_lahore-54446886-1013-1.html
Ideally Located House Of 10 Marla Is Available For Sale In Lahore,PKR 4.1 Crore,41000000,5,5,10 Marla,2250.0,18222,House,True,39,super hot391VerifiedShare on FacebookShare on TwitterShare on WhatsAppSend via GMailSend via E-Mail,99,Houses_Lahore,2026-07-29,https://www.zameen.com/Property/central_park_housing_scheme_central_park_-_block_a_ideally_located_house_of_10_marla_is_available_for_sale_in_lahore-54481998-3684-1.html
Inside One Of The Finest 1 Kanal Modern Design House For Sale In DHA Phase 7,PKR 8.5 Crore,85000000,2,3,1 Kanal,4500.0,18888,House,True,20,hot20Share on FacebookShare on TwitterShare on WhatsAppSend via GMailSend via E-Mail,84,Houses_Lahore,2026-07-29,https://www.zameen.com/Property/dha_defence_dha_phase_7_inside_one_of_the_finest_1_kanal_modern_design_house_for_sale_in_dha_phase_7-54511166-1450-1.html
5 Marla Brand New Full House Available For Sale In DHA,PKR 2.85 Crore,28500000,4,4,5 Marla,1125.0,25333,House,True,16,hot16Share on FacebookShare on TwitterShare on WhatsAppSend via GMailSend via E-Mail,84,Houses_Lahore,2026-07-29,https://www.zameen.com/Property/dha_9_town_dha_9_town_-_block_b_5_marla_brand_new_full_house_available_for_sale_in_dha-54538359-8174-1.html
Luxurious 5 Marla Lavish Brand New Bungalow On Top Location For Sale in DHA Phase 9 Town Lahore,PKR 2.6 Crore,26000000,3,4,5 Marla,1125.0,23111,House,False,12,hot12Share on FacebookShare on TwitterShare on WhatsAppSend via GMailSend via E-Mail,84,Houses_Lahore,2026-07-29,https://www.zameen.com/Property/dha_defence_dha_9_town_luxurious_5_marla_lavish_brand_new_bungalow_on_top_location_for_sale_in_dha_phase_9_town_lahore-54537794-1452-1.html
Luxurious 5 Marla Lavish Brand New Bungalow On Top Location For Sale in DHA Phase 9 Town Lahore,PKR 2.65 Crore,26500000,3,4,5 Marla,1125.0,23555,House,False,15,hot15Share on FacebookShare on TwitterShare on WhatsAppSend via GMailSend via E-Mail,84,Houses_Lahore,2026-07-29,https://www.zameen.com/Property/dha_defence_dha_9_town_luxurious_5_marla_lavish_brand_new_bungalow_on_top_location_for_sale_in_dha_phase_9_town_lahore-54527327-1452-1.html
Next To Park Ideal Location Nears Masjid 10 Marla House Available For Sale In DHA Phase 1 P Block,PKR 4.3 Crore,43000000,4,4,10 Marla,2250.0,19111,House,False,9,hot9Share on FacebookShare on TwitterShare on WhatsAppSend via GMailSend via E-Mail,83,Houses_Lahore,2026-07-29,https://www.zameen.com/Property/dha_phase_1_dha_phase_1_-_block_p_next_to_park_ideal_location_nears_masjid_10_marla_house_available_for_sale_in_dha_phase_1_p_block-52406654-1655-1.html
5 Marla House For Sale In Paragon City Lahore,PKR 2.15 Crore,21500000,3,4,5 Marla,1125.0,19111,House,False,16,hot16Share on FacebookShare on TwitterShare on WhatsAppSend via GMailSend via E-Mail,84,Houses_Lahore,2026-07-29,https://www.zameen.com/Property/lahore_paragon_city_5_marla_house_for_sale_in_paragon_city_lahore-49827015-1014-1.html
A LVISH 8 MARLA MODERN HOUSE AVAILABLE IN PHASE 1 BAHRIA ORCHARD LAHORE,PKR 2.6 Crore,26000000,5,6,8 Marla,1800.0,14444,House,False,29,hot29Share on FacebookShare on TwitterShare on WhatsAppSend via GMailSend via E-Mail,84,Houses_Lahore,2026-07-29,https://www.zameen.com/Property/bahria_orchard_bahria_orchard_phase_2_a_lvish_8_marla_modern_house_available_in_phase_1_bahria_orchard_lahore-54390209-8236-1.html
1 KANAL MODERN LUXURY HOUSE ON REASONABLE PRICE AVAILABLE FOR SALE IN BAHRIA TOWN LHR,PKR 7.75 Crore,77500000,6,6,1 Kanal,4500.0,17222,House,True,12,12Share on FacebookShare on TwitterShare on WhatsAppSend via GMailSend via E-Mail,81,Houses_Lahore,2026-07-29,https://www.zameen.com/Property/bahria_town_bahria_town_-_sector_b_1_kanal_modern_luxury_house_on_reasonable_price_available_for_sale_in_bahria_town_lhr-54335090-1772-1.html
10 MARLA LUXURY DESIGNER HOUSE ON PRIME LOCATION AVAILABLE FOR SALE IN BAHRIA TOWN LHR,PKR 5.45 Crore,54500000,5,6,10 Marla,2250.0,24222,House,True,19,19Share on FacebookShare on TwitterShare on WhatsAppSend via GMailSend via E-Mail,81,Houses_Lahore,2026-07-29,https://www.zameen.com/Property/bahria_town_bahria_town_-_sector_f_10_marla_luxury_designer_house_on_prime_location_available_for_sale_in_bahria_town_lhr-54486003-3097-1.html
Looking For A House In Bahria Town - Sector C Lahore,PKR 3.4 Crore,34000000,5,5,10 Marla,2250.0,15111,House,True,14,14Share on FacebookShare on TwitterShare on WhatsAppSend via GMailSend via E-Mail,81,Houses_Lahore,2026-07-29,https://www.zameen.com/Property/bahria_town_bahria_town_-_sector_c_looking_for_a_house_in_bahria_town_-_sector_c_lahore-54486044-1784-1.html
Get In Touch Now To Buy A 10 Marla House In Bahria Town - Sector F Lahore,PKR 4.8 Crore,48000000,5,6,10 Marla,2250.0,21333,House,True,12,12Share on FacebookShare on TwitterShare on WhatsAppSend via GMailSend via E-Mail,81,Houses_Lahore,2026-07-29,https://www.zameen.com/Property/bahria_town_bahria_town_-_sector_f_get_in_touch_now_to_buy_a_10_marla_house_in_bahria_town_-_sector_f_lahore-54486194-3097-1.html
5 Marla Beautiful Corner House For Sale With Fully Basement  Hundred Percent Original Pics,PKR 2.35 Crore,23500000,3,4,5 Marla,1125.0,20888,House,False,15,15Share on FacebookShare on TwitterShare on WhatsAppSend via GMailSend via E-Mail,81,Houses_Lahore,2026-07-29,https://www.zameen.com/Property/lake_city_meadows_phase_1_lake_city_meadows_phase_1_-_block_a_5_marla_beautiful_corner_house_for_sale_with_fully_basement_hundred_percent_original_pics-54182536-4191-1.html
3 Years Installment Plan Luxury 10 Marla Brand New House In Park View City Lahore,PKR 3.3 Crore,33000000,5,6,10 Marla,2250.0,14666,House,False,15,15Share on FacebookShare on TwitterShare on WhatsAppSend via GMailSend via E-Mail,81,Houses_Lahore,2026-07-29,https://www.zameen.com/Property/lahore_park_view_city_3_years_installment_plan_luxury_10_marla_brand_new_house_in_park_view_city_lahore-54481045-1466-1.html
5 Marla House For Sale In Park View City,PKR 1.45 Crore,14500000,3,2,5 Marla,1125.0,12888,House,False,18,18Share on FacebookShare on TwitterShare on WhatsAppSend via GMailSend via E-Mail,81,Houses_Lahore,2026-07-29,https://www.zameen.com/Property/lahore_park_view_city_5_marla_house_for_sale_in_park_view_city-54460356-1466-1.html
3 Years Installment Plan Luxury 5 Marla Brand New House In Park View City Lahore,PKR 1.65 Crore,16500000,4,5,5 Marla,1125.0,14666,House,False,22,22Share on FacebookShare on TwitterShare on WhatsAppSend via GMailSend via E-Mail,81,Houses_Lahore,2026-07-29,https://www.zameen.com/Property/lahore_park_view_city_3_years_installment_plan_luxury_5_marla_brand_new_house_in_park_view_city_lahore-54443250-1466-1.html
"Prime Location 5 Marla House For Sale In Park View City, Lahore",PKR 1.6 Crore,16000000,4,4,5 Marla,1125.0,14222,House,True,6,super hot6Share on FacebookShare on TwitterShare on WhatsAppSend via GMailSend via E-Mail,89,Houses_Lahore,2026-07-29,https://www.zameen.com/Property/lahore_park_view_city_prime_location_5_marla_house_for_sale_in_park_view_city_lahore-50656512-1466-1.html
"9 Marla Beautiful House For Sale Prime Location Bankers Avenue Cooperative Housing Society, Bedian Road Lahore",PKR 4.1 Crore,41000000,4,5,9 Marla,2025.0,20246,House,True,44,super hot441VerifiedShare on FacebookShare on TwitterShare on WhatsAppSend via GMailSend via E-Mail,99,Houses_Lahore,2026-07-29,https://www.zameen.com/Property/lahore_bankers_avenue_cooperative_housing_society_9_marla_beautiful_house_for_sale_prime_location_bankers_avenue_cooperative_housing_society_bedian_road_lahore-54328270-8325-1.html
1 KANAL ULTRA MODERN DESIGN WATH BASEMENT HOUSE FOR SALE IN DHA PHASE 7 NEAR DEFFENCE RAYA,PKR 9.55 Crore,95500000,5,6,1 Kanal,4500.0,21222,House,True,37,super hot37Share on FacebookShare on TwitterShare on WhatsAppSend via GMailSend via E-Mail,90,Houses_Lahore,2026-07-29,https://www.zameen.com/Property/dha_defence_dha_phase_7_1_kanal_ultra_modern_design_wath_basement_house_for_sale_in_dha_phase_7_near_deffence_raya-53512499-1450-1.html
Kanal Modern Luxury House For Sale Close To Macdonold Park & Commercial,PKR 7.65 Crore,76500000,5,6,1 Kanal,4500.0,17000,House,True,20,super hot20Share on FacebookShare on TwitterShare on WhatsAppSend via GMailSend via E-Mail,90,Houses_Lahore,2026-07-29,https://www.zameen.com/Property/dha_phase_7_dha_phase_7_-_block_y_kanal_modern_luxury_house_for_sale_close_to_macdonold_park_commercial-54467604-1632-1.html
Luxury Meets Style: 10 Marla Most Stunning Modern House for Sale At Hot Location Near To KFC & Imtiaz Store,PKR 5.15 Crore,51500000,4,5,10 Marla,2250.0,22888,House,True,24,super hot24Share on FacebookShare on TwitterShare on WhatsAppSend via GMailSend via E-Mail,90,Houses_Lahore,2026-07-29,https://www.zameen.com/Property/dha_defence_dha_phase_5_luxury_meets_style_10_marla_most_stunning_modern_house_for_sale_at_hot_location_near_to_kfc_imtiaz_store-52269322-1447-1.html
22 MARLA CORNER FACING PARK FULL BASMENT FULL FURNISHED IN DHA PHASE 5 H BLOCK,PKR 8.99 Crore,89900000,5,6,1 Kanal,4500.0,19977,Unknown,True,44,super hot44Share on FacebookShare on TwitterShare on WhatsAppSend via GMailSend via E-Mail,90,Houses_Lahore,2026-07-29,https://www.zameen.com/Property/dha_phase_5_dha_phase_5_-_block_h_22_marla_corner_facing_park_full_basment_full_furnished_in_dha_phase_5_h_block-53742701-1605-1.html
THE EPITOME OF ELEGANCE | 1 KANAL HOUSE WITH PREMIUM FINISHING FOR SALE,PKR 7.49 Crore,74900000,5,6,1 Kanal,4500.0,16644,House,True,30,super hot30Share on FacebookShare on TwitterShare on WhatsAppSend via GMailSend via E-Mail,90,Houses_Lahore,2026-07-29,https://www.zameen.com/Property/dha_defence_dha_phase_7_the_epitome_of_elegance_1_kanal_house_with_premium_finishing_for_sale-53279916-1450-1.html
Fair-Priced Prime Location 10 Marla House Available In Bahria Orchard Phase 1 - Southern,PKR 4.1 Crore,41000000,5,6,10 Marla,2250.0,18222,House,True,33,super hot331VerifiedShare on FacebookShare on TwitterShare on WhatsAppSend via GMailSend via E-Mail,99,Houses_Lahore,2026-07-29,https://www.zameen.com/Property/bahria_orchard_phase_1_bahria_orchard_phase_1_-_southern_fair-priced_prime_location_10_marla_house_available_in_bahria_orchard_phase_1_-_southern-54532695-8240-1.html
Stunning and affordable Prime Location House available for sale in Bahria Orchard Phase 1 - Central,PKR 3.9 Crore,39000000,5,6,10 Marla,2250.0,17333,House,True,41,super hot411VerifiedShare on FacebookShare on TwitterShare on WhatsAppSend via GMailSend via E-Mail,99,Houses_Lahore,2026-07-29,https://www.zameen.com/Property/bahria_orchard_phase_1_bahria_orchard_phase_1_-_central_stunning_and_affordable_prime_location_house_available_for_sale_in_bahria_orchard_phase_1_-_central-54532673-8238-1.html
New Lahore City - Block D House Sized 5 Marla For sale,PKR 1.68 Crore,16800000,3,4,5 Marla,1125.0,14933,House,True,24,super hot241VerifiedShare on FacebookShare on TwitterShare on WhatsAppSend via GMailSend via E-Mail,99,Houses_Lahore,2026-07-29,https://www.zameen.com/Property/new_lahore_city_phase_2_new_lahore_city_-_block_d_new_lahore_city_-_block_d_house_sized_5_marla_for_sale-54536422-13247-1.html
5 Marla Ultra Modern Brand New House For Sale In DHA Phase 6 Lahore,PKR 3 Crore,30000000,3,4,5 Marla,1125.0,26666,House,True,18,hot18Share on FacebookShare on TwitterShare on WhatsAppSend via GMailSend via E-Mail,84,Houses_Lahore,2026-07-29,https://www.zameen.com/Property/dha_defence_dha_phase_6_5_marla_ultra_modern_brand_new_house_for_sale_in_dha_phase_6_lahore-54321329-1448-1.html
1 KANAL ULTRA MODERN DESIGN FULLY FURNISHED BUNGALOW,PKR 7.9 Crore,79000000,5,6,1 Kanal,4500.0,17555,House,True,45,hot45Share on FacebookShare on TwitterShare on WhatsAppSend via GMailSend via E-Mail,84,Houses_Lahore,2026-07-29,https://www.zameen.com/Property/dha_phase_7_dha_phase_7_-_block_u_1_kanal_ultra_modern_design_fully_furnished_bungalow-53577557-1628-1.html
Highly-Desirable House Available In Bahria Town - Sector E For Sale,PKR 2.85 Crore,28500000,3,4,5 Marla,1125.0,25333,House,False,22,hot22Share on FacebookShare on TwitterShare on WhatsAppSend via GMailSend via E-Mail,84,Houses_Lahore,2026-07-29,https://www.zameen.com/Property/bahria_town_bahria_town_-_sector_e_highly-desirable_house_available_in_bahria_town_-_sector_e_for_sale-54447612-1802-1.html
HOT DEAL 5 MARLA DESIGNER HOUSE ELEGANT & TRENDY HOME,PKR 2.25 Crore,22500000,3,4,5 Marla,1125.0,20000,House,False,16,hot16Share on FacebookShare on TwitterShare on WhatsAppSend via GMailSend via E-Mail,84,Houses_Lahore,2026-07-29,https://www.zameen.com/Property/dha_11_rahbar_dha_11_rahbar_sector_2_hot_deal_5_marla_designer_house_elegant_trendy_home-54174880-3717-1.html
ORIGINAL PICTURES | SLIGHTLY USED HOUSE FOR SALE IN DHA PHASE 7 | UNBEATABLE PRICE!,PKR 7.95 Crore,79500000,5,6,1 Kanal,4500.0,17666,House,False,24,hot24Share on FacebookShare on TwitterShare on WhatsAppSend via GMailSend via E-Mail,84,Houses_Lahore,2026-07-29,https://www.zameen.com/Property/dha_defence_dha_phase_7_original_pictures_slightly_used_house_for_sale_in_dha_phase_7_unbeatable_price-54321526-1450-1.html
10 Marla Single Storey Grey Structure House For Sale In AWT Phase 2 Block E-2 | Prime Location | Capital Estate,PKR 2 Crore,20000000,2,3,10 Marla,2250.0,8888,House,False,11,hot11Share on FacebookShare on TwitterShare on WhatsAppSend via GMailSend via E-Mail,84,Houses_Lahore,2026-07-29,https://www.zameen.com/Property/awt_phase_2_awt_phase_2_-_block_e-2_10_marla_single_storey_grey_structure_house_for_sale_in_awt_phase_2_block_e-2_prime_location_capital_estate-54458227-8219-1.html
5 marla brand New House for sale in Alharam garden,PKR 1.4 Crore,14000000,3,4,5 Marla,1125.0,12444,House,False,15,hot15Share on FacebookShare on TwitterShare on WhatsAppSend via GMailSend via E-Mail,84,Houses_Lahore,2026-07-29,https://www.zameen.com/Property/lahore_al_haram_garden_5_marla_brand_new_house_for_sale_in_alharam_garden-54539326-9212-1.html
100% Original Deal | Ultra Top Notch 1 Kanal Brand New Bungalow | Near Dolmen Mall & Park | 10 KV Solar Installed | Roof Top | Prime Location DHA Phase 5,PKR 8.15 Crore,81500000,5,6,1 Kanal,4500.0,18111,House,True,49,49Share on FacebookShare on TwitterShare on WhatsAppSend via GMailSend via E-Mail,81,Houses_Lahore,2026-07-29,https://www.zameen.com/Property/dha_defence_dha_phase_5_100_original_deal_ultra_top_notch_1_kanal_brand_new_bungalow_near_dolmen_mall_park_10_kv_solar_installed_roof_top_prime_location_dha_phase_5-51909084-1447-1.html
100% Original Deal | Ultra Top Notch 1 Kanal Brand New Bungalow | Reasonable price in market| Near Dolmen Mall & Park | Near to Raya commercial | Prime Location DHA Phase 6,PKR 8.95 Crore,89500000,5,6,1 Kanal,4500.0,19888,House,True,50,50Share on FacebookShare on TwitterShare on WhatsAppSend via GMailSend via E-Mail,81,Houses_Lahore,2026-07-29,https://www.zameen.com/Property/dha_defence_dha_phase_6_100_original_deal_ultra_top_notch_1_kanal_brand_new_bungalow_reasonable_price_in_market_near_dolmen_mall_park_near_to_raya_commercial_prime_location_dha_phase_6-52663224-1448-1.html
LDA APPROVED SOCIETY 5 MARLA HOUSE AVAILABLE FOR SALE PRIME LOCATION IN NEW LAHORE CITY PHASE 2,PKR 1.65 Crore,16500000,3,3,5 Marla,1125.0,14666,House,False,12,12Share on FacebookShare on TwitterShare on WhatsAppSend via GMailSend via E-Mail,81,Houses_Lahore,2026-07-29,https://www.zameen.com/Property/lahore_new_lahore_city_lda_approved_society_5_marla_house_available_for_sale_prime_location_in_new_lahore_city_phase_2-54528459-8152-1.html
10 Marla Out Standing Top Quality Brand New House With Basement Designed By Mazher Munir For Sale In Dha PHASE 7,PKR 4.85 Crore,48500000,4,5,10 Marla,2250.0,21555,House,True,38,38Share on FacebookShare on TwitterShare on WhatsAppSend via GMailSend via E-Mail,81,Houses_Lahore,2026-07-29,https://www.zameen.com/Property/dha_phase_7_dha_phase_7_-_block_u_10_marla_out_standing_top_quality_brand_new_house_with_basement_designed_by_mazher_munir_for_sale_in_dha_phase_7-54539581-1628-1.html
4Marla House For Sale in Paragon City Beautiful House,PKR 2.1 Crore,21000000,3,4,4 Marla,900.0,23333,House,False,24,24Share on FacebookShare on TwitterShare on WhatsAppSend via GMailSend via E-Mail,81,Houses_Lahore,2026-07-29,https://www.zameen.com/Property/lahore_paragon_city_4marla_house_for_sale_in_paragon_city_beautiful_house-54539577-1014-1.html
3 Years Installment Plan Luxury 5 Marla Brand New House In Park View City Lahore,PKR 1.7 Crore,17000000,4,5,5 Marla,1125.0,15111,House,False,10,10Share on FacebookShare on TwitterShare on WhatsAppSend via GMailSend via E-Mail,81,Houses_Lahore,2026-07-29,https://www.zameen.com/Property/lahore_park_view_city_3_years_installment_plan_luxury_5_marla_brand_new_house_in_park_view_city_lahore-54484611-1466-1.html
3 Years Installment Plan Luxury 5 Marla Brand New House In Park View City Lahore,PKR 1.5 Crore,15000000,4,5,5 Marla,1125.0,13333,House,False,12,12Share on FacebookShare on TwitterShare on WhatsAppSend via GMailSend via E-Mail,81,Houses_Lahore,2026-07-29,https://www.zameen.com/Property/lahore_park_view_city_3_years_installment_plan_luxury_5_marla_brand_new_house_in_park_view_city_lahore-54472257-1466-1.html
"5 Marla Brand New House for Sale in Tulip Extension Block, Park View City Lahore",PKR 2.4 Crore,24000000,4,4,5 Marla,1125.0,21333,House,False,44,44Share on FacebookShare on TwitterShare on WhatsAppSend via GMailSend via E-Mail,81,Houses_Lahore,2026-07-29,https://www.zameen.com/Property/park_view_city_park_view_city_-_tulip_extension_block_5_marla_brand_new_house_for_sale_in_tulip_extension_block_park_view_city_lahore-54221027-16719-1.html
2 Kanal House For Sale At Super Hot Location Near Park Commercial,PKR 20.1 Crore,201000000,6,6,2 Kanal,9000.0,22333,House,True,17,super hot17Share on FacebookShare on TwitterShare on WhatsAppSend via GMailSend via E-Mail,90,Houses_Lahore,2026-07-29,https://www.zameen.com/Property/dha_phase_6_dha_phase_6_-_block_k_2_kanal_house_for_sale_at_super_hot_location_near_park_commercial-51813229-1619-1.html
"5 Marla Residential House For Sale In Sector E, Nearby Commercial Market, School And Health Care Canter",PKR 1.75 Crore,17500000,3,5,5 Marla,1125.0,15555,House,True,20,super hot20Share on FacebookShare on TwitterShare on WhatsAppSend via GMailSend via E-Mail,90,Houses_Lahore,2026-07-29,https://www.zameen.com/Property/bahria_town_bahria_town_-_sector_e_5_marla_residential_house_for_sale_in_sector_e_nearby_commercial_market_school_and_health_care_canter-54331442-1802-1.html
5 Marla Brand New Ultra Modern Design House For Sale Top Location,PKR 2.9 Crore,29000000,,,5 Marla,1125.0,25777,House,True,41,super hot41Share on FacebookShare on TwitterShare on WhatsAppSend via GMailSend via E-Mail,90,Houses_Lahore,2026-07-29,https://www.zameen.com/Property/dha_defence_dha_9_town_5_marla_brand_new_ultra_modern_design_house_for_sale_top_location-54047383-1452-1.html
100 % ORIGNAL KANAL FULL FURNISEH EYE CATCHING SUPERB LUXURY BUNGALOW FOR SALE,PKR 8.9 Crore,89000000,5,6,1 Kanal,4500.0,19777,House,True,23,super hot23Share on FacebookShare on TwitterShare on WhatsAppSend via GMailSend via E-Mail,90,Houses_Lahore,2026-07-29,https://www.zameen.com/Property/dha_defence_dha_phase_6_100_orignal_kanal_full_furniseh_eye_catching_superb_luxury_bungalow_for_sale-54388524-1448-1.html
"5 MARLA HOUSE Double STOREYS + READY TO SHIFT, OUT CLASS LOCATION FOR SALE IN ETIHAD TOWN PHASE1 RAIWIND ROAD LAHORE",PKR 3.05 Crore,30500000,3,3,5 Marla,1125.0,27111,House,True,1,super hot1Share on FacebookShare on TwitterShare on WhatsAppSend via GMailSend via E-Mail,89,Houses_Lahore,2026-07-29,https://www.zameen.com/Property/etihad_town_etihad_town_phase_1_5_marla_house_double_storeys_ready_to_shift_out_class_location_for_sale_in_etihad_town_phase1_raiwind_road_lahore-53363360-16882-1.html
3 Marla House In New Lahore City - Block A Is Available,PKR 1.2 Crore,12000000,3,4,3 Marla,675.0,17777,House,True,23,super hot231VerifiedShare on FacebookShare on TwitterShare on WhatsAppSend via GMailSend via E-Mail,99,Houses_Lahore,2026-07-29,https://www.zameen.com/Property/new_lahore_city_phase_2_new_lahore_city_-_block_a_3_marla_house_in_new_lahore_city_-_block_a_is_available-54536421-13244-1.html
5 Marla house for sale in Bahria Nasheman Lahore,PKR 1.47 Crore,14700000,3,3,5 Marla,1125.0,13066,House,True,18,super hot18Share on FacebookShare on TwitterShare on WhatsAppSend via GMailSend via E-Mail,90,Houses_Lahore,2026-07-29,https://www.zameen.com/Property/lahore_bahria_nasheman_5_marla_house_for_sale_in_bahria_nasheman_lahore-54538257-4510-1.html
1 Kanal House Is Available For Sale In Nawab Town Block B Main Boulevard Lahore,PKR 10 Crore,100000000,,,1 Kanal,4500.0,22222,House,True,44,super hot441VerifiedShare on FacebookShare on TwitterShare on WhatsAppSend via GMailSend via E-Mail,99,Houses_Lahore,2026-07-29,https://www.zameen.com/Property/nawab_town_nawab_town_-_block_b_1_kanal_house_is_available_for_sale_in_nawab_town_block_b_main_boulevard_lahore-54537496-14882-1.html
"3 Marla Brand New Corner House Available For Sale In Al Kabir Town Phase 2 Block -Ali Raiwind Road, Lahore.",PKR 1.75 Crore,17500000,4,5,3 Marla,675.0,25925,House,True,16,super hot16Share on FacebookShare on TwitterShare on WhatsAppSend via GMailSend via E-Mail,90,Houses_Lahore,2026-07-29,https://www.zameen.com/Property/al_kabir_town_phase_2_al-kabir_phase_2_-_ali_block_3_marla_brand_new_corner_house_available_for_sale_in_al_kabir_town_phase_2_block_-ali_raiwind_road_lahore-54537694-12415-1.html
5 MARLA HOUSE AVAILABLE FOR SALE IN DHA RAHBER,PKR 2.4 Crore,24000000,3,4,5 Marla,1125.0,21333,House,True,19,super hot19Share on FacebookShare on TwitterShare on WhatsAppSend via GMailSend via E-Mail,90,Houses_Lahore,2026-07-29,https://www.zameen.com/Property/lahore_dha_11_rahbar_5_marla_house_available_for_sale_in_dha_rahber-54510286-1410-1.html
HOT DEAL Brand New 20 Marla MAZAR MUNIR DESIGN | FULLY FURNISHED | DHA Phase 6 Block K,PKR 9.25 Crore,92500000,5,6,1 Kanal,4500.0,20555,Unknown,True,45,hot45Share on FacebookShare on TwitterShare on WhatsAppSend via GMailSend via E-Mail,84,Houses_Lahore,2026-07-29,https://www.zameen.com/Property/dha_defence_dha_phase_6_hot_deal_brand_new_20_marla_mazar_munir_design_fully_furnished_dha_phase_6_block_k-53174535-1448-1.html
5 Marla Brand New Modern Designer House for Sale prime location a strong built in DHA - must be see,PKR 2.61 Crore,26100000,3,5,5 Marla,1125.0,23200,House,False,18,hot18Share on FacebookShare on TwitterShare on WhatsAppSend via GMailSend via E-Mail,84,Houses_Lahore,2026-07-29,https://www.zameen.com/Property/dha_defence_dha_9_town_5_marla_brand_new_modern_designer_house_for_sale_prime_location_a_strong_built_in_dha_-_must_be_see-54536852-1452-1.html
5 Marla 1.5 Storey House For Sale In Al Haram Garden Lahore,PKR 1.4 Crore,14000000,3,4,5 Marla,1125.0,12444,House,False,11,hot11Share on FacebookShare on TwitterShare on WhatsAppSend via GMailSend via E-Mail,84,Houses_Lahore,2026-07-29,https://www.zameen.com/Property/lahore_al_haram_garden_5_marla_1_5_storey_house_for_sale_in_al_haram_garden_lahore-54509671-9212-1.html
5 Marla 1.5 Story Corner House For Sale In Alharam Garden,PKR 1.35 Crore,13500000,3,4,5 Marla,1125.0,12000,House,False,18,hot18Share on FacebookShare on TwitterShare on WhatsAppSend via GMailSend via E-Mail,84,Houses_Lahore,2026-07-29,https://www.zameen.com/Property/al_haram_garden_al_haram_garden_-_block_b_5_marla_1_5_story_corner_house_for_sale_in_alharam_garden-54289052-15997-1.html
5 Marla Double Story House For Sale In Alharam Garden,PKR 1.4 Crore,14000000,4,4,5 Marla,1125.0,12444,House,False,15,hot15Share on FacebookShare on TwitterShare on WhatsAppSend via GMailSend via E-Mail,84,Houses_Lahore,2026-07-29,https://www.zameen.com/Property/al_haram_garden_al_haram_garden_-_block_a_5_marla_double_story_house_for_sale_in_alharam_garden-54132691-15995-1.html
5 marla 1.5 Story house for sale in Al haram Garden,PKR 1.45 Crore,14500000,3,4,5 Marla,1125.0,12888,House,False,12,hot12Share on FacebookShare on TwitterShare on WhatsAppSend via GMailSend via E-Mail,84,Houses_Lahore,2026-07-29,https://www.zameen.com/Property/lahore_al_haram_garden_5_marla_1_5_story_house_for_sale_in_al_haram_garden-54539299-9212-1.html
"5 Marla House For Sale In Tulip Overseas, Park View City Lahore",PKR 2 Crore,20000000,3,4,5 Marla,1125.0,17777,House,False,18,18Share on FacebookShare on TwitterShare on WhatsAppSend via GMailSend via E-Mail,81,Houses_Lahore,2026-07-29,https://www.zameen.com/Property/park_view_city_park_view_city_-_tulip_overseas_5_marla_house_for_sale_in_tulip_overseas_park_view_city_lahore-54215115-13754-1.html
5 Marla Brand New House For Sale In Jinnah Block Bahria Town Lahore,PKR 1.95 Crore,19500000,3,4,5 Marla,1125.0,17333,House,True,10,super hot10Share on FacebookShare on TwitterShare on WhatsAppSend via GMailSend via E-Mail,90,Houses_Lahore,2026-07-29,https://www.zameen.com/Property/bahria_town_bahria_town_-_sector_e_5_marla_brand_new_house_for_sale_in_jinnah_block_bahria_town_lahore-54210038-1802-1.html
One Kanal Slightly Used Modern Design Owner Build Basement House For Sale At Prime Location Of DHA Lahore Near To Park Masjid & Commercial Market,PKR 7.4 Crore,74000000,5,6,1 Kanal,4500.0,16444,House,True,29,super hot29Share on FacebookShare on TwitterShare on WhatsAppSend via GMailSend via E-Mail,90,Houses_Lahore,2026-07-29,https://www.zameen.com/Property/dha_phase_2_dha_phase_2_-_block_s_one_kanal_slightly_used_modern_design_owner_build_basement_house_for_sale_at_prime_location_of_dha_lahore_near_to_park_masjid_commercial_market-53882780-1572-1.html
1 Kanal House Is Available In Affordable Price In Garden Town,PKR 6.5 Crore,65000000,5,5,10 Marla,2250.0,28888,House,True,9,super hot9VerifiedShare on FacebookShare on TwitterShare on WhatsAppSend via GMailSend via E-Mail,97,Houses_Lahore,2026-07-29,https://www.zameen.com/Property/lahore_garden_town_1_kanal_house_is_available_in_affordable_price_in_garden_town-54207385-4-1.html
FACING PARK FURNISHED SOLAR INSTALLED MODREN BUNGALOW ORIGINAL ADD,PKR 6 Crore,60000000,5,6,1 Kanal,4500.0,13333,House,True,31,super hot31Share on FacebookShare on TwitterShare on WhatsAppSend via GMailSend via E-Mail,90,Houses_Lahore,2026-07-29,https://www.zameen.com/Property/dha_defence_dha_phase_7_facing_park_furnished_solar_installed_modren_bungalow_original_add-54454672-1450-1.html
10 Marla Modern Design At Best Hot Location In Johar Town,PKR 5.6 Crore,56000000,5,6,10 Marla,2250.0,24888,Unknown,True,32,super hot32Share on FacebookShare on TwitterShare on WhatsAppSend via GMailSend via E-Mail,90,Houses_Lahore,2026-07-29,https://www.zameen.com/Property/johar_town_johar_town_phase_1_10_marla_modern_design_at_best_hot_location_in_johar_town-51561863-3937-1.html
Fully Basement Fully Furnished Modern Design House Old Used House Prime Location Near To Park And Masjid,PKR 11.5 Crore,115000000,6,6,1 Kanal,4500.0,25555,House,True,33,super hot33Share on FacebookShare on TwitterShare on WhatsAppSend via GMailSend via E-Mail,90,Houses_Lahore,2026-07-29,https://www.zameen.com/Property/dha_phase_5_dha_phase_5_-_block_b_fully_basement_fully_furnished_modern_design_house_old_used_house_prime_location_near_to_park_and_masjid-54306336-1599-1.html
Luxury 5 Marla Black Diamond Facade House for Sale | 3 Master Bedrooms | Double Height Design | DHA Rahbar Phase 11 Sector 2 Block G,PKR 3.45 Crore,34500000,3,4,5 Marla,1125.0,30666,House,True,39,super hot39Share on FacebookShare on TwitterShare on WhatsAppSend via GMailSend via E-Mail,90,Houses_Lahore,2026-07-29,https://www.zameen.com/Property/dha_11_rahbar_sector_2_dha_11_rahbar_sector_2_-_block_g_luxury_5_marla_black_diamond_facade_house_for_sale_3_master_bedrooms_double_height_design_dha_rahbar_phase_11_sector_2_block_g-54521092-3721-1.html
"5 Marla Beautiful House Available for Sale in Park View City, Lahore",PKR 2.45 Crore,24500000,4,4,5 Marla,1125.0,21777,House,True,8,super hot8Share on FacebookShare on TwitterShare on WhatsAppSend via GMailSend via E-Mail,89,Houses_Lahore,2026-07-29,https://www.zameen.com/Property/lahore_park_view_city_5_marla_beautiful_house_available_for_sale_in_park_view_city_lahore-54537767-1466-1.html
100% ORIGNAL KANAL ULTRA MODERN SUPER LUXURY BUNGALOW FOR SALE ON TOP LACTION,PKR 8.7 Crore,87000000,5,6,1 Kanal,4500.0,19333,House,True,50,super hot50Share on FacebookShare on TwitterShare on WhatsAppSend via GMailSend via E-Mail,90,Houses_Lahore,2026-07-29,https://www.zameen.com/Property/dha_phase_6_dha_phase_6_-_block_m_100_orignal_kanal_ultra_modern_super_luxury_bungalow_for_sale_on_top_laction-53606181-1621-1.html
21 MARLA CORNER ULTRA MODERN EYE CATCHING SUPERB LUXURY BUNGALOW FOR SALE ON TOP LOCATION,PKR 8.25 Crore,82500000,5,6,1 Kanal,4500.0,18333,House,True,38,super hot38Share on FacebookShare on TwitterShare on WhatsAppSend via GMailSend via E-Mail,90,Houses_Lahore,2026-07-29,https://www.zameen.com/Property/dha_defence_dha_phase_7_21_marla_corner_ultra_modern_eye_catching_superb_luxury_bungalow_for_sale_on_top_location-53011299-1450-1.html
10 Marla Luxury Premium House For Sale In C Block Phase 9 Town DHA Lahore,PKR 5.5 Crore,55000000,4,4,10 Marla,2250.0,24444,House,True,29,hot29Share on FacebookShare on TwitterShare on WhatsAppSend via GMailSend via E-Mail,84,Houses_Lahore,2026-07-29,https://www.zameen.com/Property/dha_9_town_dha_9_town_-_block_a_10_marla_luxury_premium_house_for_sale_in_c_block_phase_9_town_dha_lahore-52006217-8173-1.html
5 Marla Modern Design House For Sale In DHA Phase 3 Wth Real Pictures &Amp; Demand. . .,PKR 2.9 Crore,29000000,3,4,5 Marla,1125.0,25777,House,True,13,hot13Share on FacebookShare on TwitterShare on WhatsAppSend via GMailSend via E-Mail,84,Houses_Lahore,2026-07-29,https://www.zameen.com/Property/dha_phase_3_dha_phase_3_-_block_z_5_marla_modern_design_house_for_sale_in_dha_phase_3_wth_real_pictures_amp_demand-51297564-1588-1.html
4 Marla House For Sale In Paragon City Lahore,PKR 1.64 Crore,16399999,3,4,4 Marla,900.0,18222,House,False,30,hot30Share on FacebookShare on TwitterShare on WhatsAppSend via GMailSend via E-Mail,84,Houses_Lahore,2026-07-29,https://www.zameen.com/Property/lahore_paragon_city_4_marla_house_for_sale_in_paragon_city_lahore-50644967-1014-1.html
10 Marla House For Sale In Paragon City Lahore,PKR 4.25 Crore,42500000,5,6,10 Marla,2250.0,18888,House,False,20,hot20Share on FacebookShare on TwitterShare on WhatsAppSend via GMailSend via E-Mail,84,Houses_Lahore,2026-07-29,https://www.zameen.com/Property/lahore_paragon_city_10_marla_house_for_sale_in_paragon_city_lahore-50551174-1014-1.html
1 Kanal House For Sale In Paragon City Lahore,PKR 8 Crore,80000000,6,6,1 Kanal,4500.0,17777,House,False,29,hot29Share on FacebookShare on TwitterShare on WhatsAppSend via GMailSend via E-Mail,84,Houses_Lahore,2026-07-29,https://www.zameen.com/Property/lahore_paragon_city_1_kanal_house_for_sale_in_paragon_city_lahore-50483190-1014-1.html
Brand New 5 Marla House For Sale In Paragon City Lahore,PKR 2.5 Crore,25000000,3,4,5 Marla,1125.0,22222,House,False,14,hot14Share on FacebookShare on TwitterShare on WhatsAppSend via GMailSend via E-Mail,84,Houses_Lahore,2026-07-29,https://www.zameen.com/Property/lahore_paragon_city_brand_new_5_marla_house_for_sale_in_paragon_city_lahore-49930748-1014-1.html
5 Marla Luxurious House for Sale in DHA 9 Town Ready to Move | Prime Block,PKR 3.5 Crore,35000000,3,3,5 Marla,1125.0,31111,House,False,17,hot17Share on FacebookShare on TwitterShare on WhatsAppSend via GMailSend via E-Mail,84,Houses_Lahore,2026-07-29,https://www.zameen.com/Property/dha_9_town_dha_9_town_-_block_a_5_marla_luxurious_house_for_sale_in_dha_9_town_ready_to_move_prime_block-54525293-8173-1.html
3 Years Installment Plan Luxury 5 Marla Brand New House In Park View City Lahore,PKR 1.7 Crore,17000000,4,5,5 Marla,1125.0,15111,House,False,15,15Share on FacebookShare on TwitterShare on WhatsAppSend via GMailSend via E-Mail,81,Houses_Lahore,2026-07-29,https://www.zameen.com/Property/lahore_park_view_city_3_years_installment_plan_luxury_5_marla_brand_new_house_in_park_view_city_lahore-54539552-1466-1.html
"3 Marla Double Story House for Sale Al-Kabir Town | 4 Bed, Cash Deal",PKR 1.07 Crore,10700000,1,5,3 Marla,675.0,15851,House,False,10,10Share on FacebookShare on TwitterShare on WhatsAppSend via GMailSend via E-Mail,81,Houses_Lahore,2026-07-29,https://www.zameen.com/Property/al_kabir_town_al-kabir_town_-_phase_2_3_marla_double_story_house_for_sale_al-kabir_town_4_bed_cash_deal-54539551-11704-1.html
Prime Location Alert! Lucrative Deal 1 Kanal Near Park And 150 Feet Road For Sale At Phase 7,PKR 7.75 Crore,77500000,5,6,1 Kanal,4500.0,17222,Unknown,True,46,46Share on FacebookShare on TwitterShare on WhatsAppSend via GMailSend via E-Mail,81,Houses_Lahore,2026-07-29,https://www.zameen.com/Property/dha_defence_dha_phase_7_prime_location_alert_lucrative_deal_1_kanal_near_park_and_150_feet_road_for_sale_at_phase_7-53656767-1450-1.html
Luxury Meets Nature 4 Kanal Home With Expansive 2 Kanal Lawn Area,PKR 55 Crore,550000000,6,7,4 Kanal,18000.0,30555,Unknown,True,49,49Share on FacebookShare on TwitterShare on WhatsAppSend via GMailSend via E-Mail,81,Houses_Lahore,2026-07-29,https://www.zameen.com/Property/dha_defence_dha_phase_6_luxury_meets_nature_4_kanal_home_with_expansive_2_kanal_lawn_area-53711010-1448-1.html
Modern Designer 5Marla Brand New House For Sale,PKR 2.4 Crore,24000000,4,4,5 Marla,1125.0,21333,House,False,12,12Share on FacebookShare on TwitterShare on WhatsAppSend via GMailSend via E-Mail,81,Houses_Lahore,2026-07-29,https://www.zameen.com/Property/lahore_beacon_house_society_modern_designer_5marla_brand_new_house_for_sale-54539546-3096-1.html
10 Marla Beautiful Luxury House At Prime Location Of Bahria Town Lahore,PKR 3.7 Crore,37000000,5,5,10 Marla,2250.0,16444,House,False,22,22Share on FacebookShare on TwitterShare on WhatsAppSend via GMailSend via E-Mail,81,Houses_Lahore,2026-07-29,https://www.zameen.com/Property/bahria_town_sector_f_bahria_town_-_ghaznavi_block_10_marla_beautiful_luxury_house_at_prime_location_of_bahria_town_lahore-54447137-8261-1.html
3.11 Marla Brand New Luxury House for Sale | A+ Construction | New Lahore City Phase 2 | Prime Location | LDA Approved,PKR 1.1 Crore,11000000,3,3,3 Marla,675.0,16296,House,False,11,11Share on FacebookShare on TwitterShare on WhatsAppSend via GMailSend via E-Mail,81,Houses_Lahore,2026-07-29,https://www.zameen.com/Property/new_lahore_city_phase_2_new_lahore_city_-_block_a_3_11_marla_brand_new_luxury_house_for_sale_a_construction_new_lahore_city_phase_2_prime_location_lda_approved-54539540-13244-1.html
10 Marla Ultra Modern Luxury Living Dream House Prime Location | Ready to Move DHA Phase 7,PKR 4.5 Crore,45000000,4,5,10 Marla,2250.0,20000,House,True,31,31Share on FacebookShare on TwitterShare on WhatsAppSend via GMailSend via E-Mail,81,Houses_Lahore,2026-07-29,https://www.zameen.com/Property/dha_defence_dha_phase_7_10_marla_ultra_modern_luxury_living_dream_house_prime_location_ready_to_move_dha_phase_7-54321016-1450-1.html
10 Marla Brand New Luxury House For Sale In Wapda Town Phase 1 Hot Location,PKR 5.4 Crore,54000000,5,6,10 Marla,2250.0,24000,House,True,20,super hot20Share on FacebookShare on TwitterShare on WhatsAppSend via GMailSend via E-Mail,90,Houses_Lahore,2026-07-29,https://www.zameen.com/Property/lahore_wapda_town_10_marla_brand_new_luxury_house_for_sale_in_wapda_town_phase_1_hot_location-54010688-423-1.html
2 Kanal Brand New Luxury House for Sale in Valencia Housing Society on 100 Ft Road with Swimming Pool Hot Location,PKR 20 Crore,200000000,7,7,2 Kanal,9000.0,22222,House,True,50,super hot50Share on FacebookShare on TwitterShare on WhatsAppSend via GMailSend via E-Mail,90,Houses_Lahore,2026-07-29,https://www.zameen.com/Property/lahore_valencia_housing_society_2_kanal_brand_new_luxury_house_for_sale_in_valencia_housing_society_on_100_ft_road_with_swimming_pool_hot_location-54408067-373-1.html
5 Marla Beautiful Brand New Spanish House For SALE In Johar Town Super Hot Location Near To Park or Emporium Mall,PKR 3.55 Crore,35500000,5,6,5 Marla,1125.0,31555,House,True,49,super hot49Share on FacebookShare on TwitterShare on WhatsAppSend via GMailSend via E-Mail,90,Houses_Lahore,2026-07-29,https://www.zameen.com/Property/johar_town_johar_town_phase_2_5_marla_beautiful_brand_new_spanish_house_for_sale_in_johar_town_super_hot_location_near_to_park_or_emporium_mall-53724044-3961-1.html
5 Marla Brand New Ultra Modern House For Sale In Johar Town Near To Main Road Or Kanal Road,PKR 3.5 Crore,35000000,5,6,5 Marla,1125.0,31111,House,True,50,super hot50Share on FacebookShare on TwitterShare on WhatsAppSend via GMailSend via E-Mail,90,Houses_Lahore,2026-07-29,https://www.zameen.com/Property/johar_town_johar_town_phase_2_5_marla_brand_new_ultra_modern_house_for_sale_in_johar_town_near_to_main_road_or_kanal_road-54379897-3961-1.html
ONE-KANAL MODERN DESIGN HOUSE AVAILABLE FOR SALE,PKR 12.5 Crore,125000000,5,6,1 Kanal,4500.0,27777,House,True,6,super hot6Share on FacebookShare on TwitterShare on WhatsAppSend via GMailSend via E-Mail,89,Houses_Lahore,2026-07-29,https://www.zameen.com/Property/dha_phase_7_dha_phase_7_-_block_z_one-kanal_modern_design_house_available_for_sale-54421450-9424-1.html
Crafted For Elegant Living | Premium 10 Marla House In DHA Phase 7,PKR 4.95 Crore,49500000,4,5,10 Marla,2250.0,22000,House,True,27,super hot27Share on FacebookShare on TwitterShare on WhatsAppSend via GMailSend via E-Mail,90,Houses_Lahore,2026-07-29,https://www.zameen.com/Property/dha_defence_dha_phase_7_crafted_for_elegant_living_premium_10_marla_house_in_dha_phase_7-54295646-1450-1.html
This Is Your Chance To Buy Prime Location House In Lahore,PKR 2.5 Crore,25000000,3,4,5 Marla,1125.0,22222,House,True,32,super hot321VerifiedShare on FacebookShare on TwitterShare on WhatsAppSend via GMailSend via E-Mail,99,Houses_Lahore,2026-07-29,https://www.zameen.com/Property/pak_arab_housing_society_phase_2_pak_arab_housing_society_phase_2_-_block_vital_aa_this_is_your_chance_to_buy_prime_location_house_in_lahore-54349485-15752-1.html
Brand New 2 Kanal Luxury House For Sale In DHA Phase 6 K Block Lahore,PKR 36 Crore,360000000,6,6,2 Kanal,9000.0,40000,House,True,25,super hot25Share on FacebookShare on TwitterShare on WhatsAppSend via GMailSend via E-Mail,90,Houses_Lahore,2026-07-29,https://www.zameen.com/Property/dha_phase_6_dha_phase_6_-_block_k_brand_new_2_kanal_luxury_house_for_sale_in_dha_phase_6_k_block_lahore-53896091-1619-1.html
Adil Estate Offers Johar Town 3 Kanal Brand New Designer Furnished House Available For Sale,PKR 52 Crore,520000000,10,6,3 Kanal,13500.0,38518,House,True,50,super hot50Share on FacebookShare on TwitterShare on WhatsAppSend via GMailSend via E-Mail,90,Houses_Lahore,2026-07-29,https://www.zameen.com/Property/lahore_johar_town_adil_estate_offers_johar_town_3_kanal_brand_new_designer_furnished_house_available_for_sale-54537103-93-1.html
1 KANAL EXTRA ORDINARY LUXURY FULLY FURNISHED HOUSE WITH BASEMENT URGENT FOR SALE,PKR 12 Crore,120000000,6,7,1 Kanal,4500.0,26666,House,True,34,super hot34Share on FacebookShare on TwitterShare on WhatsAppSend via GMailSend via E-Mail,90,Houses_Lahore,2026-07-29,https://www.zameen.com/Property/bahria_town_sector_c_bahria_town_-_tulip_block_1_kanal_extra_ordinary_luxury_fully_furnished_house_with_basement_urgent_for_sale-54446785-1789-1.html
100% ORIGNAL KANAL ULTRA MODERN SUPER LUXURY BUNGALOW FOR SALE ON TOP LACTION,PKR 8.5 Crore,85000000,5,6,1 Kanal,4500.0,18888,House,True,35,hot35Share on FacebookShare on TwitterShare on WhatsAppSend via GMailSend via E-Mail,84,Houses_Lahore,2026-07-29,https://www.zameen.com/Property/dha_defence_dha_phase_7_100_orignal_kanal_ultra_modern_super_luxury_bungalow_for_sale_on_top_laction-54331118-1450-1.html
KANAL ULTRA MODERN SUPER LUXURY BUNGALOW FOR SALE ON TOP LACTION,PKR 7.85 Crore,78500000,5,6,1 Kanal,4500.0,17444,House,True,31,hot31Share on FacebookShare on TwitterShare on WhatsAppSend via GMailSend via E-Mail,84,Houses_Lahore,2026-07-29,https://www.zameen.com/Property/dha_defence_dha_phase_7_kanal_ultra_modern_super_luxury_bungalow_for_sale_on_top_laction-54387873-1450-1.html
Modern Designer 5 Marla House For Sale Paragon City,PKR 2.55 Crore,25500000,3,3,5 Marla,1125.0,22666,House,False,14,hot14Share on FacebookShare on TwitterShare on WhatsAppSend via GMailSend via E-Mail,84,Houses_Lahore,2026-07-29,https://www.zameen.com/Property/paragon_city_paragon_city_-_imperial_2_block_modern_designer_5_marla_house_for_sale_paragon_city-54323532-9247-1.html
12 Marla Modern Family Home for Sale,PKR 5.45 Crore,54500000,4,5,12 Marla,2700.0,20185,Unknown,False,25,hot25Share on FacebookShare on TwitterShare on WhatsAppSend via GMailSend via E-Mail,84,Houses_Lahore,2026-07-29,https://www.zameen.com/Property/paragon_city_paragon_city_-_imperial_1_block_12_marla_modern_family_home_for_sale-54336354-9246-1.html
4 Marla Affordable Dream Home Available,PKR 1.9 Crore,19000000,3,4,4 Marla,900.0,21111,Unknown,False,9,hot9Share on FacebookShare on TwitterShare on WhatsAppSend via GMailSend via E-Mail,83,Houses_Lahore,2026-07-29,https://www.zameen.com/Property/paragon_city_paragon_city_-_imperial_2_block_4_marla_affordable_dream_home_available-54360306-9247-1.html
"5 Marla Brand New Luxury 4-Bedroom House For Sale, Park View City Lahore",PKR 1.9 Crore,19000000,1,4,5 Marla,1125.0,16888,House,False,12,hot12Share on FacebookShare on TwitterShare on WhatsAppSend via GMailSend via E-Mail,84,Houses_Lahore,2026-07-29,https://www.zameen.com/Property/park_view_city_park_view_city_-_platinum_block_5_marla_brand_new_luxury_4-bedroom_house_for_sale_park_view_city_lahore-54538115-16617-1.html
3 Marla Brand New House For Sale,PKR 1.35 Crore,13500000,3,4,3 Marla,675.0,20000,House,False,50,hot50Share on FacebookShare on TwitterShare on WhatsAppSend via GMailSend via E-Mail,84,Houses_Lahore,2026-07-29,https://www.zameen.com/Property/vital_homes_housing_scheme_vital_homes_dd_3_marla_brand_new_house_for_sale-54457610-9463-1.html
5 Marla Ultra Modern Brand New House For Sale In DHA 9 Town Lahore,PKR 2.5 Crore,25000000,3,4,5 Marla,1125.0,22222,House,True,12,12Share on FacebookShare on TwitterShare on WhatsAppSend via GMailSend via E-Mail,81,Houses_Lahore,2026-07-29,https://www.zameen.com/Property/dha_defence_dha_9_town_5_marla_ultra_modern_brand_new_house_for_sale_in_dha_9_town_lahore-54148965-1452-1.html
5 Marla Brand New Ultra Modern House Available In DHA 9 Town Best For Investment & Family Living,PKR 2.6 Crore,26000000,3,4,5 Marla,1125.0,23111,House,True,23,23Share on FacebookShare on TwitterShare on WhatsAppSend via GMailSend via E-Mail,81,Houses_Lahore,2026-07-29,https://www.zameen.com/Property/dha_defence_dha_9_town_5_marla_brand_new_ultra_modern_house_available_in_dha_9_town_best_for_investment_family_living-54321406-1452-1.html
10 Marla Brand New Classic House Available In DHA Phase 7 Best For Investment & Family Living,PKR 4.9 Crore,49000000,4,5,10 Marla,2250.0,21777,House,True,31,31Share on FacebookShare on TwitterShare on WhatsAppSend via GMailSend via E-Mail,81,Houses_Lahore,2026-07-29,https://www.zameen.com/Property/dha_defence_dha_phase_7_10_marla_brand_new_classic_house_available_in_dha_phase_7_best_for_investment_family_living-54321209-1450-1.html
1 KANAL EYE CATCHING SEMI FURNISHED SPLENDID HOUSE OF DHA LAHORE,PKR 8.45 Crore,84500000,5,6,1 Kanal,4500.0,18777,House,False,39,39Share on FacebookShare on TwitterShare on WhatsAppSend via GMailSend via E-Mail,81,Houses_Lahore,2026-07-29,https://www.zameen.com/Property/dha_defence_dha_phase_8_1_kanal_eye_catching_semi_furnished_splendid_house_of_dha_lahore-51088095-1451-1.html
2 KANAL LUXURIOUS SPANISH DESIGN HOUSE FULL FURNISHED WITH 1 KANAL LAWN,PKR 14.95 Crore,149500000,5,6,2 Kanal,9000.0,16611,House,False,38,38Share on FacebookShare on TwitterShare on WhatsAppSend via GMailSend via E-Mail,81,Houses_Lahore,2026-07-29,https://www.zameen.com/Property/dha_phase_6_dha_phase_6_-_block_m_2_kanal_luxurious_spanish_design_house_full_furnished_with_1_kanal_lawn-51300495-1621-1.html
100% ORIGINAL ADD 9 MARLA MODERN DESIGN LUXURY BUNGALOW FOR SALE DHA Phase 4,PKR 6 Crore,60000000,4,5,9 Marla,2025.0,29629,House,True,50,50Share on FacebookShare on TwitterShare on WhatsAppSend via GMailSend via E-Mail,81,Houses_Lahore,2026-07-29,https://www.zameen.com/Property/dha_phase_4_dha_phase_4_-_block_kk_100_original_add_9_marla_modern_design_luxury_bungalow_for_sale_dha_phase_4-54321053-17171-1.html
AESTHETICALLY DESIGNED HOUSE WITH MODERN ARCHITECTURE IN DHA PHASE 8,PKR 8.5 Crore,85000000,5,6,1 Kanal,4500.0,18888,House,False,50,50Share on FacebookShare on TwitterShare on WhatsAppSend via GMailSend via E-Mail,81,Houses_Lahore,2026-07-29,https://www.zameen.com/Property/dha_defence_dha_phase_8_aesthetically_designed_house_with_modern_architecture_in_dha_phase_8-52434926-1451-1.html
ORIGINAL PICTURES | 1 KANAL SPANISH HOUSE FOR SALE IN DHA PHASE 8 V BLOCK | LUXURY LIVING AT ITS BEST!,PKR 11.95 Crore,119500000,7,6,1 Kanal,4500.0,26555,House,False,49,49Share on FacebookShare on TwitterShare on WhatsAppSend via GMailSend via E-Mail,81,Houses_Lahore,2026-07-29,https://www.zameen.com/Property/dha_phase_8_dha_phase_8_-_block_v_original_pictures_1_kanal_spanish_house_for_sale_in_dha_phase_8_v_block_luxury_living_at_its_best-52581002-1637-1.html
Kanal Slightly Use House For Sale In DHA Phase 6.,PKR 12 Crore,120000000,5,6,1 Kanal,4500.0,26666,House,True,12,super hot12Share on FacebookShare on TwitterShare on WhatsAppSend via GMailSend via E-Mail,90,Houses_Lahore,2026-07-29,https://www.zameen.com/Property/dha_defence_dha_phase_6_kanal_slightly_use_house_for_sale_in_dha_phase_6-54510910-1448-1.html
Kanal Luxury Modern House Available For Sale,PKR 5.4 Crore,54000000,5,5,10 Marla,2250.0,24000,House,True,24,super hot24Share on FacebookShare on TwitterShare on WhatsAppSend via GMailSend via E-Mail,90,Houses_Lahore,2026-07-29,https://www.zameen.com/Property/dha_defence_dha_phase_7_kanal_luxury_modern_house_available_for_sale-54536649-1450-1.html
Looking For A Prime Location House In LDA Avenue,PKR 3 Crore,30000000,5,6,10 Marla,2250.0,13333,House,True,9,super hot9VerifiedShare on FacebookShare on TwitterShare on WhatsAppSend via GMailSend via E-Mail,97,Houses_Lahore,2026-07-29,https://www.zameen.com/Property/lahore_lda_avenue_looking_for_a_prime_location_house_in_lda_avenue-54446979-547-1.html
Prime Location 3 Marla Spacious House Available In Union Town For sale,PKR 90 Lakh,9000000,2,2,3.3 Marla,742.5,12121,House,True,2,super hot2VerifiedShare on FacebookShare on TwitterShare on WhatsAppSend via GMailSend via E-Mail,97,Houses_Lahore,2026-07-29,https://www.zameen.com/Property/abdul_sattar_edhi_road_union_town_prime_location_3_marla_spacious_house_available_in_union_town_for_sale-54466109-22196-1.html
ON MAIN 150 FEET ROAD 4-KANAL (2-KANAL BUNGALOW+2-KANAL LAWN) ELEGANT AND FULLY MAINTAINED SUPER HOT LOCATED BUNGALOW IS AVAILABLE IN THE BEST BLOCK OF DHA PHASE 6 LAHORE,PKR 52 Crore,520000000,6,7,4 Kanal,18000.0,28888,House,True,17,super hot17VerifiedShare on FacebookShare on TwitterShare on WhatsAppSend via GMailSend via E-Mail,98,Houses_Lahore,2026-07-29,https://www.zameen.com/Property/dha_defence_dha_phase_6_on_main_150_feet_road_4-kanal_2-kanal_bungalow_2-kanal_lawn_elegant_and_fully_maintained_super_hot_located_bungalow_is_available_in_the_best_block_of_dha_phase_6_lahore-54361978-1448-1.html
6 Marla House For Sale In Paragon City Lahore,PKR 2.25 Crore,22500000,3,4,6 Marla,1350.0,16666,House,True,20,super hot20Share on FacebookShare on TwitterShare on WhatsAppSend via GMailSend via E-Mail,90,Houses_Lahore,2026-07-29,https://www.zameen.com/Property/lahore_paragon_city_6_marla_house_for_sale_in_paragon_city_lahore-49963515-1014-1.html
5 MARLA ULTRA MODERN HOUSE FOR SELL IN DHA 9 TOWN,PKR 3.1 Crore,31000000,3,4,5 Marla,1125.0,27555,House,True,25,super hot251Share on FacebookShare on TwitterShare on WhatsAppSend via GMailSend via E-Mail,91,Houses_Lahore,2026-07-29,https://www.zameen.com/Property/dha_defence_dha_9_town_5_marla_ultra_modern_house_for_sell_in_dha_9_town-54478498-1452-1.html
5 MARLA BEAUTIFUL HOUSE FOR SALE IN PARAGON CITY,PKR 2.45 Crore,24500000,3,4,5 Marla,1125.0,21777,House,True,25,super hot25Share on FacebookShare on TwitterShare on WhatsAppSend via GMailSend via E-Mail,90,Houses_Lahore,2026-07-29,https://www.zameen.com/Property/lahore_paragon_city_5_marla_beautiful_house_for_sale_in_paragon_city-53360617-1014-1.html
3 Marla Luxury House Available For Sale Investor Rate Al Kabir Town,PKR 1.15 Crore,11500000,4,4,3 Marla,675.0,17037,House,True,20,super hot20Share on FacebookShare on TwitterShare on WhatsAppSend via GMailSend via E-Mail,90,Houses_Lahore,2026-07-29,https://www.zameen.com/Property/al_kabir_town_al-kabir_town_-_phase_2_3_marla_luxury_house_available_for_sale_investor_rate_al_kabir_town-54489842-11704-1.html
REJISTRY INTIQAL BEAUTIFUL HOUSE FOR SALE AVAILABLE,PKR 2.4 Crore,24000000,3,4,5 Marla,1125.0,21333,House,True,11,super hot11Share on FacebookShare on TwitterShare on WhatsAppSend via GMailSend via E-Mail,90,Houses_Lahore,2026-07-29,https://www.zameen.com/Property/lahore_green_city_rejistry_intiqal_beautiful_house_for_sale_available-54298718-1012-1.html
100% Original Picture 10 Marla Full Basement Sami Furnished Modern House For Sale In DHA Phase 7,PKR 5.65 Crore,56500000,4,5,10 Marla,2250.0,25111,House,True,15,hot15Share on FacebookShare on TwitterShare on WhatsAppSend via GMailSend via E-Mail,84,Houses_Lahore,2026-07-29,https://www.zameen.com/Property/dha_defence_dha_phase_7_100_original_picture_10_marla_full_basement_sami_furnished_modern_house_for_sale_in_dha_phase_7-54329869-1450-1.html
Brand New 1 Kanal Home In DHA Phase 6 | Block C | Ready To Move In | Modern Luxury,PKR 8.65 Crore,86500000,5,6,1 Kanal,4500.0,19222,Unknown,True,49,hot49Share on FacebookShare on TwitterShare on WhatsAppSend via GMailSend via E-Mail,84,Houses_Lahore,2026-07-29,https://www.zameen.com/Property/dha_phase_6_dha_phase_6_-_block_c_brand_new_1_kanal_home_in_dha_phase_6_block_c_ready_to_move_in_modern_luxury-53042357-1612-1.html
10 Marla House For Sale In Paragon City Lahore,PKR 4.85 Crore,48500000,5,6,10 Marla,2250.0,21555,House,False,16,hot16Share on FacebookShare on TwitterShare on WhatsAppSend via GMailSend via E-Mail,84,Houses_Lahore,2026-07-29,https://www.zameen.com/Property/lahore_paragon_city_10_marla_house_for_sale_in_paragon_city_lahore-49918832-1014-1.html
4 Marla House For Sale In Paragon City Lahore,PKR 2 Crore,20000000,3,4,4 Marla,900.0,22222,House,False,16,hot16Share on FacebookShare on TwitterShare on WhatsAppSend via GMailSend via E-Mail,84,Houses_Lahore,2026-07-29,https://www.zameen.com/Property/lahore_paragon_city_4_marla_house_for_sale_in_paragon_city_lahore-49891050-1014-1.html
Beautiful 5 Marla Family Home Elegant Design & Ready To Move In,PKR 2.75 Crore,27500000,3,5,5 Marla,1125.0,24444,Unknown,False,14,hot14Share on FacebookShare on TwitterShare on WhatsAppSend via GMailSend via E-Mail,84,Houses_Lahore,2026-07-29,https://www.zameen.com/Property/dha_9_town_dha_9_town_-_block_a_beautiful_5_marla_family_home_elegant_design_ready_to_move_in-54351443-8173-1.html
Your Ideal Family Home With Park & Mosque Just Steps Away,PKR 2.75 Crore,27500000,4,5,5 Marla,1125.0,24444,Unknown,False,11,hot11Share on FacebookShare on TwitterShare on WhatsAppSend via GMailSend via E-Mail,84,Houses_Lahore,2026-07-29,https://www.zameen.com/Property/dha_defence_dha_9_town_your_ideal_family_home_with_park_mosque_just_steps_away-54185347-1452-1.html
ZERO Electricity Bill ! CORNER HOUSE FOR SALE,PKR 2.35 Crore,23500000,3,4,5 Marla,1125.0,20888,House,False,27,hot27Share on FacebookShare on TwitterShare on WhatsAppSend via GMailSend via E-Mail,84,Houses_Lahore,2026-07-29,https://www.zameen.com/Property/dha_defence_dha_9_town_zero_electricity_bill_corner_house_for_sale-52216442-1452-1.html
FURNISHED & BASEMENT HOUSE FOR SALE IN DHA PHASE 6 | 1 KANAL | PRIME LOCATION,PKR 8.75 Crore,87500000,5,6,1 Kanal,4500.0,19444,House,False,20,20Share on FacebookShare on TwitterShare on WhatsAppSend via GMailSend via E-Mail,81,Houses_Lahore,2026-07-29,https://www.zameen.com/Property/dha_defence_dha_phase_6_furnished_basement_house_for_sale_in_dha_phase_6_1_kanal_prime_location-52618044-1448-1.html
1 KANAL ULTRA MODERN HOUSE FOR SALE | ELEGANT ARCHITECTURE | IDEAL FAMILY HOME,PKR 9.49 Crore,94900000,6,7,1 Kanal,4500.0,21088,House,False,49,49Share on FacebookShare on TwitterShare on WhatsAppSend via GMailSend via E-Mail,81,Houses_Lahore,2026-07-29,https://www.zameen.com/Property/dha_phase_6_dha_phase_6_-_block_g_1_kanal_ultra_modern_house_for_sale_elegant_architecture_ideal_family_home-52618325-1616-1.html
1 KANAL CLASSICAL DESIGNER HOUSE | FULLY FURNISHED BY NATIVE | READY TO MOVE DHA PHASE 6,PKR 9.25 Crore,92500000,5,6,1 Kanal,4500.0,20555,House,False,22,22Share on FacebookShare on TwitterShare on WhatsAppSend via GMailSend via E-Mail,81,Houses_Lahore,2026-07-29,https://www.zameen.com/Property/dha_defence_dha_phase_6_1_kanal_classical_designer_house_fully_furnished_by_native_ready_to_move_dha_phase_6-52618929-1448-1.html
MOST AWAITED MODERN DESIGN HOLZINN FURNISHED COMPACT HOUSE PHASE 6,PKR 8.99 Crore,89900000,5,6,1 Kanal,4500.0,19977,House,False,36,36Share on FacebookShare on TwitterShare on WhatsAppSend via GMailSend via E-Mail,81,Houses_Lahore,2026-07-29,https://www.zameen.com/Property/dha_defence_dha_phase_6_most_awaited_modern_design_holzinn_furnished_compact_house_phase_6-53279677-1448-1.html
1 KANAL CLASSICAL DESIGNER HOUSE | FULLY FURNISHED BY NATIVE | READY TO MOVE DHA PHASE 6,PKR 9.25 Crore,92500000,6,7,1 Kanal,4500.0,20555,House,False,31,31Share on FacebookShare on TwitterShare on WhatsAppSend via GMailSend via E-Mail,81,Houses_Lahore,2026-07-29,https://www.zameen.com/Property/dha_defence_dha_phase_6_1_kanal_classical_designer_house_fully_furnished_by_native_ready_to_move_dha_phase_6-53279849-1448-1.html
CONTEMPORARY DESIGN TIMELESS CHARM | 1 KANAL DHA PHASE 7 HOUSE,PKR 6.85 Crore,68500000,5,6,1 Kanal,4500.0,15222,House,False,20,20Share on FacebookShare on TwitterShare on WhatsAppSend via GMailSend via E-Mail,81,Houses_Lahore,2026-07-29,https://www.zameen.com/Property/dha_phase_7_dha_phase_7_-_block_y_contemporary_design_timeless_charm_1_kanal_dha_phase_7_house-53279936-1632-1.html
10 Marla Classic House For Sale In DHA Phase 5 Lahore,PKR 5.5 Crore,55000000,4,5,10 Marla,2250.0,24444,House,True,38,38Share on FacebookShare on TwitterShare on WhatsAppSend via GMailSend via E-Mail,81,Houses_Lahore,2026-07-29,https://www.zameen.com/Property/dha_defence_dha_phase_5_10_marla_classic_house_for_sale_in_dha_phase_5_lahore-54280956-1447-1.html
"ULTRA MODERN 1 KANAL BRAND NEW HOUSE FOR SALE Location DHA Phase 5, Lahore Prime Location",PKR 8.75 Crore,87500000,5,7,1 Kanal,4500.0,19444,House,False,44,44Share on FacebookShare on TwitterShare on WhatsAppSend via GMailSend via E-Mail,81,Houses_Lahore,2026-07-29,https://www.zameen.com/Property/dha_phase_5_dha_phase_5_-_block_c_ultra_modern_1_kanal_brand_new_house_for_sale_location_dha_phase_5_lahore_prime_location-54480147-1600-1.html
One Kanal Lash Green Lawn + One Kanal Ultra-Modern Design Most Beautiful Full Basement Bungalow For Sale At Prime Location Of DHA Lahore Near To Park Masjid Jalal Sons & Commercial Market,PKR 17.9 Crore,179000000,6,7,2 Kanal,9000.0,19888,House,True,49,super hot49Share on FacebookShare on TwitterShare on WhatsAppSend via GMailSend via E-Mail,90,Houses_Lahore,2026-07-29,https://www.zameen.com/Property/dha_phase_5_dha_phase_5_-_block_h_one_kanal_lash_green_lawn_one_kanal_ultra-modern_design_most_beautiful_full_basement_bungalow_for_sale_at_prime_location_of_dha_lahore_near_to_park_masjid_jalal_sons_commercial_market-54389300-1605-1.html
2 Kanal Fully Furnished Luxury Bungalow for Sale | DHA Phase 7 Lahore,PKR 22.9 Crore,229000000,5,6,2 Kanal,9000.0,25444,House,True,19,super hot19Share on FacebookShare on TwitterShare on WhatsAppSend via GMailSend via E-Mail,90,Houses_Lahore,2026-07-29,https://www.zameen.com/Property/dha_defence_dha_phase_7_2_kanal_fully_furnished_luxury_bungalow_for_sale_dha_phase_7_lahore-54505432-1450-1.html
SYED BROTHERS PROUDLY OFFERS: 1-Kanal Elegant Old Bungalow Is Available In The Best Block Of DHA Lahore.,PKR 9.5 Crore,95000000,5,6,1 Kanal,4500.0,21111,House,True,50,super hot50Share on FacebookShare on TwitterShare on WhatsAppSend via GMailSend via E-Mail,90,Houses_Lahore,2026-07-29,https://www.zameen.com/Property/dha_defence_dha_phase_7_syed_brothers_proudly_offers_1-kanal_elegant_old_bungalow_is_available_in_the_best_block_of_dha_lahore-54508057-1450-1.html
20 MARLA ELEGANT AND FULLY MAINTAINED SUPER HOT LOCATED BUNGALOW IS AVAILABLE IN THE BEST BLOCK OF DHA LAHORE ARCHITECT MAZHIR MUNEER.,PKR 13.9 Crore,139000000,5,6,1 Kanal,4500.0,30888,House,True,48,super hot48Share on FacebookShare on TwitterShare on WhatsAppSend via GMailSend via E-Mail,90,Houses_Lahore,2026-07-29,https://www.zameen.com/Property/dha_phase_6_dha_phase_6_-_block_k_20_marla_elegant_and_fully_maintained_super_hot_located_bungalow_is_available_in_the_best_block_of_dha_lahore_architect_mazhir_muneer-54427226-1619-1.html
"DESIGNER HOUSE FOR SALE Block X, Phase 7, DHA Lahore Architect: Mohsin Ali Design",PKR 10.99 Crore,109900000,5,6,1 Kanal,4500.0,24422,House,True,32,super hot32Share on FacebookShare on TwitterShare on WhatsAppSend via GMailSend via E-Mail,90,Houses_Lahore,2026-07-29,https://www.zameen.com/Property/dha_phase_7_dha_phase_7_-_block_x_designer_house_for_sale_block_x_phase_7_dha_lahore_architect_mohsin_ali_design-54364976-1631-1.html
BEAUTIFUL HOUSE FOR SALE AVAILABLE,PKR 2.25 Crore,22500000,3,4,6 Marla,1350.0,16666,House,True,13,super hot13Share on FacebookShare on TwitterShare on WhatsAppSend via GMailSend via E-Mail,90,Houses_Lahore,2026-07-29,https://www.zameen.com/Property/lahore_paragon_city_beautiful_house_for_sale_available-54536622-1014-1.html
Own A House In 1 Kanal Lahore,PKR 7.5 Crore,75000000,7,,1 Kanal,4500.0,16666,House,True,34,super hot341VerifiedShare on FacebookShare on TwitterShare on WhatsAppSend via GMailSend via E-Mail,99,Houses_Lahore,2026-07-29,https://www.zameen.com/Property/nespak_scheme_phase_2_site_1_nespak_phase_2_-_site_1_block_c_own_a_house_in_1_kanal_lahore-54536533-14889-1.html
"Prime Location Opportunity 1 Kanal Old House, Model Town",PKR 12 Crore,120000000,4,5,1 Kanal,4500.0,26666,House,True,11,super hot11Share on FacebookShare on TwitterShare on WhatsAppSend via GMailSend via E-Mail,90,Houses_Lahore,2026-07-29,https://www.zameen.com/Property/model_town_model_town_-_block_d_prime_location_opportunity_1_kanal_old_house_model_town-53080068-1550-1.html
3 Marla 1.5 Year Old House For Sale,PKR 1.58 Crore,15800000,4,4,3 Marla,675.0,23407,House,True,30,super hot30Share on FacebookShare on TwitterShare on WhatsAppSend via GMailSend via E-Mail,90,Houses_Lahore,2026-07-29,https://www.zameen.com/Property/lahore_jubilee_town_3_marla_1_5_year_old_house_for_sale-54405325-766-1.html
4 Kanal 15 Marla Old House for Sale in Model Town J Block,PKR 70 Crore,700000000,7,7,4.7 Kanal,21150.0,33096,House,True,20,super hot20Share on FacebookShare on TwitterShare on WhatsAppSend via GMailSend via E-Mail,90,Houses_Lahore,2026-07-29,https://www.zameen.com/Property/model_town_model_town_-_block_j_4_kanal_15_marla_old_house_for_sale_in_model_town_j_block-54217213-1555-1.html
100% ORIGINAL AD 1 KANAL TOP-QUALITY BUILD LUXURIES & BEAUTFUL MODERN DESIGN VILLA FOR SALE |,PKR 13.75 Crore,137500000,5,6,1 Kanal,4500.0,30555,House,True,46,hot46Share on FacebookShare on TwitterShare on WhatsAppSend via GMailSend via E-Mail,84,Houses_Lahore,2026-07-29,https://www.zameen.com/Property/dha_defence_dha_phase_7_100_original_ad_1_kanal_top-quality_build_luxuries_beautful_modern_design_villa_for_sale-53768564-1450-1.html
10 Marla Modern Spanish House Available For Sale In Lake City,PKR 5.75 Crore,57500000,6,6,10 Marla,2250.0,25555,House,True,14,hot14Share on FacebookShare on TwitterShare on WhatsAppSend via GMailSend via E-Mail,84,Houses_Lahore,2026-07-29,https://www.zameen.com/Property/raiwind_road_lake_city_10_marla_modern_spanish_house_available_for_sale_in_lake_city-53912630-1103-1.html
3 Marla Most Beautiful Brand New House for Sale in Al Kabir Town Phase 2,PKR 1.8 Crore,18000000,3,4,3 Marla,675.0,26666,House,False,23,hot23Share on FacebookShare on TwitterShare on WhatsAppSend via GMailSend via E-Mail,84,Houses_Lahore,2026-07-29,https://www.zameen.com/Property/al_kabir_town_al-kabir_town_-_phase_2_3_marla_most_beautiful_brand_new_house_for_sale_in_al_kabir_town_phase_2-54068695-11704-1.html
"Prime Location DHA 9 Bungalow 10 Marla, 5 Min from Dolmen Mall & Ring Road",PKR 4.65 Crore,46500000,5,7,10 Marla,2250.0,20666,House,False,18,hot18Share on FacebookShare on TwitterShare on WhatsAppSend via GMailSend via E-Mail,84,Houses_Lahore,2026-07-29,https://www.zameen.com/Property/dha_9_town_dha_9_town_-_block_a_prime_location_dha_9_bungalow_10_marla_5_min_from_dolmen_mall_ring_road-53573103-8173-1.html
5 Marla Ultra-Modern House For Sale,PKR 4 Crore,40000000,3,4,5 Marla,1125.0,35555,House,False,6,hot6Share on FacebookShare on TwitterShare on WhatsAppSend via GMailSend via E-Mail,83,Houses_Lahore,2026-07-29,https://www.zameen.com/Property/dha_defence_dha_phase_6_5_marla_ultra-modern_house_for_sale-54538407-1448-1.html
Non Furnished 10 Marla Modern Design with Basement 5 Bedrooms Prime Location Modern House For Sale In Dha Phase 7 Lahore,PKR 5.5 Crore,55000000,5,6,10 Marla,2250.0,24444,House,False,35,hot35Share on FacebookShare on TwitterShare on WhatsAppSend via GMailSend via E-Mail,84,Houses_Lahore,2026-07-29,https://www.zameen.com/Property/dha_defence_dha_phase_7_non_furnished_10_marla_modern_design_with_basement_5_bedrooms_prime_location_modern_house_for_sale_in_dha_phase_7_lahore-54534379-1450-1.html
"5 Marla Brand New House Available For Sale In Al Kabir Town Phase 2 Block -C Raiwind Road,Lahore.",PKR 2.3 Crore,23000000,3,4,5 Marla,1125.0,20444,House,False,13,hot13Share on FacebookShare on TwitterShare on WhatsAppSend via GMailSend via E-Mail,84,Houses_Lahore,2026-07-29,https://www.zameen.com/Property/al_kabir_town_phase_2_al-kabir_phase_2_-_block_c_5_marla_brand_new_house_available_for_sale_in_al_kabir_town_phase_2_block_-c_raiwind_road_lahore-54463866-11707-1.html
2 Kanal House For Sale Top Quality Build Luxurious Beautiful Ultra Modern Mazhar Munir Design Villa Full Furnished With Full Basement Swimming Pool& Home Theater For Sale In DHA Lahore Phase 2 Prime L,PKR 29 Crore,290000000,6,6,2 Kanal,9000.0,32222,House,False,45,45Share on FacebookShare on TwitterShare on WhatsAppSend via GMailSend via E-Mail,81,Houses_Lahore,2026-07-29,https://www.zameen.com/Property/dha_defence_dha_phase_2_2_kanal_house_for_sale_top_quality_build_luxurious_beautiful_ultra_modern_mazhar_munir_design_villa_full_furnished_with_full_basement_swimming_pool_home_theater_for_sale_in_dha_lahore_phase_2_prime_location-54484580-1444-1.html
100% Original Deal Ultra Top Notch 1 Kanal Brand New Bungalow Reasonable Price In Market Near Dolmen Mall & Park Near To Raya Commercial Prime Location DHA Phase 3,PKR 13.75 Crore,137500000,5,6,1 Kanal,4500.0,30555,House,False,37,37Share on FacebookShare on TwitterShare on WhatsAppSend via GMailSend via E-Mail,81,Houses_Lahore,2026-07-29,https://www.zameen.com/Property/dha_defence_dha_phase_3_100_original_deal_ultra_top_notch_1_kanal_brand_new_bungalow_reasonable_price_in_market_near_dolmen_mall_park_near_to_raya_commercial_prime_location_dha_phase_3-54520921-1454-1.html
Luxurious 5 Marla Lavish Brand New Bungalow On Top Location For Sale in DHA Phase 9 Town Lahore,PKR 2.99 Crore,29900000,3,4,5 Marla,1125.0,26577,House,False,34,34Share on FacebookShare on TwitterShare on WhatsAppSend via GMailSend via E-Mail,81,Houses_Lahore,2026-07-29,https://www.zameen.com/Property/dha_9_town_dha_9_town_-_block_c_luxurious_5_marla_lavish_brand_new_bungalow_on_top_location_for_sale_in_dha_phase_9_town_lahore-54529106-8175-1.html
1 Kanal Most Luxury Fully Furnished Full Basement Bungalow For Sale In DHA Phase 6 Lahore,PKR 9.15 Crore,91500000,5,6,1 Kanal,4500.0,20333,House,True,45,45Share on FacebookShare on TwitterShare on WhatsAppSend via GMailSend via E-Mail,81,Houses_Lahore,2026-07-29,https://www.zameen.com/Property/dha_phase_6_dha_phase_6_-_block_j_1_kanal_most_luxury_fully_furnished_full_basement_bungalow_for_sale_in_dha_phase_6_lahore-54468936-1618-1.html
1 Kanal Brand New Ultra Classic Bungalow For Sale In DHA Phase 7 Lahore,PKR 7.33 Crore,73300000,5,6,1 Kanal,4500.0,16288,House,True,50,50Share on FacebookShare on TwitterShare on WhatsAppSend via GMailSend via E-Mail,81,Houses_Lahore,2026-07-29,https://www.zameen.com/Property/dha_defence_dha_phase_7_1_kanal_brand_new_ultra_classic_bungalow_for_sale_in_dha_phase_7_lahore-54471633-1450-1.html
"Brand New 5 Marla Modern House on 40 Ft Road for Sale in Executive Block, Park View City Lahore",PKR 2.5 Crore,25000000,4,4,5 Marla,1125.0,22222,House,False,10,10Share on FacebookShare on TwitterShare on WhatsAppSend via GMailSend via E-Mail,81,Houses_Lahore,2026-07-29,https://www.zameen.com/Property/park_view_city_park_view_city_-_executive_block_brand_new_5_marla_modern_house_on_40_ft_road_for_sale_in_executive_block_park_view_city_lahore-54157320-17598-1.html
"Prime Location 5 Marla House for Sale in Tulip Block, Park View City, Lahore",PKR 2.45 Crore,24500000,4,4,5 Marla,1125.0,21777,House,False,16,16Share on FacebookShare on TwitterShare on WhatsAppSend via GMailSend via E-Mail,81,Houses_Lahore,2026-07-29,https://www.zameen.com/Property/park_view_city_park_view_city_-_tulip_block_prime_location_5_marla_house_for_sale_in_tulip_block_park_view_city_lahore-54501740-8465-1.html
10 Marla brand new model house for sale in Lda avenue 1 block M (original picture)Doubel Hight,PKR 4.65 Crore,46500000,6,7,10 Marla,2250.0,20666,House,False,9,9Share on FacebookShare on TwitterShare on WhatsAppSend via GMailSend via E-Mail,80,Houses_Lahore,2026-07-29,https://www.zameen.com/Property/lda_avenue_lda_avenue_-_block_m_10_marla_brand_new_model_house_for_sale_in_lda_avenue_1_block_m_original_picture_doubel_hight-54477162-8170-1.html
OWNER NEEDY 1 KANAL SLIGHTLY USED CORNER ULTRA MODERN HOUSE FOR SALE IN DHA PHASE 5 NEAR TO PARK.,PKR 7.68 Crore,76800000,5,6,1 Kanal,4500.0,17066,House,True,37,super hot37Share on FacebookShare on TwitterShare on WhatsAppSend via GMailSend via E-Mail,90,Houses_Lahore,2026-07-29,https://www.zameen.com/Property/dha_defence_dha_phase_5_owner_needy_1_kanal_slightly_used_corner_ultra_modern_house_for_sale_in_dha_phase_5_near_to_park-53542628-1447-1.html
One Kanal Brand New Luxury Ultra-Modern Design Most Beautiful Bungalow 2 Servant Quarter In Basement For Sale At Prime Location Of DHA Lahore Near To Park Masjid & DHA Raya Fairways Commercial.,PKR 8.8 Crore,88000000,5,6,1 Kanal,4500.0,19555,House,True,31,super hot31Share on FacebookShare on TwitterShare on WhatsAppSend via GMailSend via E-Mail,90,Houses_Lahore,2026-07-29,https://www.zameen.com/Property/dha_phase_7_dha_phase_7_-_block_t_one_kanal_brand_new_luxury_ultra-modern_design_most_beautiful_bungalow_2_servant_quarter_in_basement_for_sale_at_prime_location_of_dha_lahore_near_to_park_masjid_dha_raya_fairways_commercial-53054162-1627-1.html
16 Marla Brand New Luxery Style Double Storey English Style House Available For Sale In Johertown Lahore By Fast Property Services Lahore It'S Modified Specious House,PKR 8.25 Crore,82500000,5,5,16 Marla,3600.0,22916,House,True,49,super hot49Share on FacebookShare on TwitterShare on WhatsAppSend via GMailSend via E-Mail,90,Houses_Lahore,2026-07-29,https://www.zameen.com/Property/lahore_johar_town_16_marla_brand_new_luxery_style_double_storey_english_style_house_available_for_sale_in_johertown_lahore_by_fast_property_services_lahore_it_s_modified_specious_house-54435582-93-1.html
ULTRA LUXURY 1 KANAL BRAND NEW FULLY FURNISHED BUNGALOW | 15 KV SOLAR | TOP-NOTCH CONSTRUCTION | DHA PHASE 7 | 100% ORIGINAL DEAL,PKR 8.15 Crore,81500000,5,6,1 Kanal,4500.0,18111,House,True,49,super hot49Share on FacebookShare on TwitterShare on WhatsAppSend via GMailSend via E-Mail,90,Houses_Lahore,2026-07-29,https://www.zameen.com/Property/dha_defence_dha_phase_7_ultra_luxury_1_kanal_brand_new_fully_furnished_bungalow_15_kv_solar_top-notch_construction_dha_phase_7_100_original_deal-51524283-1450-1.html
"1 Kanal Fully Furnished Luxury House With Modern Amenities, High Quality Interiors And A Comfortable Lifestyle.",PKR 8.75 Crore,87500000,5,6,1 Kanal,4500.0,19444,House,True,44,super hot44Share on FacebookShare on TwitterShare on WhatsAppSend via GMailSend via E-Mail,90,Houses_Lahore,2026-07-29,https://www.zameen.com/Property/dha_phase_6_dha_phase_6_-_block_m_1_kanal_fully_furnished_luxury_house_with_modern_amenities_high_quality_interiors_and_a_comfortable_lifestyle-54164672-1621-1.html
6 Kanal Luxury Houses for Sale | 2 Kanal Duplex (3+3) | Swimming Pool | Basement | Prime Location Model Town E Block,PKR 1.1 Arab,1100000000,11,7,6 Kanal,27000.0,40740,House,True,11,super hot11Share on FacebookShare on TwitterShare on WhatsAppSend via GMailSend via E-Mail,90,Houses_Lahore,2026-07-29,https://www.zameen.com/Property/model_town_model_town_-_block_e_6_kanal_luxury_houses_for_sale_2_kanal_duplex_3_3_swimming_pool_basement_prime_location_model_town_e_block-54217841-1551-1.html
3 Years Installment Plan Luxury 10 Marla Brand New House In Park View City Lahore,PKR 3.2 Crore,32000000,5,6,10 Marla,2250.0,14222,House,True,22,super hot22Share on FacebookShare on TwitterShare on WhatsAppSend via GMailSend via E-Mail,90,Houses_Lahore,2026-07-29,https://www.zameen.com/Property/lahore_park_view_city_3_years_installment_plan_luxury_10_marla_brand_new_house_in_park_view_city_lahore-54407281-1466-1.html
Elegant 4 Bed Double Unit House | Prime DHA Phase 6 | Walking Distance To Dolmen Mall | Luxury Living,PKR 6 Crore,60000000,6,5,10 Marla,2250.0,26666,House,True,43,super hot431VerifiedShare on FacebookShare on TwitterShare on WhatsAppSend via GMailSend via E-Mail,99,Houses_Lahore,2026-07-29,https://www.zameen.com/Property/dha_phase_6_dha_phase_6_-_block_d_elegant_4_bed_double_unit_house_prime_dha_phase_6_walking_distance_to_dolmen_mall_luxury_living-54454593-1613-1.html
A Statement of Luxury. A Masterpiece of Modern Living,PKR 24 Crore,240000000,5,6,1 Kanal,4500.0,53333,Unknown,True,10,super hot10Share on FacebookShare on TwitterShare on WhatsAppSend via GMailSend via E-Mail,90,Houses_Lahore,2026-07-29,https://www.zameen.com/Property/dha_phase_6_dha_phase_6_-_block_k_a_statement_of_luxury_a_masterpiece_of_modern_living-54413896-1619-1.html
5 MARLA SINGLE STORY HOUSE AVAILABLE FOR SALE,PKR 1.35 Crore,13500000,1,2,5 Marla,1125.0,12000,House,True,11,super hot11Share on FacebookShare on TwitterShare on WhatsAppSend via GMailSend via E-Mail,90,Houses_Lahore,2026-07-29,https://www.zameen.com/Property/low_cost_sector_low_cost_-_block_g_5_marla_single_story_house_available_for_sale-54444408-8192-1.html
5 Marla Beautiful House Available For Sale In Park View City Tulip Extension Block,PKR 2.25 Crore,22500000,4,4,5 Marla,1125.0,20000,House,True,13,hot13Share on FacebookShare on TwitterShare on WhatsAppSend via GMailSend via E-Mail,84,Houses_Lahore,2026-07-29,https://www.zameen.com/Property/park_view_city_park_view_city_-_tulip_extension_block_5_marla_beautiful_house_available_for_sale_in_park_view_city_tulip_extension_block-50850333-16719-1.html
Top Location Old Good House Gulberg 2 Block F For Sale,PKR 12.25 Crore,122500000,8,7,1.2 Kanal,5400.0,22685,House,True,7,hot71VerifiedShare on FacebookShare on TwitterShare on WhatsAppSend via GMailSend via E-Mail,92,Houses_Lahore,2026-07-29,https://www.zameen.com/Property/gulberg_2_gulberg_2_-_block_f_top_location_old_good_house_gulberg_2_block_f_for_sale-53267107-3813-1.html
Corner Luxury 12 Marla Hall in Basement For Sale | Prime Investment Opportunity,PKR 4.85 Crore,48500000,5,7,12 Marla,2700.0,17962,Unknown,False,13,hot13Share on FacebookShare on TwitterShare on WhatsAppSend via GMailSend via E-Mail,84,Houses_Lahore,2026-07-29,https://www.zameen.com/Property/dha_defence_dha_phase_7_corner_luxury_12_marla_hall_in_basement_for_sale_prime_investment_opportunity-54123471-1450-1.html
NEW LAHORE CITY PHASE 2 5 MARLA BRAND NEW MODERN DESIGN HOUSE AVAILABLE FOR SALE HOT LOCATION,PKR 1.65 Crore,16500000,3,5,5 Marla,1125.0,14666,House,False,37,hot37Share on FacebookShare on TwitterShare on WhatsAppSend via GMailSend via E-Mail,84,Houses_Lahore,2026-07-29,https://www.zameen.com/Property/lahore_new_lahore_city_new_lahore_city_phase_2_5_marla_brand_new_modern_design_house_available_for_sale_hot_location-54528300-8152-1.html
Prime Location 1 Kanal Brand New Furnished House For Sale In DHA Phase 7 Lahore,PKR 13 Crore,130000000,5,6,1 Kanal,4500.0,28888,House,False,22,hot22Share on FacebookShare on TwitterShare on WhatsAppSend via GMailSend via E-Mail,84,Houses_Lahore,2026-07-29,https://www.zameen.com/Property/dha_defence_dha_phase_7_prime_location_1_kanal_brand_new_furnished_house_for_sale_in_dha_phase_7_lahore-53815393-1450-1.html
"5.5 Marla Corner House Available For Sale-Prime Location, Central Park Housing Scheme Lahore.",PKR 2.35 Crore,23500000,4,5,61.8 Kanal,278100.0,84,House,False,14,hot14Share on FacebookShare on TwitterShare on WhatsAppSend via GMailSend via E-Mail,84,Houses_Lahore,2026-07-29,https://www.zameen.com/Property/lahore_central_park_housing_scheme_5_5_marla_corner_house_available_for_sale-prime_location_central_park_housing_scheme_lahore-54448193-1013-1.html
ORIGINAL PICS Experience Luxury Living 1 Kanal Furnished Home In DHA Lahore -Near Park And Mosque Never Miss This Option.,PKR 12.25 Crore,122500000,5,7,1 Kanal,4500.0,27222,Unknown,False,18,hot18Share on FacebookShare on TwitterShare on WhatsAppSend via GMailSend via E-Mail,84,Houses_Lahore,2026-07-29,https://www.zameen.com/Property/dha_defence_dha_phase_6_original_pics_experience_luxury_living_1_kanal_furnished_home_in_dha_lahore_-near_park_and_mosque_never_miss_this_option-54499133-1448-1.html
ARCHITECTURAL MASTERPIECE | 2 KANAL DREAM HOME IN DHA PHASE 7 W BLOCK,PKR 26.25 Crore,262500000,6,7,2 Kanal,9000.0,29166,Unknown,False,47,47Share on FacebookShare on TwitterShare on WhatsAppSend via GMailSend via E-Mail,81,Houses_Lahore,2026-07-29,https://www.zameen.com/Property/dha_phase_7_dha_phase_7_-_block_w_architectural_masterpiece_2_kanal_dream_home_in_dha_phase_7_w_block-53280090-1630-1.html
FACING 130 FT ROAD 25 MARLA COMPACT HOUSE NEREST TO AIR PORT,PKR 8.49 Crore,84900000,5,6,1.2 Kanal,5400.0,15722,House,False,14,14Share on FacebookShare on TwitterShare on WhatsAppSend via GMailSend via E-Mail,81,Houses_Lahore,2026-07-29,https://www.zameen.com/Property/dha_phase_8_dha_phase_8_-_block_n_facing_130_ft_road_25_marla_compact_house_nerest_to_air_port-53316148-8873-1.html
12 MARLA CORNER HOT LOCATION HOUSE FOR SALE IN DHA PHASE 4 GG BLOCK,PKR 5 Crore,50000000,5,6,12 Marla,2700.0,18518,House,False,35,35Share on FacebookShare on TwitterShare on WhatsAppSend via GMailSend via E-Mail,81,Houses_Lahore,2026-07-29,https://www.zameen.com/Property/dha_phase_4_dha_phase_4_-_block_gg_12_marla_corner_hot_location_house_for_sale_in_dha_phase_4_gg_block-53745562-1595-1.html
MOST DEMANDED LOCATION 1 Kanal House Phase 4,PKR 6.5 Crore,65000000,5,6,1 Kanal,4500.0,14444,House,False,18,18Share on FacebookShare on TwitterShare on WhatsAppSend via GMailSend via E-Mail,81,Houses_Lahore,2026-07-29,https://www.zameen.com/Property/dha_phase_4_dha_phase_4_-_block_gg_most_demanded_location_1_kanal_house_phase_4-53745596-1595-1.html
WORLD CLASS 2 KANAL MEGA MANSION | DHA PHASE 6 LAHORE,PKR 14.99 Crore,149900000,6,7,2 Kanal,9000.0,16655,Unknown,False,49,49Share on FacebookShare on TwitterShare on WhatsAppSend via GMailSend via E-Mail,81,Houses_Lahore,2026-07-29,https://www.zameen.com/Property/dha_phase_6_dha_phase_6_-_block_k_world_class_2_kanal_mega_mansion_dha_phase_6_lahore-53745698-1619-1.html
TOP LOCATION DEAL HOT LOCATION HOUSE DHA PHASE 7,PKR 7.15 Crore,71500000,5,6,1 Kanal,4500.0,15888,House,False,30,30Share on FacebookShare on TwitterShare on WhatsAppSend via GMailSend via E-Mail,81,Houses_Lahore,2026-07-29,https://www.zameen.com/Property/dha_phase_7_dha_phase_7_-_block_u_top_location_deal_hot_location_house_dha_phase_7-53745710-1628-1.html
10 Marla House For Sale In DHA Phase 7 | Prime Location,PKR 3.99 Crore,39900000,4,5,10 Marla,2250.0,17733,House,False,16,16Share on FacebookShare on TwitterShare on WhatsAppSend via GMailSend via E-Mail,81,Houses_Lahore,2026-07-29,https://www.zameen.com/Property/dha_phase_7_dha_phase_7_-_block_y_10_marla_house_for_sale_in_dha_phase_7_prime_location-53745773-1632-1.html
05 Marla Brand New Modern Luxury House For Sale In Park View City Platinum Block Lahore,PKR 1.85 Crore,18500000,4,4,5 Marla,1125.0,16444,House,True,16,super hot16Share on FacebookShare on TwitterShare on WhatsAppSend via GMailSend via E-Mail,90,Houses_Lahore,2026-07-29,https://www.zameen.com/Property/park_view_city_park_view_city_-_platinum_block_05_marla_brand_new_modern_luxury_house_for_sale_in_park_view_city_platinum_block_lahore-54453633-16617-1.html
Eyes Catching Brand New Luxurious House For Sale With Study Room Very Close To Park And Mosque Walking Distance Raya Fairway Very Reasonable Deal In DHA Phase 6 Block N,PKR 6.39 Crore,63900000,5,6,1 Kanal,4500.0,14200,House,True,39,super hot39Share on FacebookShare on TwitterShare on WhatsAppSend via GMailSend via E-Mail,90,Houses_Lahore,2026-07-29,https://www.zameen.com/Property/dha_phase_6_dha_phase_6_-_block_n_eyes_catching_brand_new_luxurious_house_for_sale_with_study_room_very_close_to_park_and_mosque_walking_distance_raya_fairway_very_reasonable_deal_in_dha_phase_6_block_n-50704962-1622-1.html
Main Approche 1 Kanal Brand New Ultra Modern Luxury Bungalow For Sale Near Macdonuld,PKR 7.75 Crore,77500000,5,6,1 Kanal,4500.0,17222,House,True,32,super hot32Share on FacebookShare on TwitterShare on WhatsAppSend via GMailSend via E-Mail,90,Houses_Lahore,2026-07-29,https://www.zameen.com/Property/dha_defence_dha_phase_7_main_approche_1_kanal_brand_new_ultra_modern_luxury_bungalow_for_sale_near_macdonuld-54150987-1450-1.html
5 Marla Brand New Ultra Modern Design House For Sale In DHA 9 Town Top Location Near To Park Near To Commercial Area Near To Main Road,PKR 2.55 Crore,25500000,3,4,5 Marla,1125.0,22666,House,True,25,super hot25Share on FacebookShare on TwitterShare on WhatsAppSend via GMailSend via E-Mail,90,Houses_Lahore,2026-07-29,https://www.zameen.com/Property/dha_defence_dha_9_town_5_marla_brand_new_ultra_modern_design_house_for_sale_in_dha_9_town_top_location_near_to_park_near_to_commercial_area_near_to_main_road-54521147-1452-1.html
Experience Grand Living | 1 Kanal Luxury Home With Premium Interiors,PKR 10.4 Crore,104000000,5,6,1 Kanal,4500.0,23111,Unknown,True,28,super hot28Share on FacebookShare on TwitterShare on WhatsAppSend via GMailSend via E-Mail,90,Houses_Lahore,2026-07-29,https://www.zameen.com/Property/dha_defence_dha_phase_7_experience_grand_living_1_kanal_luxury_home_with_premium_interiors-54489403-1450-1.html
Brand New 13 Marla Corner House Available for Sale in Bahria Orchard Phase 2,PKR 3.55 Crore,35500000,6,6,13 Marla,2925.0,12136,House,True,19,super hot19Share on FacebookShare on TwitterShare on WhatsAppSend via GMailSend via E-Mail,90,Houses_Lahore,2026-07-29,https://www.zameen.com/Property/bahria_orchard_bahria_orchard_phase_2_brand_new_13_marla_corner_house_available_for_sale_in_bahria_orchard_phase_2-54436176-8236-1.html
MODERN 1 KANAL BRAND NEW LUXURY DESIGNER BUNGALOW HOUSE IN WAPDA TOWN PHASE 1,PKR 9.6 Crore,96000000,7,7,1 Kanal,4500.0,21333,House,True,48,super hot481Share on FacebookShare on TwitterShare on WhatsAppSend via GMailSend via E-Mail,91,Houses_Lahore,2026-07-29,https://www.zameen.com/Property/wapda_town_wapda_town_phase_1_modern_1_kanal_brand_new_luxury_designer_bungalow_house_in_wapda_town_phase_1-53765239-4307-1.html
Valencia Town Society House For Sale 3 Kanal Serious Buyer Contact Us,PKR 17 Crore,170000000,6,6,3 Kanal,13500.0,12592,House,True,14,super hot14Share on FacebookShare on TwitterShare on WhatsAppSend via GMailSend via E-Mail,90,Houses_Lahore,2026-07-29,https://www.zameen.com/Property/lahore_valencia_housing_society_valencia_town_society_house_for_sale_3_kanal_serious_buyer_contact_us-54268734-373-1.html
10 MARLA OWNER BUILD GREY STRUCTURE(PLUS) HOUSE AVAILABLE FOR SALE IN DHA PH 7,PKR 5.4 Crore,54000000,4,4,10 Marla,2250.0,24000,House,True,27,super hot27Share on FacebookShare on TwitterShare on WhatsAppSend via GMailSend via E-Mail,90,Houses_Lahore,2026-07-29,https://www.zameen.com/Property/dha_phase_7_dha_phase_7_-_block_t_10_marla_owner_build_grey_structure_plus_house_available_for_sale_in_dha_ph_7-54147988-1627-1.html
Prime Location In DHA 9 Town - Block A 5 Marla House For sale,PKR 3.9 Crore,39000000,3,3,5 Marla,1125.0,34666,House,True,26,super hot261VerifiedShare on FacebookShare on TwitterShare on WhatsAppSend via GMailSend via E-Mail,99,Houses_Lahore,2026-07-29,https://www.zameen.com/Property/dha_9_town_dha_9_town_-_block_a_prime_location_in_dha_9_town_-_block_a_5_marla_house_for_sale-54482656-8173-1.html
1 Kanal Neo Classical Luxury House for Sale in DHA Lahore Phase 7,PKR 8.5 Crore,85000000,5,7,1 Kanal,4500.0,18888,House,True,16,hot16Share on FacebookShare on TwitterShare on WhatsAppSend via GMailSend via E-Mail,84,Houses_Lahore,2026-07-29,https://www.zameen.com/Property/dha_defence_dha_phase_7_1_kanal_neo_classical_luxury_house_for_sale_in_dha_lahore_phase_7-54538938-1450-1.html
1 Kanal Top Location Bungalow In Block B Phase 5 DHA Lahore For Urgent Sale,PKR 15 Crore,150000000,5,6,1 Kanal,4500.0,33333,House,True,12,hot12Share on FacebookShare on TwitterShare on WhatsAppSend via GMailSend via E-Mail,84,Houses_Lahore,2026-07-29,https://www.zameen.com/Property/dha_phase_5_dha_phase_5_-_block_b_1_kanal_top_location_bungalow_in_block_b_phase_5_dha_lahore_for_urgent_sale-54404582-1599-1.html
10 Marla Newly Constructed House For Sale-Prime Location | Central Park House Scheme Lahore.,PKR 4.6 Crore,46000000,5,6,10 Marla,2250.0,20444,House,False,14,hot14Share on FacebookShare on TwitterShare on WhatsAppSend via GMailSend via E-Mail,84,Houses_Lahore,2026-07-29,https://www.zameen.com/Property/lahore_central_park_housing_scheme_10_marla_newly_constructed_house_for_sale-prime_location_central_park_house_scheme_lahore-54468442-1013-1.html
EXCLUSIVE 1 KANAL LUXURY RESIDENCE | PRIME LOCATION OF DHA PHASE 7 | STEPS AWAY FROM MOSQUE & PARK ITS FULLY DESIGNER BUNGALOW BEST FOR INVESTMENT.,PKR 8.25 Crore,82500000,5,7,1 Kanal,4500.0,18333,House,False,12,hot12Share on FacebookShare on TwitterShare on WhatsAppSend via GMailSend via E-Mail,84,Houses_Lahore,2026-07-29,https://www.zameen.com/Property/dha_phase_7_dha_phase_7_-_block_y_exclusive_1_kanal_luxury_residence_prime_location_of_dha_phase_7_steps_away_from_mosque_park_its_fully_designer_bungalow_best_for_investment-54499041-1632-1.html
5 Marla Triple Storey House For Sale-Prime Location In Central Park Housing Scheme Lahore.,PKR 2.25 Crore,22500000,4,5,5 Marla,1125.0,20000,House,False,7,hot7Share on FacebookShare on TwitterShare on WhatsAppSend via GMailSend via E-Mail,83,Houses_Lahore,2026-07-29,https://www.zameen.com/Property/lahore_central_park_housing_scheme_5_marla_triple_storey_house_for_sale-prime_location_in_central_park_housing_scheme_lahore-54461947-1013-1.html
100% org PICS SPANISH LOVER DREAM HOME,PKR 8.25 Crore,82500000,5,7,1 Kanal,4500.0,18333,Unknown,False,28,hot28Share on FacebookShare on TwitterShare on WhatsAppSend via GMailSend via E-Mail,84,Houses_Lahore,2026-07-29,https://www.zameen.com/Property/dha_defence_dha_phase_7_100_org_pics_spanish_lover_dream_home-54100103-1450-1.html
Your Ideal 10 Marla House Has Just Become Available In Central Park Housing Scheme,PKR 3 Crore,30000000,6,6,10 Marla,2250.0,13333,House,False,14,hot14VerifiedShare on FacebookShare on TwitterShare on WhatsAppSend via GMailSend via E-Mail,92,Houses_Lahore,2026-07-29,https://www.zameen.com/Property/lahore_central_park_housing_scheme_your_ideal_10_marla_house_has_just_become_available_in_central_park_housing_scheme-54514167-1013-1.html
50 FT Road 5 Marla Brand New Full House For Sale In DHA 9 Town Lahore,PKR 2.3 Crore,23000000,3,3,5 Marla,1125.0,20444,House,False,10,10Share on FacebookShare on TwitterShare on WhatsAppSend via GMailSend via E-Mail,81,Houses_Lahore,2026-07-29,https://www.zameen.com/Property/dha_defence_dha_9_town_50_ft_road_5_marla_brand_new_full_house_for_sale_in_dha_9_town_lahore-53806045-1452-1.html
3 Years Installment Plan Luxury 10 Marla Brand New House In Park View City Lahore,PKR 3.1 Crore,31000000,5,6,10 Marla,2250.0,13777,House,False,12,12VerifiedShare on FacebookShare on TwitterShare on WhatsAppSend via GMailSend via E-Mail,89,Houses_Lahore,2026-07-29,https://www.zameen.com/Property/lahore_park_view_city_3_years_installment_plan_luxury_10_marla_brand_new_house_in_park_view_city_lahore-54481039-1466-1.html
Classic Spanish White House Brand New One Kanal Near Park,PKR 7.95 Crore,79500000,5,6,1.1 Kanal,4950.0,16060,House,False,28,28Share on FacebookShare on TwitterShare on WhatsAppSend via GMailSend via E-Mail,81,Houses_Lahore,2026-07-29,https://www.zameen.com/Property/dha_defence_dha_phase_8_classic_spanish_white_house_brand_new_one_kanal_near_park-53750739-1451-1.html
HOT LOCATION ULTRA-LUXURY 1 KANAL HOUSE FOR SALE IN DHA LAHORE,PKR 9.9 Crore,99000000,5,6,1 Kanal,4500.0,22000,House,False,28,28Share on FacebookShare on TwitterShare on WhatsAppSend via GMailSend via E-Mail,81,Houses_Lahore,2026-07-29,https://www.zameen.com/Property/dha_defence_dha_phase_5_hot_location_ultra-luxury_1_kanal_house_for_sale_in_dha_lahore-53752682-1447-1.html
3 Years Installment Plan Luxury 5 Marla Brand New House In Park View City Lahore,PKR 1.6 Crore,16000000,4,5,5 Marla,1125.0,14222,House,False,13,13Share on FacebookShare on TwitterShare on WhatsAppSend via GMailSend via E-Mail,81,Houses_Lahore,2026-07-29,https://www.zameen.com/Property/lahore_park_view_city_3_years_installment_plan_luxury_5_marla_brand_new_house_in_park_view_city_lahore-54457699-1466-1.html
3 Years Installment Plan Luxury 5 Marla Brand New House In Park View City Lahore,PKR 1.8 Crore,18000000,4,5,5 Marla,1125.0,16000,House,False,10,10Share on FacebookShare on TwitterShare on WhatsAppSend via GMailSend via E-Mail,81,Houses_Lahore,2026-07-29,https://www.zameen.com/Property/lahore_park_view_city_3_years_installment_plan_luxury_5_marla_brand_new_house_in_park_view_city_lahore-54443244-1466-1.html
3 Years Installment Plan Luxury 1.5 Story 5 Marla Brand New House In Park View City Lahore,PKR 1.45 Crore,14500000,3,2,5 Marla,1125.0,12888,House,False,21,21Share on FacebookShare on TwitterShare on WhatsAppSend via GMailSend via E-Mail,81,Houses_Lahore,2026-07-29,https://www.zameen.com/Property/lahore_park_view_city_3_years_installment_plan_luxury_1_5_story_5_marla_brand_new_house_in_park_view_city_lahore-54437645-1466-1.html
Modern Design 125 Square Yards 3 & 4 Bedrooms Villas Available For Sale in Precinct-12 Ali Block Bahria Town Karachi,PKR 1.55 Crore,15500000,3,3,125 Sq. Yd,1125.0,13777,House,True,16,"TitaniumPKR1.55 CroreBahria Town - Precinct 12, Bahria Town Karachi33125 Sq. Yd.Added: 3 hours agoSMSCall",105,Houses_Karachi,2026-07-29,https://www.zameen.com/Property/bahria_town_karachi_bahria_town_-_precinct_12_modern_design_125_square_yards_3_4_bedrooms_villas_available_for_sale_in_precinct-12_ali_block_bahria_town_karachi-54538983-10022-1.html
235 Square Yards 3 Bedroom Villas Available For Sale in Precinct 31 Bahria Town Karachi,PKR 1.4 Crore,14000000,3,3,235 Sq. Yd,2115.0,6619,House,True,15,"TitaniumPKR1.4 CroreBahria Town - Precinct 31, Bahria Town Karachi33235 Sq. Yd.Added: 3 hours agoSMSCall",104,Houses_Karachi,2026-07-29,https://www.zameen.com/Property/bahria_town_karachi_bahria_town_-_precinct_31_235_square_yards_3_bedroom_villas_available_for_sale_in_precinct_31_bahria_town_karachi-54538882-10045-1.html
Extra Land Bungalow Available For Sale 120 Sq. Yards (133 Sq. Yards ) Block D,PKR 4 Crore,40000000,4,4,120 Sq. Yd,1080.0,37037,House,True,12,"TitaniumPKR4 CroreNaya Nazimabad, Karachi44120 Sq. Yd.Added: 4 hours agoSMSCall",79,Houses_Karachi,2026-07-29,https://www.zameen.com/Property/karachi_naya_nazimabad_extra_land_bungalow_available_for_sale_120_sq_yards_133_sq_yards_block_d-54538639-10079-1.html
152 Square Yards Villas Available For Sale in Precinct 2 Bahria Town Karachi,PKR 1.7 Crore,17000000,3,3,152 Sq. Yd,1368.0,12426,House,True,14,"TitaniumPKR1.7 CroreBahria Town - Precinct 2, Bahria Town Karachi33152 Sq. Yd.Added: 7 hours ago(Updated: 4 hours ago)SMSCall",125,Houses_Karachi,2026-07-29,https://www.zameen.com/Property/bahria_town_karachi_bahria_town_-_precinct_2_152_square_yards_villas_available_for_sale_in_precinct_2_bahria_town_karachi-54537230-10010-1.html
Luxury Villa Block C 160 sq yard Corner Banglow available for Sale in Naya Nazimabad C,PKR 5.45 Crore,54500000,5,6,160 Sq. Yd,1440.0,37847,House,True,25,"TitaniumPKR5.45 CroreNaya Nazimabad, Karachi56160 Sq. Yd.Added: 10 hours agoSMSCall",83,Houses_Karachi,2026-07-29,https://www.zameen.com/Property/karachi_naya_nazimabad_luxury_villa_block_c_160_sq_yard_corner_banglow_available_for_sale_in_naya_nazimabad_c-54536097-10079-1.html
400 Yard Banglow For Sale In Gulistan E Jauhar Block 15,PKR 7.5 Crore,75000000,6,6,400 Sq. Yd,3600.0,20833,Unknown,True,14,"PKR7.5 CroreGulistan-e-Jauhar - Block 15, Gulistan-e-Jauhar66400 Sq. Yd.Added: 12 minutes agoSMSCall",100,Houses_Karachi,2026-07-29,https://www.zameen.com/Property/gulistan_e_jauhar_gulistan-e-jauhar_-_block_15_400_yard_banglow_for_sale_in_gulistan_e_jauhar_block_15-54535559-6839-1.html
174 Sq. Yards House for Sale in Zubair Town High Rental Income Investment!,PKR 2.6 Crore,26000000,3,3,170 Sq. Yd,1530.0,16993,House,True,7,"PKR2.6 CroreBagh-e-Malir, Shah Faisal Town33170 Sq. Yd.Added: 39 minutes agoSMSCall",83,Houses_Karachi,2026-07-29,https://www.zameen.com/Property/shah_faisal_town_bagh-e-malir_174_sq_yards_house_for_sale_in_zubair_town_high_rental_income_investment-54125711-7307-1.html
Double Storey House Available For Sale,PKR 14 Crore,140000000,6,7,500 Sq. Yd,4500.0,31111,House,True,25,"PKR14 CroreNorth Nazimabad - Block B, North Nazimabad67500 Sq. Yd.Added: 48 minutes agoSMSCall",94,Houses_Karachi,2026-07-29,https://www.zameen.com/Property/north_nazimabad_north_nazimabad_-_block_b_double_storey_house_available_for_sale-54473984-7210-1.html
125 Square Yard House In DHA City Woodlands 30 Months Installments,PKR 1.95 Crore,19500000,3,3,125 Sq. Yd,1125.0,17333,House,True,7,"PKR1.95 CroreInstallmentsDHA City Karachi, Karachi33125 Sq. Yd.Added: 1 hour agoSMSCall",87,Houses_Karachi,2026-07-29,https://www.zameen.com/Property/karachi_dha_city_karachi_125_square_yard_house_in_dha_city_woodlands_30_months_installments-54472175-1429-1.html
Prime Location 400 Square Yards House For sale In North Nazimabad - Block H,PKR 15.75 Crore,157500000,6,6,400 Sq. Yd,3600.0,43750,House,True,28,"PKR15.75 CroreNorth Nazimabad - Block H, North Nazimabad66400 Sq. Yd.Added: 1 hour agoSMSCall",93,Houses_Karachi,2026-07-29,https://www.zameen.com/Property/north_nazimabad_north_nazimabad_-_block_h_prime_location_400_square_yards_house_for_sale_in_north_nazimabad_-_block_h-52792854-7216-1.html
Luxurious Brand New Modern Villa 1000 Yards For Sale In Phase 8 DHA Karachi,PKR 48 Crore,480000000,6,7,"1,000 Sq. Yd",9000.0,53333,House,True,50,"TitaniumPKR48 CroreDHA Phase 8, DHA Defence671,000 Sq. Yd.Added: 39 minutes agoSMSCall",86,Houses_Karachi,2026-07-29,https://www.zameen.com/Property/dha_defence_dha_phase_8_luxurious_brand_new_modern_villa_1000_yards_for_sale_in_phase_8_dha_karachi-51240209-1485-1.html
Planned To Perfection Single Or 2 Unit 500 Yards Bungalow For Sale in DHA Phase 8 Karachi,PKR 26 Crore,260000000,6,7,500 Sq. Yd,4500.0,57777,House,True,49,"TitaniumPKR26 CroreDHA Phase 8, DHA Defence67500 Sq. Yd.Added: 39 minutes agoSMSCall",84,Houses_Karachi,2026-07-29,https://www.zameen.com/Property/dha_defence_dha_phase_8_planned_to_perfection_single_or_2_unit_500_yards_bungalow_for_sale_in_dha_phase_8_karachi-54434501-1485-1.html
HOUSE AVAILABLE FOR SALE,PKR 13.5 Crore,135000000,3,3,550 Sq. Yd,4950.0,27272,House,False,7,"PKR13.5 CroreDOHS Phase 1, Malir Cantonment33550 Sq. Yd.Added: 29 minutes agoSMSCall",84,Houses_Karachi,2026-07-29,https://www.zameen.com/Property/malir_cantonment_dohs_phase_1_house_available_for_sale-54430947-9586-1.html
HOUSE AVAILABLE FOR SALE,PKR 6.75 Crore,67500000,4,4,120 Sq. Yd,1080.0,62500,House,False,7,"PKR6.75 CroreDHA Phase 7 Extension, DHA Defence44120 Sq. Yd.Added: 30 minutes agoSMSCall",88,Houses_Karachi,2026-07-29,https://www.zameen.com/Property/dha_defence_dha_phase_7_extension_house_available_for_sale-54431306-1674-1.html
Double Story House Available For Sale,PKR 25 Crore,250000000,11,7,"1,800 Sq. Yd",16200.0,15432,House,False,27,"PKR25 CroreNorth Nazimabad - Block B, North Nazimabad1171,800 Sq. Yd.Added: 1 hour agoSMSCall",93,Houses_Karachi,2026-07-29,https://www.zameen.com/Property/north_nazimabad_north_nazimabad_-_block_b_double_story_house_available_for_sale-53222923-7210-1.html
Unoccupied House Of 1050 Square Yards Is Available For sale In DHA Defence,PKR 25 Crore,250000000,6,6,"1,050 Sq. Yd",9450.0,26455,House,False,7,"PKR25 CroreDHA Phase 7, DHA Defence661,050 Sq. Yd.Added: 1 hour agoSMSCall",74,Houses_Karachi,2026-07-29,https://www.zameen.com/Property/dha_defence_dha_phase_7_unoccupied_house_of_1050_square_yards_is_available_for_sale_in_dha_defence-54536020-1484-1.html
HOUSE FOR SALE,PKR 5.75 Crore,57500000,5,6,240 Sq. Yd,2160.0,26620,House,False,8,"PKR5.75 CroreGulistan-e-Jauhar - Block 13, Gulistan-e-Jauhar56240 Sq. Yd.Added: 1 hour ago(Updated: 1 hour ago)SMSCall",118,Houses_Karachi,2026-07-29,https://www.zameen.com/Property/gulistan_e_jauhar_gulistan-e-jauhar_-_block_13_house_for_sale-53620524-6837-1.html
160 sqyd Luxury Bungalow available for Sale in Naya Nazimabad Block D,PKR 6 Crore,60000000,5,5,160 Sq. Yd,1440.0,41666,House,False,22,"PKR6 CroreNaya Nazimabad - Block C, Naya Nazimabad55160 Sq. Yd.Added: 26 minutes ago(Updated: 25 minutes ago)SMSCall",116,Houses_Karachi,2026-07-29,https://www.zameen.com/Property/naya_nazimabad_naya_nazimabad_-_block_c_160_sqyd_luxury_bungalow_available_for_sale_in_naya_nazimabad_block_d-54539576-14293-1.html
Askari 5 Apartment For Sale,PKR 4.75 Crore,47500000,3,3,300 Sq. Yd,2700.0,17592,Flat,False,11,"PKR4.75 CroreAskari 5 - Sector J, Askari 533300 Sq. Yd.Added: 26 minutes ago(Updated: 26 minutes ago)SMSCall",108,Houses_Karachi,2026-07-29,https://www.zameen.com/Property/askari_5_askari_5_-_sector_j_askari_5_apartment_for_sale-54539573-17289-1.html
HOUSE AVAILABLE FOR SALE ( GULSHAN E JAMI GREEN BELT BEST LOCATION FOR BALLROOM),PKR 5.7 Crore,57000000,5,5,310 Sq. Yd,2790.0,20430,House,False,5,"PKR5.7 CroreModel Colony - Malir, Malir55310 Sq. Yd.Added: 29 minutes agoSMSCall",80,Houses_Karachi,2026-07-29,https://www.zameen.com/Property/malir_model_colony_-_malir_house_available_for_sale_gulshan_e_jami_green_belt_best_location_for_ballroom-54317092-518-1.html
HOUSE AVAILABLE FOR SALE,PKR 6.85 Crore,68500000,3,3,311 Sq. Yd,2799.0,24473,House,False,3,"PKR6.85 CroreDOHS Phase 2, Malir Cantonment33311 Sq. Yd.Added: 29 minutes agoSMSCall",84,Houses_Karachi,2026-07-29,https://www.zameen.com/Property/malir_cantonment_dohs_phase_2_house_available_for_sale-54431236-9587-1.html
120 sq. yd Brand new Bungalow available for Sale in Naya Nazimabad Block C,PKR 4.25 Crore,42500000,4,4,120 Sq. Yd,1080.0,39351,House,False,25,"PKR4.25 CroreNaya Nazimabad - Block C, Naya Nazimabad44120 Sq. Yd.Added: 33 minutes ago(Updated: 33 minutes ago)SMSCall",119,Houses_Karachi,2026-07-29,https://www.zameen.com/Property/naya_nazimabad_naya_nazimabad_-_block_c_120_sq_yd_brand_new_bungalow_available_for_sale_in_naya_nazimabad_block_c-54539559-14293-1.html
Luxury Living At Its Best Modern Life Style 500 Yards Bungalow For Sale in DHA Phase 8 Karachi,PKR 28.5 Crore,285000000,6,7,500 Sq. Yd,4500.0,63333,House,True,47,"TitaniumPKR28.5 CroreDHA Phase 8, DHA Defence67500 Sq. Yd.Added: 39 minutes agoSMSCall",86,Houses_Karachi,2026-07-29,https://www.zameen.com/Property/dha_defence_dha_phase_8_luxury_living_at_its_best_modern_life_style_500_yards_bungalow_for_sale_in_dha_phase_8_karachi-54165464-1485-1.html
Modern And Well Planned 500 Yards Bungalow For Sale In DHA Phase 8 Karachi,PKR 26 Crore,260000000,6,7,500 Sq. Yd,4500.0,57777,House,True,49,"TitaniumPKR26 CroreDHA Phase 8, DHA Defence67500 Sq. Yd.Added: 39 minutes ago(Updated: 39 minutes ago)SMSCall",109,Houses_Karachi,2026-07-29,https://www.zameen.com/Property/dha_defence_dha_phase_8_modern_and_well_planned_500_yards_bungalow_for_sale_in_dha_phase_8_karachi-54165481-1485-1.html
COMFORTS OF A MODERN LIFESTYLE 500 Yards Bungalow For Sale In DHA Phase 8 Karachi,PKR 27 Crore,270000000,5,7,500 Sq. Yd,4500.0,60000,House,True,17,"TitaniumPKR27 CroreDHA Phase 8, DHA Defence57500 Sq. Yd.Added: 39 minutes agoSMSCall",84,Houses_Karachi,2026-07-29,https://www.zameen.com/Property/dha_defence_dha_phase_8_comforts_of_a_modern_lifestyle_500_yards_bungalow_for_sale_in_dha_phase_8_karachi-54284122-1485-1.html
Corner 100 Yards Slightly Used West Open Bungalow For Sale DHA Phase 7 Extension.,PKR 5.5 Crore,55000000,4,4,100 Sq. Yd,900.0,61111,House,True,22,super hot22Share on FacebookShare on TwitterShare on WhatsAppSend via GMailSend via E-Mail,90,Houses_Karachi,2026-07-29,https://www.zameen.com/Property/dha_defence_dha_phase_7_extension_corner_100_yards_slightly_used_west_open_bungalow_for_sale_dha_phase_7_extension-54399337-1674-1.html
A Well Designed Prime Location House Is Up For sale In An Ideal Location In Naya Nazimabad,PKR 4.5 Crore,45000000,4,4,120 Sq. Yd,1080.0,41666,House,True,16,super hot161VerifiedShare on FacebookShare on TwitterShare on WhatsAppSend via GMailSend via E-Mail,99,Houses_Karachi,2026-07-29,https://www.zameen.com/Property/karachi_naya_nazimabad_a_well_designed_prime_location_house_is_up_for_sale_in_an_ideal_location_in_naya_nazimabad-54508421-10079-1.html
Ideal Prime Location House In Naya Nazimabad,PKR 3.9 Crore,39000000,4,4,120 Sq. Yd,1080.0,36111,House,True,6,super hot6Share on FacebookShare on TwitterShare on WhatsAppSend via GMailSend via E-Mail,89,Houses_Karachi,2026-07-29,https://www.zameen.com/Property/karachi_naya_nazimabad_ideal_prime_location_house_in_naya_nazimabad-54433728-10079-1.html
Prime Location House Of 120 Square Yards Is Available For Sale,PKR 3.9 Crore,39000000,4,4,120 Sq. Yd,1080.0,36111,House,True,19,super hot191VerifiedShare on FacebookShare on TwitterShare on WhatsAppSend via GMailSend via E-Mail,99,Houses_Karachi,2026-07-29,https://www.zameen.com/Property/karachi_naya_nazimabad_prime_location_house_of_120_square_yards_is_available_for_sale-54508422-10079-1.html
5 bed Drawing Dining town house with basement,PKR 11.5 Crore,115000000,11,5,250 Sq. Yd,2250.0,51111,House,True,7,super hot7Share on FacebookShare on TwitterShare on WhatsAppSend via GMailSend via E-Mail,89,Houses_Karachi,2026-07-29,https://www.zameen.com/Property/karachi_khalid_bin_walid_road_5_bed_drawing_dining_town_house_with_basement-54525313-253-1.html
Bungalow Is Available For Sale,PKR 14.25 Crore,142500000,5,6,300 Sq. Yd,2700.0,52777,House,True,18,super hot18Share on FacebookShare on TwitterShare on WhatsAppSend via GMailSend via E-Mail,90,Houses_Karachi,2026-07-29,https://www.zameen.com/Property/dha_defence_dha_phase_8_bungalow_is_available_for_sale-54122319-1485-1.html
160 Yards 6 Rooms 4 Bed DD One Unit Villa For Sale,PKR 1.7 Crore,17000000,1,4,160 Sq. Yd,1440.0,11805,House,True,30,super hot30Share on FacebookShare on TwitterShare on WhatsAppSend via GMailSend via E-Mail,90,Houses_Karachi,2026-07-29,https://www.zameen.com/Property/karachi_chapal_uptown_160_yards_6_rooms_4_bed_dd_one_unit_villa_for_sale-50971640-9720-1.html
CORNER WEST OPEN House For Sale In Navy Housing Scheme Karsaz,PKR 20 Crore,200000000,5,5,350 Sq. Yd,3150.0,63492,House,True,17,super hot17Share on FacebookShare on TwitterShare on WhatsAppSend via GMailSend via E-Mail,90,Houses_Karachi,2026-07-29,https://www.zameen.com/Property/karachi_navy_housing_scheme_karsaz_corner_west_open_house_for_sale_in_navy_housing_scheme_karsaz-54275152-11579-1.html
Beautiful Furnished Bungalow For Sale,PKR 17.5 Crore,175000000,5,6,500 Sq. Yd,4500.0,38888,House,True,22,super hot22Share on FacebookShare on TwitterShare on WhatsAppSend via GMailSend via E-Mail,90,Houses_Karachi,2026-07-29,https://www.zameen.com/Property/dha_defence_dha_phase_7_beautiful_furnished_bungalow_for_sale-53864030-1484-1.html
BRAND NEW HOUSE PARK FACING,PKR 4.75 Crore,47500000,10,7,120 Sq. Yd,1080.0,43981,House,True,18,super hot18Share on FacebookShare on TwitterShare on WhatsAppSend via GMailSend via E-Mail,90,Houses_Karachi,2026-07-29,https://www.zameen.com/Property/federal_b_area_federal_b_area_-_block_16_brand_new_house_park_facing-54409003-6700-1.html
Brand New Modern Villa 500 Yards For Sale In Phase 8 DHA Karachi,PKR 30 Crore,300000000,6,7,500 Sq. Yd,4500.0,66666,House,True,48,hot48Share on FacebookShare on TwitterShare on WhatsAppSend via GMailSend via E-Mail,84,Houses_Karachi,2026-07-29,https://www.zameen.com/Property/dha_defence_dha_phase_8_brand_new_modern_villa_500_yards_for_sale_in_phase_8_dha_karachi-54483556-1485-1.html
1000 YARDS LUXURY BUNGALOW FOR SALE,PKR 45 Crore,450000000,6,7,"1,000 Sq. Yd",9000.0,50000,House,True,29,hot29Share on FacebookShare on TwitterShare on WhatsAppSend via GMailSend via E-Mail,84,Houses_Karachi,2026-07-29,https://www.zameen.com/Property/dha_defence_dha_phase_6_1000_yards_luxury_bungalow_for_sale-53983540-1483-1.html
Bungalow for sale,PKR 16.25 Crore,162500000,5,6,500 Sq. Yd,4500.0,36111,House,False,13,hot13Share on FacebookShare on TwitterShare on WhatsAppSend via GMailSend via E-Mail,84,Houses_Karachi,2026-07-29,https://www.zameen.com/Property/dha_defence_dha_phase_6_bungalow_for_sale-54539041-1483-1.html
120 Yards West Open Single Storey House For Sale,PKR 1.35 Crore,13500000,2,2,120 Sq. Yd,1080.0,12500,House,False,15,hot15Share on FacebookShare on TwitterShare on WhatsAppSend via GMailSend via E-Mail,84,Houses_Karachi,2026-07-29,https://www.zameen.com/Property/scheme_33_ahsan_dreamland_120_yards_west_open_single_storey_house_for_sale-52965489-11224-1.html
"Ready to move 272sq yd 4 & 5 Bedroom DDL Luxury Villa FOR SALE. Only 4km from Main Entrance of BTK. Near GRAND MOSQUE, A-Plus Quality Construction.",PKR 3 Crore,30000000,3,5,250 Sq. Yd,2250.0,13333,House,False,14,hot14Share on FacebookShare on TwitterShare on WhatsAppSend via GMailSend via E-Mail,84,Houses_Karachi,2026-07-29,https://www.zameen.com/Property/bahria_town_karachi_bahria_town_-_precinct_8_ready_to_move_272sq_yd_4_5_bedroom_ddl_luxury_villa_for_sale_only_4km_from_main_entrance_of_btk_near_grand_mosque_a-plus_quality_construction-54420311-10016-1.html
Al Muslim Society 400 Sq Yd G+1 House | Opposite Memon Hospital | 18KV Solar,PKR 5.5 Crore,55000000,3,3,400 Sq. Yd,3600.0,15277,House,False,35,hot35Share on FacebookShare on TwitterShare on WhatsAppSend via GMailSend via E-Mail,84,Houses_Karachi,2026-07-29,https://www.zameen.com/Property/scheme_33_sector_34_a_al_muslim_society_al_muslim_society_400_sq_yd_g_1_house_opposite_memon_hospital_18kv_solar-54317304-9292-1.html
284 Yards House Ground Plus 1 Jauhar Block 12 3 Bed DD Ground 4 Bed DD First 2 Car Parking 40 Ft Road,PKR 5.5 Crore,55000000,5,7,300 Sq. Yd,2700.0,20370,House,False,11,hot11Share on FacebookShare on TwitterShare on WhatsAppSend via GMailSend via E-Mail,84,Houses_Karachi,2026-07-29,https://www.zameen.com/Property/gulistan_e_jauhar_gulistan-e-jauhar_-_block_12_284_yards_house_ground_plus_1_jauhar_block_12_3_bed_dd_ground_4_bed_dd_first_2_car_parking_40_ft_road-54320759-6836-1.html
Double Story Old House Available For Sale,PKR 9.7 Crore,97000000,6,7,400 Sq. Yd,3600.0,26944,House,False,10,10Share on FacebookShare on TwitterShare on WhatsAppSend via GMailSend via E-Mail,81,Houses_Karachi,2026-07-29,https://www.zameen.com/Property/north_nazimabad_north_nazimabad_-_block_a_double_story_old_house_available_for_sale-54539490-7209-1.html
"ULTRA-LUXURY BUNGALOW FOR SALE IN | DHA PHASE 8, ZONE E | CHANCE DEAL",PKR 35 Crore,350000000,6,7,666 Sq. Yd,5994.0,58391,House,True,8,8Share on FacebookShare on TwitterShare on WhatsAppSend via GMailSend via E-Mail,80,Houses_Karachi,2026-07-29,https://www.zameen.com/Property/dha_phase_8_dha_phase_8_-_zone_e_ultra-luxury_bungalow_for_sale_in_dha_phase_8_zone_e_chance_deal-53852371-6681-1.html
BUNGALOW FOR SALE IN KH-E-QASIM PHASE 8 DHA KARACHI,PKR 25 Crore,250000000,5,5,666 Sq. Yd,5994.0,41708,House,True,11,11Share on FacebookShare on TwitterShare on WhatsAppSend via GMailSend via E-Mail,81,Houses_Karachi,2026-07-29,https://www.zameen.com/Property/dha_phase_8_dha_phase_8_-_zone_a_bungalow_for_sale_in_kh-e-qasim_phase_8_dha_karachi-53329200-6677-1.html
"OWNER-BUILT LUXURY MANSION KHAYABAN-E-QASIM, ZONE A PHASE 8",PKR 28 Crore,280000000,5,6,500 Sq. Yd,4500.0,62222,Unknown,True,33,33Share on FacebookShare on TwitterShare on WhatsAppSend via GMailSend via E-Mail,81,Houses_Karachi,2026-07-29,https://www.zameen.com/Property/dha_phase_8_dha_phase_8_-_zone_a_owner-built_luxury_mansion_khayaban-e-qasim_zone_a_phase_8-53894736-6677-1.html
BRAND NEW BANGLOW 500 YARDS POOL BASEMENT ROOMI A ZONE PHASE 8,PKR 25 Crore,250000000,5,6,500 Sq. Yd,4500.0,55555,Unknown,True,9,9VerifiedShare on FacebookShare on TwitterShare on WhatsAppSend via GMailSend via E-Mail,88,Houses_Karachi,2026-07-29,https://www.zameen.com/Property/dha_phase_8_dha_phase_8_-_zone_a_brand_new_banglow_500_yards_pool_basement_roomi_a_zone_phase_8-53860928-6677-1.html
"FURNISHED LUXURY MANSION | 500 SQ. YDS | PRIME PHASE 8, DHA",PKR 25 Crore,250000000,6,7,500 Sq. Yd,4500.0,55555,Unknown,True,13,13Share on FacebookShare on TwitterShare on WhatsAppSend via GMailSend via E-Mail,81,Houses_Karachi,2026-07-29,https://www.zameen.com/Property/dha_phase_8_dha_phase_8_-_zone_b_furnished_luxury_mansion_500_sq_yds_prime_phase_8_dha-53926727-6678-1.html
100 YARDS BRAND NEW BUNGALOW AT DHA PHASE 7 EXT,PKR 7 Crore,70000000,4,5,100 Sq. Yd,900.0,77777,House,True,19,19Share on FacebookShare on TwitterShare on WhatsAppSend via GMailSend via E-Mail,81,Houses_Karachi,2026-07-29,https://www.zameen.com/Property/dha_defence_dha_phase_7_extension_100_yards_brand_new_bungalow_at_dha_phase_7_ext-54539391-1674-1.html
"LUXURY 1,000 SQ YD BUNGALOW WITH SWIMMING POOL & LIFT FOR SALE IN DHA PHASE 5 EXTENSION, KARACHI",PKR 40 Crore,400000000,6,7,"1,000 Sq. Yd",9000.0,44444,House,True,16,16Share on FacebookShare on TwitterShare on WhatsAppSend via GMailSend via E-Mail,81,Houses_Karachi,2026-07-29,https://www.zameen.com/Property/dha_phase_5_dha_phase_5_extension_luxury_1_000_sq_yd_bungalow_with_swimming_pool_lift_for_sale_in_dha_phase_5_extension_karachi-54016519-1673-1.html
CHANCE DEAL AT Prime Location In Askari 6 300 Square Yards House For Sale,PKR 7.8 Crore,78000000,5,5,300 Sq. Yd,2700.0,28888,House,True,25,super hot251VerifiedShare on FacebookShare on TwitterShare on WhatsAppSend via GMailSend via E-Mail,99,Houses_Karachi,2026-07-29,https://www.zameen.com/Property/malir_cantonment_askari_6_chance_deal_at_prime_location_in_askari_6_300_square_yards_house_for_sale-54481017-21109-1.html
You Can Find A Gorgeous Prime Location House For Sale In Askari 6,PKR 7.6 Crore,76000000,5,5,300 Sq. Yd,2700.0,28148,House,True,20,super hot201VerifiedShare on FacebookShare on TwitterShare on WhatsAppSend via GMailSend via E-Mail,99,Houses_Karachi,2026-07-29,https://www.zameen.com/Property/malir_cantonment_askari_6_you_can_find_a_gorgeous_prime_location_house_for_sale_in_askari_6-54481018-21109-1.html
Looking For A Prime Location House In Askari 6,PKR 8.5 Crore,85000000,5,5,375 Sq. Yd,3375.0,25185,House,True,22,super hot221VerifiedShare on FacebookShare on TwitterShare on WhatsAppSend via GMailSend via E-Mail,99,Houses_Karachi,2026-07-29,https://www.zameen.com/Property/malir_cantonment_askari_6_looking_for_a_prime_location_house_in_askari_6-54481124-21109-1.html
Build To Impress Brand New Modern 1000 Yards Bungalow For Sale In Dha Phase 8 Karachi,PKR 55 Crore,550000000,6,7,"1,000 Sq. Yd",9000.0,61111,House,True,31,super hot31Share on FacebookShare on TwitterShare on WhatsAppSend via GMailSend via E-Mail,90,Houses_Karachi,2026-07-29,https://www.zameen.com/Property/dha_defence_dha_phase_8_build_to_impress_brand_new_modern_1000_yards_bungalow_for_sale_in_dha_phase_8_karachi-54326750-1485-1.html
Custom Built Having The Comforts Of A Modern Life Style 1000 Yards Bungalow For Sale In Dha Phase 8 Karachi,PKR 75 Crore,750000000,7,7,"1,000 Sq. Yd",9000.0,83333,House,True,50,super hot50Share on FacebookShare on TwitterShare on WhatsAppSend via GMailSend via E-Mail,90,Houses_Karachi,2026-07-29,https://www.zameen.com/Property/dha_defence_dha_phase_8_custom_built_having_the_comforts_of_a_modern_life_style_1000_yards_bungalow_for_sale_in_dha_phase_8_karachi-53285894-1485-1.html
BRAND NEW HOUSE WESTOPEN FOR SALE,PKR 4.5 Crore,45000000,10,7,122 Sq. Yd,1098.0,40983,House,True,24,super hot24Share on FacebookShare on TwitterShare on WhatsAppSend via GMailSend via E-Mail,90,Houses_Karachi,2026-07-29,https://www.zameen.com/Property/federal_b_area_federal_b_area_-_block_16_brand_new_house_westopen_for_sale-54409049-6700-1.html
1000 Yards Luxury Owner-Built Bungalow for Sale DHA Phase 6,PKR 42 Crore,420000000,6,6,"1,000 Sq. Yd",9000.0,46666,House,True,14,super hot14Share on FacebookShare on TwitterShare on WhatsAppSend via GMailSend via E-Mail,90,Houses_Karachi,2026-07-29,https://www.zameen.com/Property/dha_defence_dha_phase_6_1000_yards_luxury_owner-built_bungalow_for_sale_dha_phase_6-54538241-1483-1.html
Ready To Buy A House 600 Square Yards In Faran Cooperative Housing Society,PKR 25 Crore,250000000,6,6,600 Sq. Yd,5400.0,46296,House,True,12,super hot12Share on FacebookShare on TwitterShare on WhatsAppSend via GMailSend via E-Mail,90,Houses_Karachi,2026-07-29,https://www.zameen.com/Property/gulshan_e_iqbal_town_faran_cooperative_housing_society_ready_to_buy_a_house_600_square_yards_in_faran_cooperative_housing_society-47434575-19979-1.html
750 Sq. Yards Well-Maintained Double Story Bungalow For Sale | Gulshan-E-Iqbal Block 4 |,PKR 16 Crore,160000000,5,6,750 Sq. Yd,6750.0,23703,House,True,10,super hot10Share on FacebookShare on TwitterShare on WhatsAppSend via GMailSend via E-Mail,90,Houses_Karachi,2026-07-29,https://www.zameen.com/Property/gulshan_e_iqbal_gulshan-e-iqbal_-_block_4_750_sq_yards_well-maintained_double_story_bungalow_for_sale_gulshan-e-iqbal_block_4-54537590-6864-1.html
Buy A Centrally Located East Open 120 Square Yards House In Naya Nazimabad - Block A,PKR 4.3 Crore,43000000,4,4,120 Sq. Yd,1080.0,39814,House,True,16,super hot161VerifiedShare on FacebookShare on TwitterShare on WhatsAppSend via GMailSend via E-Mail,99,Houses_Karachi,2026-07-29,https://www.zameen.com/Property/naya_nazimabad_naya_nazimabad_-_block_a_buy_a_centrally_located_east_open_120_square_yards_house_in_naya_nazimabad_-_block_a-53511646-14291-1.html
"125 Sq Yd Ready-To-Move Luxury Villa For Sale Precinct 10B, Bahria Town Karachi A+ Construction | 3 Bedrooms, Drawing, Dining, TV Lounge & American Kitchen 10 Min From Main Gate | Near Park, Mosque, S",PKR 1.12 Crore,11200000,1,3,125 Sq. Yd,1125.0,9955,House,True,14,hot14Share on FacebookShare on TwitterShare on WhatsAppSend via GMailSend via E-Mail,84,Houses_Karachi,2026-07-29,https://www.zameen.com/Property/bahria_town_karachi_bahria_town_-_precinct_10-b_125_sq_yd_ready-to-move_luxury_villa_for_sale_precinct_10b_bahria_town_karachi_a_construction_3_bedrooms_drawing_dining_tv_lounge_american_kitchen_10_min_from_main_gate_near_park_mosque_schools_commercial-54419485-18126-1.html
"152 Sq Yard Iqbal Villa Near Main Gate Entrance, Precinct-2 Surrounded By Park, Mosque, Sports Complex & Shopping Gallery. Ideal For Living Or Rental Investment. Call Now!",PKR 2.05 Crore,20500000,3,3,152 Sq. Yd,1368.0,14985,House,True,20,hot20Share on FacebookShare on TwitterShare on WhatsAppSend via GMailSend via E-Mail,84,Houses_Karachi,2026-07-29,https://www.zameen.com/Property/bahria_town_precinct_2_bahria_homes_-_iqbal_villas_152_sq_yard_iqbal_villa_near_main_gate_entrance_precinct-2_surrounded_by_park_mosque_sports_complex_shopping_gallery_ideal_for_living_or_rental_investment_call_now-54412210-9031-1.html
240 Sqyd | House For Sale | Ground Plus One | Leased | Block 7 Gulistan e Jauhar,PKR 5.3 Crore,53000000,6,6,240 Sq. Yd,2160.0,24537,House,False,6,hot6Share on FacebookShare on TwitterShare on WhatsAppSend via GMailSend via E-Mail,83,Houses_Karachi,2026-07-29,https://www.zameen.com/Property/gulistan_e_jauhar_gulistan-e-jauhar_-_block_7_240_sqyd_house_for_sale_ground_plus_one_leased_block_7_gulistan_e_jauhar-54365752-6831-1.html
ASKARI VILLAS AVAILABLE ON INSTALLMENTS,PKR 7.29 Crore,72900000,5,6,270 Sq. Yd,2430.0,30000,House,False,6,hot6Share on FacebookShare on TwitterShare on WhatsAppSend via GMailSend via E-Mail,83,Houses_Karachi,2026-07-29,https://www.zameen.com/Property/malir_cantonment_askari_6_askari_villas_available_on_installments-54477167-21109-1.html
300 SQUARE YARDS NEW BUNGALOW AVAILABLE FOR SALE IN SMCHS BLOCK A,PKR 16 Crore,160000000,6,6,300 Sq. Yd,2700.0,59259,House,False,31,hot31Share on FacebookShare on TwitterShare on WhatsAppSend via GMailSend via E-Mail,84,Houses_Karachi,2026-07-29,https://www.zameen.com/Property/smchs_sindhi_muslim_society_sindhi_muslim_society_-_block_a_300_square_yards_new_bungalow_available_for_sale_in_smchs_block_a-54483923-6953-1.html
CORNER Park Face SINGLE STOREY HOUSE SECTOR X NEAR TAWWABEN MASJID Whear A Market School Masjid Park At Walking Distance,PKR 2.3 Crore,23000000,3,3,200 Sq. Yd,1800.0,12777,House,False,17,hot17Share on FacebookShare on TwitterShare on WhatsAppSend via GMailSend via E-Mail,84,Houses_Karachi,2026-07-29,https://www.zameen.com/Property/gadap_town_gulshan-e-maymar_corner_park_face_single_storey_house_sector_x_near_tawwaben_masjid_whear_a_market_school_masjid_park_at_walking_distance-53543274-680-1.html
Prime Location Federal B Area - Block 16 122 Square Yards House Up For Sale,PKR 4.5 Crore,45000000,6,6,122 Sq. Yd,1098.0,40983,House,False,20,hot201Share on FacebookShare on TwitterShare on WhatsAppSend via GMailSend via E-Mail,85,Houses_Karachi,2026-07-29,https://www.zameen.com/Property/federal_b_area_federal_b_area_-_block_16_prime_location_federal_b_area_-_block_16_122_square_yards_house_up_for_sale-53174403-6700-1.html
Two Unit House Near Bilal Masjid  Phase 7,PKR 21 Crore,210000000,6,6,500 Sq. Yd,4500.0,46666,House,True,6,6Share on FacebookShare on TwitterShare on WhatsAppSend via GMailSend via E-Mail,80,Houses_Karachi,2026-07-29,https://www.zameen.com/Property/dha_phase_6_khayaban-e-shahbaz_two_unit_house_near_bilal_masjid_phase_7-54022008-20765-1.html
Bungalow Available For Sale Coener 440 Yard Ground + 1 Hill Area Gulistan e Jauhar Block 1,PKR 8.75 Crore,87500000,4,4,440 Sq. Yd,3960.0,22095,House,False,13,13Share on FacebookShare on TwitterShare on WhatsAppSend via GMailSend via E-Mail,81,Houses_Karachi,2026-07-29,https://www.zameen.com/Property/gulshan_e_iqbal_gulshan-e-iqbal_-_block_1_bungalow_available_for_sale_coener_440_yard_ground_1_hill_area_gulistan_e_jauhar_block_1-54539362-6861-1.html
LUXURIOUS 666 SQ. YD ELITE MANSION | PRIVATE POOL & CINEMA | DHA KARACHI,PKR 43 Crore,430000000,6,6,666 Sq. Yd,5994.0,71738,Unknown,True,2,2Share on FacebookShare on TwitterShare on WhatsAppSend via GMailSend via E-Mail,80,Houses_Karachi,2026-07-29,https://www.zameen.com/Property/dha_defence_dha_phase_8_luxurious_666_sq_yd_elite_mansion_private_pool_cinema_dha_karachi-54053967-1485-1.html
LUXURY OWNER-BUILT MANSION | FULL BASEMENT & LIFT | DHA KARACHI HOUSE FOR SALE,PKR 28 Crore,280000000,5,5,500 Sq. Yd,4500.0,62222,House,True,17,17Share on FacebookShare on TwitterShare on WhatsAppSend via GMailSend via E-Mail,81,Houses_Karachi,2026-07-29,https://www.zameen.com/Property/dha_phase_8_dha_phase_8_-_zone_a_luxury_owner-built_mansion_full_basement_lift_dha_karachi_house_for_sale-54091479-6677-1.html
500 YARDS BANGLOW FULLY RENOVATED JUST LIKE NEW DHA PHASE 5,PKR 16 Crore,160000000,5,6,500 Sq. Yd,4500.0,35555,House,True,14,14Share on FacebookShare on TwitterShare on WhatsAppSend via GMailSend via E-Mail,81,Houses_Karachi,2026-07-29,https://www.zameen.com/Property/dha_defence_dha_phase_5_500_yards_banglow_fully_renovated_just_like_new_dha_phase_5-54083040-1482-1.html
"ULTRA-LUXURY FURNISHED BUNGALOW | CHANCE DEAL | KH-E-MUHAFIZ, PHASE 6",PKR 16.25 Crore,162500000,6,6,500 Sq. Yd,4500.0,36111,House,True,11,11Share on FacebookShare on TwitterShare on WhatsAppSend via GMailSend via E-Mail,81,Houses_Karachi,2026-07-29,https://www.zameen.com/Property/dha_defence_dha_phase_6_ultra-luxury_furnished_bungalow_chance_deal_kh-e-muhafiz_phase_6-54061231-1483-1.html
ULTRA LUXURY MANSION | 500 SQ. YD | ZONE A | DHA PHASE 8 KARACHI,PKR 25 Crore,250000000,6,6,500 Sq. Yd,4500.0,55555,Unknown,True,16,16Share on FacebookShare on TwitterShare on WhatsAppSend via GMailSend via E-Mail,81,Houses_Karachi,2026-07-29,https://www.zameen.com/Property/dha_defence_dha_phase_8_ultra_luxury_mansion_500_sq_yd_zone_a_dha_phase_8_karachi-54060431-1485-1.html
LIKE NEW | 500 SQ. YD BUNGALOW | DHA PHASE 8 KARACHI Zone A,PKR 19.8 Crore,198000000,5,6,500 Sq. Yd,4500.0,44000,House,True,13,13Share on FacebookShare on TwitterShare on WhatsAppSend via GMailSend via E-Mail,81,Houses_Karachi,2026-07-29,https://www.zameen.com/Property/dha_defence_dha_phase_8_like_new_500_sq_yd_bungalow_dha_phase_8_karachi_zone_a-54060418-1485-1.html
Owner Built Highly Well Planned And Maintained 500 Yards Bungalow For Sale In DHA Phase 6 Karachi,PKR 18 Crore,180000000,4,7,500 Sq. Yd,4500.0,40000,House,True,47,super hot47Share on FacebookShare on TwitterShare on WhatsAppSend via GMailSend via E-Mail,90,Houses_Karachi,2026-07-29,https://www.zameen.com/Property/dha_defence_dha_phase_6_owner_built_highly_well_planned_and_maintained_500_yards_bungalow_for_sale_in_dha_phase_6_karachi-54431905-1483-1.html
Brand New House For Sale Purpose,PKR 8 Crore,80000000,5,6,375 Sq. Yd,3375.0,23703,House,True,5,super hot5Share on FacebookShare on TwitterShare on WhatsAppSend via GMailSend via E-Mail,89,Houses_Karachi,2026-07-29,https://www.zameen.com/Property/malir_cantonment_askari_6_brand_new_house_for_sale_purpose-44838384-21109-1.html
600 Sq. Yards Bungalow for Sale | Proper 2-Unit House | DHA Phase 5 Badban | Prime Location,PKR 17.5 Crore,175000000,7,7,600 Sq. Yd,5400.0,32407,House,True,21,super hot21Share on FacebookShare on TwitterShare on WhatsAppSend via GMailSend via E-Mail,90,Houses_Karachi,2026-07-29,https://www.zameen.com/Property/dha_defence_dha_phase_5_600_sq_yards_bungalow_for_sale_proper_2-unit_house_dha_phase_5_badban_prime_location-54533195-1482-1.html
Modern Design 125 Square Yards 3 & 3 Bedrooms Villas Available For Sale in Precinct 12 Bahria Town Karachi,PKR 1.5 Crore,15000000,1,3,125 Sq. Yd,1125.0,13333,House,True,15,super hot15Share on FacebookShare on TwitterShare on WhatsAppSend via GMailSend via E-Mail,90,Houses_Karachi,2026-07-29,https://www.zameen.com/Property/bahria_town_karachi_bahria_town_-_precinct_12_modern_design_125_square_yards_3_3_bedrooms_villas_available_for_sale_in_precinct_12_bahria_town_karachi-54532889-10022-1.html
Modern Design 250 Square Yards 4 & 5 Bedrooms Villas Available For Sale in Precinct 16 Bahria Town Karachi,PKR 2.5 Crore,25000000,2,4,250 Sq. Yd,2250.0,11111,House,True,17,super hot17Share on FacebookShare on TwitterShare on WhatsAppSend via GMailSend via E-Mail,90,Houses_Karachi,2026-07-29,https://www.zameen.com/Property/bahria_town_karachi_bahria_town_-_precinct_16_modern_design_250_square_yards_4_5_bedrooms_villas_available_for_sale_in_precinct_16_bahria_town_karachi-54532726-10027-1.html
Bungalow Available For Sale RUFI FOUNTAIN Gulistan E Jauhar Block 19,PKR 4.7 Crore,47000000,6,6,150 Sq. Yd,1350.0,34814,House,True,31,super hot311VerifiedShare on FacebookShare on TwitterShare on WhatsAppSend via GMailSend via E-Mail,99,Houses_Karachi,2026-07-29,https://www.zameen.com/Property/gulistan_e_jauhar_gulistan-e-jauhar_-_block_19_bungalow_available_for_sale_rufi_fountain_gulistan_e_jauhar_block_19-54329247-6843-1.html
120 Sq. Yd. Ground+1 House For Sale at Zeenatabad Society Near By Sumaira Chowk MALA SUPER MARET & ARAMCO PETROL PUMP Sector 19A Scheme 33 Karachi.,PKR 3 Crore,30000000,4,5,120 Sq. Yd,1080.0,27777,House,True,23,super hot231VerifiedShare on FacebookShare on TwitterShare on WhatsAppSend via GMailSend via E-Mail,99,Houses_Karachi,2026-07-29,https://www.zameen.com/Property/scheme_33_zeenatabad_120_sq_yd_ground_1_house_for_sale_at_zeenatabad_society_near_by_sumaira_chowk_mala_super_maret_aramco_petrol_pump_sector_19a_scheme_33_karachi-54535719-9195-1.html
ground plus one banglow available for Sale Corner Banglow(staff loan japplicable),PKR 3.99 Crore,39900000,7,6,400 Sq. Yd,3600.0,11083,Unknown,True,36,super hot36Share on FacebookShare on TwitterShare on WhatsAppSend via GMailSend via E-Mail,90,Houses_Karachi,2026-07-29,https://www.zameen.com/Property/saadi_town_saadi_town_-_block_5_ground_plus_one_banglow_available_for_sale_corner_banglow_staff_loan_japplicable-54425615-12971-1.html
Single Story Bungalow With One Room On First Floor Staff Loan Bank Loan Applicable,PKR 3.1 Crore,31000000,4,4,240 Sq. Yd,2160.0,14351,House,True,15,super hot15Share on FacebookShare on TwitterShare on WhatsAppSend via GMailSend via E-Mail,90,Houses_Karachi,2026-07-29,https://www.zameen.com/Property/saadi_garden_saadi_garden_-_block_2_single_story_bungalow_with_one_room_on_first_floor_staff_loan_bank_loan_applicable-54402960-9088-1.html
Ground Plus One Bungalow Available For Sale In The Heart Block 5 Of Saadi Townstaff Loan / Bank Loan Applicable,PKR 3.45 Crore,34500000,6,6,240 Sq. Yd,2160.0,15972,House,True,12,super hot12Share on FacebookShare on TwitterShare on WhatsAppSend via GMailSend via E-Mail,90,Houses_Karachi,2026-07-29,https://www.zameen.com/Property/saadi_town_saadi_town_-_block_5_ground_plus_one_bungalow_available_for_sale_in_the_heart_block_5_of_saadi_townstaff_loan_bank_loan_applicable-53779354-12971-1.html
Modern Design 250 Square Yards 4 & 5 Bedrooms Villas Available For Sale in Precinct 6 Bahria Town Karachi,PKR 2.5 Crore,25000000,2,5,250 Sq. Yd,2250.0,11111,House,True,12,hot12Share on FacebookShare on TwitterShare on WhatsAppSend via GMailSend via E-Mail,84,Houses_Karachi,2026-07-29,https://www.zameen.com/Property/bahria_town_karachi_bahria_town_-_precinct_6_modern_design_250_square_yards_4_5_bedrooms_villas_available_for_sale_in_precinct_6_bahria_town_karachi-54537236-10014-1.html
Modern Design 500 Square Yards 5 Bedrooms Villas Available For Sale in Precinct 9 Bahria Hills Bahria Town Karachi,PKR 5.5 Crore,55000000,5,5,500 Sq. Yd,4500.0,12222,House,True,18,hot18Share on FacebookShare on TwitterShare on WhatsAppSend via GMailSend via E-Mail,84,Houses_Karachi,2026-07-29,https://www.zameen.com/Property/bahria_town_karachi_bahria_town_-_precinct_9_modern_design_500_square_yards_5_bedrooms_villas_available_for_sale_in_precinct_9_bahria_hills_bahria_town_karachi-54537235-10017-1.html
Brand New 80 Sqyds Villa For Sale,PKR 85 Lakh,8500000,2,2,80 Sq. Yd,720.0,11805,House,False,7,hot7Share on FacebookShare on TwitterShare on WhatsAppSend via GMailSend via E-Mail,83,Houses_Karachi,2026-07-29,https://www.zameen.com/Property/surjani_town_north_town_residency_brand_new_80_sqyds_villa_for_sale-54529991-10674-1.html
Brand New Bungalow,PKR 2.5 Crore,25000000,4,5,120 Sq. Yd,1080.0,23148,House,False,13,hot13Share on FacebookShare on TwitterShare on WhatsAppSend via GMailSend via E-Mail,84,Houses_Karachi,2026-07-29,https://www.zameen.com/Property/saadi_garden_saadi_garden_-_block_1_brand_new_bungalow-53312694-14103-1.html
"2 BED DD FLAT FOR SALE | SABA COMMERCIAL | PKR 60,000 MONTHLY RENTAL INCOME | PRIME INVESTMENT OPPORTUNITY",PKR 1.3 Crore,13000000,1,2,100 Sq. Yd,900.0,14444,Flat,False,9,hot9Share on FacebookShare on TwitterShare on WhatsAppSend via GMailSend via E-Mail,83,Houses_Karachi,2026-07-29,https://www.zameen.com/Property/dha_phase_5_saba_commercial_area_2_bed_dd_flat_for_sale_saba_commercial_pkr_60_000_monthly_rental_income_prime_investment_opportunity-54291421-6671-1.html
500 Sq. Yards Well Planned Bungalow Available for Sale,PKR 15 Crore,150000000,5,6,500 Sq. Yd,4500.0,33333,House,False,9,hot9Share on FacebookShare on TwitterShare on WhatsAppSend via GMailSend via E-Mail,83,Houses_Karachi,2026-07-29,https://www.zameen.com/Property/dha_defence_dha_phase_8_500_sq_yards_well_planned_bungalow_available_for_sale-54387957-1485-1.html
250 Sq. Yards Slightly Used Duplex Bungalow Available For Sale,PKR 9.5 Crore,95000000,4,5,250 Sq. Yd,2250.0,42222,House,False,6,hot6Share on FacebookShare on TwitterShare on WhatsAppSend via GMailSend via E-Mail,83,Houses_Karachi,2026-07-29,https://www.zameen.com/Property/dha_defence_dha_phase_5_250_sq_yards_slightly_used_duplex_bungalow_available_for_sale-54389434-1482-1.html
"PREMIUM | 1,000 SQ. YD LUXURY MANSION | KHAYABAN-E-ITTEHAD | PHASE 6",PKR 42 Crore,420000000,7,7,"1,000 Sq. Yd",9000.0,46666,Unknown,True,19,19Share on FacebookShare on TwitterShare on WhatsAppSend via GMailSend via E-Mail,81,Houses_Karachi,2026-07-29,https://www.zameen.com/Property/dha_defence_dha_phase_6_premium_1_000_sq_yd_luxury_mansion_khayaban-e-ittehad_phase_6-54111112-1483-1.html
BRAND NEW 500 SQ. YD MANSION | OPPOSITE CREEK VISTA | DHA PHASE 8,PKR 5.8 Crore,58000000,4,5,100 Sq. Yd,900.0,64444,Unknown,True,14,14Share on FacebookShare on TwitterShare on WhatsAppSend via GMailSend via E-Mail,81,Houses_Karachi,2026-07-29,https://www.zameen.com/Property/dha_defence_dha_phase_8_brand_new_500_sq_yd_mansion_opposite_creek_vista_dha_phase_8-54107807-1485-1.html
"HOT DEAL: 600SQ YD BUNGALOW FOR SALE ON RAHAT SIDE, DHA PHASE 6 MAIN SHUJAAT",PKR 15 Crore,150000000,6,6,600 Sq. Yd,5400.0,27777,House,True,11,11Share on FacebookShare on TwitterShare on WhatsAppSend via GMailSend via E-Mail,81,Houses_Karachi,2026-07-29,https://www.zameen.com/Property/dha_defence_dha_phase_6_hot_deal_600sq_yd_bungalow_for_sale_on_rahat_side_dha_phase_6_main_shujaat-54309160-1483-1.html
500 SQ YD WELL-MAINTAINED BUNGALOW WITH FULL BASEMENT FOR SALE IN DHA PHASE 8,PKR 20 Crore,200000000,5,6,500 Sq. Yd,4500.0,44444,House,True,13,13Share on FacebookShare on TwitterShare on WhatsAppSend via GMailSend via E-Mail,81,Houses_Karachi,2026-07-29,https://www.zameen.com/Property/dha_phase_8_dha_phase_8_-_zone_b_500_sq_yd_well-maintained_bungalow_with_full_basement_for_sale_in_dha_phase_8-54299332-6678-1.html
EXCLUSIVE SEA-FACING DARAKHSHAN VILLA FOR SALE,PKR 8.25 Crore,82500000,3,3,400 Sq. Yd,3600.0,22916,House,True,21,21Share on FacebookShare on TwitterShare on WhatsAppSend via GMailSend via E-Mail,81,Houses_Karachi,2026-07-29,https://www.zameen.com/Property/dha_defence_dha_phase_6_exclusive_sea-facing_darakhshan_villa_for_sale-54291831-1483-1.html
EXCLUSIVE HOT DEAL: 500 SQ YD 6-BEDROOM DUAL-UNIT CORNER BUNGALOW FOR SALE IN DHA PHASE 7 (EXTENSION),PKR 13 Crore,130000000,13,7,500 Sq. Yd,4500.0,28888,House,True,16,16Share on FacebookShare on TwitterShare on WhatsAppSend via GMailSend via E-Mail,81,Houses_Karachi,2026-07-29,https://www.zameen.com/Property/dha_defence_dha_phase_7_extension_exclusive_hot_deal_500_sq_yd_6-bedroom_dual-unit_corner_bungalow_for_sale_in_dha_phase_7_extension-54309757-1674-1.html
WELL-MAINTAINED 100 SQ YD BUNGALOW FOR SALE,PKR 5.6 Crore,56000000,4,4,100 Sq. Yd,900.0,62222,House,True,13,13Share on FacebookShare on TwitterShare on WhatsAppSend via GMailSend via E-Mail,81,Houses_Karachi,2026-07-29,https://www.zameen.com/Property/dha_defence_dha_phase_7_extension_well-maintained_100_sq_yd_bungalow_for_sale-54320928-1674-1.html
RARE COMMERCIAL INVESTMENT OPPORTUNITY: 300 SQ YD BUNGALOW FOR SALE,PKR 11 Crore,110000000,4,6,300 Sq. Yd,2700.0,40740,House,True,30,30Share on FacebookShare on TwitterShare on WhatsAppSend via GMailSend via E-Mail,81,Houses_Karachi,2026-07-29,https://www.zameen.com/Property/dha_defence_dha_phase_4_rare_commercial_investment_opportunity_300_sq_yd_bungalow_for_sale-54317186-1481-1.html
Bungalow for Sale 1000 Square yards in DHA phase 6,PKR 45 Crore,450000000,6,7,"1,000 Sq. Yd",9000.0,50000,House,True,50,super hot50Share on FacebookShare on TwitterShare on WhatsAppSend via GMailSend via E-Mail,90,Houses_Karachi,2026-07-29,https://www.zameen.com/Property/dha_defence_dha_phase_6_bungalow_for_sale_1000_square_yards_in_dha_phase_6-54453399-1483-1.html
West Open Bungalow D cutting,PKR 21 Crore,210000000,7,5,500 Sq. Yd,4500.0,46666,House,True,11,super hot11Share on FacebookShare on TwitterShare on WhatsAppSend via GMailSend via E-Mail,90,Houses_Karachi,2026-07-29,https://www.zameen.com/Property/dha_phase_8_dha_phase_8_-_zone_b_west_open_bungalow_d_cutting-54467025-6678-1.html
Bungalow For Sale 1000 Square Yards In DHA Phase 7,PKR 25 Crore,250000000,6,7,"1,000 Sq. Yd",9000.0,27777,House,True,6,super hot6Share on FacebookShare on TwitterShare on WhatsAppSend via GMailSend via E-Mail,89,Houses_Karachi,2026-07-29,https://www.zameen.com/Property/dha_defence_dha_phase_7_bungalow_for_sale_1000_square_yards_in_dha_phase_7-54467865-1484-1.html
Bungalow For Sale 500 Square Yards In DHA Phase 5,PKR 16.5 Crore,165000000,5,6,500 Sq. Yd,4500.0,36666,House,True,12,super hot12Share on FacebookShare on TwitterShare on WhatsAppSend via GMailSend via E-Mail,90,Houses_Karachi,2026-07-29,https://www.zameen.com/Property/dha_defence_dha_phase_5_bungalow_for_sale_500_square_yards_in_dha_phase_5-54515843-1482-1.html
Bungalow For Sale 1600 Square Yards In DHA Phase 6,PKR 70 Crore,700000000,6,7,"1,600 Sq. Yd",14400.0,48611,House,True,40,super hot40Share on FacebookShare on TwitterShare on WhatsAppSend via GMailSend via E-Mail,90,Houses_Karachi,2026-07-29,https://www.zameen.com/Property/dha_defence_dha_phase_6_bungalow_for_sale_1600_square_yards_in_dha_phase_6-54494324-1483-1.html
Your Search Ends Right Here With The Beautiful Prime Location House In DHA Phase 8 At Affordable Price Of Pkr Rs. 280000000,PKR 28 Crore,280000000,6,6,500 Sq. Yd,4500.0,62222,House,True,40,super hot401VerifiedShare on FacebookShare on TwitterShare on WhatsAppSend via GMailSend via E-Mail,99,Houses_Karachi,2026-07-29,https://www.zameen.com/Property/dha_defence_dha_phase_8_your_search_ends_right_here_with_the_beautiful_prime_location_house_in_dha_phase_8_at_affordable_price_of_pkr_rs_280000000-54167897-1485-1.html
Saima Green Valley 120 Sq Yards House Available For Sale Just For 95 Lacs,PKR 1 Crore,10000000,2,3,120 Sq. Yd,1080.0,9259,House,True,14,super hot14Share on FacebookShare on TwitterShare on WhatsAppSend via GMailSend via E-Mail,90,Houses_Karachi,2026-07-29,https://www.zameen.com/Property/gadap_town_saima_green_valley_saima_green_valley_120_sq_yards_house_available_for_sale_just_for_95_lacs-54444074-17362-1.html
Falaknaz Dreams Villas Malir 120 Sq Yards G+1 Unit Available For Sale Just For 1.25cr,PKR 1.25 Crore,12500000,3,4,120 Sq. Yd,1080.0,11574,House,True,14,super hot14Share on FacebookShare on TwitterShare on WhatsAppSend via GMailSend via E-Mail,90,Houses_Karachi,2026-07-29,https://www.zameen.com/Property/malir_falaknaz_dreams_falaknaz_dreams_villas_malir_120_sq_yards_g_1_unit_available_for_sale_just_for_1_25cr-54446341-9697-1.html
Ready To Buy A House In Falaknaz Dreams Karachi,PKR 1.5 Crore,15000000,,,120 Sq. Yd,1080.0,13888,House,True,5,super hot51VerifiedShare on FacebookShare on TwitterShare on WhatsAppSend via GMailSend via E-Mail,98,Houses_Karachi,2026-07-29,https://www.zameen.com/Property/malir_falaknaz_dreams_ready_to_buy_a_house_in_falaknaz_dreams_karachi-54476286-9697-1.html
BRAND NEW HOUSE FOR SALE 142 SQUARE YARDS GROUND PLUS 2 IN GULSHAN E IQBAL,PKR 3.5 Crore,35000000,6,6,142 Sq. Yd,1278.0,27386,House,True,14,super hot14Share on FacebookShare on TwitterShare on WhatsAppSend via GMailSend via E-Mail,90,Houses_Karachi,2026-07-29,https://www.zameen.com/Property/gulshan_e_iqbal_gulshan-e-iqbal_-_block_4a_brand_new_house_for_sale_142_square_yards_ground_plus_2_in_gulshan_e_iqbal-54466501-6865-1.html
"DHA Phase 2 100 Yd Bungalow Urgent Sale, Best Price",PKR 4.6 Crore,46000000,4,4,100 Sq. Yd,900.0,51111,House,True,15,hot15Share on FacebookShare on TwitterShare on WhatsAppSend via GMailSend via E-Mail,84,Houses_Karachi,2026-07-29,https://www.zameen.com/Property/dha_defence_dha_phase_2_dha_phase_2_100_yd_bungalow_urgent_sale_best_price-54515975-1479-1.html
Brand new 500 Yards House for sale with pool & Basement DHA Defence karachi,PKR 31.5 Crore,315000000,5,6,500 Sq. Yd,4500.0,70000,House,True,9,hot9Share on FacebookShare on TwitterShare on WhatsAppSend via GMailSend via E-Mail,83,Houses_Karachi,2026-07-29,https://www.zameen.com/Property/dha_defence_dha_phase_8_brand_new_500_yards_house_for_sale_with_pool_basement_dha_defence_karachi-54533690-1485-1.html
Beautiful House For Sale,PKR 19.5 Crore,195000000,7,,666 Sq. Yd,5994.0,32532,House,False,15,hot15Share on FacebookShare on TwitterShare on WhatsAppSend via GMailSend via E-Mail,84,Houses_Karachi,2026-07-29,https://www.zameen.com/Property/dha_defence_dha_phase_6_beautiful_house_for_sale-53824931-1483-1.html
"4 Bedroom West Open Villa For Sale Ali Block, Bahria Town Karachi",PKR 1.47 Crore,14700000,1,4,125 Sq. Yd,1125.0,13066,House,False,13,hot13Share on FacebookShare on TwitterShare on WhatsAppSend via GMailSend via E-Mail,84,Houses_Karachi,2026-07-29,https://www.zameen.com/Property/bahria_town_precinct_12_bahria_town_-_ali_block_4_bedroom_west_open_villa_for_sale_ali_block_bahria_town_karachi-54454908-10023-1.html
240 Sq Yd 1unit Bungalow For Sale On A Prime Location Of Sector R-1 Gulshan E Maymar,PKR 3.5 Crore,35000000,9,6,240 Sq. Yd,2160.0,16203,House,False,21,hot21VerifiedShare on FacebookShare on TwitterShare on WhatsAppSend via GMailSend via E-Mail,92,Houses_Karachi,2026-07-29,https://www.zameen.com/Property/gulshan_e_maymar_gulshan-e-maymar_-_sector_r_240_sq_yd_1unit_bungalow_for_sale_on_a_prime_location_of_sector_r-1_gulshan_e_maymar-52538773-6754-1.html
Gulistan e Johar Block 2 400 Sq Yd | Double Storey | Transfer | Well Maintained,PKR 7.8 Crore,78000000,7,7,400 Sq. Yd,3600.0,21666,Unknown,False,18,hot18Share on FacebookShare on TwitterShare on WhatsAppSend via GMailSend via E-Mail,84,Houses_Karachi,2026-07-29,https://www.zameen.com/Property/gulistan_e_jauhar_gulistan-e-jauhar_-_block_2_gulistan_e_johar_block_2_400_sq_yd_double_storey_transfer_well_maintained-54485138-6825-1.html
Gulistan E Johar Block 2 400 Sq Yd | Single Story | West Open | Leased,PKR 6.75 Crore,67500000,3,3,400 Sq. Yd,3600.0,18750,Unknown,False,15,hot15Share on FacebookShare on TwitterShare on WhatsAppSend via GMailSend via E-Mail,84,Houses_Karachi,2026-07-29,https://www.zameen.com/Property/gulistan_e_jauhar_gulistan-e-jauhar_-_block_2_gulistan_e_johar_block_2_400_sq_yd_single_story_west_open_leased-54485151-6825-1.html
ULTRALUXE SIGNATURE LIVING: FULLY FURNISHED 666 SQ YD DESIGNER ESTATE FOR SALE IN DHA PHASE 8,PKR 40 Crore,400000000,5,6,666 Sq. Yd,5994.0,66733,Unknown,True,31,31Share on FacebookShare on TwitterShare on WhatsAppSend via GMailSend via E-Mail,81,Houses_Karachi,2026-07-29,https://www.zameen.com/Property/dha_phase_8_dha_phase_8_-_zone_a_ultraluxe_signature_living_fully_furnished_666_sq_yd_designer_estate_for_sale_in_dha_phase_8-54336582-6677-1.html
ULTRALUXE SIGNATURE LIVING: MASSIVE 550 SQ YD 2+3 PLANNING BUNGALOW WITH STUDY FOR SALE,PKR 15.25 Crore,152500000,5,5,550 Sq. Yd,4950.0,30808,House,True,13,13Share on FacebookShare on TwitterShare on WhatsAppSend via GMailSend via E-Mail,81,Houses_Karachi,2026-07-29,https://www.zameen.com/Property/dha_defence_dha_phase_7_ultraluxe_signature_living_massive_550_sq_yd_2_3_planning_bungalow_with_study_for_sale-54366189-1484-1.html
ULTRALUXE SIGNATURE LIVING: 690 SQ YD ARCHITECTURAL BUNGALOW FOR SALE IN DHA PHASE 5,PKR 44 Crore,440000000,6,7,690 Sq. Yd,6210.0,70853,House,True,40,40Share on FacebookShare on TwitterShare on WhatsAppSend via GMailSend via E-Mail,81,Houses_Karachi,2026-07-29,https://www.zameen.com/Property/dha_defence_dha_phase_5_ultraluxe_signature_living_690_sq_yd_architectural_bungalow_for_sale_in_dha_phase_5-54345435-1482-1.html
"ULTRALUXE SIGNATURE LIVING: BRAND NEW 300 SQ YD ARCHITECTURAL BUNGALOW FOR SALE ON SAHIL STREET, DHA PHASE 8",PKR 13.5 Crore,135000000,5,6,300 Sq. Yd,2700.0,50000,House,True,6,6Share on FacebookShare on TwitterShare on WhatsAppSend via GMailSend via E-Mail,80,Houses_Karachi,2026-07-29,https://www.zameen.com/Property/dha_phase_8_dha_phase_8_extension_ultraluxe_signature_living_brand_new_300_sq_yd_architectural_bungalow_for_sale_on_sahil_street_dha_phase_8-54341859-1675-1.html
"ULTRALUXE SIGNATURE LIVING: PROPER 2-UNIT 500 SQ YD BUNGALOW FOR SALE ON MAIN SABA AVENUE, DHA PHASE 6",PKR 13.6 Crore,136000000,6,7,500 Sq. Yd,4500.0,30222,House,True,10,10Share on FacebookShare on TwitterShare on WhatsAppSend via GMailSend via E-Mail,81,Houses_Karachi,2026-07-29,https://www.zameen.com/Property/dha_defence_dha_phase_6_ultraluxe_signature_living_proper_2-unit_500_sq_yd_bungalow_for_sale_on_main_saba_avenue_dha_phase_6-54337104-1483-1.html
"ULTRALUXE SIGNATURE LIVING: PROPER 2-UNIT 500 SQ YD BUNGALOW FOR SALE ON KHAYABAN-E-SHAHBAZ, DHA PHASE 6",PKR 20.5 Crore,205000000,6,7,500 Sq. Yd,4500.0,45555,House,True,7,7Share on FacebookShare on TwitterShare on WhatsAppSend via GMailSend via E-Mail,80,Houses_Karachi,2026-07-29,https://www.zameen.com/Property/dha_phase_6_khayaban-e-shahbaz_ultraluxe_signature_living_proper_2-unit_500_sq_yd_bungalow_for_sale_on_khayaban-e-shahbaz_dha_phase_6-54337059-20765-1.html
"ULTRALUXE SIGNATURE LIVING: 1000 SQ YD DESIGNER RESIDENCE FOR SALE ON KHAYABAN-E-MUHAFIZ, DHA PHASE 6",PKR 41 Crore,410000000,6,7,"1,000 Sq. Yd",9000.0,45555,Unknown,True,7,7Share on FacebookShare on TwitterShare on WhatsAppSend via GMailSend via E-Mail,80,Houses_Karachi,2026-07-29,https://www.zameen.com/Property/dha_defence_dha_phase_6_ultraluxe_signature_living_1000_sq_yd_designer_residence_for_sale_on_khayaban-e-muhafiz_dha_phase_6-54336910-1483-1.html
"ULTRALUXE SIGNATURE LIVING: BRAND NEW 700 SQ YD ARCHITECT-DESIGNED LUXURY BUNGALOW FOR SALE IN DHA PHASE 5, KARACHI",PKR 43 Crore,430000000,6,6,700 Sq. Yd,6300.0,68253,House,True,16,16Share on FacebookShare on TwitterShare on WhatsAppSend via GMailSend via E-Mail,81,Houses_Karachi,2026-07-29,https://www.zameen.com/Property/dha_defence_dha_phase_5_ultraluxe_signature_living_brand_new_700_sq_yd_architect-designed_luxury_bungalow_for_sale_in_dha_phase_5_karachi-54387421-1482-1.html
Bungalow For Sale 1000 Square Yards In DHA Phase 6,PKR 30 Crore,300000000,6,7,"1,000 Sq. Yd",9000.0,33333,House,True,23,super hot23Share on FacebookShare on TwitterShare on WhatsAppSend via GMailSend via E-Mail,90,Houses_Karachi,2026-07-29,https://www.zameen.com/Property/dha_defence_dha_phase_6_bungalow_for_sale_1000_square_yards_in_dha_phase_6-54504913-1483-1.html
240 SQ. Yds. Luxurious Villa For Sale,PKR 6.8 Crore,68000000,6,6,240 Sq. Yd,2160.0,31481,House,True,24,super hot241VerifiedShare on FacebookShare on TwitterShare on WhatsAppSend via GMailSend via E-Mail,99,Houses_Karachi,2026-07-29,https://www.zameen.com/Property/karachi_naya_nazimabad_240_sq_yds_luxurious_villa_for_sale-54495189-10079-1.html
Available For Sale Block M One Unit Banglow,PKR 3.05 Crore,30500000,4,4,120 Sq. Yd,1080.0,28240,Unknown,True,15,super hot15Share on FacebookShare on TwitterShare on WhatsAppSend via GMailSend via E-Mail,90,Houses_Karachi,2026-07-29,https://www.zameen.com/Property/naya_nazimabad_naya_nazimabad_-_block_m_available_for_sale_block_m_one_unit_banglow-54418334-14297-1.html
PRIME LOCATION CHANCE DEAL BRAND NEW House For Sale In ASKARI 6 Karachi,PKR 7.3 Crore,73000000,5,5,300 Sq. Yd,2700.0,27037,House,True,30,super hot301Share on FacebookShare on TwitterShare on WhatsAppSend via GMailSend via E-Mail,91,Houses_Karachi,2026-07-29,https://www.zameen.com/Property/malir_cantonment_askari_6_prime_location_chance_deal_brand_new_house_for_sale_in_askari_6_karachi-53957649-21109-1.html
CHANCE DEAL BRAND NEW SUH 375 SQY HOUSE ASK 6 AVAIALBE FOR SALE IN MALIR CANTT KARACHI,PKR 8.4 Crore,84000000,5,5,375 Sq. Yd,3375.0,24888,House,True,14,super hot141Share on FacebookShare on TwitterShare on WhatsAppSend via GMailSend via E-Mail,91,Houses_Karachi,2026-07-29,https://www.zameen.com/Property/malir_cantonment_askari_6_chance_deal_brand_new_suh_375_sqy_house_ask_6_avaialbe_for_sale_in_malir_cantt_karachi-51380378-21109-1.html
Chance Deal Available Attractive Price 1000 Yards Bungalow For Sale Compact House Huge Garden Parking,PKR 15 Crore,150000000,4,5,"1,000 Sq. Yd",9000.0,16666,House,True,11,super hot11Share on FacebookShare on TwitterShare on WhatsAppSend via GMailSend via E-Mail,90,Houses_Karachi,2026-07-29,https://www.zameen.com/Property/dha_defence_dha_phase_5_chance_deal_available_attractive_price_1000_yards_bungalow_for_sale_compact_house_huge_garden_parking-53008050-1482-1.html
*Gulshan E Maymar*   *House For Sale*  Sector W 2 - 400 Square Yards - Specious Lounge - Drawing Room  *Brand New*  - Two Unit - 7BedRooms With Attached Washroom  - 3+4 Planning  - 8 Washroom In House,PKR 8 Crore,80000000,8,8,400 Sq. Yd,3600.0,22222,House,True,25,super hot25Share on FacebookShare on TwitterShare on WhatsAppSend via GMailSend via E-Mail,90,Houses_Karachi,2026-07-29,https://www.zameen.com/Property/gadap_town_gulshan-e-maymar_gulshan_e_maymar_house_for_sale_sector_w_2_-_400_square_yards_-_specious_lounge_-_drawing_room_brand_new_-_two_unit_-_7bedrooms_with_attached_washroom_-_3_4_planning_-_8_washroom_in_house_-_west_open_-_near_mosque_-_servant_room_-_3_car_parking_most_prime_location_in_gulshan_e_maymar-54535422-680-1.html
500 Square Yards Bungalow Available For Sale In Falcon Complex New Malir,PKR 10.9 Crore,109000000,5,5,500 Sq. Yd,4500.0,24222,House,True,16,super hot16Share on FacebookShare on TwitterShare on WhatsAppSend via GMailSend via E-Mail,90,Houses_Karachi,2026-07-29,https://www.zameen.com/Property/malir_falcon_complex_new_malir_500_square_yards_bungalow_available_for_sale_in_falcon_complex_new_malir-54463551-9582-1.html
INDEPENDENT BUNGALOW FOR SALE ON KH RIZWAN PHASE 7,PKR 10 Crore,100000000,6,6,300 Sq. Yd,2700.0,37037,House,True,25,super hot25Share on FacebookShare on TwitterShare on WhatsAppSend via GMailSend via E-Mail,90,Houses_Karachi,2026-07-29,https://www.zameen.com/Property/dha_defence_dha_phase_7_independent_bungalow_for_sale_on_kh_rizwan_phase_7-53090356-1484-1.html
500 sq yard brand new bungalow 2+4 bedroom with basemnet swimming pool semi furnished bungalow west open top of the line house also much more option available,PKR 31.5 Crore,315000000,31,6,500 Sq. Yd,4500.0,70000,House,True,26,super hot26Share on FacebookShare on TwitterShare on WhatsAppSend via GMailSend via E-Mail,90,Houses_Karachi,2026-07-29,https://www.zameen.com/Property/dha_defence_dha_phase_8_500_sq_yard_brand_new_bungalow_2_4_bedroom_with_basemnet_swimming_pool_semi_furnished_bungalow_west_open_top_of_the_line_house_also_much_more_option_available-54534339-1485-1.html
"200 Sq Yd General Villa For Sale Precinct-11A. 3 Bedrooms | Drawing, Dining, Closed Italian Kitchen & TV Lounge. Near Entrance | Near Murree Point | Huge Greenbelt | Near Parks, Mosques & Shopping Gal",PKR 1.93 Crore,19300000,1,3,200 Sq. Yd,1800.0,10722,House,True,26,hot26Share on FacebookShare on TwitterShare on WhatsAppSend via GMailSend via E-Mail,84,Houses_Karachi,2026-07-29,https://www.zameen.com/Property/bahria_town_precinct_11_bahria_town_-_precinct_11-a_200_sq_yd_general_villa_for_sale_precinct-11a_3_bedrooms_drawing_dining_closed_italian_kitchen_tv_lounge_near_entrance_near_murree_point_huge_greenbelt_near_parks_mosques_shopping_gallery_just_8_min_drive_from_main_gate-54501915-10020-1.html
"500 Sq Yd Elite Villa WITH BASEMENT For Sale Precinct-9 (Bahria Hills). Elegant Design | 5 Or 6 Beds | Drawing, Dining, Lounge, Modern Kitchen & Greasy Kitchen. Heighted Location | Near Flagpole | Jus",PKR 5.65 Crore,56500000,5,5,500 Sq. Yd,4500.0,12555,House,True,29,hot29Share on FacebookShare on TwitterShare on WhatsAppSend via GMailSend via E-Mail,84,Houses_Karachi,2026-07-29,https://www.zameen.com/Property/bahria_town_karachi_bahria_hills_500_sq_yd_elite_villa_with_basement_for_sale_precinct-9_bahria_hills_elegant_design_5_or_6_beds_drawing_dining_lounge_modern_kitchen_greasy_kitchen_heighted_location_near_flagpole_just_3_mins_drive_from_entrance-54501781-13173-1.html
Al Muslim Society 400 Sq Yd G+1 House | Opposite Memon Hospital | 18KV Solar,PKR 5.5 Crore,55000000,3,3,400 Sq. Yd,3600.0,15277,House,False,35,hot35Share on FacebookShare on TwitterShare on WhatsAppSend via GMailSend via E-Mail,84,Houses_Karachi,2026-07-29,https://www.zameen.com/Property/scheme_33_sector_34_a_al_muslim_society_al_muslim_society_400_sq_yd_g_1_house_opposite_memon_hospital_18kv_solar-54317293-9292-1.html
Modern 4-Bedroom Townhouse in Prime Location!,PKR 9 Crore,90000000,9,5,155 Sq. Yd,1395.0,64516,House,False,19,hot19Share on FacebookShare on TwitterShare on WhatsAppSend via GMailSend via E-Mail,84,Houses_Karachi,2026-07-29,https://www.zameen.com/Property/pechs_pechs_block_3_modern_4-bedroom_townhouse_in_prime_location-52645904-6934-1.html
250sq yards 5bed Rooms luxury Villa Private Construction brand new villa available foe sale in precinct 6 BTK.,PKR 3.15 Crore,31500000,3,6,250 Sq. Yd,2250.0,14000,House,False,8,hot8Share on FacebookShare on TwitterShare on WhatsAppSend via GMailSend via E-Mail,83,Houses_Karachi,2026-07-29,https://www.zameen.com/Property/bahria_town_karachi_bahria_town_-_precinct_6_250sq_yards_5bed_rooms_luxury_villa_private_construction_brand_new_villa_available_foe_sale_in_precinct_6_btk-54501134-10014-1.html
House Of 340 Square Yards (One Unit )For Sale In North Nazimabad - Block N,PKR 6.5 Crore,65000000,4,4,340 Sq. Yd,3060.0,21241,House,False,7,hot7Share on FacebookShare on TwitterShare on WhatsAppSend via GMailSend via E-Mail,83,Houses_Karachi,2026-07-29,https://www.zameen.com/Property/north_nazimabad_north_nazimabad_-_block_n_house_of_340_square_yards_one_unit_for_sale_in_north_nazimabad_-_block_n-53792949-7222-1.html
Tile Flooring Well Maintained House For Sale In Karachi,PKR 5.75 Crore,57500000,3,3,100 Sq. Yd,900.0,63888,House,False,10,hot10Share on FacebookShare on TwitterShare on WhatsAppSend via GMailSend via E-Mail,84,Houses_Karachi,2026-07-29,https://www.zameen.com/Property/dha_defence_dha_phase_7_extension_tile_flooring_well_maintained_house_for_sale_in_karachi-54442658-1674-1.html
"ULTRALUXE SIGNATURE LIVING: MAGNIFICENT 1000 SQ YD ARCHITECT-DESIGNED CONTEMPORARY BUNGALOW FOR SALE IN TOP LANE, DHA PHASE 8, KARACHI",PKR 65 Crore,650000000,6,6,"1,000 Sq. Yd",9000.0,72222,House,True,15,15Share on FacebookShare on TwitterShare on WhatsAppSend via GMailSend via E-Mail,81,Houses_Karachi,2026-07-29,https://www.zameen.com/Property/dha_defence_dha_phase_6_ultraluxe_signature_living_magnificent_1000_sq_yd_architect-designed_contemporary_bungalow_for_sale_in_top_lane_dha_phase_8_karachi-54387416-1483-1.html
"ULTRALUXE SIGNATURE LIVING: BRAND NEW 500 SQ YD ARCHITECT-DESIGNED CONTEMPORARY BUNGALOW FOR SALE IN TOP LANE, DHA PHASE 8, KARACHI",PKR 30 Crore,300000000,6,6,500 Sq. Yd,4500.0,66666,House,True,11,11Share on FacebookShare on TwitterShare on WhatsAppSend via GMailSend via E-Mail,81,Houses_Karachi,2026-07-29,https://www.zameen.com/Property/dha_defence_dha_phase_8_ultraluxe_signature_living_brand_new_500_sq_yd_architect-designed_contemporary_bungalow_for_sale_in_top_lane_dha_phase_8_karachi-54387410-1485-1.html
"ULTRALUXE SIGNATURE LIVING: MAGNIFICENT 1000 SQ YD DESIGNER BUNGALOW WITH POOL, GYM & THEATER FOR SALE IN ZONE A, DHA PHASE 8, KARACHI",PKR 51 Crore,510000000,6,6,"1,000 Sq. Yd",9000.0,56666,House,True,21,21Share on FacebookShare on TwitterShare on WhatsAppSend via GMailSend via E-Mail,81,Houses_Karachi,2026-07-29,https://www.zameen.com/Property/dha_defence_dha_phase_8_ultraluxe_signature_living_magnificent_1000_sq_yd_designer_bungalow_with_pool_gym_theater_for_sale_in_zone_a_dha_phase_8_karachi-54387408-1485-1.html
"ULTRALUXE SIGNATURE LIVING: MAGNIFICENT 1000 SQ YD DESIGNER BUNGALOW WITH POOL, GYM & THEATER FOR SALE IN ZONE A, DHA PHASE 8, KARACHI",PKR 55 Crore,550000000,6,6,"1,000 Sq. Yd",9000.0,61111,House,True,22,22Share on FacebookShare on TwitterShare on WhatsAppSend via GMailSend via E-Mail,81,Houses_Karachi,2026-07-29,https://www.zameen.com/Property/dha_defence_dha_phase_8_ultraluxe_signature_living_magnificent_1000_sq_yd_designer_bungalow_with_pool_gym_theater_for_sale_in_zone_a_dha_phase_8_karachi-54387401-1485-1.html
"ULTRALUXE SIGNATURE LIVING: DUAL-UNIT INVESTOR BUNGALOW FOR SALE IN D-CUTTING, 1ST BELT, DHA KARACHI",PKR 19.9 Crore,199000000,6,6,500 Sq. Yd,4500.0,44222,House,True,18,18Share on FacebookShare on TwitterShare on WhatsAppSend via GMailSend via E-Mail,81,Houses_Karachi,2026-07-29,https://www.zameen.com/Property/dha_defence_dha_phase_8_ultraluxe_signature_living_dual-unit_investor_bungalow_for_sale_in_d-cutting_1st_belt_dha_karachi-54387394-1485-1.html
"PREMIUM 1,000 SQ YD 2-UNIT HOUSE FOR SALE IN DHA, KARACHI",PKR 26 Crore,260000000,10,6,"1,000 Sq. Yd",9000.0,28888,House,True,6,6Share on FacebookShare on TwitterShare on WhatsAppSend via GMailSend via E-Mail,80,Houses_Karachi,2026-07-29,https://www.zameen.com/Property/dha_defence_dha_phase_2_premium_1_000_sq_yd_2-unit_house_for_sale_in_dha_karachi-54440953-1479-1.html
PREMIUM 500 SQ YD BUNGALOW WITH POOL & BASEMENT FOR SALE,PKR 28 Crore,280000000,6,6,500 Sq. Yd,4500.0,62222,House,True,6,6Share on FacebookShare on TwitterShare on WhatsAppSend via GMailSend via E-Mail,80,Houses_Karachi,2026-07-29,https://www.zameen.com/Property/dha_phase_8_dha_phase_8_-_zone_a_premium_500_sq_yd_bungalow_with_pool_basement_for_sale-54468628-6677-1.html
"PREMIUM 150 SQ YD BUNGALOW WITH BASEMENT FOR SALE IN DHA PHASE 8, KARACHI",PKR 11 Crore,110000000,4,4,150 Sq. Yd,1350.0,81481,House,True,10,10Share on FacebookShare on TwitterShare on WhatsAppSend via GMailSend via E-Mail,81,Houses_Karachi,2026-07-29,https://www.zameen.com/Property/dha_defence_dha_phase_8_premium_150_sq_yd_bungalow_with_basement_for_sale_in_dha_phase_8_karachi-54463339-1485-1.html
500-Yard Rear House for Sale | DHA Phase 6 | Prime Khayaban-e-Seher Location,PKR 13.25 Crore,132500000,6,7,500 Sq. Yd,4500.0,29444,House,True,15,super hot15Share on FacebookShare on TwitterShare on WhatsAppSend via GMailSend via E-Mail,90,Houses_Karachi,2026-07-29,https://www.zameen.com/Property/dha_defence_dha_phase_6_500-yard_rear_house_for_sale_dha_phase_6_prime_khayaban-e-seher_location-54429593-1483-1.html
"PRIME 600 YARDS LUXURY HOUSE FOR SALE IN DHA PHASE 5, KARACHI",PKR 17.5 Crore,175000000,7,7,600 Sq. Yd,5400.0,32407,House,True,20,super hot20Share on FacebookShare on TwitterShare on WhatsAppSend via GMailSend via E-Mail,90,Houses_Karachi,2026-07-29,https://www.zameen.com/Property/dha_defence_dha_phase_5_prime_600_yards_luxury_house_for_sale_in_dha_phase_5_karachi-54445496-1482-1.html
500 Yards Beautifully Renovated Bungalow For Sale,PKR 14.25 Crore,142500000,6,7,500 Sq. Yd,4500.0,31666,House,True,12,super hot12Share on FacebookShare on TwitterShare on WhatsAppSend via GMailSend via E-Mail,90,Houses_Karachi,2026-07-29,https://www.zameen.com/Property/dha_defence_dha_phase_7_500_yards_beautifully_renovated_bungalow_for_sale-54463990-1484-1.html
Prime Location In Pakistan Merchant Navy Society House For Sale Sized 120 Square Yards,PKR 4.25 Crore,42500000,,,120 Sq. Yd,1080.0,39351,House,True,9,super hot91VerifiedShare on FacebookShare on TwitterShare on WhatsAppSend via GMailSend via E-Mail,98,Houses_Karachi,2026-07-29,https://www.zameen.com/Property/scheme_33_sector_15_a_pakistan_merchant_navy_society_prime_location_in_pakistan_merchant_navy_society_house_for_sale_sized_120_square_yards-54481493-9079-1.html
"Brand New Bungalow Available For Sale Government Teacher CHS, Sector 19A Scheme 33",PKR 3.7 Crore,37000000,4,4,120 Sq. Yd,1080.0,34259,House,True,14,super hot141Share on FacebookShare on TwitterShare on WhatsAppSend via GMailSend via E-Mail,91,Houses_Karachi,2026-07-29,https://www.zameen.com/Property/scheme_33_sector_19_a_government_teacher_society_-_sector_19-a_brand_new_bungalow_available_for_sale_government_teacher_chs_sector_19a_scheme_33-54198434-9191-1.html
500 yards Two units Bungalow For Sale,PKR 17.25 Crore,172500000,6,6,500 Sq. Yd,4500.0,38333,House,True,11,super hot11Share on FacebookShare on TwitterShare on WhatsAppSend via GMailSend via E-Mail,90,Houses_Karachi,2026-07-29,https://www.zameen.com/Property/dha_defence_dha_phase_8_500_yards_two_units_bungalow_for_sale-54533166-1485-1.html
Furnished Town House For Sale Coral Tower,PKR 11 Crore,110000000,3,4,"3,500 Sq. Yd",31500.0,3492,House,True,10,super hot101VerifiedShare on FacebookShare on TwitterShare on WhatsAppSend via GMailSend via E-Mail,99,Houses_Karachi,2026-07-29,https://www.zameen.com/Property/emaar_crescent_bay_emaar_coral_towers_furnished_town_house_for_sale_coral_tower-54030813-10721-1.html
40 Feet Road West Open SECTOR Q3 House For Sale prime location,PKR 1.95 Crore,19500000,4,6,120 Sq. Yd,1080.0,18055,House,True,47,super hot47Share on FacebookShare on TwitterShare on WhatsAppSend via GMailSend via E-Mail,90,Houses_Karachi,2026-07-29,https://www.zameen.com/Property/gadap_town_gulshan-e-maymar_40_feet_road_west_open_sector_q3_house_for_sale_prime_location-54021961-680-1.html
Spacious Prime Location House Is Available For sale In Ideal Location Of Federal B Area,PKR 3.2 Crore,32000000,6,6,120 Sq. Yd,1080.0,29629,House,True,9,super hot91VerifiedShare on FacebookShare on TwitterShare on WhatsAppSend via GMailSend via E-Mail,98,Houses_Karachi,2026-07-29,https://www.zameen.com/Property/karachi_federal_b_area_spacious_prime_location_house_is_available_for_sale_in_ideal_location_of_federal_b_area-54233977-12-1.html
"House Is Available For Sale In North Nazimabad Block-H, Karachi",PKR 3.5 Crore,35000000,4,4,130 Sq. Yd,1170.0,29914,House,True,9,super hot91VerifiedShare on FacebookShare on TwitterShare on WhatsAppSend via GMailSend via E-Mail,98,Houses_Karachi,2026-07-29,https://www.zameen.com/Property/north_nazimabad_north_nazimabad_-_block_h_house_is_available_for_sale_in_north_nazimabad_block-h_karachi-54291476-7216-1.html
Luxury Living in DHA Phase 5 Fully Renovated 1000 Yard House with Swimming Pool,PKR 30 Crore,300000000,6,6,"1,000 Sq. Yd",9000.0,33333,House,True,21,hot21VerifiedShare on FacebookShare on TwitterShare on WhatsAppSend via GMailSend via E-Mail,92,Houses_Karachi,2026-07-29,https://www.zameen.com/Property/dha_defence_dha_phase_5_luxury_living_in_dha_phase_5_fully_renovated_1000_yard_house_with_swimming_pool-54343830-1482-1.html
500 Yards Artistic Villa For Sale In Phase 6,PKR 25 Crore,250000000,6,6,500 Sq. Yd,4500.0,55555,House,True,30,hot30VerifiedShare on FacebookShare on TwitterShare on WhatsAppSend via GMailSend via E-Mail,92,Houses_Karachi,2026-07-29,https://www.zameen.com/Property/dha_defence_dha_phase_6_500_yards_artistic_villa_for_sale_in_phase_6-54343832-1483-1.html
Corner West Open 120 Yard House For Sale,PKR 2.75 Crore,27500000,3,3,120 Sq. Yd,1080.0,25462,House,False,14,hot14Share on FacebookShare on TwitterShare on WhatsAppSend via GMailSend via E-Mail,84,Houses_Karachi,2026-07-29,https://www.zameen.com/Property/malir_saima_elite_villas_corner_west_open_120_yard_house_for_sale-54171003-10096-1.html
SU 375 yards reasonable deal,PKR 8.5 Crore,85000000,5,5,375 Sq. Yd,3375.0,25185,House,False,8,hot8Share on FacebookShare on TwitterShare on WhatsAppSend via GMailSend via E-Mail,83,Houses_Karachi,2026-07-29,https://www.zameen.com/Property/malir_cantonment_askari_6_su_375_yards_reasonable_deal-54537768-21109-1.html
Bungalow Available For Sale Phase Vi,PKR 18 Crore,180000000,6,6,500 Sq. Yd,4500.0,40000,House,False,15,hot15Share on FacebookShare on TwitterShare on WhatsAppSend via GMailSend via E-Mail,84,Houses_Karachi,2026-07-29,https://www.zameen.com/Property/dha_defence_dha_phase_6_bungalow_available_for_sale_phase_vi-54523900-1483-1.html
House For Sale Ground +2 For Sale In Kda Society,PKR 5.9 Crore,59000000,9,7,280 Sq. Yd,2520.0,23412,House,False,5,hot5Share on FacebookShare on TwitterShare on WhatsAppSend via GMailSend via E-Mail,83,Houses_Karachi,2026-07-29,https://www.zameen.com/Property/scheme_33_sector_15_a_kda_employees_cooperative_housing_society_house_for_sale_ground_2_for_sale_in_kda_society-54305244-9077-1.html
BRAND NEW GROUND PLUS ONE HOUSE FOR SALE,PKR 2.75 Crore,27500000,4,5,120 Sq. Yd,1080.0,25462,House,False,6,hot6Share on FacebookShare on TwitterShare on WhatsAppSend via GMailSend via E-Mail,83,Houses_Karachi,2026-07-29,https://www.zameen.com/Property/scheme_33_sector_20_a_musalmanan-e-punjab_cooperative_housing_society_brand_new_ground_plus_one_house_for_sale-54298325-13529-1.html
"PREMIUM 500 SQ YD BUNGALOW WITH POOL & BASEMENT FOR SALE IN DHA PHASE 8, KARACHI",PKR 29 Crore,290000000,5,6,500 Sq. Yd,4500.0,64444,House,True,11,11Share on FacebookShare on TwitterShare on WhatsAppSend via GMailSend via E-Mail,81,Houses_Karachi,2026-07-29,https://www.zameen.com/Property/dha_phase_8_dha_phase_8_-_zone_a_premium_500_sq_yd_bungalow_with_pool_basement_for_sale_in_dha_phase_8_karachi-54456609-6677-1.html
"PREMIUM 500 SQ YD BUNGALOW WITH POOL & BASEMENT FOR SALE IN DHA PHASE 8, KARACHI",PKR 26 Crore,260000000,6,6,500 Sq. Yd,4500.0,57777,House,True,10,10Share on FacebookShare on TwitterShare on WhatsAppSend via GMailSend via E-Mail,81,Houses_Karachi,2026-07-29,https://www.zameen.com/Property/dha_phase_8_dha_phase_8_-_zone_b_premium_500_sq_yd_bungalow_with_pool_basement_for_sale_in_dha_phase_8_karachi-54470582-6678-1.html
240 Sq. Yards Luxury Bungalow With Solar | Ground + 2 Floors | Capital Society,PKR 6 Crore,60000000,8,7,240 Sq. Yd,2160.0,27777,House,False,21,21Share on FacebookShare on TwitterShare on WhatsAppSend via GMailSend via E-Mail,81,Houses_Karachi,2026-07-29,https://www.zameen.com/Property/scheme_33_sector_35_a_capital_cooperative_housing_society_240_sq_yards_luxury_bungalow_with_solar_ground_2_floors_capital_society-54158100-8908-1.html
Luxury 4-Bedroom Villas for Sale,PKR 4 Crore,40000000,4,4,240 Sq. Yd,2160.0,18518,House,False,7,7Share on FacebookShare on TwitterShare on WhatsAppSend via GMailSend via E-Mail,80,Houses_Karachi,2026-07-29,https://www.zameen.com/Property/dha_oasis_dha_oasis_-_sector_1_luxury_4-bedroom_villas_for_sale-54357988-16526-1.html
Brand New Bungalow For Sale DHA Phase 8,PKR 7 Crore,70000000,4,4,100 Sq. Yd,900.0,77777,House,False,12,12Share on FacebookShare on TwitterShare on WhatsAppSend via GMailSend via E-Mail,81,Houses_Karachi,2026-07-29,https://www.zameen.com/Property/dha_defence_dha_phase_8_brand_new_bungalow_for_sale_dha_phase_8-54539103-1485-1.html
Most Luxurious 300 Yard Independent House For Sale,PKR 9.75 Crore,97500000,4,4,300 Sq. Yd,2700.0,36111,House,False,23,23Share on FacebookShare on TwitterShare on WhatsAppSend via GMailSend via E-Mail,81,Houses_Karachi,2026-07-29,https://www.zameen.com/Property/dha_defence_dha_phase_7_most_luxurious_300_yard_independent_house_for_sale-54400509-1484-1.html
Most luxurious House for sale,PKR 11 Crore,110000000,4,4,300 Sq. Yd,2700.0,40740,House,False,22,22Share on FacebookShare on TwitterShare on WhatsAppSend via GMailSend via E-Mail,81,Houses_Karachi,2026-07-29,https://www.zameen.com/Property/dha_defence_dha_phase_7_extension_most_luxurious_house_for_sale-54414422-1674-1.html
"235 Sq Yd Villa FOR SALE In Precinct-27 Near LONDON BRIDGE & JINNAH AVENUE. One Unit 3 Bedrooms, Drawning, Dining, Closed Italian Kitchen & TV Lounge. All Amenities Nearby Including Parks, Mosques And",PKR 1.55 Crore,15500000,1,3,235 Sq. Yd,2115.0,7328,House,True,18,18Share on FacebookShare on TwitterShare on WhatsAppSend via GMailSend via E-Mail,81,Houses_Karachi,2026-07-29,https://www.zameen.com/Property/bahria_town_karachi_bahria_town_-_precinct_27_235_sq_yd_villa_for_sale_in_precinct-27_near_london_bridge_jinnah_avenue_one_unit_3_bedrooms_drawning_dining_closed_italian_kitchen_tv_lounge_all_amenities_nearby_including_parks_mosques_and_gallery_10min_drive_from_main_gate_of_btk-54417296-10040-1.html
Naya Nazimabad Block B Single 120 SqYd For Sale,PKR 3.15 Crore,31500000,2,2,120 Sq. Yd,1080.0,29166,Unknown,True,5,super hot5Share on FacebookShare on TwitterShare on WhatsAppSend via GMailSend via E-Mail,89,Houses_Karachi,2026-07-29,https://www.zameen.com/Property/naya_nazimabad_naya_nazimabad_-_block_b_naya_nazimabad_block_b_single_120_sqyd_for_sale-54520080-14292-1.html
Naya Nazimabad Block C 120 Sqyd Bungalow For Sale,PKR 4.15 Crore,41500000,4,5,120 Sq. Yd,1080.0,38425,House,True,10,super hot101Share on FacebookShare on TwitterShare on WhatsAppSend via GMailSend via E-Mail,91,Houses_Karachi,2026-07-29,https://www.zameen.com/Property/naya_nazimabad_naya_nazimabad_-_block_c_naya_nazimabad_block_c_120_sqyd_bungalow_for_sale-54106456-14293-1.html
PRIME CORNER 400 YARDS BUNGALOW FOR SALE DHA PHASE 7,PKR 15.5 Crore,155000000,6,7,400 Sq. Yd,3600.0,43055,House,True,14,super hot14Share on FacebookShare on TwitterShare on WhatsAppSend via GMailSend via E-Mail,90,Houses_Karachi,2026-07-29,https://www.zameen.com/Property/dha_defence_dha_phase_7_prime_corner_400_yards_bungalow_for_sale_dha_phase_7-54528306-1484-1.html
PRIME 500 YARDS BUNGALOW | 1+3 BEDROOMS | EXCELLENT LOCATION,PKR 13 Crore,130000000,13,5,500 Sq. Yd,4500.0,28888,House,True,19,super hot19Share on FacebookShare on TwitterShare on WhatsAppSend via GMailSend via E-Mail,90,Houses_Karachi,2026-07-29,https://www.zameen.com/Property/dha_defence_dha_phase_5_prime_500_yards_bungalow_1_3_bedrooms_excellent_location-54528149-1482-1.html
Architectural Perfection Brand New 500 Yards Bungalow For Sale in DHA Phase 8 Karachi,PKR 28 Crore,280000000,6,7,500 Sq. Yd,4500.0,62222,House,True,48,super hot48Share on FacebookShare on TwitterShare on WhatsAppSend via GMailSend via E-Mail,90,Houses_Karachi,2026-07-29,https://www.zameen.com/Property/dha_defence_dha_phase_8_architectural_perfection_brand_new_500_yards_bungalow_for_sale_in_dha_phase_8_karachi-54415297-1485-1.html
"Near Masjid 4Bed DDL 125sq yd Villa FOR SALE at ALI BLOCK All amenities nearby including MOSQUE, General Store & Parks",PKR 1.5 Crore,15000000,1,4,125 Sq. Yd,1125.0,13333,House,True,12,super hot12Share on FacebookShare on TwitterShare on WhatsAppSend via GMailSend via E-Mail,90,Houses_Karachi,2026-07-29,https://www.zameen.com/Property/bahria_town_precinct_12_bahria_town_-_ali_block_near_masjid_4bed_ddl_125sq_yd_villa_for_sale_at_ali_block_all_amenities_nearby_including_mosque_general_store_parks-54533382-10023-1.html
120 SQUARE YARDS BRAND NEW HOUSE FOR SALE IN GULSHAN E IQBAL,PKR 6.5 Crore,65000000,6,6,120 Sq. Yd,1080.0,60185,House,True,41,super hot411VerifiedShare on FacebookShare on TwitterShare on WhatsAppSend via GMailSend via E-Mail,99,Houses_Karachi,2026-07-29,https://www.zameen.com/Property/gulshan_e_iqbal_gulshan-e-iqbal_-_block_13_d-1_120_square_yards_brand_new_house_for_sale_in_gulshan_e_iqbal-54469132-6875-1.html
Highly-Desirable Prime Location House Available In Gulistan-E-Jauhar - Block 19 For Sale,PKR 5 Crore,50000000,8,6,133 Sq. Yd,1197.0,41771,House,True,36,super hot361VerifiedShare on FacebookShare on TwitterShare on WhatsAppSend via GMailSend via E-Mail,99,Houses_Karachi,2026-07-29,https://www.zameen.com/Property/gulistan_e_jauhar_gulistan-e-jauhar_-_block_19_highly-desirable_prime_location_house_available_in_gulistan-e-jauhar_-_block_19_for_sale-54531599-6843-1.html
"350 Sqyds Extensively Renovated 5 Bedded Bungalow For Sale With New Flooring, Doors, Widows, Bathrooms And Kitchen In Phase 1 Of Navy Housing Scheme Karsaz For Those Looking For A Home In Move-In-Read",PKR 25 Crore,250000000,25,25,350 Sq. Yd,3150.0,79365,House,True,5,super hot5Share on FacebookShare on TwitterShare on WhatsAppSend via GMailSend via E-Mail,89,Houses_Karachi,2026-07-29,https://www.zameen.com/Property/navy_housing_scheme_karsaz_navy_housing_scheme_karsaz_-_phase_1_350_sqyds_extensively_renovated_5_bedded_bungalow_for_sale_with_new_flooring_doors_widows_bathrooms_and_kitchen_in_phase_1_of_navy_housing_scheme_karsaz_for_those_looking_for_a_home_in_move-in-ready_state-54520406-11580-1.html
500Yard Banglow with Basement For Sale Phase 8,PKR 28 Crore,280000000,6,6,500 Sq. Yd,4500.0,62222,Unknown,True,16,super hot16Share on FacebookShare on TwitterShare on WhatsAppSend via GMailSend via E-Mail,90,Houses_Karachi,2026-07-29,https://www.zameen.com/Property/dha_defence_dha_phase_8_500yard_banglow_with_basement_for_sale_phase_8-54469055-1485-1.html
Brand New West Open 100 Sq. Yards Bungalow for Sale at DHA Phase 8 (Staff).,PKR 7 Crore,70000000,4,5,100 Sq. Yd,900.0,77777,House,True,9,hot9Share on FacebookShare on TwitterShare on WhatsAppSend via GMailSend via E-Mail,83,Houses_Karachi,2026-07-29,https://www.zameen.com/Property/dha_defence_dha_phase_8_brand_new_west_open_100_sq_yards_bungalow_for_sale_at_dha_phase_8_staff-54403999-1485-1.html
Corner Spanish Villa For Sale At DHA Phase 6 Near Hafiz.,PKR 22 Crore,220000000,4,5,680 Sq. Yd,6120.0,35947,House,True,15,hot15Share on FacebookShare on TwitterShare on WhatsAppSend via GMailSend via E-Mail,84,Houses_Karachi,2026-07-29,https://www.zameen.com/Property/dha_defence_dha_phase_6_corner_spanish_villa_for_sale_at_dha_phase_6_near_hafiz-54408096-1483-1.html
West Open Main Boulevard Facing House,PKR 4.3 Crore,43000000,4,4,378 Sq. Yd,3402.0,12639,House,False,13,hot13Share on FacebookShare on TwitterShare on WhatsAppSend via GMailSend via E-Mail,84,Houses_Karachi,2026-07-29,https://www.zameen.com/Property/malir_cantonment_askari_6_west_open_main_boulevard_facing_house-54537509-21109-1.html
West Open 5 House Available For Sale,PKR 9.25 Crore,92500000,5,7,500 Sq. Yd,4500.0,20555,House,False,33,hot33Share on FacebookShare on TwitterShare on WhatsAppSend via GMailSend via E-Mail,84,Houses_Karachi,2026-07-29,https://www.zameen.com/Property/malir_cantonment_askari_5_west_open_5_house_available_for_sale-54255293-6655-1.html
350sq Yd 4Bed DDL Sports Villas With 100sq Yd BackYard LAWN At LOWEST RATE Of MARKET,PKR 1.4 Crore,14000000,1,4,350 Sq. Yd,3150.0,4444,House,False,26,hot26Share on FacebookShare on TwitterShare on WhatsAppSend via GMailSend via E-Mail,84,Houses_Karachi,2026-07-29,https://www.zameen.com/Property/bahria_town_karachi_bahria_sports_city_350sq_yd_4bed_ddl_sports_villas_with_100sq_yd_backyard_lawn_at_lowest_rate_of_market-54320498-10061-1.html
120 Yards Brand New Double Story House Hansa Society 2 Bed Drawing Dining Each Floor Transfer File,PKR 2.9 Crore,29000000,2,4,120 Sq. Yd,1080.0,26851,House,False,18,hot18Share on FacebookShare on TwitterShare on WhatsAppSend via GMailSend via E-Mail,84,Houses_Karachi,2026-07-29,https://www.zameen.com/Property/scheme_33_hansa_society_120_yards_brand_new_double_story_house_hansa_society_2_bed_drawing_dining_each_floor_transfer_file-54327760-9217-1.html
240 Yards Ground Plus 1 Park Facing House Leased 3 Bed DD Each Floor Fully Renovated,PKR 6.6 Crore,66000000,6,6,240 Sq. Yd,2160.0,30555,House,False,37,hot37Share on FacebookShare on TwitterShare on WhatsAppSend via GMailSend via E-Mail,84,Houses_Karachi,2026-07-29,https://www.zameen.com/Property/gulistan_e_jauhar_gulistan-e-jauhar_-_block_2_240_yards_ground_plus_1_park_facing_house_leased_3_bed_dd_each_floor_fully_renovated-54328499-6825-1.html
PRIME 500 SQ YD 5-BEDROOM BUNGALOW FOR SALE,PKR 16.5 Crore,165000000,16,6,500 Sq. Yd,4500.0,36666,House,True,6,6Share on FacebookShare on TwitterShare on WhatsAppSend via GMailSend via E-Mail,80,Houses_Karachi,2026-07-29,https://www.zameen.com/Property/dha_defence_dha_phase_5_prime_500_sq_yd_5-bedroom_bungalow_for_sale-54504535-1482-1.html
"LUXURIOUS OWNER BUILT 6-BEDROOM DUAL UNIT HOUSE FOR SALE IN DHA PHASE 6, KARACHI",PKR 18.5 Crore,185000000,18,6,500 Sq. Yd,4500.0,41111,House,True,25,25Share on FacebookShare on TwitterShare on WhatsAppSend via GMailSend via E-Mail,81,Houses_Karachi,2026-07-29,https://www.zameen.com/Property/dha_defence_dha_phase_6_luxurious_owner_built_6-bedroom_dual_unit_house_for_sale_in_dha_phase_6_karachi-54516352-1483-1.html
ULTRALUXE SIGNATURE LIVING: BRAND NEW 100 SQ YD LUXURY BUNGALOW FOR SALE IN DHA PHASE 7 EXTENSION,PKR 5.25 Crore,52500000,3,4,100 Sq. Yd,900.0,58333,House,True,8,8VerifiedShare on FacebookShare on TwitterShare on WhatsAppSend via GMailSend via E-Mail,88,Houses_Karachi,2026-07-29,https://www.zameen.com/Property/dha_defence_dha_phase_7_extension_ultraluxe_signature_living_brand_new_100_sq_yd_luxury_bungalow_for_sale_in_dha_phase_7_extension-54335597-1674-1.html
"EXTRAORDINARY BRUSH OF LUXURY: ALMOST BRAND NEW 500 SQ YARD DUAL-UNIT BUNGALOW FOR SALE IN DHA PHASE 8, ZONE A",PKR 20 Crore,200000000,6,6,500 Sq. Yd,4500.0,44444,House,True,42,42Share on FacebookShare on TwitterShare on WhatsAppSend via GMailSend via E-Mail,81,Houses_Karachi,2026-07-29,https://www.zameen.com/Property/dha_defence_dha_phase_8_extraordinary_brush_of_luxury_almost_brand_new_500_sq_yard_dual-unit_bungalow_for_sale_in_dha_phase_8_zone_a-54305620-1485-1.html
1000 SQ YD SLIGHTLY USED JUST LIKE NEW POOL AND BASEMENT LUXURY BUNGALOW FOR SALE IN DHA PHASE 6,PKR 42 Crore,420000000,7,6,"1,000 Sq. Yd",9000.0,46666,House,True,8,8Share on FacebookShare on TwitterShare on WhatsAppSend via GMailSend via E-Mail,80,Houses_Karachi,2026-07-29,https://www.zameen.com/Property/dha_defence_dha_phase_6_1000_sq_yd_slightly_used_just_like_new_pool_and_basement_luxury_bungalow_for_sale_in_dha_phase_6-54297534-1483-1.html
3Bed DDL 125 sq yd Villa FOR SALE at Precicnt-11B (All Amenities Nearby) Heighted Location Investor Rates,PKR 1.1 Crore,11000000,1,3,125 Sq. Yd,1125.0,9777,House,False,14,14Share on FacebookShare on TwitterShare on WhatsAppSend via GMailSend via E-Mail,81,Houses_Karachi,2026-07-29,https://www.zameen.com/Property/bahria_town_precinct_11_bahria_town_-_precinct_11-b_3bed_ddl_125_sq_yd_villa_for_sale_at_precicnt-11b_all_amenities_nearby_heighted_location_investor_rates-54465884-10021-1.html
3Bed DDL 200sq Yd Villa FOR SALE. Top Heighted Location Near. Murree Point BTK (Hill View),PKR 1.65 Crore,16500000,1,3,200 Sq. Yd,1800.0,9166,House,False,17,17Share on FacebookShare on TwitterShare on WhatsAppSend via GMailSend via E-Mail,81,Houses_Karachi,2026-07-29,https://www.zameen.com/Property/bahria_town_precinct_11_bahria_town_-_precinct_11-a_3bed_ddl_200sq_yd_villa_for_sale_top_heighted_location_near_murree_point_btk_hill_view-54465925-10020-1.html
Sale The Ideally Located House For An Incredible Price,PKR 50 Crore,500000000,6,6,"1,000 Sq. Yd",9000.0,55555,House,True,20,20Share on FacebookShare on TwitterShare on WhatsAppSend via GMailSend via E-Mail,81,Houses_Karachi,2026-07-29,https://www.zameen.com/Property/dha_phase_8_dha_phase_8_-_zone_a_sale_the_ideally_located_house_for_an_incredible_price-54340707-6677-1.html
Contemporary Elegance Brand New 500 Yards Bungalow For Sale in DHA Phase 8 Karachi,PKR 30.5 Crore,305000000,6,7,500 Sq. Yd,4500.0,67777,House,True,9,super hot9Share on FacebookShare on TwitterShare on WhatsAppSend via GMailSend via E-Mail,89,Houses_Karachi,2026-07-29,https://www.zameen.com/Property/dha_defence_dha_phase_8_contemporary_elegance_brand_new_500_yards_bungalow_for_sale_in_dha_phase_8_karachi-54435401-1485-1.html
Bahria Town Karachi 5-Bed Luxury Designer Villa for Sale in Precinct-1 Overseas Block Near Main Entrance of Bahria Town Karachi!,PKR 3.85 Crore,38500000,3,5,272 Sq. Yd,2448.0,15727,House,True,45,super hot45Share on FacebookShare on TwitterShare on WhatsAppSend via GMailSend via E-Mail,90,Houses_Karachi,2026-07-29,https://www.zameen.com/Property/bahria_town_karachi_bahria_town_-_precinct_1_bahria_town_karachi_5-bed_luxury_designer_villa_for_sale_in_precinct-1_overseas_block_near_main_entrance_of_bahria_town_karachi-54501393-10007-1.html
120 Yards Luxury Villa In Block M,PKR 3.1 Crore,31000000,4,4,120 Sq. Yd,1080.0,28703,House,True,13,super hot131VerifiedShare on FacebookShare on TwitterShare on WhatsAppSend via GMailSend via E-Mail,99,Houses_Karachi,2026-07-29,https://www.zameen.com/Property/naya_nazimabad_naya_nazimabad_-_block_m_120_yards_luxury_villa_in_block_m-53519927-14297-1.html
500-Yards Architect-Designed Sligthly Used Bungalow For Sale(Like A New) DHA Phase 8,PKR 21 Crore,210000000,4,5,500 Sq. Yd,4500.0,46666,House,True,11,super hot11Share on FacebookShare on TwitterShare on WhatsAppSend via GMailSend via E-Mail,90,Houses_Karachi,2026-07-29,https://www.zameen.com/Property/dha_defence_dha_phase_8_500-yards_architect-designed_sligthly_used_bungalow_for_sale_like_a_new_dha_phase_8-54469139-1485-1.html
Prime Location 500 Square Yards House In Bahria Town Karachi Of Karachi Is Available For Sale,PKR 5.3 Crore,53000000,5,5,500 Sq. Yd,4500.0,11777,House,True,7,super hot7VerifiedShare on FacebookShare on TwitterShare on WhatsAppSend via GMailSend via E-Mail,97,Houses_Karachi,2026-07-29,https://www.zameen.com/Property/bahria_paradise_bahria_paradise_-_precinct_51_prime_location_500_square_yards_house_in_bahria_town_karachi_of_karachi_is_available_for_sale-54519993-12070-1.html
Gulshan-E-Iqbal - Block 13-D2 House Sized 120 Square Yards Is Available,PKR 4.95 Crore,49500000,6,6,120 Sq. Yd,1080.0,45833,House,True,41,super hot411VerifiedShare on FacebookShare on TwitterShare on WhatsAppSend via GMailSend via E-Mail,99,Houses_Karachi,2026-07-29,https://www.zameen.com/Property/gulshan_e_iqbal_gulshan-e-iqbal_-_block_13-d2_gulshan-e-iqbal_-_block_13-d2_house_sized_120_square_yards_is_available-54429359-8885-1.html
Stunning Prime Location House Is Available For sale In DHA Phase 2 Extension,PKR 13 Crore,130000000,6,6,400 Sq. Yd,3600.0,36111,House,True,27,super hot271VerifiedShare on FacebookShare on TwitterShare on WhatsAppSend via GMailSend via E-Mail,99,Houses_Karachi,2026-07-29,https://www.zameen.com/Property/dha_defence_dha_phase_2_extension_stunning_prime_location_house_is_available_for_sale_in_dha_phase_2_extension-54525826-1672-1.html
BRAND NEW BUNGALOW,PKR 31.95 Crore,319500000,6,6,600 Sq. Yd,5400.0,59166,House,True,7,super hot7Share on FacebookShare on TwitterShare on WhatsAppSend via GMailSend via E-Mail,89,Houses_Karachi,2026-07-29,https://www.zameen.com/Property/dha_defence_dha_phase_8_brand_new_bungalow-54504188-1485-1.html
Find Your Ideal Prime Location House In Karachi Under Rs. 42500000,PKR 4.25 Crore,42500000,4,4,120 Sq. Yd,1080.0,39351,House,True,16,super hot161VerifiedShare on FacebookShare on TwitterShare on WhatsAppSend via GMailSend via E-Mail,99,Houses_Karachi,2026-07-29,https://www.zameen.com/Property/naya_nazimabad_naya_nazimabad_-_block_c_find_your_ideal_prime_location_house_in_karachi_under_rs_42500000-54508506-14293-1.html
Prime Location House For sale In Rs. 52500000,PKR 5.25 Crore,52500000,5,5,160 Sq. Yd,1440.0,36458,House,True,22,super hot221VerifiedShare on FacebookShare on TwitterShare on WhatsAppSend via GMailSend via E-Mail,99,Houses_Karachi,2026-07-29,https://www.zameen.com/Property/naya_nazimabad_naya_nazimabad_-_block_d_prime_location_house_for_sale_in_rs_52500000-54508507-14294-1.html
Buy Your Ideal 375 Square Yards House In A Prime Location Of Karachi,PKR 8.1 Crore,81000000,5,6,375 Sq. Yd,3375.0,24000,House,True,17,hot17Share on FacebookShare on TwitterShare on WhatsAppSend via GMailSend via E-Mail,84,Houses_Karachi,2026-07-29,https://www.zameen.com/Property/malir_cantonment_askari_6_buy_your_ideal_375_square_yards_house_in_a_prime_location_of_karachi-48793752-21109-1.html
New House Available For Sale,PKR 8.25 Crore,82500000,5,6,375 Sq. Yd,3375.0,24444,House,True,16,hot16Share on FacebookShare on TwitterShare on WhatsAppSend via GMailSend via E-Mail,84,Houses_Karachi,2026-07-29,https://www.zameen.com/Property/malir_cantonment_askari_6_new_house_available_for_sale-45138560-21109-1.html
120 Sqyd | House For Sale | 2 Bed Drawing Dining Each Floor | Ground Plus One | Prem Villas Safoora Chowrangi,PKR 3.5 Crore,35000000,3,4,120 Sq. Yd,1080.0,32407,House,False,14,hot14Share on FacebookShare on TwitterShare on WhatsAppSend via GMailSend via E-Mail,84,Houses_Karachi,2026-07-29,https://www.zameen.com/Property/scheme_33_prem_villas_phase_2_120_sqyd_house_for_sale_2_bed_drawing_dining_each_floor_ground_plus_one_prem_villas_safoora_chowrangi-54341079-15295-1.html
Single Storey House With One Room On Top,PKR 1.6 Crore,16000000,3,4,120 Sq. Yd,1080.0,14814,House,False,13,hot13Share on FacebookShare on TwitterShare on WhatsAppSend via GMailSend via E-Mail,84,Houses_Karachi,2026-07-29,https://www.zameen.com/Property/saadi_town_saadi_town_-_block_7_single_storey_house_with_one_room_on_top-53831673-15537-1.html
Idyllic Prime Location House Available In Saadi Town For Sale,PKR 1.7 Crore,17000000,,,120 Sq. Yd,1080.0,15740,House,False,13,hot13VerifiedShare on FacebookShare on TwitterShare on WhatsAppSend via GMailSend via E-Mail,92,Houses_Karachi,2026-07-29,https://www.zameen.com/Property/scheme_33_saadi_town_idyllic_prime_location_house_available_in_saadi_town_for_sale-54509492-6853-1.html
Ground Plus One Bungalow Available For Sale (Staff Loan Highly Entertained),PKR 2.05 Crore,20500000,5,4,120 Sq. Yd,1080.0,18981,House,False,14,hot14Share on FacebookShare on TwitterShare on WhatsAppSend via GMailSend via E-Mail,84,Houses_Karachi,2026-07-29,https://www.zameen.com/Property/saadi_town_saadi_town_-_block_5_ground_plus_one_bungalow_available_for_sale_staff_loan_highly_entertained-54255277-12971-1.html
Two Side Corner Prime Location 150 Square Yards House For Sale In Sharfabad,PKR 10.5 Crore,105000000,5,5,150 Sq. Yd,1350.0,77777,House,False,9,hot9Share on FacebookShare on TwitterShare on WhatsAppSend via GMailSend via E-Mail,83,Houses_Karachi,2026-07-29,https://www.zameen.com/Property/gulshan_e_iqbal_town_sharfabad_two_side_corner_prime_location_150_square_yards_house_for_sale_in_sharfabad-53595422-313-1.html
ULTRALUXE SIGNATURE LIVING: GRAND 460 SQ YD WEST-OPEN DARAKHSHAN VILLA FOR SALE IN DHA PHASE 6,PKR 7.6 Crore,76000000,3,4,380 Sq. Yd,3420.0,22222,House,True,10,10Share on FacebookShare on TwitterShare on WhatsAppSend via GMailSend via E-Mail,81,Houses_Karachi,2026-07-29,https://www.zameen.com/Property/dha_phase_6_darakhshan_villas_ultraluxe_signature_living_grand_460_sq_yd_west-open_darakhshan_villa_for_sale_in_dha_phase_6-54344874-17163-1.html
ULTRALUXE SIGNATURE LIVING: FULLY RENOVATED 357 SQ YD WEST-OPEN DARAKHSHAN VILLA FOR SALE IN DHA PHASE 6,PKR 9 Crore,90000000,3,4,357 Sq. Yd,3213.0,28011,House,True,11,11Share on FacebookShare on TwitterShare on WhatsAppSend via GMailSend via E-Mail,81,Houses_Karachi,2026-07-29,https://www.zameen.com/Property/dha_phase_6_darakhshan_villas_ultraluxe_signature_living_fully_renovated_357_sq_yd_west-open_darakhshan_villa_for_sale_in_dha_phase_6-54344769-17163-1.html
3000 Yards Bungalow For Sale In Dha Phase 8,PKR 1.35 Arab,1350000000,9,6,"3,000 Sq. Yd",27000.0,50000,House,False,5,5Share on FacebookShare on TwitterShare on WhatsAppSend via GMailSend via E-Mail,80,Houses_Karachi,2026-07-29,https://www.zameen.com/Property/dha_defence_dha_phase_8_3000_yards_bungalow_for_sale_in_dha_phase_8-52961087-1485-1.html
CLIFTON BLOCK 9 | 400 SQ. YARDS BUNGALOW | FOR SALE,PKR 13.5 Crore,135000000,9,7,400 Sq. Yd,3600.0,37500,House,True,16,16Share on FacebookShare on TwitterShare on WhatsAppSend via GMailSend via E-Mail,81,Houses_Karachi,2026-07-29,https://www.zameen.com/Property/clifton_clifton_-_block_9_clifton_block_9_400_sq_yards_bungalow_for_sale-54351649-1671-1.html
ULTRALUXE SIGNATURE LIVING MODERN 500 SQUARE YARD OFF KH-E-SHAJJAR PHASE 8 DHA KHI ARCHITECTURAL RESIDENTIAL BUNGALOW FOR SALE IN DHA PHASE 8,PKR 22.5 Crore,225000000,3,3,500 Sq. Yd,4500.0,50000,House,True,,Share on FacebookShare on TwitterShare on WhatsAppSend via GMailSend via E-Mail,79,Houses_Karachi,2026-07-29,https://www.zameen.com/Property/dha_defence_dha_phase_8_ultraluxe_signature_living_modern_500_square_yard_off_kh-e-shajjar_phase_8_dha_khi_architectural_residential_bungalow_for_sale_in_dha_phase_8-54346899-1485-1.html
"ULTRALUXE SIGNATURE LIVING: 500 SQ YD 2-UNIT RESIDENTIAL BUNGALOW FOR SALE ON ZULFIQAR STREET 4, DHA PHASE 8, ZONE A",PKR 16 Crore,160000000,4,5,500 Sq. Yd,4500.0,35555,House,True,20,20VerifiedShare on FacebookShare on TwitterShare on WhatsAppSend via GMailSend via E-Mail,89,Houses_Karachi,2026-07-29,https://www.zameen.com/Property/dha_phase_8_dha_phase_8_-_zone_a_ultraluxe_signature_living_500_sq_yd_2-unit_residential_bungalow_for_sale_on_zulfiqar_street_4_dha_phase_8_zone_a-54346229-6677-1.html
ULTRALUXE SIGNATURE LIVING: 300 SQ YD MODERN RESIDENTIAL BUNGALOW FOR SALE IN DHA PHASE 4,PKR 14 Crore,140000000,5,6,300 Sq. Yd,2700.0,51851,House,True,13,13Share on FacebookShare on TwitterShare on WhatsAppSend via GMailSend via E-Mail,81,Houses_Karachi,2026-07-29,https://www.zameen.com/Property/dha_defence_dha_phase_4_ultraluxe_signature_living_300_sq_yd_modern_residential_bungalow_for_sale_in_dha_phase_4-54345464-1481-1.html
ULTRALUXE SIGNATURE LIVING: DUPLEX 300 SQ YD EAST-OPEN BUNGALOW FOR SALE IN DHA,PKR 10 Crore,100000000,4,5,300 Sq. Yd,2700.0,37037,House,True,9,9Share on FacebookShare on TwitterShare on WhatsAppSend via GMailSend via E-Mail,80,Houses_Karachi,2026-07-29,https://www.zameen.com/Property/dha_defence_dha_phase_6_ultraluxe_signature_living_duplex_300_sq_yd_east-open_bungalow_for_sale_in_dha-54366352-1483-1.html
Ideal Prime Location House For Sale In Bahria Town - Precinct 8,PKR 5.5 Crore,55000000,5,5,272 Sq. Yd,2448.0,22467,House,True,9,super hot9VerifiedShare on FacebookShare on TwitterShare on WhatsAppSend via GMailSend via E-Mail,97,Houses_Karachi,2026-07-29,https://www.zameen.com/Property/bahria_town_karachi_bahria_town_-_precinct_8_ideal_prime_location_house_for_sale_in_bahria_town_-_precinct_8-54519996-10016-1.html
"Prime Location 3Bed DDL 125sq yd Villa FOR SALE at ALI BLOCK All amenities nearby including MOSQUE, General Store & Parks",PKR 1.45 Crore,14500000,1,3,125 Sq. Yd,1125.0,12888,House,True,16,super hot161Share on FacebookShare on TwitterShare on WhatsAppSend via GMailSend via E-Mail,91,Houses_Karachi,2026-07-29,https://www.zameen.com/Property/bahria_town_precinct_12_bahria_town_-_ali_block_prime_location_3bed_ddl_125sq_yd_villa_for_sale_at_ali_block_all_amenities_nearby_including_mosque_general_store_parks-53274193-10023-1.html
Ready To Buy A Prime Location House In Askari 6 Karachi,PKR 7.5 Crore,75000000,,,270 Sq. Yd,2430.0,30864,House,True,2,super hot2VerifiedShare on FacebookShare on TwitterShare on WhatsAppSend via GMailSend via E-Mail,97,Houses_Karachi,2026-07-29,https://www.zameen.com/Property/malir_cantonment_askari_6_ready_to_buy_a_prime_location_house_in_askari_6_karachi-54481779-21109-1.html
1085 Sq. Yards Luxury Mediterranean Spanish Villa for Sale DHA Phase 6.,PKR 45 Crore,450000000,6,7,"1,085 Sq. Yd",9765.0,46082,House,True,12,super hot12Share on FacebookShare on TwitterShare on WhatsAppSend via GMailSend via E-Mail,90,Houses_Karachi,2026-07-29,https://www.zameen.com/Property/dha_defence_dha_phase_6_1085_sq_yards_luxury_mediterranean_spanish_villa_for_sale_dha_phase_6-54408037-1483-1.html
Bangalow For Sale DHA Phase 8 Main Shujjat,PKR 26 Crore,260000000,6,6,500 Sq. Yd,4500.0,57777,House,True,10,super hot10Share on FacebookShare on TwitterShare on WhatsAppSend via GMailSend via E-Mail,90,Houses_Karachi,2026-07-29,https://www.zameen.com/Property/dha_defence_dha_phase_8_bangalow_for_sale_dha_phase_8_main_shujjat-54487210-1485-1.html
120 SQ YARD GROUND+1 HOUSE AVAILABLE FOR SALE IN PUNJABI SAUDAGARAN PHASE 2 SECTOR 50A SCHEME 33 KARACHI,PKR 2.65 Crore,26500000,4,6,120 Sq. Yd,1080.0,24537,House,True,5,super hot5Share on FacebookShare on TwitterShare on WhatsAppSend via GMailSend via E-Mail,89,Houses_Karachi,2026-07-29,https://www.zameen.com/Property/scheme_33_sector_50_punjabi_saudagar_society_phase_2_120_sq_yard_ground_1_house_available_for_sale_in_punjabi_saudagaran_phase_2_sector_50a_scheme_33_karachi-54265732-12712-1.html
Book A Corner House Of 325 Square Yards In Capital Cooperative Housing Society Karachi,PKR 6.75 Crore,67500000,8,,325 Sq. Yd,2925.0,23076,House,True,23,super hot23VerifiedShare on FacebookShare on TwitterShare on WhatsAppSend via GMailSend via E-Mail,98,Houses_Karachi,2026-07-29,https://www.zameen.com/Property/scheme_33_sector_35_a_capital_cooperative_housing_society_book_a_corner_house_of_325_square_yards_in_capital_cooperative_housing_society_karachi-54528578-8908-1.html
Beautiful 1000 Square Yard Bungalow Available For Prime Location Of Gulshan E Iqbal Block 4,PKR 23 Crore,230000000,8,,"1,000 Sq. Yd",9000.0,25555,House,True,35,super hot351Share on FacebookShare on TwitterShare on WhatsAppSend via GMailSend via E-Mail,91,Houses_Karachi,2026-07-29,https://www.zameen.com/Property/gulshan_e_iqbal_gulshan-e-iqbal_-_block_4_beautiful_1000_square_yard_bungalow_available_for_prime_location_of_gulshan_e_iqbal_block_4-54290526-6864-1.html
Fully Renovated 300Yards Banglow For Sale,PKR 10.2 Crore,102000000,4,4,300 Sq. Yd,2700.0,37777,House,True,35,super hot35Share on FacebookShare on TwitterShare on WhatsAppSend via GMailSend via E-Mail,90,Houses_Karachi,2026-07-29,https://www.zameen.com/Property/dha_defence_dha_phase_4_fully_renovated_300yards_banglow_for_sale-54388812-1481-1.html
666 Yards Luxury Bungalow For Sale Dha Phase 8,PKR 35 Crore,350000000,6,6,666 Sq. Yd,5994.0,58391,House,True,21,super hot21Share on FacebookShare on TwitterShare on WhatsAppSend via GMailSend via E-Mail,90,Houses_Karachi,2026-07-29,https://www.zameen.com/Property/dha_defence_dha_phase_8_666_yards_luxury_bungalow_for_sale_dha_phase_8-54006776-1485-1.html
Brand New House For Sale Purpose,PKR 7.95 Crore,79500000,5,6,375 Sq. Yd,3375.0,23555,House,True,12,hot121VerifiedShare on FacebookShare on TwitterShare on WhatsAppSend via GMailSend via E-Mail,93,Houses_Karachi,2026-07-29,https://www.zameen.com/Property/malir_cantonment_askari_6_brand_new_house_for_sale_purpose-46172387-21109-1.html
Brand New Houses For Sale Purpose,PKR 6.8 Crore,68000000,4,5,300 Sq. Yd,2700.0,25185,House,True,22,hot221VerifiedShare on FacebookShare on TwitterShare on WhatsAppSend via GMailSend via E-Mail,93,Houses_Karachi,2026-07-29,https://www.zameen.com/Property/malir_cantonment_askari_6_brand_new_houses_for_sale_purpose-46178723-21109-1.html
Ground Plus One Fully Independent Bungalow Available For Sale (*Staff Loan Bank Loan Applicable),PKR 1.75 Crore,17500000,4,5,120 Sq. Yd,1080.0,16203,House,False,13,hot13Share on FacebookShare on TwitterShare on WhatsAppSend via GMailSend via E-Mail,84,Houses_Karachi,2026-07-29,https://www.zameen.com/Property/saadi_garden_saadi_garden_-_block_1_ground_plus_one_fully_independent_bungalow_available_for_sale_staff_loan_bank_loan_applicable-54166294-14103-1.html
Brand New 500 Square Yards House Available In Falcon Complex New Malir For Sale,PKR 11.5 Crore,115000000,5,5,500 Sq. Yd,4500.0,25555,House,False,26,hot26VerifiedShare on FacebookShare on TwitterShare on WhatsAppSend via GMailSend via E-Mail,92,Houses_Karachi,2026-07-29,https://www.zameen.com/Property/malir_falcon_complex_new_malir_brand_new_500_square_yards_house_available_in_falcon_complex_new_malir_for_sale-54194746-9582-1.html
"BRAND NEW 500 SQUARE YARDS BRAND NEW HOUSE FOR SALE IN FALCON COMPLEX, NEW MALIR PRIME LOCATION",PKR 11.9 Crore,119000000,5,6,500 Sq. Yd,4500.0,26444,House,False,25,hot25VerifiedShare on FacebookShare on TwitterShare on WhatsAppSend via GMailSend via E-Mail,92,Houses_Karachi,2026-07-29,https://www.zameen.com/Property/malir_falcon_complex_new_malir_brand_new_500_square_yards_brand_new_house_for_sale_in_falcon_complex_new_malir_prime_location-54194748-9582-1.html
Brand New 500 Square Yard House Is Available For Sale In Falcon Complex New Malir,PKR 12.6 Crore,126000000,5,5,500 Sq. Yd,4500.0,28000,House,False,25,hot25VerifiedShare on FacebookShare on TwitterShare on WhatsAppSend via GMailSend via E-Mail,92,Houses_Karachi,2026-07-29,https://www.zameen.com/Property/malir_falcon_complex_new_malir_brand_new_500_square_yard_house_is_available_for_sale_in_falcon_complex_new_malir-54194751-9582-1.html
FALCON 500 YARDS HOUSE FOR SALE IN TOP LOCATION,PKR 11.9 Crore,119000000,5,6,500 Sq. Yd,4500.0,26444,House,False,23,hot23VerifiedShare on FacebookShare on TwitterShare on WhatsAppSend via GMailSend via E-Mail,92,Houses_Karachi,2026-07-29,https://www.zameen.com/Property/malir_falcon_complex_new_malir_falcon_500_yards_house_for_sale_in_top_location-54194755-9582-1.html
"ULTRALUXE SIGNATURE LIVING: SLIGHTLY USED 500 SQ YARD BUNGALOW WITH BASEMENT FOR SALE ON 21ST STREET, ZONE B, DHA PHASE 8",PKR 21 Crore,210000000,5,6,500 Sq. Yd,4500.0,46666,House,True,9,9Share on FacebookShare on TwitterShare on WhatsAppSend via GMailSend via E-Mail,80,Houses_Karachi,2026-07-29,https://www.zameen.com/Property/dha_defence_dha_phase_8_ultraluxe_signature_living_slightly_used_500_sq_yard_bungalow_with_basement_for_sale_on_21st_street_zone_b_dha_phase_8-54366304-1485-1.html
400 Yards Darakhshan Villa For Sale,PKR 9.15 Crore,91500000,4,4,400 Sq. Yd,3600.0,25416,House,False,7,7Share on FacebookShare on TwitterShare on WhatsAppSend via GMailSend via E-Mail,80,Houses_Karachi,2026-07-29,https://www.zameen.com/Property/dha_defence_dha_phase_6_400_yards_darakhshan_villa_for_sale-53548929-1483-1.html
1000 Yards Bungalow For Sale In Dha Phase 6,PKR 22 Crore,220000000,4,4,"1,000 Sq. Yd",9000.0,24444,House,False,7,7Share on FacebookShare on TwitterShare on WhatsAppSend via GMailSend via E-Mail,80,Houses_Karachi,2026-07-29,https://www.zameen.com/Property/dha_defence_dha_phase_6_1000_yards_bungalow_for_sale_in_dha_phase_6-54134694-1483-1.html
House In DHA Phase 8 Sized 500 Square Yards Is Available,PKR 26 Crore,260000000,6,7,500 Sq. Yd,4500.0,57777,House,True,12,12VerifiedShare on FacebookShare on TwitterShare on WhatsAppSend via GMailSend via E-Mail,89,Houses_Karachi,2026-07-29,https://www.zameen.com/Property/dha_defence_dha_phase_8_house_in_dha_phase_8_sized_500_square_yards_is_available-54433935-1485-1.html
"ULTRA-LUXURY COASTAL LIVING: EXQUISITE 4-BEDROOM SEA-FACING APARTMENT FOR SALE IN PEARL TOWER 1, EMAAR CRESCENT BAY, KARACHI",PKR 16 Crore,160000000,16,5,292 Sq. Yd,2628.0,60882,Flat,True,18,18Share on FacebookShare on TwitterShare on WhatsAppSend via GMailSend via E-Mail,81,Houses_Karachi,2026-07-29,https://www.zameen.com/Property/emaar_crescent_bay_emaar_pearl_towers_ultra-luxury_coastal_living_exquisite_4-bedroom_sea-facing_apartment_for_sale_in_pearl_tower_1_emaar_crescent_bay_karachi-54434976-10719-1.html
500 YARD BRAD NEW BEAUTIFUL HOUSE FOR SALE IN DHA PHASE 8 KARACHI,PKR 26 Crore,260000000,6,6,500 Sq. Yd,4500.0,57777,House,True,8,8Share on FacebookShare on TwitterShare on WhatsAppSend via GMailSend via E-Mail,80,Houses_Karachi,2026-07-29,https://www.zameen.com/Property/dha_defence_dha_phase_8_500_yard_brad_new_beautiful_house_for_sale_in_dha_phase_8_karachi-54451157-1485-1.html
House For Sale In NHS Mauripur,PKR 6.35 Crore,63500000,5,5,350 Sq. Yd,3150.0,20158,House,False,17,17Share on FacebookShare on TwitterShare on WhatsAppSend via GMailSend via E-Mail,81,Houses_Karachi,2026-07-29,https://www.zameen.com/Property/northern_bypass_nhs_mauripur_house_for_sale_in_nhs_mauripur-54275887-21108-1.html
1000 Square Yards Bungalow With Swimming Pool And Lift West Open Available For Sale In Dha Phase 8,PKR 38 Crore,380000000,6,6,"1,000 Sq. Yd",9000.0,42222,House,False,17,17Share on FacebookShare on TwitterShare on WhatsAppSend via GMailSend via E-Mail,81,Houses_Karachi,2026-07-29,https://www.zameen.com/Property/dha_defence_dha_phase_8_1000_square_yards_bungalow_with_swimming_pool_and_lift_west_open_available_for_sale_in_dha_phase_8-52927933-1485-1.html
Most reasonable condition tile flooring used house available in the market right now.,PKR 3.99 Crore,39900000,5,6,10 Marla,2250.0,17733,House,True,26,super hot26Share on FacebookShare on TwitterShare on WhatsAppSend via GMailSend via E-Mail,90,Houses_Rawalpindi,2026-07-29,https://www.zameen.com/Property/bahria_town_rawalpindi_bahria_town_phase_3_most_reasonable_condition_tile_flooring_used_house_available_in_the_market_right_now-54538279-3036-1.html
Luxurious Corner House With Two-Side Elevation,PKR 16.5 Crore,165000000,5,6,2 Kanal,9000.0,18333,House,True,50,super hot50Share on FacebookShare on TwitterShare on WhatsAppSend via GMailSend via E-Mail,90,Houses_Rawalpindi,2026-07-29,https://www.zameen.com/Property/bahria_town_phase_8_bahria_town_phase_8_-_block_a_luxurious_corner_house_with_two-side_elevation-51914137-3049-1.html
10 Marla Double Unit Overseas 5 Double-Heighted TV Lounge,PKR 5.75 Crore,57500000,5,5,10 Marla,2250.0,25555,House,True,40,super hot40Share on FacebookShare on TwitterShare on WhatsAppSend via GMailSend via E-Mail,90,Houses_Rawalpindi,2026-07-29,https://www.zameen.com/Property/bahria_greens_overseas_enclave_bahria_greens_-_overseas_enclave_-_sector_5_10_marla_double_unit_overseas_5_double-heighted_tv_lounge-52456241-8304-1.html
Luxury Designer House with Home Theatre & 15 kVA Solar,PKR 12.5 Crore,125000000,5,6,1 Kanal,4500.0,27777,House,True,50,super hot50Share on FacebookShare on TwitterShare on WhatsAppSend via GMailSend via E-Mail,90,Houses_Rawalpindi,2026-07-29,https://www.zameen.com/Property/bahria_greens_overseas_enclave_bahria_greens_-_overseas_enclave_-_sector_5_luxury_designer_house_with_home_theatre_15_kva_solar-54463554-8304-1.html
REGISTERY HOUSE 10 Marla Beautiful Designer 5 Bedroom Double Unit House,PKR 5.95 Crore,59500000,5,6,10 Marla,2250.0,26444,House,True,25,super hot25Share on FacebookShare on TwitterShare on WhatsAppSend via GMailSend via E-Mail,90,Houses_Rawalpindi,2026-07-29,https://www.zameen.com/Property/bahria_town_rawalpindi_bahria_town_phase_2_registery_house_10_marla_beautiful_designer_5_bedroom_double_unit_house-54528497-3035-1.html
5 Bed House For Sale,PKR 6.5 Crore,65000000,6,6,10 Marla,2250.0,28888,House,True,50,super hot50Share on FacebookShare on TwitterShare on WhatsAppSend via GMailSend via E-Mail,90,Houses_Rawalpindi,2026-07-29,https://www.zameen.com/Property/rawalpindi_askari_13_5_bed_house_for_sale-54269041-1515-1.html
Brand New 5 Marla Designer House For Sale | Prime Location,PKR 2.55 Crore,25500000,3,4,5 Marla,1125.0,22666,House,True,37,super hot371Share on FacebookShare on TwitterShare on WhatsAppSend via GMailSend via E-Mail,91,Houses_Rawalpindi,2026-07-29,https://www.zameen.com/Property/bahria_town_phase_8_bahria_town_phase_8_-_block_m_brand_new_5_marla_designer_house_for_sale_prime_location-54394567-3062-1.html
Get In Touch Now To Buy A Prime Location House In Airport Housing Society - Sector 4,PKR 2.5 Crore,25000000,4,4,6 Marla,1350.0,18518,House,True,23,super hot231VerifiedShare on FacebookShare on TwitterShare on WhatsAppSend via GMailSend via E-Mail,99,Houses_Rawalpindi,2026-07-29,https://www.zameen.com/Property/airport_housing_society_airport_housing_society_-_sector_4_get_in_touch_now_to_buy_a_prime_location_house_in_airport_housing_society_-_sector_4-54535773-9155-1.html
8 Marla Double Storey House For Sale Near Main Gulshanabad Gate,PKR 1.9 Crore,19000000,6,5,8 Marla,1800.0,10555,House,True,10,super hot10Share on FacebookShare on TwitterShare on WhatsAppSend via GMailSend via E-Mail,90,Houses_Rawalpindi,2026-07-29,https://www.zameen.com/Property/rawalpindi_adiala_road_8_marla_double_storey_house_for_sale_near_main_gulshanabad_gate-54322654-478-1.html
7 Marla Ultra Design House Is Available For Sale In Bahria Town Phase 8 Abu Bakar Block Rawalpindi,PKR 3.3 Crore,33000000,5,5,7 Marla,1575.0,20952,House,True,30,super hot30Share on FacebookShare on TwitterShare on WhatsAppSend via GMailSend via E-Mail,90,Houses_Rawalpindi,2026-07-29,https://www.zameen.com/Property/bahria_town_phase_8_safari_valley_bahria_town_phase_8_-_abu_bakar_block_7_marla_ultra_design_house_is_available_for_sale_in_bahria_town_phase_8_abu_bakar_block_rawalpindi-54537416-3069-1.html
Elegant Designer House Gas Install,PKR 5.5 Crore,55000000,5,6,10 Marla,2250.0,24444,House,True,50,hot50Share on FacebookShare on TwitterShare on WhatsAppSend via GMailSend via E-Mail,84,Houses_Rawalpindi,2026-07-29,https://www.zameen.com/Property/bahria_town_rawalpindi_bahria_town_phase_8_elegant_designer_house_gas_install-53663814-3048-1.html
Elegant Brand New House Gas Install For Sale,PKR 5.75 Crore,57500000,5,6,10 Marla,2250.0,25555,House,True,44,hot44Share on FacebookShare on TwitterShare on WhatsAppSend via GMailSend via E-Mail,84,Houses_Rawalpindi,2026-07-29,https://www.zameen.com/Property/bahria_greens_overseas_enclave_bahria_greens_-_overseas_enclave_-_sector_5_elegant_brand_new_house_gas_install_for_sale-53705446-8304-1.html
5 Marla House Available For Sale In Snober City Main Boulevard House,PKR 99 Lakh,9900000,2,3,4 Marla,900.0,11000,House,False,25,hot25Share on FacebookShare on TwitterShare on WhatsAppSend via GMailSend via E-Mail,84,Houses_Rawalpindi,2026-07-29,https://www.zameen.com/Property/snober_city_snober_city_-_green_villas_5_marla_house_available_for_sale_in_snober_city_main_boulevard_house-53691946-16235-1.html
A Prime Location 6 Marla House Located In Snober City Is Available For Sale,PKR 1.55 Crore,15500000,3,4,6 Marla,1350.0,11481,House,False,20,hot201Share on FacebookShare on TwitterShare on WhatsAppSend via GMailSend via E-Mail,85,Houses_Rawalpindi,2026-07-29,https://www.zameen.com/Property/adiala_road_snober_city_a_prime_location_6_marla_house_located_in_snober_city_is_available_for_sale-53803734-11748-1.html
10 Marla 4 Bed SD House For Sale In Askari 13,PKR 6.5 Crore,65000000,6,5,10 Marla,2250.0,28888,House,False,44,hot44Share on FacebookShare on TwitterShare on WhatsAppSend via GMailSend via E-Mail,84,Houses_Rawalpindi,2026-07-29,https://www.zameen.com/Property/rawalpindi_askari_13_10_marla_4_bed_sd_house_for_sale_in_askari_13-3631232-1515-1.html
4 Bed House Is Available In Askari 14,PKR 5.5 Crore,55000000,5,3,10 Marla,2250.0,24444,House,False,50,hot50Share on FacebookShare on TwitterShare on WhatsAppSend via GMailSend via E-Mail,84,Houses_Rawalpindi,2026-07-29,https://www.zameen.com/Property/rawalpindi_askari_14_4_bed_house_is_available_in_askari_14-48844621-1504-1.html
A Beautiful And Brand New Lavish House For Sale In Overseas With 5 Marla Beautiful Lawn,PKR 4.9 Crore,49000000,5,6,11 Marla,2475.0,19797,House,False,29,hot29Share on FacebookShare on TwitterShare on WhatsAppSend via GMailSend via E-Mail,84,Houses_Rawalpindi,2026-07-29,https://www.zameen.com/Property/bahria_town_phase_8_bahria_greens_-_overseas_enclave_a_beautiful_and_brand_new_lavish_house_for_sale_in_overseas_with_5_marla_beautiful_lawn-53533427-3081-1.html
4 Marla House Available For Sale,PKR 70 Lakh,7000000,2,2,4 Marla,900.0,7777,House,False,8,8Share on FacebookShare on TwitterShare on WhatsAppSend via GMailSend via E-Mail,80,Houses_Rawalpindi,2026-07-29,https://www.zameen.com/Property/rawalpindi_adiala_road_4_marla_house_available_for_sale-53692008-478-1.html
A Beautiful And Lavish House For Sale In Phase 7,PKR 4.15 Crore,41500000,5,6,10 Marla,2250.0,18444,House,False,25,25Share on FacebookShare on TwitterShare on WhatsAppSend via GMailSend via E-Mail,81,Houses_Rawalpindi,2026-07-29,https://www.zameen.com/Property/bahria_town_rawalpindi_bahria_town_phase_7_a_beautiful_and_lavish_house_for_sale_in_phase_7-54539304-3047-1.html
A Beautiful And Brand-New Lavish House For Sale In F1,PKR 3.75 Crore,37500000,5,6,10 Marla,2250.0,16666,House,False,19,19Share on FacebookShare on TwitterShare on WhatsAppSend via GMailSend via E-Mail,81,Houses_Rawalpindi,2026-07-29,https://www.zameen.com/Property/bahria_town_phase_8_bahria_town_phase_8_-_sector_f-1_a_beautiful_and_brand-new_lavish_house_for_sale_in_f1-52113827-3095-1.html
A Beautiful And Brand New Lavish House For Sale In Overseas,PKR 8.65 Crore,86500000,5,6,1 Kanal,4500.0,19222,House,False,48,48Share on FacebookShare on TwitterShare on WhatsAppSend via GMailSend via E-Mail,81,Houses_Rawalpindi,2026-07-29,https://www.zameen.com/Property/bahria_town_phase_8_bahria_greens_-_overseas_enclave_a_beautiful_and_brand_new_lavish_house_for_sale_in_overseas-53451533-3081-1.html
Luxury 1 Kanal House For Sale In Bahria Town Phase 8,PKR 12.5 Crore,125000000,6,6,1 Kanal,4500.0,27777,House,False,15,15Share on FacebookShare on TwitterShare on WhatsAppSend via GMailSend via E-Mail,81,Houses_Rawalpindi,2026-07-29,https://www.zameen.com/Property/bahria_town_rawalpindi_bahria_town_phase_8_luxury_1_kanal_house_for_sale_in_bahria_town_phase_8-54512491-3048-1.html
10 Marla Double-Unit House for Sale in Gulraiz Housing Society Phase 2,PKR 3.9 Crore,39000000,6,6,10 Marla,2250.0,17333,House,False,13,13Share on FacebookShare on TwitterShare on WhatsAppSend via GMailSend via E-Mail,81,Houses_Rawalpindi,2026-07-29,https://www.zameen.com/Property/gulraiz_housing_scheme_gulraiz_housing_society_phase_2_10_marla_double-unit_house_for_sale_in_gulraiz_housing_society_phase_2-54512430-14971-1.html
5 Marla Double-Story House For Sale In Bahria Town Phase 8,PKR 2.25 Crore,22500000,3,3,5 Marla,1125.0,20000,House,False,13,13Share on FacebookShare on TwitterShare on WhatsAppSend via GMailSend via E-Mail,81,Houses_Rawalpindi,2026-07-29,https://www.zameen.com/Property/bahria_town_rawalpindi_bahria_town_phase_8_5_marla_double-story_house_for_sale_in_bahria_town_phase_8-54515444-3048-1.html
Brand New 7 Marla Double Unit House | 4 Bedrooms | Dual Kitchen | Usman Block,PKR 3.3 Crore,33000000,3,5,7 Marla,1575.0,20952,House,False,15,15Share on FacebookShare on TwitterShare on WhatsAppSend via GMailSend via E-Mail,81,Houses_Rawalpindi,2026-07-29,https://www.zameen.com/Property/bahria_town_phase_8_safari_valley_bahria_town_phase_8_-_usman_block_brand_new_7_marla_double_unit_house_4_bedrooms_dual_kitchen_usman_block-54446175-3068-1.html
Elegant 1 Kanal White House For Sale At Investor Price,PKR 9.35 Crore,93500000,5,6,1 Kanal,4500.0,20777,House,True,21,super hot21Share on FacebookShare on TwitterShare on WhatsAppSend via GMailSend via E-Mail,90,Houses_Rawalpindi,2026-07-29,https://www.zameen.com/Property/bahria_town_phase_8_bahria_greens_-_overseas_enclave_elegant_1_kanal_white_house_for_sale_at_investor_price-54442721-3081-1.html
Artistic 10 Marla Designer House For Sale In Bahria Phase 8,PKR 3.9 Crore,39000000,5,6,10 Marla,2250.0,17333,House,True,11,super hot11Share on FacebookShare on TwitterShare on WhatsAppSend via GMailSend via E-Mail,90,Houses_Rawalpindi,2026-07-29,https://www.zameen.com/Property/bahria_town_phase_8_bahria_town_phase_8_-_safari_valley_artistic_10_marla_designer_house_for_sale_in_bahria_phase_8-53746991-3074-1.html
Luxurious Modern Designer House,PKR 12.5 Crore,125000000,5,6,1 Kanal,4500.0,27777,House,True,50,super hot50Share on FacebookShare on TwitterShare on WhatsAppSend via GMailSend via E-Mail,90,Houses_Rawalpindi,2026-07-29,https://www.zameen.com/Property/bahria_greens_overseas_enclave_bahria_greens_-_overseas_enclave_-_sector_5_luxurious_modern_designer_house-54499271-8304-1.html
Beautiful Designer House For Sale,PKR 5.95 Crore,59500000,5,6,13 Marla,2925.0,20341,House,True,50,super hot50Share on FacebookShare on TwitterShare on WhatsAppSend via GMailSend via E-Mail,90,Houses_Rawalpindi,2026-07-29,https://www.zameen.com/Property/bahria_town_phase_8_bahria_town_phase_8_-_block_c_beautiful_designer_house_for_sale-54499717-3051-1.html
Good Location 7 Marla House For sale In Gulshan Abad Sector 3,PKR 2.55 Crore,25500000,6,,7 Marla,1575.0,16190,House,True,46,super hot461VerifiedShare on FacebookShare on TwitterShare on WhatsAppSend via GMailSend via E-Mail,99,Houses_Rawalpindi,2026-07-29,https://www.zameen.com/Property/gulshan_abad_gulshan_abad_sector_3_good_location_7_marla_house_for_sale_in_gulshan_abad_sector_3-53844526-14741-1.html
5 MARLA 1.5 STOREY HOUSE FOR SALE AIRPORT HOUSING SOCIETY RAWALPINDI,PKR 1.15 Crore,11500000,3,3,5 Marla,1125.0,10222,House,True,30,super hot30Share on FacebookShare on TwitterShare on WhatsAppSend via GMailSend via E-Mail,90,Houses_Rawalpindi,2026-07-29,https://www.zameen.com/Property/airport_housing_society_airport_housing_society_-_sector_4_5_marla_1_5_storey_house_for_sale_airport_housing_society_rawalpindi-52365101-9155-1.html
"Beautiful Designer Luxury House For Sale Bahria Town Phase 8, Rawalpindi",PKR 2.45 Crore,24500000,3,4,5 Marla,1125.0,21777,House,True,22,super hot22Share on FacebookShare on TwitterShare on WhatsAppSend via GMailSend via E-Mail,90,Houses_Rawalpindi,2026-07-29,https://www.zameen.com/Property/bahria_town_phase_8_bahria_town_phase_8_-_block_m_beautiful_designer_luxury_house_for_sale_bahria_town_phase_8_rawalpindi-54530299-3062-1.html
Lowest Price Deal 5 Marla Double Storey House For Sale In Rafi Block,PKR 1.75 Crore,17500000,3,4,5 Marla,1125.0,15555,House,True,9,super hot9Share on FacebookShare on TwitterShare on WhatsAppSend via GMailSend via E-Mail,89,Houses_Rawalpindi,2026-07-29,https://www.zameen.com/Property/bahria_town_phase_8_bahria_town_phase_8_-_rafi_block_lowest_price_deal_5_marla_double_storey_house_for_sale_in_rafi_block-54168204-3071-1.html
5 Marla Designer Furnished House For Sale With 7kv Soar Installed In M Block,PKR 2.8 Crore,28000000,3,4,5 Marla,1125.0,24888,House,True,14,super hot14Share on FacebookShare on TwitterShare on WhatsAppSend via GMailSend via E-Mail,90,Houses_Rawalpindi,2026-07-29,https://www.zameen.com/Property/bahria_town_phase_8_bahria_town_phase_8_-_block_m_5_marla_designer_furnished_house_for_sale_with_7kv_soar_installed_in_m_block-54250011-3062-1.html
Ideally Located House For sale In Sadiqabad Available,PKR 2.5 Crore,25000000,4,3,4 Marla,900.0,27777,House,True,8,super hot8Share on FacebookShare on TwitterShare on WhatsAppSend via GMailSend via E-Mail,89,Houses_Rawalpindi,2026-07-29,https://www.zameen.com/Property/rawalpindi_sadiqabad_ideally_located_house_for_sale_in_sadiqabad_available-54523673-8133-1.html
Elegant Designer House Park Face,PKR 10.5 Crore,105000000,5,6,1 Kanal,4500.0,23333,House,True,46,hot46Share on FacebookShare on TwitterShare on WhatsAppSend via GMailSend via E-Mail,84,Houses_Rawalpindi,2026-07-29,https://www.zameen.com/Property/bahria_town_phase_8_bahria_town_phase_8_-_block_a1_elegant_designer_house_park_face-53705326-12180-1.html
2.5 Kanal Masterpiece House With Massive Lawn,PKR 35 Crore,350000000,8,7,2.5 Kanal,11250.0,31111,House,True,38,hot38Share on FacebookShare on TwitterShare on WhatsAppSend via GMailSend via E-Mail,84,Houses_Rawalpindi,2026-07-29,https://www.zameen.com/Property/bahria_town_rawalpindi_bahria_town_phase_7_2_5_kanal_masterpiece_house_with_massive_lawn-53212360-3047-1.html
5 Marla House for Sale Gulraiz Housing Society,PKR 2.2 Crore,22000000,5,6,5 Marla,1125.0,19555,House,False,12,hot12Share on FacebookShare on TwitterShare on WhatsAppSend via GMailSend via E-Mail,84,Houses_Rawalpindi,2026-07-29,https://www.zameen.com/Property/gulraiz_housing_scheme_gulraiz_housing_society_phase_2_5_marla_house_for_sale_gulraiz_housing_society-54522947-14971-1.html
14 Marla House Available For Sale In Bahria Town Phase 6,PKR 5.5 Crore,55000000,5,6,14 Marla,3150.0,17460,House,False,8,hot8Share on FacebookShare on TwitterShare on WhatsAppSend via GMailSend via E-Mail,83,Houses_Rawalpindi,2026-07-29,https://www.zameen.com/Property/bahria_town_rawalpindi_bahria_town_phase_6_14_marla_house_available_for_sale_in_bahria_town_phase_6-46365077-3046-1.html
"Luxurious 1.5 Kanal Designer House For Sale Askari 14, Sector C, Rawalpindi",PKR 10.45 Crore,104500000,5,7,1 Kanal,4500.0,23222,House,True,15,hot15Share on FacebookShare on TwitterShare on WhatsAppSend via GMailSend via E-Mail,84,Houses_Rawalpindi,2026-07-29,https://www.zameen.com/Property/rawalpindi_askari_14_luxurious_1_5_kanal_designer_house_for_sale_askari_14_sector_c_rawalpindi-54408253-1504-1.html
5 Marla Brand New Ultra Modern Designer House For Sale|In,PKR 2.4 Crore,24000000,3,4,5 Marla,1125.0,21333,House,False,27,hot27Share on FacebookShare on TwitterShare on WhatsAppSend via GMailSend via E-Mail,84,Houses_Rawalpindi,2026-07-29,https://www.zameen.com/Property/bahria_town_phase_8_bahria_town_phase_8_-_block_m_5_marla_brand_new_ultra_modern_designer_house_for_sale_in-54108329-3062-1.html
Brand New 5 Marla Double Unit Designer House For Sale On Prime Location,PKR 2.55 Crore,25500000,3,4,5 Marla,1125.0,22666,House,False,35,hot35Share on FacebookShare on TwitterShare on WhatsAppSend via GMailSend via E-Mail,84,Houses_Rawalpindi,2026-07-29,https://www.zameen.com/Property/bahria_town_phase_8_bahria_town_phase_8_-_block_m_brand_new_5_marla_double_unit_designer_house_for_sale_on_prime_location-54405565-3062-1.html
1 Kanal Owner-Built VIP House for Sale | 100% Solid Construction | Premium Woodwork | Elegant Finishing,PKR 8.65 Crore,86500000,6,6,1 Kanal,4500.0,19222,House,True,16,16Share on FacebookShare on TwitterShare on WhatsAppSend via GMailSend via E-Mail,81,Houses_Rawalpindi,2026-07-29,https://www.zameen.com/Property/bahria_town_phase_8_bahria_town_phase_8_-_block_a_1_kanal_owner-built_vip_house_for_sale_100_solid_construction_premium_woodwork_elegant_finishing-54386790-3049-1.html
7 Marla Double Storey House | 5 Bedrooms | Prime Location In Usman Block,PKR 2.85 Crore,28500000,2,6,7 Marla,1575.0,18095,House,False,15,15Share on FacebookShare on TwitterShare on WhatsAppSend via GMailSend via E-Mail,81,Houses_Rawalpindi,2026-07-29,https://www.zameen.com/Property/bahria_town_phase_8_safari_valley_bahria_town_phase_8_-_usman_block_7_marla_double_storey_house_5_bedrooms_prime_location_in_usman_block-54446096-3068-1.html
14 Marla House for Sale in Bahria Town Phase 8 | 8 Marla Covered + 6 Marla Lawn | Proper Double Unit | Prime Location,PKR 3.55 Crore,35500000,5,6,14 Marla,3150.0,11269,House,False,16,16Share on FacebookShare on TwitterShare on WhatsAppSend via GMailSend via E-Mail,81,Houses_Rawalpindi,2026-07-29,https://www.zameen.com/Property/bahria_town_phase_8_bahria_town_phase_8_-_block_m_14_marla_house_for_sale_in_bahria_town_phase_8_8_marla_covered_6_marla_lawn_proper_double_unit_prime_location-54386806-3062-1.html
7 Marla Designer Double Storey House With Mezzanine Floor 5 Master Beds Umer Block,PKR 3.3 Crore,33000000,3,6,7 Marla,1575.0,20952,House,False,21,21Share on FacebookShare on TwitterShare on WhatsAppSend via GMailSend via E-Mail,81,Houses_Rawalpindi,2026-07-29,https://www.zameen.com/Property/bahria_town_phase_8_safari_valley_bahria_town_phase_8_-_umer_block_7_marla_designer_double_storey_house_with_mezzanine_floor_5_master_beds_umer_block-54445994-3067-1.html
10 Marla Brand New House for sale,PKR 5.4 Crore,54000000,5,6,10 Marla,2250.0,24000,House,False,43,43Share on FacebookShare on TwitterShare on WhatsAppSend via GMailSend via E-Mail,81,Houses_Rawalpindi,2026-07-29,https://www.zameen.com/Property/bahria_town_rawalpindi_bahria_town_phase_7_10_marla_brand_new_house_for_sale-54538787-3047-1.html
5 Marla Double Heighted Brand New Designer House For Sale,PKR 2.4 Crore,24000000,3,4,5 Marla,1125.0,21333,House,False,22,22Share on FacebookShare on TwitterShare on WhatsAppSend via GMailSend via E-Mail,81,Houses_Rawalpindi,2026-07-29,https://www.zameen.com/Property/bahria_town_rawalpindi_bahria_town_phase_8_5_marla_double_heighted_brand_new_designer_house_for_sale-54235302-3048-1.html
10 Marla Designer Brand New Double Unit Invester Price House For Sale,PKR 3.5 Crore,35000000,5,6,10 Marla,2250.0,15555,House,False,50,50Share on FacebookShare on TwitterShare on WhatsAppSend via GMailSend via E-Mail,81,Houses_Rawalpindi,2026-07-29,https://www.zameen.com/Property/bahria_town_rawalpindi_bahria_town_phase_8_10_marla_designer_brand_new_double_unit_invester_price_house_for_sale-54241743-3048-1.html
10 MARLA 5 BEDROOM DOUBLE UNIT HOUSE FOR SALE,PKR 3.7 Crore,37000000,3,7,10 Marla,2250.0,16444,House,False,19,19Share on FacebookShare on TwitterShare on WhatsAppSend via GMailSend via E-Mail,81,Houses_Rawalpindi,2026-07-29,https://www.zameen.com/Property/bahria_town_phase_8_bahria_town_phase_8_-_sector_f-1_10_marla_5_bedroom_double_unit_house_for_sale-54538713-3095-1.html
On Excellent Location House For Sale,PKR 12.9 Crore,129000000,5,6,1.6 Kanal,7200.0,17916,House,True,49,super hot491VerifiedShare on FacebookShare on TwitterShare on WhatsAppSend via GMailSend via E-Mail,99,Houses_Rawalpindi,2026-07-29,https://www.zameen.com/Property/bahria_greens_overseas_enclave_bahria_greens_-_overseas_enclave_-_sector_5_on_excellent_location_house_for_sale-54476874-8304-1.html
Luxurious 15 Marla House In Bahria Overseas,PKR 4.9 Crore,49000000,5,6,15 Marla,3375.0,14518,House,True,20,super hot20Share on FacebookShare on TwitterShare on WhatsAppSend via GMailSend via E-Mail,90,Houses_Rawalpindi,2026-07-29,https://www.zameen.com/Property/bahria_greens_overseas_enclave_bahria_greens_-_overseas_enclave_-_sector_2_luxurious_15_marla_house_in_bahria_overseas-53181419-8301-1.html
1 Kanal House For Sale In Bahria Town Rawalpindi,PKR 8 Crore,80000000,8,6,1 Kanal,4500.0,17777,House,True,48,super hot48Share on FacebookShare on TwitterShare on WhatsAppSend via GMailSend via E-Mail,90,Houses_Rawalpindi,2026-07-29,https://www.zameen.com/Property/bahria_town_rawalpindi_bahria_town_phase_5_1_kanal_house_for_sale_in_bahria_town_rawalpindi-49763694-3045-1.html
Luxurious Designer House available For Sale,PKR 6.3 Crore,63000000,5,6,10 Marla,2250.0,28000,House,True,50,super hot50Share on FacebookShare on TwitterShare on WhatsAppSend via GMailSend via E-Mail,90,Houses_Rawalpindi,2026-07-29,https://www.zameen.com/Property/bahria_greens_overseas_enclave_bahria_greens_-_overseas_enclave_-_sector_2_luxurious_designer_house_available_for_sale-54499804-8301-1.html
Investor Rate Brand New House Back Open,PKR 4.25 Crore,42500000,5,6,12 Marla,2700.0,15740,House,True,46,super hot46Share on FacebookShare on TwitterShare on WhatsAppSend via GMailSend via E-Mail,90,Houses_Rawalpindi,2026-07-29,https://www.zameen.com/Property/bahria_town_phase_8_bahria_town_phase_8_-_block_c_investor_rate_brand_new_house_back_open-54357034-3051-1.html
10 Marla Brand New House At Unbeatable Price,PKR 3.5 Crore,35000000,5,6,10 Marla,2250.0,15555,House,True,13,super hot13Share on FacebookShare on TwitterShare on WhatsAppSend via GMailSend via E-Mail,90,Houses_Rawalpindi,2026-07-29,https://www.zameen.com/Property/bahria_town_rawalpindi_bahria_town_phase_8_10_marla_brand_new_house_at_unbeatable_price-54029195-3048-1.html
5 Marla Designer House for Sale in Bahria Town Phase 8,PKR 2.55 Crore,25500000,3,4,5 Marla,1125.0,22666,House,True,9,super hot91Share on FacebookShare on TwitterShare on WhatsAppSend via GMailSend via E-Mail,90,Houses_Rawalpindi,2026-07-29,https://www.zameen.com/Property/bahria_town_phase_8_bahria_town_phase_8_-_block_m_5_marla_designer_house_for_sale_in_bahria_town_phase_8-54489847-3062-1.html
5 Marla Excellent House For Sale In Bahria Town,PKR 1.8 Crore,18000000,4,4,5 Marla,1125.0,16000,House,True,12,super hot12Share on FacebookShare on TwitterShare on WhatsAppSend via GMailSend via E-Mail,90,Houses_Rawalpindi,2026-07-29,https://www.zameen.com/Property/bahria_town_phase_8_safari_valley_bahria_town_phase_8_-_ali_block_5_marla_excellent_house_for_sale_in_bahria_town-54521159-3070-1.html
24 Marla Ultra Luxury Designer House Available For Sale In Phase 8 Bahria Town,PKR 12.85 Crore,128500000,6,6,1.2 Kanal,5400.0,23796,House,True,22,super hot221Share on FacebookShare on TwitterShare on WhatsAppSend via GMailSend via E-Mail,91,Houses_Rawalpindi,2026-07-29,https://www.zameen.com/Property/bahria_town_phase_8_safari_valley_bahria_town_phase_8_-_usman_d_block_24_marla_ultra_luxury_designer_house_available_for_sale_in_phase_8_bahria_town-54273188-12179-1.html
6 Marla House Available For Sale,PKR 6.4 Crore,64000000,6,6,6 Marla,1350.0,47407,House,True,22,super hot22Share on FacebookShare on TwitterShare on WhatsAppSend via GMailSend via E-Mail,90,Houses_Rawalpindi,2026-07-29,https://www.zameen.com/Property/satellite_town_satellite_town_-_block_a_6_marla_house_available_for_sale-54282205-10237-1.html
15 Marla Villa - Owner Build Park Face House,PKR 6.5 Crore,65000000,5,7,15 Marla,3375.0,19259,House,True,30,hot30Share on FacebookShare on TwitterShare on WhatsAppSend via GMailSend via E-Mail,84,Houses_Rawalpindi,2026-07-29,https://www.zameen.com/Property/bahria_town_rawalpindi_bahria_town_phase_7_15_marla_villa_-_owner_build_park_face_house-54247808-3047-1.html
Designer Brand New Elegant Dream House,PKR 3.8 Crore,38000000,5,6,10 Marla,2250.0,16888,House,True,21,hot21VerifiedShare on FacebookShare on TwitterShare on WhatsAppSend via GMailSend via E-Mail,92,Houses_Rawalpindi,2026-07-29,https://www.zameen.com/Property/bahria_town_phase_8_bahria_town_phase_8_-_block_g_designer_brand_new_elegant_dream_house-54287878-3055-1.html
5 Marla Brand New Designer Double Heighted House For Sale,PKR 2.6 Crore,26000000,3,4,5 Marla,1125.0,23111,House,False,37,hot37Share on FacebookShare on TwitterShare on WhatsAppSend via GMailSend via E-Mail,84,Houses_Rawalpindi,2026-07-29,https://www.zameen.com/Property/bahria_town_phase_8_bahria_town_phase_8_-_block_m_5_marla_brand_new_designer_double_heighted_house_for_sale-54408011-3062-1.html
Prime Location 5 Marla Double Unit House For Sale In M Block Bahria Town,PKR 2.45 Crore,24500000,3,3,5 Marla,1125.0,21777,House,False,19,hot19Share on FacebookShare on TwitterShare on WhatsAppSend via GMailSend via E-Mail,84,Houses_Rawalpindi,2026-07-29,https://www.zameen.com/Property/bahria_town_phase_8_bahria_town_phase_8_-_block_m_prime_location_5_marla_double_unit_house_for_sale_in_m_block_bahria_town-54409659-3062-1.html
Beautiful Location 5 Marla Double Storey House for Sale in Rafi Block,PKR 2.1 Crore,21000000,3,4,5 Marla,1125.0,18666,House,False,11,hot11Share on FacebookShare on TwitterShare on WhatsAppSend via GMailSend via E-Mail,84,Houses_Rawalpindi,2026-07-29,https://www.zameen.com/Property/bahria_town_phase_8_bahria_town_phase_8_-_rafi_block_beautiful_location_5_marla_double_storey_house_for_sale_in_rafi_block-54441714-3071-1.html
Brand New 5 Marla Designer House Double Unit For Sale,PKR 2.4 Crore,24000000,3,4,5 Marla,1125.0,21333,House,False,33,hot33Share on FacebookShare on TwitterShare on WhatsAppSend via GMailSend via E-Mail,84,Houses_Rawalpindi,2026-07-29,https://www.zameen.com/Property/bahria_town_phase_8_bahria_town_phase_8_-_rafi_block_brand_new_5_marla_designer_house_double_unit_for_sale-54447942-3071-1.html
Furnished House Facing Gloria Jeans Park In Safari Villas 3 Is Available For Sale,PKR 6.2 Crore,62000000,3,4,12 Marla,2700.0,22962,House,False,7,hot7Share on FacebookShare on TwitterShare on WhatsAppSend via GMailSend via E-Mail,83,Houses_Rawalpindi,2026-07-29,https://www.zameen.com/Property/bahria_town_rawalpindi_bahria_town_-_safari_villas_3_furnished_house_facing_gloria_jeans_park_in_safari_villas_3_is_available_for_sale-49734615-3080-1.html
1 KANAL 8 MARLA EXTRA LAND DOUBLE UNIT HOUSE FOR SALE,PKR 11.9 Crore,119000000,6,7,1.4 Kanal,6300.0,18888,House,False,37,37Share on FacebookShare on TwitterShare on WhatsAppSend via GMailSend via E-Mail,81,Houses_Rawalpindi,2026-07-29,https://www.zameen.com/Property/bahria_town_phase_8_safari_valley_bahria_town_phase_8_-_usman_d_block_1_kanal_8_marla_extra_land_double_unit_house_for_sale-53813151-12179-1.html
1 KANAL HOUSE DOUBLE UNIT DESIGNER,PKR 9.5 Crore,95000000,6,7,1 Kanal,4500.0,21111,House,False,37,37Share on FacebookShare on TwitterShare on WhatsAppSend via GMailSend via E-Mail,81,Houses_Rawalpindi,2026-07-29,https://www.zameen.com/Property/bahria_town_rawalpindi_bahria_town_phase_8_1_kanal_house_double_unit_designer-53800201-3048-1.html
2 KANAL HOUSE WITH EXTRA LAND,PKR 14 Crore,140000000,8,7,2 Kanal,9000.0,15555,House,False,42,42Share on FacebookShare on TwitterShare on WhatsAppSend via GMailSend via E-Mail,81,Houses_Rawalpindi,2026-07-29,https://www.zameen.com/Property/bahria_town_rawalpindi_bahria_town_phase_8_2_kanal_house_with_extra_land-53800145-3048-1.html
10 MARLA FURNISHED HOUSE DOUBLE UNIT OVERSEAS 2 FOR SALE,PKR 5.5 Crore,55000000,5,7,10 Marla,2250.0,24444,House,False,29,29Share on FacebookShare on TwitterShare on WhatsAppSend via GMailSend via E-Mail,81,Houses_Rawalpindi,2026-07-29,https://www.zameen.com/Property/bahria_greens_overseas_enclave_bahria_greens_-_overseas_enclave_-_sector_2_10_marla_furnished_house_double_unit_overseas_2_for_sale-54538488-8301-1.html
Bahria Phase 4  Kanal House Available For Sale  Civic Center  Corner Option  Next Level House,PKR 12.5 Crore,125000000,10,6,1 Kanal,4500.0,27777,House,False,50,50Share on FacebookShare on TwitterShare on WhatsAppSend via GMailSend via E-Mail,81,Houses_Rawalpindi,2026-07-29,https://www.zameen.com/Property/bahria_town_rawalpindi_bahria_town_phase_4_bahria_phase_4_kanal_house_available_for_sale_civic_center_corner_option_next_level_house-53973040-3041-1.html
Brand New Designer Cornor 7 Marla With Lawn & 2 Side Gate Double Unite House For Sale,PKR 2.9 Crore,29000000,4,5,7 Marla,1575.0,18412,House,False,20,20Share on FacebookShare on TwitterShare on WhatsAppSend via GMailSend via E-Mail,81,Houses_Rawalpindi,2026-07-29,https://www.zameen.com/Property/bahria_town_rawalpindi_bahria_town_phase_8_brand_new_designer_cornor_7_marla_with_lawn_2_side_gate_double_unite_house_for_sale-54538357-3048-1.html
12 Marla Park Face Corner House For Sale,PKR 9 Crore,90000000,6,5,12 Marla,2700.0,33333,House,False,32,321VerifiedShare on FacebookShare on TwitterShare on WhatsAppSend via GMailSend via E-Mail,90,Houses_Rawalpindi,2026-07-29,https://www.zameen.com/Property/rawalpindi_khayaban-e-sir_syed_12_marla_park_face_corner_house_for_sale-53145448-587-1.html
Elegant 14 Marla House With 3 Marla Extra Land,PKR 5.25 Crore,52500000,5,6,17 Marla,3825.0,13725,House,True,13,13Share on FacebookShare on TwitterShare on WhatsAppSend via GMailSend via E-Mail,81,Houses_Rawalpindi,2026-07-29,https://www.zameen.com/Property/bahria_town_phase_8_bahria_town_phase_8_-_block_c_elegant_14_marla_house_with_3_marla_extra_land-53795278-3051-1.html
Modern Design 6 Marla Luxury House For Sale,PKR 2.85 Crore,28500000,3,4,6 Marla,1350.0,21111,House,True,21,super hot211Share on FacebookShare on TwitterShare on WhatsAppSend via GMailSend via E-Mail,91,Houses_Rawalpindi,2026-07-29,https://www.zameen.com/Property/bahria_town_phase_8_bahria_town_phase_8_-_safari_valley_modern_design_6_marla_luxury_house_for_sale-54419022-3074-1.html
10 Marla Double Storey Double Unit Brand New House Available For Sale.,PKR 3.45 Crore,34500000,6,6,10 Marla,2250.0,15333,House,True,45,super hot45Share on FacebookShare on TwitterShare on WhatsAppSend via GMailSend via E-Mail,90,Houses_Rawalpindi,2026-07-29,https://www.zameen.com/Property/gulshan_abad_gulshan_abad_sector_2_10_marla_double_storey_double_unit_brand_new_house_available_for_sale-54301097-14739-1.html
House Is Available For Sale,PKR 4.75 Crore,47500000,5,6,10 Marla,2250.0,21111,House,True,14,super hot14Share on FacebookShare on TwitterShare on WhatsAppSend via GMailSend via E-Mail,90,Houses_Rawalpindi,2026-07-29,https://www.zameen.com/Property/bahria_town_rawalpindi_bahria_town_phase_3_house_is_available_for_sale-54438870-3036-1.html
Used House is Available for Sale,PKR 4.15 Crore,41500000,5,6,10 Marla,2250.0,18444,House,True,18,super hot181Share on FacebookShare on TwitterShare on WhatsAppSend via GMailSend via E-Mail,91,Houses_Rawalpindi,2026-07-29,https://www.zameen.com/Property/bahria_town_rawalpindi_bahria_town_phase_2_used_house_is_available_for_sale-54439178-3035-1.html
Amazing House is Available For sale,PKR 6.9 Crore,69000000,6,6,12 Marla,2700.0,25555,House,True,31,super hot311Share on FacebookShare on TwitterShare on WhatsAppSend via GMailSend via E-Mail,91,Houses_Rawalpindi,2026-07-29,https://www.zameen.com/Property/media_town_media_town_-_block_d_amazing_house_is_available_for_sale-54456463-16393-1.html
Brand New Triple Storey House For Sale In B Block Satellite Town Rawalpindi,PKR 6.6 Crore,66000000,6,6,4.9 Marla,1102.5,59863,House,True,48,super hot481VerifiedShare on FacebookShare on TwitterShare on WhatsAppSend via GMailSend via E-Mail,99,Houses_Rawalpindi,2026-07-29,https://www.zameen.com/Property/satellite_town_satellite_town_-_block_b_brand_new_triple_storey_house_for_sale_in_b_block_satellite_town_rawalpindi-54531905-6042-1.html
On Excellent Location 10 Marla House For Sale In Bahria Town Phase 8 - Block A Rawalpindi In Only Rs. 45000000,PKR 4.5 Crore,45000000,5,6,10 Marla,2250.0,20000,House,True,40,super hot401VerifiedShare on FacebookShare on TwitterShare on WhatsAppSend via GMailSend via E-Mail,99,Houses_Rawalpindi,2026-07-29,https://www.zameen.com/Property/bahria_town_phase_8_bahria_town_phase_8_-_block_a_on_excellent_location_10_marla_house_for_sale_in_bahria_town_phase_8_-_block_a_rawalpindi_in_only_rs_45000000-53665432-3049-1.html
Prime Location 5 Marla House Is Available For Sale In Gulraiz Housing Society Phase 2,PKR 2.3 Crore,23000000,4,4,5 Marla,1125.0,20444,House,True,23,super hot231VerifiedShare on FacebookShare on TwitterShare on WhatsAppSend via GMailSend via E-Mail,99,Houses_Rawalpindi,2026-07-29,https://www.zameen.com/Property/gulraiz_housing_scheme_gulraiz_housing_society_phase_2_prime_location_5_marla_house_is_available_for_sale_in_gulraiz_housing_society_phase_2-54530766-14971-1.html
Brand New 10 Marla Double Unit Designer House For Sale | Investor Price |,PKR 4.1 Crore,41000000,5,6,10 Marla,2250.0,18222,House,True,50,super hot50Share on FacebookShare on TwitterShare on WhatsAppSend via GMailSend via E-Mail,90,Houses_Rawalpindi,2026-07-29,https://www.zameen.com/Property/bahria_town_rawalpindi_bahria_town_phase_8_brand_new_10_marla_double_unit_designer_house_for_sale_investor_price-54437749-3048-1.html
10 Marla 5 Bedroom Double Unit House For Sale In Bahria Town Phase 4,PKR 3.9 Crore,39000000,3,5,10 Marla,2250.0,17333,House,True,21,super hot211Share on FacebookShare on TwitterShare on WhatsAppSend via GMailSend via E-Mail,91,Houses_Rawalpindi,2026-07-29,https://www.zameen.com/Property/bahria_town_rawalpindi_bahria_town_phase_4_10_marla_5_bedroom_double_unit_house_for_sale_in_bahria_town_phase_4-49559157-3041-1.html
High Quality 5 Marla House For Sale In Bahria Town Rawalpindi,PKR 2.3 Crore,23000000,4,5,5 Marla,1125.0,20444,House,True,13,hot13Share on FacebookShare on TwitterShare on WhatsAppSend via GMailSend via E-Mail,84,Houses_Rawalpindi,2026-07-29,https://www.zameen.com/Property/bahria_town_phase_8_bahria_town_phase_8_-_block_m_high_quality_5_marla_house_for_sale_in_bahria_town_rawalpindi-54351626-3062-1.html
1 kanal brand new luxury designer house available for sale,PKR 9.5 Crore,95000000,6,6,1 Kanal,4500.0,21111,House,True,50,hot50Share on FacebookShare on TwitterShare on WhatsAppSend via GMailSend via E-Mail,84,Houses_Rawalpindi,2026-07-29,https://www.zameen.com/Property/bahria_town_rawalpindi_bahria_town_phase_3_1_kanal_brand_new_luxury_designer_house_available_for_sale-54537221-3036-1.html
Seven Marla Furnished House In Umar Block Phase 8 Bahria Town Rawalpindi For Sale,PKR 3.2 Crore,32000000,5,6,7 Marla,1575.0,20317,House,False,11,hot11Share on FacebookShare on TwitterShare on WhatsAppSend via GMailSend via E-Mail,84,Houses_Rawalpindi,2026-07-29,https://www.zameen.com/Property/bahria_town_phase_8_safari_valley_bahria_town_phase_8_-_umer_block_seven_marla_furnished_house_in_umar_block_phase_8_bahria_town_rawalpindi_for_sale-49735019-3067-1.html
8 Marla Double Unit House For Sale Near From Main Road,PKR 2.4 Crore,24000000,5,6,8 Marla,1800.0,13333,House,False,5,hot5Share on FacebookShare on TwitterShare on WhatsAppSend via GMailSend via E-Mail,83,Houses_Rawalpindi,2026-07-29,https://www.zameen.com/Property/adiala_road_kehkashan_colony_8_marla_double_unit_house_for_sale_near_from_main_road-54322559-12252-1.html
6 Marla Double Storey Coner House For Sale,PKR 1.6 Crore,16000000,5,4,6 Marla,1350.0,11851,House,False,19,hot19Share on FacebookShare on TwitterShare on WhatsAppSend via GMailSend via E-Mail,84,Houses_Rawalpindi,2026-07-29,https://www.zameen.com/Property/rawalpindi_adiala_road_6_marla_double_storey_coner_house_for_sale-54333787-478-1.html
7 Marla House For Sale In Heart Of Bahria Town,PKR 3 Crore,30000000,5,6,7 Marla,1575.0,19047,House,False,21,hot21Share on FacebookShare on TwitterShare on WhatsAppSend via GMailSend via E-Mail,84,Houses_Rawalpindi,2026-07-29,https://www.zameen.com/Property/bahria_town_rawalpindi_bahria_town_phase_8_7_marla_house_for_sale_in_heart_of_bahria_town-54311361-3048-1.html
5 MARLA BRAND NEE LUSH DOUBLE STORY HOUSE FOR SELL AT BAIRPORT HOUSING SOCIETY RAWALPINDI,PKR 2.1 Crore,21000000,4,5,5 Marla,1125.0,18666,House,False,27,hot27Share on FacebookShare on TwitterShare on WhatsAppSend via GMailSend via E-Mail,84,Houses_Rawalpindi,2026-07-29,https://www.zameen.com/Property/airport_housing_society_airport_housing_society_-_sector_4_5_marla_brand_nee_lush_double_story_house_for_sell_at_bairport_housing_society_rawalpindi-54535089-9155-1.html
Elegant 12 Marla House In Bahria Overseas,PKR 4.65 Crore,46500000,4,5,12 Marla,2700.0,17222,House,True,47,47Share on FacebookShare on TwitterShare on WhatsAppSend via GMailSend via E-Mail,81,Houses_Rawalpindi,2026-07-29,https://www.zameen.com/Property/bahria_town_phase_8_bahria_greens_-_overseas_enclave_elegant_12_marla_house_in_bahria_overseas-53278228-3081-1.html
Corner 40 Marla Fully Furnished Designer House Is Available For Sale,PKR 16.5 Crore,165000000,6,7,2 Kanal,9000.0,18333,House,True,29,29Share on FacebookShare on TwitterShare on WhatsAppSend via GMailSend via E-Mail,81,Houses_Rawalpindi,2026-07-29,https://www.zameen.com/Property/bahria_town_phase_8_bahria_town_phase_8_-_block_a_corner_40_marla_fully_furnished_designer_house_is_available_for_sale-52010229-3049-1.html
9 Marla Brand New Corner Designer House For Sale | Three Side Open | Bahria Town RWP,PKR 2.9 Crore,29000000,4,4,9 Marla,2025.0,14320,House,True,14,14Share on FacebookShare on TwitterShare on WhatsAppSend via GMailSend via E-Mail,81,Houses_Rawalpindi,2026-07-29,https://www.zameen.com/Property/bahria_town_phase_8_bahria_town_phase_8_-_safari_homes_9_marla_brand_new_corner_designer_house_for_sale_three_side_open_bahria_town_rwp-54537617-10610-1.html
10 Marla Hauos Available For Sale,PKR 4.35 Crore,43500000,4,4,10 Marla,2250.0,19333,Unknown,False,15,15Share on FacebookShare on TwitterShare on WhatsAppSend via GMailSend via E-Mail,81,Houses_Rawalpindi,2026-07-29,https://www.zameen.com/Property/bahria_town_rawalpindi_bahria_town_phase_2_10_marla_hauos_available_for_sale-54496259-3035-1.html
12 Marla Double Story House Available For Sale in Prime Location,PKR 4.5 Crore,45000000,5,6,12 Marla,2700.0,16666,House,False,15,15Share on FacebookShare on TwitterShare on WhatsAppSend via GMailSend via E-Mail,81,Houses_Rawalpindi,2026-07-29,https://www.zameen.com/Property/chaklala_scheme_chaklala_scheme_3_12_marla_double_story_house_available_for_sale_in_prime_location-54537588-1312-1.html
Lavish 1 Kanal Triple Storey Park Face House For Sale,PKR 16.25 Crore,162500000,6,7,1 Kanal,4500.0,36111,House,True,31,31Share on FacebookShare on TwitterShare on WhatsAppSend via GMailSend via E-Mail,81,Houses_Rawalpindi,2026-07-29,https://www.zameen.com/Property/bahria_town_rawalpindi_bahria_town_phase_5_lavish_1_kanal_triple_storey_park_face_house_for_sale-54537507-3045-1.html
5 Marla 1.7 story house for sale,PKR 1.9 Crore,19000000,3,4,5 Marla,1125.0,16888,House,False,17,17Share on FacebookShare on TwitterShare on WhatsAppSend via GMailSend via E-Mail,81,Houses_Rawalpindi,2026-07-29,https://www.zameen.com/Property/airport_housing_society_airport_housing_society_-_sector_4_5_marla_1_7_story_house_for_sale-54537501-9155-1.html
"High Quality 24 Marla Spacious Villa,Prime Location In Phase 8 Bahria Town",PKR 9.65 Crore,96500000,6,7,1.2 Kanal,5400.0,17870,House,True,15,15Share on FacebookShare on TwitterShare on WhatsAppSend via GMailSend via E-Mail,81,Houses_Rawalpindi,2026-07-29,https://www.zameen.com/Property/bahria_town_rawalpindi_bahria_town_phase_8_high_quality_24_marla_spacious_villa_prime_location_in_phase_8_bahria_town-53760965-3048-1.html
Amazing House Is Available For Sale,PKR 5.45 Crore,54500000,6,6,12 Marla,2700.0,20185,House,True,25,super hot25Share on FacebookShare on TwitterShare on WhatsAppSend via GMailSend via E-Mail,90,Houses_Rawalpindi,2026-07-29,https://www.zameen.com/Property/media_town_media_town_-_block_c_amazing_house_is_available_for_sale-54457996-16392-1.html
Beautiful House Is Available For Sale,PKR 4.15 Crore,41500000,3,3,6 Marla,1350.0,30740,House,True,47,super hot47Share on FacebookShare on TwitterShare on WhatsAppSend via GMailSend via E-Mail,90,Houses_Rawalpindi,2026-07-29,https://www.zameen.com/Property/media_town_media_town_-_block_a_beautiful_house_is_available_for_sale-54518760-16390-1.html
10 Marla Tripple Storey Used House Is Available For Sale In Bahria town Phase 2 Islamabad /RWP,PKR 4.35 Crore,43500000,5,6,10 Marla,2250.0,19333,House,True,30,super hot30Share on FacebookShare on TwitterShare on WhatsAppSend via GMailSend via E-Mail,90,Houses_Rawalpindi,2026-07-29,https://www.zameen.com/Property/bahria_town_rawalpindi_bahria_town_phase_2_10_marla_tripple_storey_used_house_is_available_for_sale_in_bahria_town_phase_2_islamabad_rwp-53942725-3035-1.html
10 Marla Brand New House Available For Sale.,PKR 3.75 Crore,37500000,7,,10 Marla,2250.0,16666,House,True,48,super hot481Share on FacebookShare on TwitterShare on WhatsAppSend via GMailSend via E-Mail,91,Houses_Rawalpindi,2026-07-29,https://www.zameen.com/Property/rawalpindi_gulshan_abad_10_marla_brand_new_house_available_for_sale-53941994-1058-1.html
1 Kanal Double Storey Double Unit House Available For Sale In Gulshan Abad,PKR 5.5 Crore,55000000,8,,1 Kanal,4500.0,12222,House,True,46,super hot46Share on FacebookShare on TwitterShare on WhatsAppSend via GMailSend via E-Mail,90,Houses_Rawalpindi,2026-07-29,https://www.zameen.com/Property/rawalpindi_gulshan_abad_1_kanal_double_storey_double_unit_house_available_for_sale_in_gulshan_abad-49318909-1058-1.html
On Excellent Location Bahria Town Phase 8,PKR 5.9 Crore,59000000,5,6,12 Marla,2700.0,21851,House,True,43,super hot431Share on FacebookShare on TwitterShare on WhatsAppSend via GMailSend via E-Mail,91,Houses_Rawalpindi,2026-07-29,https://www.zameen.com/Property/bahria_town_phase_8_bahria_town_phase_8_-_block_c_on_excellent_location_bahria_town_phase_8-54476035-3051-1.html
Brand New 5 Marla Double Unit Designer House For Sale Prime Location,PKR 2.5 Crore,25000000,3,4,5 Marla,1125.0,22222,House,True,32,super hot32Share on FacebookShare on TwitterShare on WhatsAppSend via GMailSend via E-Mail,90,Houses_Rawalpindi,2026-07-29,https://www.zameen.com/Property/bahria_town_phase_8_bahria_town_phase_8_-_block_m_brand_new_5_marla_double_unit_designer_house_for_sale_prime_location-54405058-3062-1.html
Bahria Town Phase 8 Rawalpindi Sector M House For Sale,PKR 1.95 Crore,19500000,3,3,5 Marla,1125.0,17333,House,True,28,super hot281VerifiedShare on FacebookShare on TwitterShare on WhatsAppSend via GMailSend via E-Mail,99,Houses_Rawalpindi,2026-07-29,https://www.zameen.com/Property/bahria_town_phase_8_bahria_town_phase_8_-_block_m_bahria_town_phase_8_rawalpindi_sector_m_house_for_sale-54480699-3062-1.html
Ready To Buy A On Excellent Location House 7200 Square Feet In Rawalpindi,PKR 8.95 Crore,89500000,6,,1.6 Kanal,7200.0,12430,House,True,50,super hot501VerifiedShare on FacebookShare on TwitterShare on WhatsAppSend via GMailSend via E-Mail,99,Houses_Rawalpindi,2026-07-29,https://www.zameen.com/Property/bahria_town_phase_8_bahria_town_phase_8_-_block_p_ready_to_buy_a_on_excellent_location_house_7200_square_feet_in_rawalpindi-54216754-3065-1.html
House For Sale 5 Marla 1.5 Storey Brand New Luxury House,PKR 1.45 Crore,14500000,3,4,5 Marla,1125.0,12888,House,True,20,super hot20Share on FacebookShare on TwitterShare on WhatsAppSend via GMailSend via E-Mail,90,Houses_Rawalpindi,2026-07-29,https://www.zameen.com/Property/adiala_road_snober_city_house_for_sale_5_marla_1_5_storey_brand_new_luxury_house-54304179-11748-1.html
54 Marla Spanish Style Villa A Fine Blend Of Modern And Classic Design,PKR 26.5 Crore,265000000,5,6,2.7 Kanal,12150.0,21810,House,True,47,hot47Share on FacebookShare on TwitterShare on WhatsAppSend via GMailSend via E-Mail,84,Houses_Rawalpindi,2026-07-29,https://www.zameen.com/Property/bahria_town_rawalpindi_bahria_intellectual_village_54_marla_spanish_style_villa_a_fine_blend_of_modern_and_classic_design-46098699-8256-1.html
16 Marla Home For Sale In Prime Bahria Town Location,PKR 7.85 Crore,78500000,5,6,16 Marla,3600.0,21805,House,True,48,hot48Share on FacebookShare on TwitterShare on WhatsAppSend via GMailSend via E-Mail,84,Houses_Rawalpindi,2026-07-29,https://www.zameen.com/Property/bahria_town_rawalpindi_bahria_intellectual_village_16_marla_home_for_sale_in_prime_bahria_town_location-51438661-8256-1.html
"Kanal Corner House In Gulshan Abad Sector 3, Rawalpindi",PKR 3.9 Crore,39000000,4,4,1 Kanal,4500.0,8666,House,False,20,hot20Share on FacebookShare on TwitterShare on WhatsAppSend via GMailSend via E-Mail,84,Houses_Rawalpindi,2026-07-29,https://www.zameen.com/Property/gulshan_abad_gulshan_abad_sector_3_kanal_corner_house_in_gulshan_abad_sector_3_rawalpindi-53449651-14741-1.html
1 Kanal Brand New House Available For Sale,PKR 12.25 Crore,122500000,5,6,1 Kanal,4500.0,27222,House,False,34,hot34Share on FacebookShare on TwitterShare on WhatsAppSend via GMailSend via E-Mail,84,Houses_Rawalpindi,2026-07-29,https://www.zameen.com/Property/bahria_town_rawalpindi_bahria_town_phase_3_1_kanal_brand_new_house_available_for_sale-54404192-3036-1.html
Brend New 10 Marla Hauos Available For Sale,PKR 5.7 Crore,57000000,5,5,10 Marla,2250.0,25333,Unknown,False,25,hot25Share on FacebookShare on TwitterShare on WhatsAppSend via GMailSend via E-Mail,84,Houses_Rawalpindi,2026-07-29,https://www.zameen.com/Property/bahria_town_rawalpindi_bahria_town_phase_3_brend_new_10_marla_hauos_available_for_sale-54408888-3036-1.html
"10 Marla Beautiful House For Sale In Main Scheme 3, Rawalpindi",PKR 4.5 Crore,45000000,5,6,12.9 Marla,2902.5,15503,House,False,9,hot9Share on FacebookShare on TwitterShare on WhatsAppSend via GMailSend via E-Mail,83,Houses_Rawalpindi,2026-07-29,https://www.zameen.com/Property/chaklala_scheme_chaklala_scheme_3_10_marla_beautiful_house_for_sale_in_main_scheme_3_rawalpindi-54182442-1312-1.html
5 Marla Brand New Designer House For Sale In Bahria phase 8 Rawalpindi Rafi Block,PKR 2.4 Crore,24000000,3,4,5 Marla,1125.0,21333,House,False,26,hot26Share on FacebookShare on TwitterShare on WhatsAppSend via GMailSend via E-Mail,84,Houses_Rawalpindi,2026-07-29,https://www.zameen.com/Property/bahria_town_phase_8_bahria_town_phase_8_-_rafi_block_5_marla_brand_new_designer_house_for_sale_in_bahria_phase_8_rawalpindi_rafi_block-54537111-3071-1.html
Bahria Town Phase 3 House For sale Sized 1 Kanal,PKR 6.75 Crore,67500000,6,6,1 Kanal,4500.0,15000,House,True,29,29Share on FacebookShare on TwitterShare on WhatsAppSend via GMailSend via E-Mail,81,Houses_Rawalpindi,2026-07-29,https://www.zameen.com/Property/bahria_town_rawalpindi_bahria_town_phase_3_bahria_town_phase_3_house_for_sale_sized_1_kanal-54537289-3036-1.html
"10 Marla Luxury House For Sale Sector E, Bahria Town Phase 8, Rawalpindi",PKR 4.95 Crore,49500000,5,7,10 Marla,2250.0,22000,House,False,38,38Share on FacebookShare on TwitterShare on WhatsAppSend via GMailSend via E-Mail,81,Houses_Rawalpindi,2026-07-29,https://www.zameen.com/Property/bahria_town_phase_8_bahria_town_phase_8_-_block_e_10_marla_luxury_house_for_sale_sector_e_bahria_town_phase_8_rawalpindi-54537225-3053-1.html
"7 Marla Single Unit House For Sale Abu Bakar Block, Bahria Town Phase 8",PKR 2.6 Crore,26000000,4,4,7 Marla,1575.0,16507,House,False,23,23Share on FacebookShare on TwitterShare on WhatsAppSend via GMailSend via E-Mail,81,Houses_Rawalpindi,2026-07-29,https://www.zameen.com/Property/bahria_town_phase_8_safari_valley_bahria_town_phase_8_-_abu_bakar_block_7_marla_single_unit_house_for_sale_abu_bakar_block_bahria_town_phase_8-54400425-3069-1.html
5 Marla Brand New House Available For Sale In Bahria Town Phase 8 Rawalpindi Sector M,PKR 2.3 Crore,23000000,3,4,5 Marla,1125.0,20444,House,False,17,17Share on FacebookShare on TwitterShare on WhatsAppSend via GMailSend via E-Mail,81,Houses_Rawalpindi,2026-07-29,https://www.zameen.com/Property/bahria_town_rawalpindi_bahria_town_phase_8_5_marla_brand_new_house_available_for_sale_in_bahria_town_phase_8_rawalpindi_sector_m-54426113-3048-1.html
12 Marla House In Westrige 1,PKR 5.6 Crore,56000000,5,6,12 Marla,2700.0,20740,House,False,17,17Share on FacebookShare on TwitterShare on WhatsAppSend via GMailSend via E-Mail,81,Houses_Rawalpindi,2026-07-29,https://www.zameen.com/Property/westridge_westridge_1_12_marla_house_in_westrige_1-54321574-6053-1.html
Bahria Town Rawalpindi 10 Marla House for sale top height location,PKR 4.1 Crore,41000000,5,6,10 Marla,2250.0,18222,House,False,17,17Share on FacebookShare on TwitterShare on WhatsAppSend via GMailSend via E-Mail,81,Houses_Rawalpindi,2026-07-29,https://www.zameen.com/Property/bahria_town_rawalpindi_bahria_town_phase_8_bahria_town_rawalpindi_10_marla_house_for_sale_top_height_location-54320827-3048-1.html
Media Town Rawalpindi 12 Marla House for sale,PKR 6.8 Crore,68000000,6,6,12 Marla,2700.0,25185,House,False,14,14Share on FacebookShare on TwitterShare on WhatsAppSend via GMailSend via E-Mail,81,Houses_Rawalpindi,2026-07-29,https://www.zameen.com/Property/media_town_media_town_-_block_b_media_town_rawalpindi_12_marla_house_for_sale-54380988-16391-1.html
Gulraiz Housings Society 9.5 Marla House For Sale,PKR 2.55 Crore,25500000,6,6,9.5 Marla,2137.5,11929,House,False,12,12Share on FacebookShare on TwitterShare on WhatsAppSend via GMailSend via E-Mail,81,Houses_Rawalpindi,2026-07-29,https://www.zameen.com/Property/gulraiz_housing_scheme_gulraiz_housing_society_phase_5_gulraiz_housings_society_9_5_marla_house_for_sale-54356395-14976-1.html
10 Marla Brand New Corner House For Sale Bahria Town Phase 8 Block E Rawalpindi,PKR 3.8 Crore,38000000,5,6,10 Marla,2250.0,16888,House,True,23,super hot23Share on FacebookShare on TwitterShare on WhatsAppSend via GMailSend via E-Mail,90,Houses_Rawalpindi,2026-07-29,https://www.zameen.com/Property/bahria_town_phase_8_bahria_town_phase_8_-_block_e_10_marla_brand_new_corner_house_for_sale_bahria_town_phase_8_block_e_rawalpindi-54338785-3053-1.html
1 Kanal House For Sale,PKR 6.5 Crore,65000000,5,6,1 Kanal,4500.0,14444,House,True,32,super hot32Share on FacebookShare on TwitterShare on WhatsAppSend via GMailSend via E-Mail,90,Houses_Rawalpindi,2026-07-29,https://www.zameen.com/Property/bahria_town_rawalpindi_bahria_town_phase_6_1_kanal_house_for_sale-54499007-3046-1.html
House For Sale In Bahria Town Rawalpindi Punjab,PKR 2.95 Crore,29500000,5,6,7 Marla,1575.0,18730,House,True,24,super hot24Share on FacebookShare on TwitterShare on WhatsAppSend via GMailSend via E-Mail,90,Houses_Rawalpindi,2026-07-29,https://www.zameen.com/Property/bahria_town_phase_8_safari_valley_bahria_town_phase_8_-_usman_block_house_for_sale_in_bahria_town_rawalpindi_punjab-54165885-3068-1.html
22 Marla Luxury House With Gas,PKR 11.25 Crore,112500000,6,6,1.1 Kanal,4950.0,22727,House,True,18,super hot18Share on FacebookShare on TwitterShare on WhatsAppSend via GMailSend via E-Mail,90,Houses_Rawalpindi,2026-07-29,https://www.zameen.com/Property/bahria_town_phase_8_bahria_town_phase_8_-_block_a_22_marla_luxury_house_with_gas-54477634-3049-1.html
1 Kanal Brand New Luxury Designer House P Block Bahria Town Rawalpindi,PKR 7.9 Crore,79000000,6,7,1 Kanal,4500.0,17555,House,True,49,super hot49Share on FacebookShare on TwitterShare on WhatsAppSend via GMailSend via E-Mail,90,Houses_Rawalpindi,2026-07-29,https://www.zameen.com/Property/bahria_town_phase_8_bahria_town_phase_8_-_block_p_1_kanal_brand_new_luxury_designer_house_p_block_bahria_town_rawalpindi-54414316-3065-1.html
Your Dream Brand New 7 Marla House Is Available In Bahria Town Phase 8 - Umer Block,PKR 3.6 Crore,36000000,5,5,7 Marla,1575.0,22857,House,True,33,super hot331VerifiedShare on FacebookShare on TwitterShare on WhatsAppSend via GMailSend via E-Mail,99,Houses_Rawalpindi,2026-07-29,https://www.zameen.com/Property/bahria_town_phase_8_safari_valley_bahria_town_phase_8_-_umer_block_your_dream_brand_new_7_marla_house_is_available_in_bahria_town_phase_8_-_umer_block-54527100-3067-1.html
Corner House In Bahria Town Phase 8 - Safari Homes Sized 7 Marla Is Available,PKR 2.9 Crore,29000000,4,4,7 Marla,1575.0,18412,House,True,28,super hot281VerifiedShare on FacebookShare on TwitterShare on WhatsAppSend via GMailSend via E-Mail,99,Houses_Rawalpindi,2026-07-29,https://www.zameen.com/Property/bahria_town_phase_8_bahria_town_phase_8_-_safari_homes_corner_house_in_bahria_town_phase_8_-_safari_homes_sized_7_marla_is_available-54527101-10610-1.html
15 Marla Corner House For Sale In Bahria Town Phase 8 Rawalpindi,PKR 5.25 Crore,52500000,5,6,15 Marla,3375.0,15555,House,True,17,super hot17Share on FacebookShare on TwitterShare on WhatsAppSend via GMailSend via E-Mail,90,Houses_Rawalpindi,2026-07-29,https://www.zameen.com/Property/bahria_town_phase_8_bahria_town_phase_8_-_block_h_15_marla_corner_house_for_sale_in_bahria_town_phase_8_rawalpindi-53923656-3056-1.html
5 Marla Corner House Is Available For Sale In Gulshan Abad Adiala Road Rawalpindi.,PKR 97 Lakh,9700000,2,3,5.6 Marla,1260.0,7698,House,True,21,super hot21Share on FacebookShare on TwitterShare on WhatsAppSend via GMailSend via E-Mail,90,Houses_Rawalpindi,2026-07-29,https://www.zameen.com/Property/rawalpindi_gulshan_abad_5_marla_corner_house_is_available_for_sale_in_gulshan_abad_adiala_road_rawalpindi-54514710-1058-1.html
Main Double Road House For Sale Situated In Media Town - Block C,PKR 7 Crore,70000000,6,6,12.4 Marla,2790.0,25089,House,True,31,super hot311VerifiedShare on FacebookShare on TwitterShare on WhatsAppSend via GMailSend via E-Mail,99,Houses_Rawalpindi,2026-07-29,https://www.zameen.com/Property/media_town_media_town_-_block_c_main_double_road_house_for_sale_situated_in_media_town_-_block_c-54513181-16392-1.html
"10 Marla Designer Double Unit House In H Block, Bahria Town Phase 8",PKR 4.9 Crore,49000000,5,6,10 Marla,2250.0,21777,House,True,50,hot50Share on FacebookShare on TwitterShare on WhatsAppSend via GMailSend via E-Mail,84,Houses_Rawalpindi,2026-07-29,https://www.zameen.com/Property/bahria_town_phase_8_bahria_town_phase_8_-_block_h_10_marla_designer_double_unit_house_in_h_block_bahria_town_phase_8-52852405-3056-1.html
24 Marla Luxury House Intellectual Village,PKR 16.25 Crore,162500000,6,6,1.2 Kanal,5400.0,30092,House,True,50,hot50Share on FacebookShare on TwitterShare on WhatsAppSend via GMailSend via E-Mail,84,Houses_Rawalpindi,2026-07-29,https://www.zameen.com/Property/bahria_town_rawalpindi_bahria_intellectual_village_24_marla_luxury_house_intellectual_village-52456170-8256-1.html
Lowest Price 5 Marla Proper Double Unit House For Sale In Ali Block,PKR 1.9 Crore,19000000,4,4,5 Marla,1125.0,16888,House,False,14,hot14Share on FacebookShare on TwitterShare on WhatsAppSend via GMailSend via E-Mail,84,Houses_Rawalpindi,2026-07-29,https://www.zameen.com/Property/bahria_town_phase_8_safari_valley_bahria_town_phase_8_-_ali_block_lowest_price_5_marla_proper_double_unit_house_for_sale_in_ali_block-53404653-3070-1.html
5 Marla Brand New House For Sale In Bahria Phase 8 Rawalpindi,PKR 2.45 Crore,24500000,3,4,5 Marla,1125.0,21777,House,False,17,hot17Share on FacebookShare on TwitterShare on WhatsAppSend via GMailSend via E-Mail,84,Houses_Rawalpindi,2026-07-29,https://www.zameen.com/Property/bahria_town_phase_8_bahria_town_phase_8_-_rafi_block_5_marla_brand_new_house_for_sale_in_bahria_phase_8_rawalpindi-54537058-3071-1.html
6 Marla Double Heighted Designer House For Sale In Phase 8 Bahria Town,PKR 2.85 Crore,28500000,3,4,6 Marla,1350.0,21111,House,False,15,hot15Share on FacebookShare on TwitterShare on WhatsAppSend via GMailSend via E-Mail,84,Houses_Rawalpindi,2026-07-29,https://www.zameen.com/Property/bahria_town_phase_8_bahria_town_phase_8_-_block_m_6_marla_double_heighted_designer_house_for_sale_in_phase_8_bahria_town-54537052-3062-1.html
House For Sale,PKR 3.25 Crore,32500000,,,8 Marla,1800.0,18055,House,False,12,hot12Share on FacebookShare on TwitterShare on WhatsAppSend via GMailSend via E-Mail,84,Houses_Rawalpindi,2026-07-29,https://www.zameen.com/Property/bahria_town_phase_8_bahria_town_phase_8_-_safari_homes_house_for_sale-53151133-10610-1.html
12 Marla Executive House For Sale Askari 10 | Top Location Near Masjid,PKR 6.5 Crore,65000000,4,5,12 Marla,2700.0,24074,House,False,6,hot6Share on FacebookShare on TwitterShare on WhatsAppSend via GMailSend via E-Mail,83,Houses_Rawalpindi,2026-07-29,https://www.zameen.com/Property/rawalpindi_askari_10_12_marla_executive_house_for_sale_askari_10_top_location_near_masjid-54109790-1516-1.html
7 Marla House Bahria Town Rawalpindi For Sale,PKR 2.75 Crore,27500000,5,6,7 Marla,1575.0,17460,House,False,10,10Share on FacebookShare on TwitterShare on WhatsAppSend via GMailSend via E-Mail,81,Houses_Rawalpindi,2026-07-29,https://www.zameen.com/Property/bahria_town_rawalpindi_bahria_town_phase_8_7_marla_house_bahria_town_rawalpindi_for_sale-54357302-3048-1.html
Bahria Town 5 Marla House for sale,PKR 2.2 Crore,22000000,3,4,5 Marla,1125.0,19555,House,False,12,12Share on FacebookShare on TwitterShare on WhatsAppSend via GMailSend via E-Mail,81,Houses_Rawalpindi,2026-07-29,https://www.zameen.com/Property/bahria_town_rawalpindi_bahria_town_phase_8_bahria_town_5_marla_house_for_sale-54357697-3048-1.html
6 Marla Corner House For Sale,PKR 2.7 Crore,27000000,5,6,6 Marla,1350.0,20000,House,False,10,10Share on FacebookShare on TwitterShare on WhatsAppSend via GMailSend via E-Mail,81,Houses_Rawalpindi,2026-07-29,https://www.zameen.com/Property/rawalpindi_gulraiz_housing_scheme_6_marla_corner_house_for_sale-54381085-438-1.html
Bahria greens 22 Marla House investor rate,PKR 6.8 Crore,68000000,5,6,1.1 Kanal,4950.0,13737,House,False,11,11Share on FacebookShare on TwitterShare on WhatsAppSend via GMailSend via E-Mail,81,Houses_Rawalpindi,2026-07-29,https://www.zameen.com/Property/bahria_greens_overseas_enclave_bahria_greens_-_overseas_enclave_-_sector_3_bahria_greens_22_marla_house_investor_rate-54391686-8302-1.html
Prime 14 Marla Designer Corner House In Ideal Location,PKR 7.95 Crore,79500000,8,7,14 Marla,3150.0,25238,House,True,50,50Share on FacebookShare on TwitterShare on WhatsAppSend via GMailSend via E-Mail,81,Houses_Rawalpindi,2026-07-29,https://www.zameen.com/Property/bahria_town_rawalpindi_bahria_town_phase_7_prime_14_marla_designer_corner_house_in_ideal_location-51652610-3047-1.html
10 Marla Luxury Designer House Overseas 5 Bahria Town Phase 8,PKR 6 Crore,60000000,5,7,10 Marla,2250.0,26666,House,True,29,29Share on FacebookShare on TwitterShare on WhatsAppSend via GMailSend via E-Mail,81,Houses_Rawalpindi,2026-07-29,https://www.zameen.com/Property/bahria_greens_overseas_enclave_bahria_greens_-_overseas_enclave_-_sector_5_10_marla_luxury_designer_house_overseas_5_bahria_town_phase_8-54226790-8304-1.html
Designer Single Unit House with Mezzanine Floor,PKR 5.5 Crore,55000000,5,6,11 Marla,2475.0,22222,House,True,50,50Share on FacebookShare on TwitterShare on WhatsAppSend via GMailSend via E-Mail,81,Houses_Rawalpindi,2026-07-29,https://www.zameen.com/Property/bahria_town_phase_8_bahria_town_phase_8_-_block_h_designer_single_unit_house_with_mezzanine_floor-54381332-3056-1.html
"8 Marla Double Storey House With Exclusive Payment Plan For Sale On Instalments In Taj Residencia, One Of The Most Important Locations Of The Islamabad Booking Price 97.96 Lakh",PKR 2.8 Crore,28000000,4,5,8 Marla,1800.0,15555,House,False,28,28VerifiedShare on FacebookShare on TwitterShare on WhatsAppSend via GMailSend via E-Mail,89,Houses_Rawalpindi,2026-07-29,https://www.zameen.com/Property/rawalpindi_taj_residencia_8_marla_double_storey_house_with_exclusive_payment_plan_for_sale_on_instalments_in_taj_residencia_one_of_the_most_important_locations_of_the_islamabad_booking_price_97_96_lakh-54536236-11491-1.html
House For Sale In Bahria Town Rawalpindi Islamabad,PKR 22.75 Crore,227500000,5,6,1.2 Kanal,5400.0,42129,House,True,31,super hot31Share on FacebookShare on TwitterShare on WhatsAppSend via GMailSend via E-Mail,90,Houses_Rawalpindi,2026-07-29,https://www.zameen.com/Property/bahria_town_phase_7_bahria_spring_north_house_for_sale_in_bahria_town_rawalpindi_islamabad-54158062-8322-1.html
10 Marla House With 10 KVA Solar B Block Bahria Town Rawalpindi,PKR 3.95 Crore,39500000,5,6,10 Marla,2250.0,17555,House,True,42,super hot42Share on FacebookShare on TwitterShare on WhatsAppSend via GMailSend via E-Mail,90,Houses_Rawalpindi,2026-07-29,https://www.zameen.com/Property/bahria_town_phase_8_bahria_town_phase_8_-_block_b_10_marla_house_with_10_kva_solar_b_block_bahria_town_rawalpindi-54429955-3050-1.html
Very Low Price 10 KWA Solar Installed 10 Marla Brand New House For Sale Bahria Town Rawalpindi,PKR 3.7 Crore,37000000,5,6,10 Marla,2250.0,16444,House,True,15,super hot15Share on FacebookShare on TwitterShare on WhatsAppSend via GMailSend via E-Mail,90,Houses_Rawalpindi,2026-07-29,https://www.zameen.com/Property/bahria_town_phase_8_bahria_town_phase_8_-_block_i_very_low_price_10_kwa_solar_installed_10_marla_brand_new_house_for_sale_bahria_town_rawalpindi-54419286-3057-1.html
7 Marla Double Storey Double Unit House Available For Sale.,PKR 2.5 Crore,25000000,4,4,7 Marla,1575.0,15873,House,True,42,super hot42Share on FacebookShare on TwitterShare on WhatsAppSend via GMailSend via E-Mail,90,Houses_Rawalpindi,2026-07-29,https://www.zameen.com/Property/rawalpindi_punjab_government_servant_housing_foundation_pgshf_7_marla_double_storey_double_unit_house_available_for_sale-54332718-10424-1.html
10 Marla 5 Bedroom Double Unit House Supreme Location,PKR 4.6 Crore,46000000,4,6,10 Marla,2250.0,20444,House,True,29,super hot29Share on FacebookShare on TwitterShare on WhatsAppSend via GMailSend via E-Mail,90,Houses_Rawalpindi,2026-07-29,https://www.zameen.com/Property/bahria_town_rawalpindi_bahria_town_phase_6_10_marla_5_bedroom_double_unit_house_supreme_location-54504594-3046-1.html
10 Marla Brand New 5 Bedroom House For Sale In Bahria Town Phase 4,PKR 5.45 Crore,54500000,5,6,10 Marla,2250.0,24222,House,True,23,super hot23Share on FacebookShare on TwitterShare on WhatsAppSend via GMailSend via E-Mail,90,Houses_Rawalpindi,2026-07-29,https://www.zameen.com/Property/bahria_town_rawalpindi_bahria_town_phase_4_10_marla_brand_new_5_bedroom_house_for_sale_in_bahria_town_phase_4-53244375-3041-1.html
Rafi 5 M Designer House For Sale,PKR 2.4 Crore,24000000,3,4,5 Marla,1125.0,21333,House,True,17,super hot17Share on FacebookShare on TwitterShare on WhatsAppSend via GMailSend via E-Mail,90,Houses_Rawalpindi,2026-07-29,https://www.zameen.com/Property/bahria_town_phase_8_bahria_town_phase_8_-_rafi_block_rafi_5_m_designer_house_for_sale-53549567-3071-1.html
Airport Housing Society Sector 4 6 Marla Double Storey House For Sell,PKR 2.3 Crore,23000000,4,6,6 Marla,1350.0,17037,House,True,16,super hot16Share on FacebookShare on TwitterShare on WhatsAppSend via GMailSend via E-Mail,90,Houses_Rawalpindi,2026-07-29,https://www.zameen.com/Property/airport_housing_society_airport_housing_society_-_sector_4_airport_housing_society_sector_4_6_marla_double_storey_house_for_sell-54530727-9155-1.html
12 Marla House For Sale,PKR 5.5 Crore,55000000,7,7,12 Marla,2700.0,20370,House,True,24,super hot241VerifiedShare on FacebookShare on TwitterShare on WhatsAppSend via GMailSend via E-Mail,99,Houses_Rawalpindi,2026-07-29,https://www.zameen.com/Property/media_town_media_town_-_block_a_12_marla_house_for_sale-54354976-16390-1.html
6 Marla house for sale in airport housing society Rawalpindi,PKR 2.5 Crore,25000000,4,5,6 Marla,1350.0,18518,House,True,14,super hot141Share on FacebookShare on TwitterShare on WhatsAppSend via GMailSend via E-Mail,91,Houses_Rawalpindi,2026-07-29,https://www.zameen.com/Property/airport_housing_society_airport_housing_society_-_sector_4_6_marla_house_for_sale_in_airport_housing_society_rawalpindi-54523850-9155-1.html
3 Kanal Designer Home With Huge Lawn & 20 KV Solar,PKR 16.5 Crore,165000000,6,7,3 Kanal,13500.0,12222,Unknown,True,49,hot49Share on FacebookShare on TwitterShare on WhatsAppSend via GMailSend via E-Mail,84,Houses_Rawalpindi,2026-07-29,https://www.zameen.com/Property/bahria_town_phase_8_bahria_hamlet_3_kanal_designer_home_with_huge_lawn_20_kv_solar-53085114-10354-1.html
"23 Marla House A Block, Bahria Town Rawalpindi",PKR 9.65 Crore,96500000,5,6,1.2 Kanal,5400.0,17870,House,True,48,hot48Share on FacebookShare on TwitterShare on WhatsAppSend via GMailSend via E-Mail,84,Houses_Rawalpindi,2026-07-29,https://www.zameen.com/Property/bahria_town_phase_8_bahria_town_phase_8_-_block_a_23_marla_house_a_block_bahria_town_rawalpindi-53831766-3049-1.html
6 Marla Stylish Brand New Double Unit House 1.7 Storey Sector 04,PKR 1.8 Crore,18000000,3,4,5.6 Marla,1260.0,14285,House,False,12,hot12Share on FacebookShare on TwitterShare on WhatsAppSend via GMailSend via E-Mail,84,Houses_Rawalpindi,2026-07-29,https://www.zameen.com/Property/airport_housing_society_airport_housing_society_-_sector_4_6_marla_stylish_brand_new_double_unit_house_1_7_storey_sector_04-54451775-9155-1.html
6 Marla Stylish Brand New Double Storey House Sector 4 With Water Bore,PKR 2.5 Crore,25000000,4,6,6.7 Marla,1507.5,16583,House,False,22,hot22Share on FacebookShare on TwitterShare on WhatsAppSend via GMailSend via E-Mail,84,Houses_Rawalpindi,2026-07-29,https://www.zameen.com/Property/airport_housing_society_airport_housing_society_-_sector_4_6_marla_stylish_brand_new_double_storey_house_sector_4_with_water_bore-54515312-9155-1.html
Fully Furnished 1 Kanal Luxury House For Sale | 15 KW Solar | Gas Installed,PKR 12.5 Crore,125000000,5,6,1 Kanal,4500.0,27777,House,False,39,hot39Share on FacebookShare on TwitterShare on WhatsAppSend via GMailSend via E-Mail,84,Houses_Rawalpindi,2026-07-29,https://www.zameen.com/Property/bahria_town_rawalpindi_bahria_town_phase_2_fully_furnished_1_kanal_luxury_house_for_sale_15_kw_solar_gas_installed-54519698-3035-1.html
10 MARLA BEAUTIFULL BRAND NEW HOUSE AVAILBLE FOR SALE,PKR 3.9 Crore,39000000,5,6,10 Marla,2250.0,17333,House,False,12,hot12Share on FacebookShare on TwitterShare on WhatsAppSend via GMailSend via E-Mail,84,Houses_Rawalpindi,2026-07-29,https://www.zameen.com/Property/bahria_town_rawalpindi_bahria_town_phase_7_10_marla_beautifull_brand_new_house_availble_for_sale-54457148-3047-1.html
"Safari Home Sector B 8 Marla Corner House with Extra Land for Sale | Bahria Town Phase 8, Rawalpindi",PKR 2.4 Crore,24000000,3,3,8 Marla,1800.0,13333,House,False,26,hot26Share on FacebookShare on TwitterShare on WhatsAppSend via GMailSend via E-Mail,84,Houses_Rawalpindi,2026-07-29,https://www.zameen.com/Property/bahria_town_phase_8_bahria_town_phase_8_-_safari_homes_safari_home_sector_b_8_marla_corner_house_with_extra_land_for_sale_bahria_town_phase_8_rawalpindi-54535483-10610-1.html
Brand New 10 Marla Designer House With Lawn for Sale,PKR 5.5 Crore,55000000,4,4,10 Marla,2250.0,24444,House,False,15,15Share on FacebookShare on TwitterShare on WhatsAppSend via GMailSend via E-Mail,81,Houses_Rawalpindi,2026-07-29,https://www.zameen.com/Property/bahria_town_phase_8_bahria_greens_-_overseas_enclave_brand_new_10_marla_designer_house_with_lawn_for_sale-54535885-3081-1.html
12 Marla Designer House Is Available For Sale In Bahiar Town Phase 8 Rawalpindi,PKR 5.5 Crore,55000000,5,6,12 Marla,2700.0,20370,House,True,29,29Share on FacebookShare on TwitterShare on WhatsAppSend via GMailSend via E-Mail,81,Houses_Rawalpindi,2026-07-29,https://www.zameen.com/Property/bahria_town_rawalpindi_bahria_town_phase_8_12_marla_designer_house_is_available_for_sale_in_bahiar_town_phase_8_rawalpindi-53767433-3048-1.html
7 Marla Brand New Luxury House For Sale Bahria Town Phase 8 Rawalpindi,PKR 2.55 Crore,25500000,5,6,7 Marla,1575.0,16190,House,True,19,19Share on FacebookShare on TwitterShare on WhatsAppSend via GMailSend via E-Mail,81,Houses_Rawalpindi,2026-07-29,https://www.zameen.com/Property/bahria_town_phase_8_safari_valley_bahria_town_phase_8_-_usman_block_7_marla_brand_new_luxury_house_for_sale_bahria_town_phase_8_rawalpindi-53772599-3068-1.html
7 Marla Brand New Luxury House for Sale Bahria town Phase 8 Rawalpindi,PKR 2.6 Crore,26000000,5,6,7 Marla,1575.0,16507,House,True,31,31Share on FacebookShare on TwitterShare on WhatsAppSend via GMailSend via E-Mail,81,Houses_Rawalpindi,2026-07-29,https://www.zameen.com/Property/bahria_town_phase_8_safari_valley_bahria_town_phase_8_-_umer_block_7_marla_brand_new_luxury_house_for_sale_bahria_town_phase_8_rawalpindi-53772541-3067-1.html
10 Marla Used Designer Triple Storey House Is Available For Sale In Bahria Town Phase 8 Rawalpindi,PKR 4.5 Crore,45000000,5,6,10 Marla,2250.0,20000,House,True,35,35Share on FacebookShare on TwitterShare on WhatsAppSend via GMailSend via E-Mail,81,Houses_Rawalpindi,2026-07-29,https://www.zameen.com/Property/bahria_town_rawalpindi_bahria_town_phase_2_10_marla_used_designer_triple_storey_house_is_available_for_sale_in_bahria_town_phase_8_rawalpindi-53782089-3035-1.html
10 Marla Brand New Luxury House For Sale Bahria Town Phase 8 Rawalpindi,PKR 4.35 Crore,43500000,5,6,10 Marla,2250.0,19333,House,True,26,26Share on FacebookShare on TwitterShare on WhatsAppSend via GMailSend via E-Mail,81,Houses_Rawalpindi,2026-07-29,https://www.zameen.com/Property/bahria_town_phase_8_bahria_town_phase_8_-_block_c_10_marla_brand_new_luxury_house_for_sale_bahria_town_phase_8_rawalpindi-53718892-3051-1.html
5 Marla Designer House Is Available For Sale In Bahria Town Phase 8 Rawalpindi,PKR 1.75 Crore,17500000,3,4,5 Marla,1125.0,15555,House,True,40,40Share on FacebookShare on TwitterShare on WhatsAppSend via GMailSend via E-Mail,81,Houses_Rawalpindi,2026-07-29,https://www.zameen.com/Property/bahria_town_phase_8_bahria_town_phase_8_-_block_m_5_marla_designer_house_is_available_for_sale_in_bahria_town_phase_8_rawalpindi-53723563-3062-1.html
7 Marla Double Storey Used House For Sale Bahria Town Phase 8 Rawalpindi,PKR 2.25 Crore,22500000,5,6,7 Marla,1575.0,14285,House,True,12,12Share on FacebookShare on TwitterShare on WhatsAppSend via GMailSend via E-Mail,81,Houses_Rawalpindi,2026-07-29,https://www.zameen.com/Property/bahria_town_phase_8_safari_valley_bahria_town_phase_8_-_abu_bakar_block_7_marla_double_storey_used_house_for_sale_bahria_town_phase_8_rawalpindi-53723338-3069-1.html
11 Marla House For Sale In Bahria Town Phase 2,PKR 5.4 Crore,54000000,5,,11 Marla,2475.0,21818,House,True,18,super hot18VerifiedShare on FacebookShare on TwitterShare on WhatsAppSend via GMailSend via E-Mail,98,Houses_Rawalpindi,2026-07-29,https://www.zameen.com/Property/bahria_town_rawalpindi_bahria_town_phase_2_11_marla_house_for_sale_in_bahria_town_phase_2-53279141-3035-1.html
A Great Choice For A 1 Kanal House Available In Bahria Town Phase 5,PKR 16.25 Crore,162500000,6,,1 Kanal,4500.0,36111,House,True,18,super hot18Share on FacebookShare on TwitterShare on WhatsAppSend via GMailSend via E-Mail,90,Houses_Rawalpindi,2026-07-29,https://www.zameen.com/Property/bahria_town_rawalpindi_bahria_town_phase_5_a_great_choice_for_a_1_kanal_house_available_in_bahria_town_phase_5-54304607-3045-1.html
Highly-Coveted 10 Marla House Is Available In Bahria Town Phase 4 For Sale,PKR 3.95 Crore,39500000,5,5,10 Marla,2250.0,17555,House,True,17,super hot17Share on FacebookShare on TwitterShare on WhatsAppSend via GMailSend via E-Mail,90,Houses_Rawalpindi,2026-07-29,https://www.zameen.com/Property/bahria_town_rawalpindi_bahria_town_phase_4_highly-coveted_10_marla_house_is_available_in_bahria_town_phase_4_for_sale-54285748-3041-1.html
Designer Luxury House Available For Sale,PKR 5.3 Crore,53000000,4,6,10 Marla,2250.0,23555,House,True,35,super hot35Share on FacebookShare on TwitterShare on WhatsAppSend via GMailSend via E-Mail,90,Houses_Rawalpindi,2026-07-29,https://www.zameen.com/Property/bahria_town_rawalpindi_bahria_town_phase_7_designer_luxury_house_available_for_sale-54499117-3047-1.html
Designer House 7 bedroom Investor Rate,PKR 7.95 Crore,79500000,7,6,1 Kanal,4500.0,17666,House,True,35,super hot351Share on FacebookShare on TwitterShare on WhatsAppSend via GMailSend via E-Mail,91,Houses_Rawalpindi,2026-07-29,https://www.zameen.com/Property/bahria_greens_overseas_enclave_bahria_greens_-_overseas_enclave_-_sector_5_designer_house_7_bedroom_investor_rate-54498943-8304-1.html
Brand New Designer House For Sale,PKR 6.7 Crore,67000000,5,6,5 Marla,1125.0,59555,House,True,7,super hot7Share on FacebookShare on TwitterShare on WhatsAppSend via GMailSend via E-Mail,89,Houses_Rawalpindi,2026-07-29,https://www.zameen.com/Property/rawalpindi_satellite_town_brand_new_designer_house_for_sale-54507998-433-1.html
9 Marla Corner Double Storey House for Sale,PKR 3.15 Crore,31500000,6,6,9 Marla,2025.0,15555,House,True,29,super hot29Share on FacebookShare on TwitterShare on WhatsAppSend via GMailSend via E-Mail,90,Houses_Rawalpindi,2026-07-29,https://www.zameen.com/Property/airport_housing_society_airport_housing_society_-_sector_1_9_marla_corner_double_storey_house_for_sale-54521105-9152-1.html
5marla Singel Unit 4 Bed Rooms House In Ali Block Phase8 Bahria Town Rawalipindi,PKR 1.75 Crore,17500000,1,4,5 Marla,1125.0,15555,House,True,17,super hot17Share on FacebookShare on TwitterShare on WhatsAppSend via GMailSend via E-Mail,90,Houses_Rawalpindi,2026-07-29,https://www.zameen.com/Property/bahria_town_phase_8_safari_valley_bahria_town_phase_8_-_ali_block_5marla_singel_unit_4_bed_rooms_house_in_ali_block_phase8_bahria_town_rawalipindi-54521567-3070-1.html
Bahria Town 15 Marla Corner House For Sale,PKR 5.3 Crore,53000000,6,6,15 Marla,3375.0,15703,House,True,10,super hot10Share on FacebookShare on TwitterShare on WhatsAppSend via GMailSend via E-Mail,90,Houses_Rawalpindi,2026-07-29,https://www.zameen.com/Property/bahria_town_rawalpindi_bahria_town_phase_8_bahria_town_15_marla_corner_house_for_sale-54368254-3048-1.html
Snober City 4.25 Marla House,PKR 1.35 Crore,13500000,4,4,4.2 Marla,945.0,14285,House,True,31,super hot31Share on FacebookShare on TwitterShare on WhatsAppSend via GMailSend via E-Mail,90,Houses_Rawalpindi,2026-07-29,https://www.zameen.com/Property/snober_city_snober_city_-_green_villas_snober_city_4_25_marla_house-54513123-16235-1.html
11.5 Marla Double Unit Designer House D Block Bahria Town Rawalpindi,PKR 5.5 Crore,55000000,5,6,11.3 Marla,2542.5,21632,House,True,47,hot47Share on FacebookShare on TwitterShare on WhatsAppSend via GMailSend via E-Mail,84,Houses_Rawalpindi,2026-07-29,https://www.zameen.com/Property/bahria_town_phase_8_bahria_town_phase_8_-_block_d_11_5_marla_double_unit_designer_house_d_block_bahria_town_rawalpindi-54231195-3052-1.html
24 Marla Park Facing Luxury House For Sale | Bahria Town Rawalpindi,PKR 12.85 Crore,128500000,6,7,1.2 Kanal,5400.0,23796,House,True,31,hot31Share on FacebookShare on TwitterShare on WhatsAppSend via GMailSend via E-Mail,84,Houses_Rawalpindi,2026-07-29,https://www.zameen.com/Property/bahria_town_phase_8_safari_valley_bahria_town_phase_8_-_usman_d_block_24_marla_park_facing_luxury_house_for_sale_bahria_town_rawalpindi-54316668-12179-1.html
Complete SD House,PKR 6 Crore,60000000,3,3,10 Marla,2250.0,26666,House,False,18,hot18Share on FacebookShare on TwitterShare on WhatsAppSend via GMailSend via E-Mail,84,Houses_Rawalpindi,2026-07-29,https://www.zameen.com/Property/rawalpindi_askari_10_complete_sd_house-52848744-1516-1.html
26 Marla Luxury House With Swimming Pool Phase 8,PKR 8.95 Crore,89500000,7,,1.3 Kanal,5850.0,15299,House,False,50,hot501VerifiedShare on FacebookShare on TwitterShare on WhatsAppSend via GMailSend via E-Mail,93,Houses_Rawalpindi,2026-07-29,https://www.zameen.com/Property/bahria_town_phase_8_bahria_town_phase_8_-_block_d_26_marla_luxury_house_with_swimming_pool_phase_8-53092417-3052-1.html
Bahria Town Rwp / Isb Phase 8 Overseas Sector-3 10 Marla Brand New House Available For Sale,PKR 4.5 Crore,45000000,5,6,10 Marla,2250.0,20000,House,False,23,hot231Share on FacebookShare on TwitterShare on WhatsAppSend via GMailSend via E-Mail,85,Houses_Rawalpindi,2026-07-29,https://www.zameen.com/Property/bahria_town_phase_8_bahria_greens_-_overseas_enclave_bahria_town_rwp_isb_phase_8_overseas_sector-3_10_marla_brand_new_house_available_for_sale-54185890-3081-1.html
Fully Furnished 24 Marla House Available In Bahria Greens - Overseas Enclave - Sector 1 For Sale,PKR 9 Crore,90000000,,,1.2 Kanal,5400.0,16666,House,False,23,hot23VerifiedShare on FacebookShare on TwitterShare on WhatsAppSend via GMailSend via E-Mail,92,Houses_Rawalpindi,2026-07-29,https://www.zameen.com/Property/bahria_greens_overseas_enclave_bahria_greens_-_overseas_enclave_-_sector_1_fully_furnished_24_marla_house_available_in_bahria_greens_-_overseas_enclave_-_sector_1_for_sale-54402028-8300-1.html
10m Designer House for sale,PKR 4.9 Crore,49000000,5,6,10 Marla,2250.0,21777,House,False,38,hot38Share on FacebookShare on TwitterShare on WhatsAppSend via GMailSend via E-Mail,84,Houses_Rawalpindi,2026-07-29,https://www.zameen.com/Property/bahria_town_phase_8_bahria_town_phase_8_-_block_h_10m_designer_house_for_sale-53853252-3056-1.html
7 Marla Brand New Luxury House For Sale Bahria Town Phase 8 Rawalpindi,PKR 2.6 Crore,26000000,5,6,7 Marla,1575.0,16507,House,True,15,15Share on FacebookShare on TwitterShare on WhatsAppSend via GMailSend via E-Mail,81,Houses_Rawalpindi,2026-07-29,https://www.zameen.com/Property/bahria_town_rawalpindi_bahria_town_phase_8_7_marla_brand_new_luxury_house_for_sale_bahria_town_phase_8_rawalpindi-53741819-3048-1.html
7 Marla Double Storey House For Sale Bahria Town Phase 8 Rawalpindi,PKR 26.5 Crore,265000000,5,6,7 Marla,1575.0,168253,House,True,41,41Share on FacebookShare on TwitterShare on WhatsAppSend via GMailSend via E-Mail,81,Houses_Rawalpindi,2026-07-29,https://www.zameen.com/Property/bahria_town_phase_8_safari_valley_bahria_town_phase_8_-_usman_block_7_marla_double_storey_house_for_sale_bahria_town_phase_8_rawalpindi-53741376-3068-1.html
7 Marla Brand New Luxury House For Sale Bahria Town Phase 8 Rawalpindi,PKR 3.4 Crore,34000000,5,6,7 Marla,1575.0,21587,House,True,15,15Share on FacebookShare on TwitterShare on WhatsAppSend via GMailSend via E-Mail,81,Houses_Rawalpindi,2026-07-29,https://www.zameen.com/Property/bahria_town_phase_8_safari_valley_bahria_town_phase_8_-_usman_block_7_marla_brand_new_luxury_house_for_sale_bahria_town_phase_8_rawalpindi-53733725-3068-1.html
7 Marla Double Storey Slightly Used House For Sale Bahria Town Phase 8 Rawalpindi,PKR 2.35 Crore,23500000,5,6,7 Marla,1575.0,14920,House,True,23,23Share on FacebookShare on TwitterShare on WhatsAppSend via GMailSend via E-Mail,81,Houses_Rawalpindi,2026-07-29,https://www.zameen.com/Property/bahria_town_phase_8_safari_valley_bahria_town_phase_8_-_usman_block_7_marla_double_storey_slightly_used_house_for_sale_bahria_town_phase_8_rawalpindi-53742656-3068-1.html
7 Marla Brand New Luxury House For Sale Bahria Town Phase 8 Rawalpindi,PKR 2.55 Crore,25500000,5,6,7 Marla,1575.0,16190,House,True,27,27Share on FacebookShare on TwitterShare on WhatsAppSend via GMailSend via E-Mail,81,Houses_Rawalpindi,2026-07-29,https://www.zameen.com/Property/bahria_town_phase_8_safari_valley_bahria_town_phase_8_-_usman_block_7_marla_brand_new_luxury_house_for_sale_bahria_town_phase_8_rawalpindi-53742679-3068-1.html
7 Marla Designer House Is Available For Sale In Bahria Town Phase 8 Rawalpindi,PKR 2.35 Crore,23500000,5,6,7 Marla,1575.0,14920,House,True,27,27Share on FacebookShare on TwitterShare on WhatsAppSend via GMailSend via E-Mail,81,Houses_Rawalpindi,2026-07-29,https://www.zameen.com/Property/bahria_town_phase_8_safari_valley_bahria_town_phase_8_-_ali_block_7_marla_designer_house_is_available_for_sale_in_bahria_town_phase_8_rawalpindi-53744620-3070-1.html
5 Marla Designer House Is Available For Sale In Bahria Town Phase 8 Rawalpindi,PKR 1.85 Crore,18500000,4,4,5 Marla,1125.0,16444,House,True,33,33Share on FacebookShare on TwitterShare on WhatsAppSend via GMailSend via E-Mail,81,Houses_Rawalpindi,2026-07-29,https://www.zameen.com/Property/bahria_town_phase_8_bahria_town_phase_8_-_block_m_5_marla_designer_house_is_available_for_sale_in_bahria_town_phase_8_rawalpindi-53744669-3062-1.html
7 Marla Designer House Is Available For Sale In Bahria Town Phase 8 Rawalpindi,PKR 2.65 Crore,26500000,5,6,7 Marla,1575.0,16825,House,True,37,37Share on FacebookShare on TwitterShare on WhatsAppSend via GMailSend via E-Mail,81,Houses_Rawalpindi,2026-07-29,https://www.zameen.com/Property/bahria_town_phase_8_safari_valley_bahria_town_phase_8_-_abu_bakar_block_7_marla_designer_house_is_available_for_sale_in_bahria_town_phase_8_rawalpindi-53744711-3069-1.html
Modern Designer Fully Furnished House For Sale Bharia Town Phase 2,PKR 14.8 Crore,148000000,5,6,1 Kanal,4500.0,32888,House,True,49,super hot491Share on FacebookShare on TwitterShare on WhatsAppSend via GMailSend via E-Mail,91,Houses_Rawalpindi,2026-07-29,https://www.zameen.com/Property/bahria_town_rawalpindi_bahria_town_phase_2_modern_designer_fully_furnished_house_for_sale_bharia_town_phase_2-51847077-3035-1.html
Highly-Desirable House Available In Bahria Town Phase 3 For Sale,PKR 3.9 Crore,39000000,5,,10 Marla,2250.0,17333,House,True,22,super hot22VerifiedShare on FacebookShare on TwitterShare on WhatsAppSend via GMailSend via E-Mail,98,Houses_Rawalpindi,2026-07-29,https://www.zameen.com/Property/bahria_town_rawalpindi_bahria_town_phase_3_highly-desirable_house_available_in_bahria_town_phase_3_for_sale-54316980-3036-1.html
Slightly Used Designer House At Investor Price,PKR 9.5 Crore,95000000,5,6,1 Kanal,4500.0,21111,House,True,49,super hot49Share on FacebookShare on TwitterShare on WhatsAppSend via GMailSend via E-Mail,90,Houses_Rawalpindi,2026-07-29,https://www.zameen.com/Property/bahria_town_rawalpindi_bahria_town_phase_3_slightly_used_designer_house_at_investor_price-47465238-3036-1.html
"Special Area, Phase 2 Bahria Town Brand New Designer 5-Bed Double-Unit House For Sale At A Prime Location",PKR 14.9 Crore,149000000,14,6,1 Kanal,4500.0,33111,House,True,50,super hot50Share on FacebookShare on TwitterShare on WhatsAppSend via GMailSend via E-Mail,90,Houses_Rawalpindi,2026-07-29,https://www.zameen.com/Property/bahria_town_rawalpindi_bahria_town_phase_2_special_area_phase_2_bahria_town_brand_new_designer_5-bed_double-unit_house_for_sale_at_a_prime_location-52364728-3035-1.html
12 Marla Designer House With Solar,PKR 4.65 Crore,46500000,4,6,12 Marla,2700.0,17222,House,True,48,super hot48Share on FacebookShare on TwitterShare on WhatsAppSend via GMailSend via E-Mail,90,Houses_Rawalpindi,2026-07-29,https://www.zameen.com/Property/bahria_greens_overseas_enclave_bahria_greens_-_overseas_enclave_-_sector_3_12_marla_designer_house_with_solar-54173803-8302-1.html
Beautiful Location 5 Marla Double Storey House For Sale In Rafi Block,PKR 1.9 Crore,19000000,3,4,5 Marla,1125.0,16888,House,True,19,super hot19Share on FacebookShare on TwitterShare on WhatsAppSend via GMailSend via E-Mail,90,Houses_Rawalpindi,2026-07-29,https://www.zameen.com/Property/bahria_town_phase_8_bahria_town_phase_8_-_rafi_block_beautiful_location_5_marla_double_storey_house_for_sale_in_rafi_block-53345580-3071-1.html
1 Kanal Double Storey House,PKR 6.7 Crore,67000000,4,,1 Kanal,4500.0,14888,House,True,16,super hot16Share on FacebookShare on TwitterShare on WhatsAppSend via GMailSend via E-Mail,90,Houses_Rawalpindi,2026-07-29,https://www.zameen.com/Property/bahria_town_rawalpindi_bahria_town_phase_6_1_kanal_double_storey_house-54455146-3046-1.html
10 Marla House Urgent For Sale,PKR 8 Crore,80000000,5,6,10 Marla,2250.0,35555,House,True,29,super hot29Share on FacebookShare on TwitterShare on WhatsAppSend via GMailSend via E-Mail,90,Houses_Rawalpindi,2026-07-29,https://www.zameen.com/Property/satellite_town_satellite_town_-_block_e_10_marla_house_urgent_for_sale-50607778-10239-1.html
Prime Location Designer House For Sale,PKR 2.3 Crore,23000000,4,4,5 Marla,1125.0,20444,House,True,12,super hot12Share on FacebookShare on TwitterShare on WhatsAppSend via GMailSend via E-Mail,90,Houses_Rawalpindi,2026-07-29,https://www.zameen.com/Property/bahria_town_phase_8_bahria_town_phase_8_-_rafi_block_prime_location_designer_house_for_sale-54519314-3071-1.html
Get Your Hands On Brand New House In Rawalpindi Best Area,PKR 1.45 Crore,14500000,4,4,5 Marla,1125.0,12888,House,True,29,super hot29Share on FacebookShare on TwitterShare on WhatsAppSend via GMailSend via E-Mail,90,Houses_Rawalpindi,2026-07-29,https://www.zameen.com/Property/snober_city_snober_city_-_green_villas_get_your_hands_on_brand_new_house_in_rawalpindi_best_area-54231226-16235-1.html
5 Bed Double Unit House with Gas Installed Phase 7 Bahria Town Islamabad,PKR 5.4 Crore,54000000,5,6,10 Marla,2250.0,24000,House,True,34,hot34Share on FacebookShare on TwitterShare on WhatsAppSend via GMailSend via E-Mail,84,Houses_Rawalpindi,2026-07-29,https://www.zameen.com/Property/bahria_town_rawalpindi_bahria_town_phase_7_5_bed_double_unit_house_with_gas_installed_phase_7_bahria_town_islamabad-54330579-3047-1.html
10 Marla Double Unit House For Sale In Bahria Town Phase 7,PKR 4 Crore,40000000,5,6,10 Marla,2250.0,17777,House,True,26,hot26Share on FacebookShare on TwitterShare on WhatsAppSend via GMailSend via E-Mail,84,Houses_Rawalpindi,2026-07-29,https://www.zameen.com/Property/bahria_town_rawalpindi_bahria_town_phase_7_10_marla_double_unit_house_for_sale_in_bahria_town_phase_7-54476997-3047-1.html
Corner House Lawn Well Maintained,PKR 2.65 Crore,26500000,3,4,8 Marla,1800.0,14722,House,False,17,hot17Share on FacebookShare on TwitterShare on WhatsAppSend via GMailSend via E-Mail,84,Houses_Rawalpindi,2026-07-29,https://www.zameen.com/Property/bahria_town_phase_8_bahria_town_phase_8_-_safari_homes_corner_house_lawn_well_maintained-54174442-10610-1.html
Brand New Designer House For Sale,PKR 3.25 Crore,32500000,5,6,7 Marla,1575.0,20634,House,False,37,hot37Share on FacebookShare on TwitterShare on WhatsAppSend via GMailSend via E-Mail,84,Houses_Rawalpindi,2026-07-29,https://www.zameen.com/Property/bahria_town_phase_8_bahria_town_phase_8_-_safari_valley_brand_new_designer_house_for_sale-54345188-3074-1.html
Designer House for sale,PKR 5.5 Crore,55000000,5,6,10 Marla,2250.0,24444,House,False,28,hot28Share on FacebookShare on TwitterShare on WhatsAppSend via GMailSend via E-Mail,84,Houses_Rawalpindi,2026-07-29,https://www.zameen.com/Property/bahria_town_rawalpindi_bahria_town_phase_8_designer_house_for_sale-54507781-3048-1.html
Phase 8 10 M House For Sale,PKR 3.8 Crore,38000000,5,6,10 Marla,2250.0,16888,House,False,7,hot7Share on FacebookShare on TwitterShare on WhatsAppSend via GMailSend via E-Mail,83,Houses_Rawalpindi,2026-07-29,https://www.zameen.com/Property/bahria_town_rawalpindi_bahria_town_phase_8_phase_8_10_m_house_for_sale-54509966-3048-1.html
Bahria Town Designer House For Sale,PKR 5.75 Crore,57500000,5,6,10 Marla,2250.0,25555,House,False,37,hot37Share on FacebookShare on TwitterShare on WhatsAppSend via GMailSend via E-Mail,84,Houses_Rawalpindi,2026-07-29,https://www.zameen.com/Property/bahria_town_rawalpindi_bahria_town_phase_8_bahria_town_designer_house_for_sale-54507496-3048-1.html
Maintained Awami Villa For Sale,PKR 1.25 Crore,12500000,2,2,5 Marla,1125.0,11111,House,False,7,7Share on FacebookShare on TwitterShare on WhatsAppSend via GMailSend via E-Mail,80,Houses_Rawalpindi,2026-07-29,https://www.zameen.com/Property/bahria_town_phase_8_bahria_town_phase_8_-_awami_villas_1_maintained_awami_villa_for_sale-54535783-8206-1.html
Brand New House for Sale in Bahria Town phase 2,PKR 5.25 Crore,52500000,5,6,11 Marla,2475.0,21212,House,False,49,49Share on FacebookShare on TwitterShare on WhatsAppSend via GMailSend via E-Mail,81,Houses_Rawalpindi,2026-07-29,https://www.zameen.com/Property/bahria_town_rawalpindi_bahria_town_phase_2_extension_brand_new_house_for_sale_in_bahria_town_phase_2-54500257-3034-1.html
Investor Rate Kanal Single Storey for Sale in Bahria Town,PKR 4.25 Crore,42500000,3,4,1 Kanal,4500.0,9444,House,False,8,8Share on FacebookShare on TwitterShare on WhatsAppSend via GMailSend via E-Mail,80,Houses_Rawalpindi,2026-07-29,https://www.zameen.com/Property/bahria_town_rawalpindi_bahria_town_phase_5_investor_rate_kanal_single_storey_for_sale_in_bahria_town-54500570-3045-1.html
Kanal House For Sale At Investor Rate,PKR 6.75 Crore,67500000,6,6,1 Kanal,4500.0,15000,House,False,20,20Share on FacebookShare on TwitterShare on WhatsAppSend via GMailSend via E-Mail,81,Houses_Rawalpindi,2026-07-29,https://www.zameen.com/Property/bahria_town_rawalpindi_bahria_town_phase_2_kanal_house_for_sale_at_investor_rate-54504383-3035-1.html
1 Kanal Triple Unit House For Sale In Bahria Town 3 Independent Portions | Ideal For Investment & Large Families,PKR 13.2 Crore,132000000,8,6,1 Kanal,4500.0,29333,House,False,44,44Share on FacebookShare on TwitterShare on WhatsAppSend via GMailSend via E-Mail,81,Houses_Rawalpindi,2026-07-29,https://www.zameen.com/Property/bahria_town_rawalpindi_bahria_town_phase_5_1_kanal_triple_unit_house_for_sale_in_bahria_town_3_independent_portions_ideal_for_investment_large_families-54516571-3045-1.html
1 Kanal House For Sale In Bahria Town Phase 2,PKR 9 Crore,90000000,6,6,1 Kanal,4500.0,20000,House,False,20,20Share on FacebookShare on TwitterShare on WhatsAppSend via GMailSend via E-Mail,81,Houses_Rawalpindi,2026-07-29,https://www.zameen.com/Property/bahria_town_rawalpindi_bahria_town_phase_2_1_kanal_house_for_sale_in_bahria_town_phase_2-54518543-3035-1.html
Prime Location | 1 Kanal Luxury Double Unit House for Sale in Bahria Town Islamabad / Rawalpindi,PKR 9 Crore,90000000,6,6,1.1 Kanal,4950.0,18181,House,True,35,35Share on FacebookShare on TwitterShare on WhatsAppSend via GMailSend via E-Mail,81,Houses_Rawalpindi,2026-07-29,https://www.zameen.com/Property/bahria_town_rawalpindi_bahria_town_phase_5_prime_location_1_kanal_luxury_double_unit_house_for_sale_in_bahria_town_islamabad_rawalpindi-54521285-3045-1.html
28 Marla Investor Rate House For Sale In Safari Villa 1,PKR 7.5 Crore,75000000,6,6,1.4 Kanal,6300.0,11904,House,False,22,22Share on FacebookShare on TwitterShare on WhatsAppSend via GMailSend via E-Mail,81,Houses_Rawalpindi,2026-07-29,https://www.zameen.com/Property/bahria_town_rawalpindi_bahria_town_phase_1_28_marla_investor_rate_house_for_sale_in_safari_villa_1-54516386-3033-1.html
7 Marla Brand New Luxury House For Sale Bahria Town Phase 8 Rawalpindi,PKR 3.1 Crore,31000000,6,6,7 Marla,1575.0,19682,House,True,22,super hot22Share on FacebookShare on TwitterShare on WhatsAppSend via GMailSend via E-Mail,90,Houses_Rawalpindi,2026-07-29,https://www.zameen.com/Property/bahria_town_phase_8_safari_valley_bahria_town_phase_8_-_usman_block_7_marla_brand_new_luxury_house_for_sale_bahria_town_phase_8_rawalpindi-53699607-3068-1.html
7 Marla Brand New Luxury House For Sale Bahria Town Phase 8 Rawalpindi,PKR 2.85 Crore,28500000,5,6,7 Marla,1575.0,18095,House,True,37,super hot371Share on FacebookShare on TwitterShare on WhatsAppSend via GMailSend via E-Mail,91,Houses_Rawalpindi,2026-07-29,https://www.zameen.com/Property/bahria_town_phase_8_safari_valley_bahria_town_phase_8_-_abu_bakar_block_7_marla_brand_new_luxury_house_for_sale_bahria_town_phase_8_rawalpindi-53742561-3069-1.html
Brand New Designers House With 15 KV Solar For Sale,PKR 14.8 Crore,148000000,5,6,1 Kanal,4500.0,32888,House,True,46,super hot461Share on FacebookShare on TwitterShare on WhatsAppSend via GMailSend via E-Mail,91,Houses_Rawalpindi,2026-07-29,https://www.zameen.com/Property/bahria_town_rawalpindi_bahria_town_phase_2_brand_new_designers_house_with_15_kv_solar_for_sale-51970885-3035-1.html
Brand New Park Face Modern Designer House For Sale,PKR 16.25 Crore,162500000,6,6,1 Kanal,4500.0,36111,House,True,50,super hot50Share on FacebookShare on TwitterShare on WhatsAppSend via GMailSend via E-Mail,90,Houses_Rawalpindi,2026-07-29,https://www.zameen.com/Property/bahria_town_rawalpindi_bahria_town_phase_5_brand_new_park_face_modern_designer_house_for_sale-54276141-3045-1.html
Designer Luxury 1 Kanal Brand New House,PKR 12.8 Crore,128000000,5,6,1 Kanal,4500.0,28444,House,True,41,super hot411Share on FacebookShare on TwitterShare on WhatsAppSend via GMailSend via E-Mail,91,Houses_Rawalpindi,2026-07-29,https://www.zameen.com/Property/bahria_town_rawalpindi_bahria_town_phase_8_designer_luxury_1_kanal_brand_new_house-54154815-3048-1.html
10 Marla Unfurnished House,PKR 4.15 Crore,41500000,5,6,10 Marla,2250.0,18444,House,True,18,super hot181Share on FacebookShare on TwitterShare on WhatsAppSend via GMailSend via E-Mail,91,Houses_Rawalpindi,2026-07-29,https://www.zameen.com/Property/bahria_town_rawalpindi_bahria_town_phase_2_10_marla_unfurnished_house-54420139-3035-1.html
6 Marla Brand New Luxury House For Sale,PKR 1.35 Crore,13500000,3,3,6 Marla,1350.0,10000,House,True,26,super hot26Share on FacebookShare on TwitterShare on WhatsAppSend via GMailSend via E-Mail,90,Houses_Rawalpindi,2026-07-29,https://www.zameen.com/Property/rawalpindi_adiala_road_6_marla_brand_new_luxury_house_for_sale-54457696-478-1.html
House For Sale Best Location Islamabad Experience Furnish House,PKR 1.42 Crore,14200000,2,3,7.1 Marla,1597.5,8888,House,True,15,super hot15VerifiedShare on FacebookShare on TwitterShare on WhatsAppSend via GMailSend via E-Mail,98,Houses_Rawalpindi,2026-07-29,https://www.zameen.com/Property/gulbahar_scheme_gulbahar_scheme_-_sector_1_house_for_sale_best_location_islamabad_experience_furnish_house-54218019-10428-1.html
Designer House Available For Sale In Bahria Town,PKR 2.85 Crore,28500000,5,5,6 Marla,1350.0,21111,House,True,20,super hot20Share on FacebookShare on TwitterShare on WhatsAppSend via GMailSend via E-Mail,90,Houses_Rawalpindi,2026-07-29,https://www.zameen.com/Property/bahria_town_rawalpindi_bahria_town_phase_8_designer_house_available_for_sale_in_bahria_town-54517676-3048-1.html
Designer Brand New House For Sale,PKR 5.1 Crore,51000000,6,6,10 Marla,2250.0,22666,House,True,47,super hot47Share on FacebookShare on TwitterShare on WhatsAppSend via GMailSend via E-Mail,90,Houses_Rawalpindi,2026-07-29,https://www.zameen.com/Property/bahria_town_rawalpindi_bahria_town_phase_8_designer_brand_new_house_for_sale-54409719-3048-1.html
Beautifully Designed 11 Marla House For Sale,PKR 4.65 Crore,46500000,4,5,11 Marla,2475.0,18787,House,True,50,hot50Share on FacebookShare on TwitterShare on WhatsAppSend via GMailSend via E-Mail,84,Houses_Rawalpindi,2026-07-29,https://www.zameen.com/Property/bahria_greens_overseas_enclave_bahria_greens_-_overseas_enclave_-_sector_3_beautifully_designed_11_marla_house_for_sale-39549743-8302-1.html
Brand New 16 Marla Corner House,PKR 7.95 Crore,79500000,5,6,16 Marla,3600.0,22083,House,True,49,hot49Share on FacebookShare on TwitterShare on WhatsAppSend via GMailSend via E-Mail,84,Houses_Rawalpindi,2026-07-29,https://www.zameen.com/Property/bahria_greens_overseas_enclave_bahria_greens_-_overseas_enclave_-_sector_2_brand_new_16_marla_corner_house-50170458-8301-1.html
Prime Location Airport Housing Society - Sector 4 5 Marla House Up For Sale,PKR 1.6 Crore,16000000,3,3,5 Marla,1125.0,14222,House,False,17,hot171VerifiedShare on FacebookShare on TwitterShare on WhatsAppSend via GMailSend via E-Mail,93,Houses_Rawalpindi,2026-07-29,https://www.zameen.com/Property/airport_housing_society_airport_housing_society_-_sector_4_prime_location_airport_housing_society_-_sector_4_5_marla_house_up_for_sale-54353539-9155-1.html
snober city 4.25 Marla dubl story house,PKR 1.35 Crore,13500000,4,4,4.2 Marla,945.0,14285,House,False,35,hot35Share on FacebookShare on TwitterShare on WhatsAppSend via GMailSend via E-Mail,84,Houses_Rawalpindi,2026-07-29,https://www.zameen.com/Property/snober_city_snober_city_-_green_villas_snober_city_4_25_marla_dubl_story_house-54489550-16235-1.html
1000 Square Feet House For Sale In The Perfect Location Of Lalazar,PKR 1.65 Crore,16500000,4,4,4.4 Marla,990.0000000000001,16666,House,False,17,hot171VerifiedShare on FacebookShare on TwitterShare on WhatsAppSend via GMailSend via E-Mail,93,Houses_Rawalpindi,2026-07-29,https://www.zameen.com/Property/rawalpindi_lalazar_1000_square_feet_house_for_sale_in_the_perfect_location_of_lalazar-52458996-576-1.html
10 Marla Like Brand New House Available For Sale On Prime Location Of Bahria Town Phase 2,PKR 3.98 Crore,39800000,5,6,10 Marla,2250.0,17688,House,False,11,hot11Share on FacebookShare on TwitterShare on WhatsAppSend via GMailSend via E-Mail,84,Houses_Rawalpindi,2026-07-29,https://www.zameen.com/Property/bahria_town_rawalpindi_bahria_town_phase_2_10_marla_like_brand_new_house_available_for_sale_on_prime_location_of_bahria_town_phase_2-54326695-3035-1.html
10 Marla (35x70) Brand New Designer House For Sale Fully Furnished With 10 KVA SOLAR SYSTEM,PKR 4.25 Crore,42500000,5,6,11 Marla,2475.0,17171,House,False,50,hot50Share on FacebookShare on TwitterShare on WhatsAppSend via GMailSend via E-Mail,84,Houses_Rawalpindi,2026-07-29,https://www.zameen.com/Property/bahria_town_rawalpindi_bahria_town_phase_8_10_marla_35x70_brand_new_designer_house_for_sale_fully_furnished_with_10_kva_solar_system-54534556-3048-1.html
22 Marla Meadows for Sale in Bahria Town,PKR 8.5 Crore,85000000,5,6,1.1 Kanal,4950.0,17171,Unknown,True,25,25Share on FacebookShare on TwitterShare on WhatsAppSend via GMailSend via E-Mail,81,Houses_Rawalpindi,2026-07-29,https://www.zameen.com/Property/bahria_town_rawalpindi_bahria_town_phase_5_22_marla_meadows_for_sale_in_bahria_town-54521128-3045-1.html
18 Marla Safari Villas for Sale in Bahria Town,PKR 5.75 Crore,57500000,3,4,18 Marla,4050.0,14197,House,False,28,28Share on FacebookShare on TwitterShare on WhatsAppSend via GMailSend via E-Mail,81,Houses_Rawalpindi,2026-07-29,https://www.zameen.com/Property/bahria_town_rawalpindi_bahria_town_-_safari_villas_3_18_marla_safari_villas_for_sale_in_bahria_town-54520508-3080-1.html
Brand New Luxury Beautiful House for Sale in Bahria Town Phase 2 Extension | 12 Marla House,PKR 5.35 Crore,53500000,5,6,11 Marla,2475.0,21616,House,False,49,49Share on FacebookShare on TwitterShare on WhatsAppSend via GMailSend via E-Mail,81,Houses_Rawalpindi,2026-07-29,https://www.zameen.com/Property/bahria_town_rawalpindi_bahria_town_phase_2_extension_brand_new_luxury_beautiful_house_for_sale_in_bahria_town_phase_2_extension_12_marla_house-54516469-3034-1.html
SD House For Sale,PKR 7.5 Crore,75000000,4,4,10 Marla,2250.0,33333,House,False,10,10Share on FacebookShare on TwitterShare on WhatsAppSend via GMailSend via E-Mail,81,Houses_Rawalpindi,2026-07-29,https://www.zameen.com/Property/rawalpindi_askari_11_sd_house_for_sale-54535498-443-1.html
SD house House For Sale,PKR 6.7 Crore,67000000,3,3,10 Marla,2250.0,29777,House,False,14,14Share on FacebookShare on TwitterShare on WhatsAppSend via GMailSend via E-Mail,81,Houses_Rawalpindi,2026-07-29,https://www.zameen.com/Property/rawalpindi_askari_11_sd_house_house_for_sale-54535490-443-1.html
SD House For Sale,PKR 6.35 Crore,63500000,5,5,10 Marla,2250.0,28222,House,False,19,19Share on FacebookShare on TwitterShare on WhatsAppSend via GMailSend via E-Mail,81,Houses_Rawalpindi,2026-07-29,https://www.zameen.com/Property/rawalpindi_askari_13_sd_house_for_sale-53581257-1515-1.html
SD House For Sale,PKR 5.95 Crore,59500000,3,3,10 Marla,2250.0,26444,House,False,15,15Share on FacebookShare on TwitterShare on WhatsAppSend via GMailSend via E-Mail,81,Houses_Rawalpindi,2026-07-29,https://www.zameen.com/Property/rawalpindi_askari_10_sd_house_for_sale-52803336-1516-1.html
Low Price 10 Marla Luxury House For Sale In Bahria Phase 8,PKR 3.5 Crore,35000000,5,6,10 Marla,2250.0,15555,House,True,12,12Share on FacebookShare on TwitterShare on WhatsAppSend via GMailSend via E-Mail,81,Houses_Rawalpindi,2026-07-29,https://www.zameen.com/Property/bahria_town_rawalpindi_bahria_town_phase_8_low_price_10_marla_luxury_house_for_sale_in_bahria_phase_8-53197065-3048-1.html
Corner House For Sale In Beautiful Wapda City - Block C,PKR 3.95 Crore,39500000,4,5,15 Marla,3375.0,11703,House,True,7,super hot7VerifiedShare on FacebookShare on TwitterShare on WhatsAppSend via GMailSend via E-Mail,97,Houses_Faisalabad,2026-07-29,https://www.zameen.com/Property/wapda_city_wapda_city_-_block_c_corner_house_for_sale_in_beautiful_wapda_city_-_block_c-54471768-5068-1.html
4 Marla Brand New House For Sale,PKR 1.35 Crore,13500000,4,4,4 Marla,900.0,15000,House,True,12,super hot12Share on FacebookShare on TwitterShare on WhatsAppSend via GMailSend via E-Mail,90,Houses_Faisalabad,2026-07-29,https://www.zameen.com/Property/lower_canal_road_green_orchard_4_marla_brand_new_house_for_sale-53959991-15298-1.html
In Eden Valley You Can Find The Perfect House For Sale,PKR 4.25 Crore,42500000,,,7 Marla,1575.0,26984,House,True,20,super hot201VerifiedShare on FacebookShare on TwitterShare on WhatsAppSend via GMailSend via E-Mail,99,Houses_Faisalabad,2026-07-29,https://www.zameen.com/Property/faisalabad_eden_valley_in_eden_valley_you_can_find_the_perfect_house_for_sale-54497801-8917-1.html
Centrally Located House Available In Eden Valley For Sale,PKR 4 Crore,40000000,,,7 Marla,1575.0,25396,House,True,32,super hot321VerifiedShare on FacebookShare on TwitterShare on WhatsAppSend via GMailSend via E-Mail,99,Houses_Faisalabad,2026-07-29,https://www.zameen.com/Property/faisalabad_eden_valley_centrally_located_house_available_in_eden_valley_for_sale-54497802-8917-1.html
5 Marla House Is Available For sale,PKR 2.6 Crore,26000000,,,5 Marla,1125.0,23111,House,True,16,super hot161VerifiedShare on FacebookShare on TwitterShare on WhatsAppSend via GMailSend via E-Mail,99,Houses_Faisalabad,2026-07-29,https://www.zameen.com/Property/faisalabad_eden_valley_5_marla_house_is_available_for_sale-54497804-8917-1.html
"5 Marla Brand New Double Storey House Available For Sale In ""Eden Orchard Lasani Puli "" Sargodha Road",PKR 2.6 Crore,26000000,3,4,5 Marla,1125.0,23111,House,True,32,super hot32Share on FacebookShare on TwitterShare on WhatsAppSend via GMailSend via E-Mail,90,Houses_Faisalabad,2026-07-29,https://www.zameen.com/Property/faisalabad_eden_orchard_5_marla_brand_new_double_storey_house_available_for_sale_in_eden_orchard_lasani_puli_sargodha_road-54391165-11162-1.html
5 Marla Brand New Luxurious House For Sale,PKR 2.8 Crore,28000000,4,4,5 Marla,1125.0,24888,House,True,33,super hot33Share on FacebookShare on TwitterShare on WhatsAppSend via GMailSend via E-Mail,90,Houses_Faisalabad,2026-07-29,https://www.zameen.com/Property/faisalabad_eden_valley_5_marla_brand_new_luxurious_house_for_sale-54525085-8917-1.html
5.10 Marla Main Boulevard Building,PKR 6 Crore,60000000,,,5.1 Marla,1147.5,52287,Unknown,True,7,super hot7Share on FacebookShare on TwitterShare on WhatsAppSend via GMailSend via E-Mail,89,Houses_Faisalabad,2026-07-29,https://www.zameen.com/Property/faisalabad_samanabad_road_5_10_marla_main_boulevard_building-54453755-12756-1.html
20 marla double story house newly constructed house,PKR 4.15 Crore,41500000,5,5,1 Kanal,4500.0,9222,House,True,13,super hot13Share on FacebookShare on TwitterShare on WhatsAppSend via GMailSend via E-Mail,90,Houses_Faisalabad,2026-07-29,https://www.zameen.com/Property/faisalabad_peoples_colony_no_1_20_marla_double_story_house_newly_constructed_house-54530589-535-1.html
A Palatial Residence For Prime Location sale In Khayaban Colony 2 Khayaban Colony 2,PKR 9 Crore,90000000,,,2.4 Kanal,10800.0,8333,Unknown,True,,super hotShare on FacebookShare on TwitterShare on WhatsAppSend via GMailSend via E-Mail,88,Houses_Faisalabad,2026-07-29,https://www.zameen.com/Property/faisalabad_khayaban_colony_2_a_palatial_residence_for_prime_location_sale_in_khayaban_colony_2_khayaban_colony_2-54526119-9475-1.html
House For Sale In Fatima Block Divine Enclave,PKR 5 Crore,50000000,4,5,8 Marla,1800.0,27777,House,True,23,hot23Share on FacebookShare on TwitterShare on WhatsAppSend via GMailSend via E-Mail,84,Houses_Faisalabad,2026-07-29,https://www.zameen.com/Property/canal_road_divine_enclave_house_for_sale_in_fatima_block_divine_enclave-54302143-21698-1.html
Brand New 10 Marla House For Sale in City Housing Sargoda Road Faisalabad,PKR 4 Crore,40000000,4,5,10 Marla,2250.0,17777,House,True,50,hot50Share on FacebookShare on TwitterShare on WhatsAppSend via GMailSend via E-Mail,84,Houses_Faisalabad,2026-07-29,https://www.zameen.com/Property/citi_housing_citi_housing_sargodha_road_brand_new_10_marla_house_for_sale_in_city_housing_sargoda_road_faisalabad-54089370-11229-1.html
6 Marla brand new house for sale in Eden velley,PKR 3.5 Crore,35000000,5,6,6 Marla,1350.0,25925,House,False,26,hot26Share on FacebookShare on TwitterShare on WhatsAppSend via GMailSend via E-Mail,84,Houses_Faisalabad,2026-07-29,https://www.zameen.com/Property/faisalabad_eden_valley_6_marla_brand_new_house_for_sale_in_eden_velley-54538889-8917-1.html
1.5-Kanal House with Beautiful Garden Near Lassani pulli,PKR 7.5 Crore,75000000,4,5,1.5 Kanal,6750.0,11111,House,False,17,hot17Share on FacebookShare on TwitterShare on WhatsAppSend via GMailSend via E-Mail,84,Houses_Faisalabad,2026-07-29,https://www.zameen.com/Property/faisalabad_sargodha_road_1_5-kanal_house_with_beautiful_garden_near_lassani_pulli-54476649-768-1.html
5 Marla Slightly Used House For Sale In Model City Having 3 Beds Every Thing Installed Ac Curtains Solar Fan Geezer,PKR 2.35 Crore,23500000,2,4,5 Marla,1125.0,20888,House,False,29,hot29Share on FacebookShare on TwitterShare on WhatsAppSend via GMailSend via E-Mail,84,Houses_Faisalabad,2026-07-29,https://www.zameen.com/Property/canal_road_model_city_1_5_marla_slightly_used_house_for_sale_in_model_city_having_3_beds_every_thing_installed_ac_curtains_solar_fan_geezer-54517933-8590-1.html
5 Marla brand new luxurious house for sale,PKR 2.35 Crore,23500000,3,4,5 Marla,1125.0,20888,House,False,22,hot22Share on FacebookShare on TwitterShare on WhatsAppSend via GMailSend via E-Mail,84,Houses_Faisalabad,2026-07-29,https://www.zameen.com/Property/eden_gardens_eden_executive_5_marla_brand_new_luxurious_house_for_sale-54529697-10765-1.html
5 Marla house good condition for sale,PKR 2.3 Crore,23000000,3,4,5 Marla,1125.0,20444,House,False,20,hot20Share on FacebookShare on TwitterShare on WhatsAppSend via GMailSend via E-Mail,84,Houses_Faisalabad,2026-07-29,https://www.zameen.com/Property/eden_gardens_eden_executive_5_marla_house_good_condition_for_sale-54529388-10765-1.html
Brand New Beautiful House Available For Sale In C Block,PKR 1.65 Crore,16500000,3,4,5 Marla,1125.0,14666,House,False,21,21VerifiedShare on FacebookShare on TwitterShare on WhatsAppSend via GMailSend via E-Mail,89,Houses_Faisalabad,2026-07-29,https://www.zameen.com/Property/citi_housing_citi_housing_sargodha_road_brand_new_beautiful_house_available_for_sale_in_c_block-54485514-11229-1.html
HOT DEAL-7-Bed Designer Luxury House in Prime SAEED COLONY Location | Fully Renovated,PKR 9.5 Crore,95000000,9,7,1 Kanal,4500.0,21111,House,False,13,13Share on FacebookShare on TwitterShare on WhatsAppSend via GMailSend via E-Mail,81,Houses_Faisalabad,2026-07-29,https://www.zameen.com/Property/canal_road_east_canal_road_hot_deal-7-bed_designer_luxury_house_in_prime_saeed_colony_location_fully_renovated-54221545-9506-1.html
Get In Touch Now To Buy A Prime Location House In Eden Executive Faisalabad,PKR 1.6 Crore,16000000,,,3 Marla,675.0,23703,House,False,16,16Share on FacebookShare on TwitterShare on WhatsAppSend via GMailSend via E-Mail,81,Houses_Faisalabad,2026-07-29,https://www.zameen.com/Property/eden_gardens_eden_executive_get_in_touch_now_to_buy_a_prime_location_house_in_eden_executive_faisalabad-54181558-10765-1.html
7- Marla Corner Double Sided Entry House Available For Sale. . .,PKR 2.45 Crore,24500000,5,6,7 Marla,1575.0,15555,House,False,17,17Share on FacebookShare on TwitterShare on WhatsAppSend via GMailSend via E-Mail,81,Houses_Faisalabad,2026-07-29,https://www.zameen.com/Property/faisalabad_al_noor_garden_7-_marla_corner_double_sided_entry_house_available_for_sale-54284525-8916-1.html
200 Marla House at Raza Town,PKR 26 Crore,260000000,6,6,10 Kanal,45000.0,5777,House,True,32,32VerifiedShare on FacebookShare on TwitterShare on WhatsAppSend via GMailSend via E-Mail,89,Houses_Faisalabad,2026-07-29,https://www.zameen.com/Property/faisalabad_canal_road_200_marla_house_at_raza_town-54531680-1140-1.html
7 Marla House Beautiful Designer House,PKR 4.5 Crore,45000000,4,5,7 Marla,1575.0,28571,House,True,21,21VerifiedShare on FacebookShare on TwitterShare on WhatsAppSend via GMailSend via E-Mail,89,Houses_Faisalabad,2026-07-29,https://www.zameen.com/Property/faisalabad_canal_road_7_marla_house_beautiful_designer_house-54531679-1140-1.html
Modern 3-Bed Double Unit House For Sale In Eden Executive | 2.7 Marla,PKR 1.25 Crore,12500000,1,4,2.7 Marla,607.5,20576,House,False,7,7VerifiedShare on FacebookShare on TwitterShare on WhatsAppSend via GMailSend via E-Mail,88,Houses_Faisalabad,2026-07-29,https://www.zameen.com/Property/eden_gardens_eden_executive_modern_3-bed_double_unit_house_for_sale_in_eden_executive_2_7_marla-54531640-10765-1.html
3 Marla House For Sale,PKR 1.3 Crore,13000000,3,4,3 Marla,675.0,19259,House,False,18,18VerifiedShare on FacebookShare on TwitterShare on WhatsAppSend via GMailSend via E-Mail,89,Houses_Faisalabad,2026-07-29,https://www.zameen.com/Property/eden_gardens_eden_executive_3_marla_house_for_sale-54531638-10765-1.html
5 Marla House Available In Eden Valley For sale,PKR 2.7 Crore,27000000,,,5 Marla,1125.0,24000,House,True,16,super hot161VerifiedShare on FacebookShare on TwitterShare on WhatsAppSend via GMailSend via E-Mail,99,Houses_Faisalabad,2026-07-29,https://www.zameen.com/Property/faisalabad_eden_valley_5_marla_house_available_in_eden_valley_for_sale-54497803-8917-1.html
10 Marla Brand New House For Sale B Block Wapda City,PKR 3.8 Crore,38000000,5,6,10 Marla,2250.0,16888,House,True,16,super hot16Share on FacebookShare on TwitterShare on WhatsAppSend via GMailSend via E-Mail,90,Houses_Faisalabad,2026-07-29,https://www.zameen.com/Property/wapda_city_wapda_city_-_block_b_10_marla_brand_new_house_for_sale_b_block_wapda_city-54459035-5067-1.html
Spacious House Is Available For Sale In Ideal Location Of Wapda City - Block M,PKR 4.5 Crore,45000000,5,6,10 Marla,2250.0,20000,House,True,,super hotShare on FacebookShare on TwitterShare on WhatsAppSend via GMailSend via E-Mail,88,Houses_Faisalabad,2026-07-29,https://www.zameen.com/Property/wapda_city_wapda_city_-_block_m_spacious_house_is_available_for_sale_in_ideal_location_of_wapda_city_-_block_m-54491096-5077-1.html
Fair-Priced 5 Marla House Available In Wapda City - Block L,PKR 2 Crore,20000000,,,5 Marla,1125.0,17777,House,True,10,super hot10VerifiedShare on FacebookShare on TwitterShare on WhatsAppSend via GMailSend via E-Mail,98,Houses_Faisalabad,2026-07-29,https://www.zameen.com/Property/wapda_city_wapda_city_-_block_l_fair-priced_5_marla_house_available_in_wapda_city_-_block_l-54487554-5076-1.html
3 Marla Brand New Good Location House For Sale,PKR 1.3 Crore,13000000,3,3,3 Marla,675.0,19259,House,True,21,super hot21Share on FacebookShare on TwitterShare on WhatsAppSend via GMailSend via E-Mail,90,Houses_Faisalabad,2026-07-29,https://www.zameen.com/Property/faisalabad_al_noor_garden_3_marla_brand_new_good_location_house_for_sale-54485968-8916-1.html
HOTDEAL-10Marla-Full Furnished Luxury House for Sale in Abdullah Garden,PKR 7.5 Crore,75000000,5,6,10 Marla,2250.0,33333,House,True,50,super hot50Share on FacebookShare on TwitterShare on WhatsAppSend via GMailSend via E-Mail,90,Houses_Faisalabad,2026-07-29,https://www.zameen.com/Property/east_canal_road_abdullah_gardens_hotdeal-10marla-full_furnished_luxury_house_for_sale_in_abdullah_garden-54519313-4890-1.html
LUXURY HOUSE FOR SALE,PKR 9 Crore,90000000,7,7,1 Kanal,4500.0,20000,House,True,19,super hot19Share on FacebookShare on TwitterShare on WhatsAppSend via GMailSend via E-Mail,90,Houses_Faisalabad,2026-07-29,https://www.zameen.com/Property/canal_road_east_canal_road_luxury_house_for_sale-54496762-9506-1.html
New house,PKR 5.5 Crore,55000000,6,7,9 Marla,2025.0,27160,House,True,34,super hot34Share on FacebookShare on TwitterShare on WhatsAppSend via GMailSend via E-Mail,90,Houses_Faisalabad,2026-07-29,https://www.zameen.com/Property/riaz_ul_jannah_riaz_ul_jannah_-_umer_block_new_house-53848307-18504-1.html
Brand New House Is Available For Sale,PKR 2.85 Crore,28500000,5,6,6 Marla,1350.0,21111,House,True,16,super hot16Share on FacebookShare on TwitterShare on WhatsAppSend via GMailSend via E-Mail,90,Houses_Faisalabad,2026-07-29,https://www.zameen.com/Property/riaz_ul_jannah_riaz_ul_jannah_-_umer_block_brand_new_house_is_available_for_sale-53826993-18504-1.html
1 KANAL BRAND NEW LUXURY HOUSE AVAILABLE FOR SALE IN AYESHA BLOCK ABDULLAH GARDEN EAST CANAL ROAD FAISALABAD,PKR 16 Crore,160000000,5,6,1 Kanal,4500.0,35555,House,True,10,super hot10Share on FacebookShare on TwitterShare on WhatsAppSend via GMailSend via E-Mail,90,Houses_Faisalabad,2026-07-29,https://www.zameen.com/Property/east_canal_road_abdullah_gardens_1_kanal_brand_new_luxury_house_available_for_sale_in_ayesha_block_abdullah_garden_east_canal_road_faisalabad-53442482-4890-1.html
Luxury 10 Marla Magnificent House For Sale In Wapda City Canal Expressway Faisalabad,PKR 4.75 Crore,47500000,4,4,10 Marla,2250.0,21111,House,True,19,hot191Share on FacebookShare on TwitterShare on WhatsAppSend via GMailSend via E-Mail,85,Houses_Faisalabad,2026-07-29,https://www.zameen.com/Property/faisalabad_wapda_city_luxury_10_marla_magnificent_house_for_sale_in_wapda_city_canal_expressway_faisalabad-53885901-501-1.html
10 Marla East Open Wireless Near Park House For Sale In K Block,PKR 4.5 Crore,45000000,5,6,10 Marla,2250.0,20000,House,True,16,hot16Share on FacebookShare on TwitterShare on WhatsAppSend via GMailSend via E-Mail,84,Houses_Faisalabad,2026-07-29,https://www.zameen.com/Property/wapda_city_wapda_city_-_block_k_10_marla_east_open_wireless_near_park_house_for_sale_in_k_block-54491087-5075-1.html
Gulshan e Madina Phase One Sargodha Road 11.5 Marla used House For Sale Near Main Gate,PKR 4.5 Crore,45000000,5,5,11.5 Marla,2587.5,17391,House,False,17,hot17Share on FacebookShare on TwitterShare on WhatsAppSend via GMailSend via E-Mail,84,Houses_Faisalabad,2026-07-29,https://www.zameen.com/Property/gulshan_e_madina_gulshan_e_madina_phase_1_gulshan_e_madina_phase_one_sargodha_road_11_5_marla_used_house_for_sale_near_main_gate-54529054-18300-1.html
LUXURY HOUSE FOR SALE,PKR 3.5 Crore,35000000,4,7,6 Marla,1350.0,25925,House,False,13,hot13Share on FacebookShare on TwitterShare on WhatsAppSend via GMailSend via E-Mail,84,Houses_Faisalabad,2026-07-29,https://www.zameen.com/Property/east_canal_road_abdullah_gardens_luxury_house_for_sale-54528185-4890-1.html
5 Marla luxury house for sale,PKR 2.7 Crore,27000000,3,4,5 Marla,1125.0,24000,House,False,18,hot18Share on FacebookShare on TwitterShare on WhatsAppSend via GMailSend via E-Mail,84,Houses_Faisalabad,2026-07-29,https://www.zameen.com/Property/faisalabad_eden_valley_5_marla_luxury_house_for_sale-54527814-8917-1.html
1 Kanal House Tech Town For Sale,PKR 4.75 Crore,47500000,,,1 Kanal,4500.0,10555,House,False,15,hot15Share on FacebookShare on TwitterShare on WhatsAppSend via GMailSend via E-Mail,84,Houses_Faisalabad,2026-07-29,https://www.zameen.com/Property/satiana_road_tech_town_tnt_colony_1_kanal_house_tech_town_for_sale-54453712-419-1.html
3.33 Marla Corner House,PKR 1.35 Crore,13500000,,,3 Marla,675.0,20000,House,False,3,hot3Share on FacebookShare on TwitterShare on WhatsAppSend via GMailSend via E-Mail,83,Houses_Faisalabad,2026-07-29,https://www.zameen.com/Property/jaranwala_road_sitara_park_city_3_33_marla_corner_house-54079772-12464-1.html
4 Marla House For Sale,PKR 95 Lakh,9500000,5,5,4 Marla,900.0,10555,House,False,18,18VerifiedShare on FacebookShare on TwitterShare on WhatsAppSend via GMailSend via E-Mail,89,Houses_Faisalabad,2026-07-29,https://www.zameen.com/Property/satiana_road_haseeb_shaheed_colony_4_marla_house_for_sale-54531637-743-1.html
4 Marla Brand New House For Sale,PKR 1.75 Crore,17500000,3,4,4 Marla,900.0,19444,House,False,14,14VerifiedShare on FacebookShare on TwitterShare on WhatsAppSend via GMailSend via E-Mail,89,Houses_Faisalabad,2026-07-29,https://www.zameen.com/Property/eden_gardens_eden_executive_4_marla_brand_new_house_for_sale-54531635-10765-1.html
5 Marla Brand New Luxury House For In Eden Velley Canal Road Faisalabad,PKR 2.75 Crore,27500000,3,4,5 Marla,1125.0,24444,House,False,12,12VerifiedShare on FacebookShare on TwitterShare on WhatsAppSend via GMailSend via E-Mail,89,Houses_Faisalabad,2026-07-29,https://www.zameen.com/Property/faisalabad_eden_valley_5_marla_brand_new_luxury_house_for_in_eden_velley_canal_road_faisalabad-54531629-8917-1.html
5 Marla House In Eden Executive Best Option,PKR 1.95 Crore,19500000,,,5 Marla,1125.0,17333,House,False,12,12VerifiedShare on FacebookShare on TwitterShare on WhatsAppSend via GMailSend via E-Mail,89,Houses_Faisalabad,2026-07-29,https://www.zameen.com/Property/eden_gardens_eden_executive_5_marla_house_in_eden_executive_best_option-54531631-10765-1.html
10 Marla Luxury House For Sale In Block E WAPDA City Faisalabad,PKR 4.35 Crore,43500000,5,5,10 Marla,2250.0,19333,House,True,5,5VerifiedShare on FacebookShare on TwitterShare on WhatsAppSend via GMailSend via E-Mail,88,Houses_Faisalabad,2026-07-29,https://www.zameen.com/Property/wapda_city_wapda_city_-_block_e_10_marla_luxury_house_for_sale_in_block_e_wapda_city_faisalabad-54498658-5070-1.html
2 Kanal Luxurious House For Sale In Wapda City,PKR 12 Crore,120000000,7,6,2 Kanal,9000.0,13333,House,True,22,22VerifiedShare on FacebookShare on TwitterShare on WhatsAppSend via GMailSend via E-Mail,89,Houses_Faisalabad,2026-07-29,https://www.zameen.com/Property/wapda_city_wapda_city_-_block_b_2_kanal_luxurious_house_for_sale_in_wapda_city-54503294-5067-1.html
5 Marla House For Sale,PKR 2.3 Crore,23000000,,,5 Marla,1125.0,20444,House,False,39,39VerifiedShare on FacebookShare on TwitterShare on WhatsAppSend via GMailSend via E-Mail,89,Houses_Faisalabad,2026-07-29,https://www.zameen.com/Property/eden_orchard_eden_orchard_block_y_5_marla_house_for_sale-54476059-14658-1.html
5 Marla House For Sale,PKR 2.3 Crore,23000000,,,5 Marla,1125.0,20444,House,False,39,39VerifiedShare on FacebookShare on TwitterShare on WhatsAppSend via GMailSend via E-Mail,89,Houses_Faisalabad,2026-07-29,https://www.zameen.com/Property/eden_orchard_eden_orchard_block_y_5_marla_house_for_sale-54476060-14658-1.html
3 Marla Brand New House For Sale,PKR 1.2 Crore,12000000,3,3,3 Marla,675.0,17777,House,True,6,super hot6Share on FacebookShare on TwitterShare on WhatsAppSend via GMailSend via E-Mail,89,Houses_Faisalabad,2026-07-29,https://www.zameen.com/Property/faisalabad_gulberg_valley_3_marla_brand_new_house_for_sale-54139501-10823-1.html
20 Marla Very Beautiful Brand New House Available In Abdullah Gardens Canal Road,PKR 12.5 Crore,125000000,6,6,1 Kanal,4500.0,27777,House,True,11,super hot11Share on FacebookShare on TwitterShare on WhatsAppSend via GMailSend via E-Mail,90,Houses_Faisalabad,2026-07-29,https://www.zameen.com/Property/east_canal_road_abdullah_gardens_20_marla_very_beautiful_brand_new_house_available_in_abdullah_gardens_canal_road-54452433-4890-1.html
Wapda City - Block B House Sized 10 Marla Is Available,PKR 3.97 Crore,39700000,5,7,10 Marla,2250.0,17644,House,True,25,super hot25VerifiedShare on FacebookShare on TwitterShare on WhatsAppSend via GMailSend via E-Mail,98,Houses_Faisalabad,2026-07-29,https://www.zameen.com/Property/wapda_city_wapda_city_-_block_b_wapda_city_-_block_b_house_sized_10_marla_is_available-54438682-5067-1.html
6.5 Marla Beautiful New Modern House Available For Sale,PKR 3.95 Crore,39500000,4,7,6.5 Marla,1462.5,27008,House,True,46,super hot461VerifiedShare on FacebookShare on TwitterShare on WhatsAppSend via GMailSend via E-Mail,99,Houses_Faisalabad,2026-07-29,https://www.zameen.com/Property/canal_road_divine_enclave_6_5_marla_beautiful_new_modern_house_available_for_sale-53518093-21698-1.html
Looking For A House In Eden Orchard,PKR 5.75 Crore,57500000,6,6,11 Marla,2475.0,23232,House,True,18,super hot18Share on FacebookShare on TwitterShare on WhatsAppSend via GMailSend via E-Mail,90,Houses_Faisalabad,2026-07-29,https://www.zameen.com/Property/faisalabad_eden_orchard_looking_for_a_house_in_eden_orchard-54490064-11162-1.html
17 Marla Construction 17 Marla Registry Price Triple Storey House Available For Sale In New Garden Block,PKR 7 Crore,70000000,5,6,17 Marla,3825.0,18300,House,True,40,super hot40Share on FacebookShare on TwitterShare on WhatsAppSend via GMailSend via E-Mail,90,Houses_Faisalabad,2026-07-29,https://www.zameen.com/Property/saeed_colony_saeed_colony_-_new_garden_block_17_marla_construction_17_marla_registry_price_triple_storey_house_available_for_sale_in_new_garden_block-53938292-11202-1.html
Beauty Ful New House Modern Design,PKR 2.45 Crore,24500000,4,5,5 Marla,1125.0,21777,House,True,10,super hot10Share on FacebookShare on TwitterShare on WhatsAppSend via GMailSend via E-Mail,90,Houses_Faisalabad,2026-07-29,https://www.zameen.com/Property/faisalabad_wapda_city_beauty_ful_new_house_modern_design-54410257-501-1.html
7 Marla Luxury House Available For Sale,PKR 4.4 Crore,44000000,4,5,7 Marla,1575.0,27936,House,True,46,super hot46VerifiedShare on FacebookShare on TwitterShare on WhatsAppSend via GMailSend via E-Mail,98,Houses_Faisalabad,2026-07-29,https://www.zameen.com/Property/canal_road_divine_enclave_7_marla_luxury_house_available_for_sale-53199013-21698-1.html
11.25 Marla Beautiful Double Height House Available For Sale,PKR 4.45 Crore,44500000,5,6,11.4 Marla,2565.0,17348,House,True,28,super hot28VerifiedShare on FacebookShare on TwitterShare on WhatsAppSend via GMailSend via E-Mail,98,Houses_Faisalabad,2026-07-29,https://www.zameen.com/Property/faisalabad_khayaban_gardens_11_25_marla_beautiful_double_height_house_available_for_sale-53877745-4981-1.html
5 Marla Brand New Double Storey Double Height House Available For Sale,PKR 2.6 Crore,26000000,3,5,5 Marla,1125.0,23111,House,True,21,super hot21VerifiedShare on FacebookShare on TwitterShare on WhatsAppSend via GMailSend via E-Mail,98,Houses_Faisalabad,2026-07-29,https://www.zameen.com/Property/faisalabad_eden_orchard_5_marla_brand_new_double_storey_double_height_house_available_for_sale-54494648-11162-1.html
15 Marla Beautiful House For Sale In WAPDA City Faisalabad,PKR 4.6 Crore,46000000,2,4,15 Marla,3375.0,13629,House,True,23,hot23VerifiedShare on FacebookShare on TwitterShare on WhatsAppSend via GMailSend via E-Mail,92,Houses_Faisalabad,2026-07-29,https://www.zameen.com/Property/faisalabad_wapda_city_15_marla_beautiful_house_for_sale_in_wapda_city_faisalabad-54470158-501-1.html
10 Marla Luxurious House For Sale In B Block WAPDA City,PKR 4.25 Crore,42500000,4,5,10 Marla,2250.0,18888,House,True,23,hot23VerifiedShare on FacebookShare on TwitterShare on WhatsAppSend via GMailSend via E-Mail,92,Houses_Faisalabad,2026-07-29,https://www.zameen.com/Property/wapda_city_wapda_city_-_block_b_10_marla_luxurious_house_for_sale_in_b_block_wapda_city-54470149-5067-1.html
5 MARLA FURNISHED HOUSE FOR SALE,PKR 1.7 Crore,17000000,3,4,5 Marla,1125.0,15111,House,False,16,hot16Share on FacebookShare on TwitterShare on WhatsAppSend via GMailSend via E-Mail,84,Houses_Faisalabad,2026-07-29,https://www.zameen.com/Property/citi_housing_citi_housing_sargodha_road_5_marla_furnished_house_for_sale-54532416-11229-1.html
5 Marla Victorian Style House Available For Sale In CITI HOUSING Sargodha Road Faisalabad,PKR 1.7 Crore,17000000,3,4,5 Marla,1125.0,15111,House,False,30,hot30VerifiedShare on FacebookShare on TwitterShare on WhatsAppSend via GMailSend via E-Mail,92,Houses_Faisalabad,2026-07-29,https://www.zameen.com/Property/citi_housing_citi_housing_sargodha_road_5_marla_victorian_style_house_available_for_sale_in_citi_housing_sargodha_road_faisalabad-53918986-11229-1.html
1.5-Kanal House With Beautiful Garden Near Lassani Pulli,PKR 7.5 Crore,75000000,4,5,1.5 Kanal,6750.0,11111,House,False,17,hot17Share on FacebookShare on TwitterShare on WhatsAppSend via GMailSend via E-Mail,84,Houses_Faisalabad,2026-07-29,https://www.zameen.com/Property/faisalabad_muslim_town_1_5-kanal_house_with_beautiful_garden_near_lassani_pulli-54509451-1156-1.html
10 Marla House Is Available For Sale,PKR 2.45 Crore,24500000,4,4,10 Marla,2250.0,10888,House,False,17,hot17VerifiedShare on FacebookShare on TwitterShare on WhatsAppSend via GMailSend via E-Mail,92,Houses_Faisalabad,2026-07-29,https://www.zameen.com/Property/faisalabad_millat_town_10_marla_house_is_available_for_sale-53142414-645-1.html
11 Marla Luxurious House Available For Sale in Eden Orchard lasani Pulli sargodha road,PKR 4.75 Crore,47500000,3,4,11 Marla,2475.0,19191,House,False,8,hot8VerifiedShare on FacebookShare on TwitterShare on WhatsAppSend via GMailSend via E-Mail,91,Houses_Faisalabad,2026-07-29,https://www.zameen.com/Property/faisalabad_eden_orchard_11_marla_luxurious_house_available_for_sale_in_eden_orchard_lasani_pulli_sargodha_road-53436683-11162-1.html
Want To Buy A House In Eden Orchard?,PKR 2.5 Crore,25000000,,,5 Marla,1125.0,22222,House,False,44,44VerifiedShare on FacebookShare on TwitterShare on WhatsAppSend via GMailSend via E-Mail,89,Houses_Faisalabad,2026-07-29,https://www.zameen.com/Property/faisalabad_eden_orchard_want_to_buy_a_house_in_eden_orchard-54476061-11162-1.html
5 Marla House For Sale In Rs. 23000000 Only,PKR 2.3 Crore,23000000,,,5 Marla,1125.0,20444,House,False,39,39VerifiedShare on FacebookShare on TwitterShare on WhatsAppSend via GMailSend via E-Mail,89,Houses_Faisalabad,2026-07-29,https://www.zameen.com/Property/eden_orchard_eden_orchard_block_y_5_marla_house_for_sale_in_rs_23000000_only-54476062-14658-1.html
5 Marla Brand New House Available For Sale Ismail Home Visita Home Sargodha Road Lasani Pulli,PKR 1.75 Crore,17500000,5,6,5 Marla,1125.0,15555,House,False,14,14VerifiedShare on FacebookShare on TwitterShare on WhatsAppSend via GMailSend via E-Mail,89,Houses_Faisalabad,2026-07-29,https://www.zameen.com/Property/faisalabad_vista_homes_5_marla_brand_new_house_available_for_sale_ismail_home_visita_home_sargodha_road_lasani_pulli-54531172-12143-1.html
11 Marla Like Brand New Double Storey Luxurious House Available For Sale In Khayabban Garden Lasani Pully Sargodha Road,PKR 4.5 Crore,45000000,5,6,11 Marla,2475.0,18181,House,False,7,7VerifiedShare on FacebookShare on TwitterShare on WhatsAppSend via GMailSend via E-Mail,88,Houses_Faisalabad,2026-07-29,https://www.zameen.com/Property/faisalabad_khayaban_gardens_11_marla_like_brand_new_double_storey_luxurious_house_available_for_sale_in_khayabban_garden_lasani_pully_sargodha_road-54531173-4981-1.html
5 Marla Double Storey House Available For Sale In Eden Orchard Lasani Pulli Sargodha Road Faisalabad,PKR 2.2 Crore,22000000,3,4,5 Marla,1125.0,19555,House,False,11,11VerifiedShare on FacebookShare on TwitterShare on WhatsAppSend via GMailSend via E-Mail,89,Houses_Faisalabad,2026-07-29,https://www.zameen.com/Property/faisalabad_eden_orchard_5_marla_double_storey_house_available_for_sale_in_eden_orchard_lasani_pulli_sargodha_road_faisalabad-54531171-11162-1.html
5 Marla House In Central FDA City - Block F1 For Sale,PKR 70 Lakh,7000000,,,5 Marla,1125.0,6222,House,False,5,5VerifiedShare on FacebookShare on TwitterShare on WhatsAppSend via GMailSend via E-Mail,88,Houses_Faisalabad,2026-07-29,https://www.zameen.com/Property/fda_city_fda_city_-_block_f1_5_marla_house_in_central_fda_city_-_block_f1_for_sale-54427582-14171-1.html
House Of 20 Marla Available In FDA City - Block A3,PKR 4.5 Crore,45000000,,,1 Kanal,4500.0,10000,House,False,7,7VerifiedShare on FacebookShare on TwitterShare on WhatsAppSend via GMailSend via E-Mail,88,Houses_Faisalabad,2026-07-29,https://www.zameen.com/Property/fda_city_fda_city_-_block_a3_house_of_20_marla_available_in_fda_city_-_block_a3-54427597-14148-1.html
House Of 20 Marla Available In FDA City - Block A3,PKR 4.5 Crore,45000000,,,1 Kanal,4500.0,10000,House,False,7,7VerifiedShare on FacebookShare on TwitterShare on WhatsAppSend via GMailSend via E-Mail,88,Houses_Faisalabad,2026-07-29,https://www.zameen.com/Property/fda_city_fda_city_-_block_a3_house_of_20_marla_available_in_fda_city_-_block_a3-54485182-14148-1.html
10 Marla Brand New Luxury House For Sale In Eden Orchard Sarghodha Road Faisalabad,PKR 5.25 Crore,52500000,5,6,10 Marla,2250.0,23333,House,True,44,super hot44Share on FacebookShare on TwitterShare on WhatsAppSend via GMailSend via E-Mail,90,Houses_Faisalabad,2026-07-29,https://www.zameen.com/Property/faisalabad_eden_orchard_10_marla_brand_new_luxury_house_for_sale_in_eden_orchard_sarghodha_road_faisalabad-54176884-11162-1.html
5 Marla Brand New Luxury House For Sale In Eden Orchard Lasani Pulli Sarghodha Road Faisalabad,PKR 2.6 Crore,26000000,3,4,5 Marla,1125.0,23111,House,True,21,super hot21Share on FacebookShare on TwitterShare on WhatsAppSend via GMailSend via E-Mail,90,Houses_Faisalabad,2026-07-29,https://www.zameen.com/Property/faisalabad_eden_orchard_5_marla_brand_new_luxury_house_for_sale_in_eden_orchard_lasani_pulli_sarghodha_road_faisalabad-54419057-11162-1.html
5 Marla Used House For Sale In Eden Velly,PKR 2.25 Crore,22500000,3,4,5 Marla,1125.0,20000,House,True,16,super hot16Share on FacebookShare on TwitterShare on WhatsAppSend via GMailSend via E-Mail,90,Houses_Faisalabad,2026-07-29,https://www.zameen.com/Property/faisalabad_eden_valley_5_marla_used_house_for_sale_in_eden_velly-54419138-8917-1.html
3.3 Marla Eden Executive,PKR 1.6 Crore,16000000,3,4,3.3 Marla,742.5,21548,House,True,16,super hot16Share on FacebookShare on TwitterShare on WhatsAppSend via GMailSend via E-Mail,90,Houses_Faisalabad,2026-07-29,https://www.zameen.com/Property/eden_gardens_eden_executive_3_3_marla_eden_executive-54496249-10765-1.html
4 Marla Barnd New House In Eden Executive,PKR 1.95 Crore,19500000,3,4,4 Marla,900.0,21666,House,True,17,super hot17Share on FacebookShare on TwitterShare on WhatsAppSend via GMailSend via E-Mail,90,Houses_Faisalabad,2026-07-29,https://www.zameen.com/Property/eden_gardens_eden_executive_4_marla_barnd_new_house_in_eden_executive-54491231-10765-1.html
House For Sale In Gulistan Colony Block 'H' Opposite Aziz Fatima Hospital Faislabad,PKR 2.15 Crore,21500000,4,3,8.2 Marla,1844.9999999999998,11653,House,True,25,super hot251Share on FacebookShare on TwitterShare on WhatsAppSend via GMailSend via E-Mail,91,Houses_Faisalabad,2026-07-29,https://www.zameen.com/Property/faisalabad_gulistan_colony_no_1_house_for_sale_in_gulistan_colony_block_h_opposite_aziz_fatima_hospital_faislabad-51997375-1073-1.html
Stunning House Is Available For Sale In Model City 1,PKR 1.3 Crore,13000000,3,4,5 Marla,1125.0,11555,House,True,14,super hot14Share on FacebookShare on TwitterShare on WhatsAppSend via GMailSend via E-Mail,90,Houses_Faisalabad,2026-07-29,https://www.zameen.com/Property/canal_road_model_city_1_stunning_house_is_available_for_sale_in_model_city_1-54491955-8590-1.html
12 Marla East Open Real Beauty Brand New House Available For Sale In Divine Enclave Canal Road Faisalabad,PKR 8 Crore,80000000,5,6,12 Marla,2700.0,29629,House,True,40,super hot40Share on FacebookShare on TwitterShare on WhatsAppSend via GMailSend via E-Mail,90,Houses_Faisalabad,2026-07-29,https://www.zameen.com/Property/canal_road_divine_enclave_12_marla_east_open_real_beauty_brand_new_house_available_for_sale_in_divine_enclave_canal_road_faisalabad-54330784-21698-1.html
10 MARLA HOUSE AVAILABLE FOR SALE,PKR 3.25 Crore,32500000,5,6,10 Marla,2250.0,14444,House,True,21,super hot21Share on FacebookShare on TwitterShare on WhatsAppSend via GMailSend via E-Mail,90,Houses_Faisalabad,2026-07-29,https://www.zameen.com/Property/wapda_city_wapda_city_-_block_a_10_marla_house_available_for_sale-54309400-5066-1.html
4 Marla Brand New Luxurious Home For Sale,PKR 1.95 Crore,19500000,3,4,4 Marla,900.0,21666,Unknown,True,24,super hot24Share on FacebookShare on TwitterShare on WhatsAppSend via GMailSend via E-Mail,90,Houses_Faisalabad,2026-07-29,https://www.zameen.com/Property/eden_gardens_eden_executive_4_marla_brand_new_luxurious_home_for_sale-54479529-10765-1.html
15 Marla Beautiful House Available For Sale,PKR 5.25 Crore,52500000,5,5,15 Marla,3375.0,15555,House,True,8,hot8Share on FacebookShare on TwitterShare on WhatsAppSend via GMailSend via E-Mail,83,Houses_Faisalabad,2026-07-29,https://www.zameen.com/Property/wapda_city_wapda_city_-_block_d_15_marla_beautiful_house_available_for_sale-54495701-5069-1.html
Wapda City - Block B House Sized 10 Marla For sale,PKR 4.25 Crore,42500000,,,10 Marla,2250.0,18888,House,True,5,hot5VerifiedShare on FacebookShare on TwitterShare on WhatsAppSend via GMailSend via E-Mail,91,Houses_Faisalabad,2026-07-29,https://www.zameen.com/Property/wapda_city_wapda_city_-_block_b_wapda_city_-_block_b_house_sized_10_marla_for_sale-54304542-5067-1.html
House For Sale In City Villas,PKR 1.92 Crore,19200000,4,5,7 Marla,1575.0,12190,House,False,,hotShare on FacebookShare on TwitterShare on WhatsAppSend via GMailSend via E-Mail,82,Houses_Faisalabad,2026-07-29,https://www.zameen.com/Property/samundari_road_city_villas_housing_scheme_house_for_sale_in_city_villas-54525587-11567-1.html
1 KANAL LUXURY FURNISH HOUSE AVAILABLE FOR SALE,PKR 12.5 Crore,125000000,5,6,1 Kanal,4500.0,27777,House,False,49,hot49Share on FacebookShare on TwitterShare on WhatsAppSend via GMailSend via E-Mail,84,Houses_Faisalabad,2026-07-29,https://www.zameen.com/Property/wapda_city_wapda_city_-_block_f_1_kanal_luxury_furnish_house_available_for_sale-54512869-5071-1.html
21 Marla House For Sale Madina Town Near Susan Road,PKR 6.5 Crore,65000000,6,7,1 Kanal,4500.0,14444,House,False,49,hot49Share on FacebookShare on TwitterShare on WhatsAppSend via GMailSend via E-Mail,84,Houses_Faisalabad,2026-07-29,https://www.zameen.com/Property/faisalabad_madina_town_21_marla_house_for_sale_madina_town_near_susan_road-54235475-533-1.html
Your Ideal 4 Marla House Has Just Become Available In Oasis Orchard,PKR 1.75 Crore,17500000,,,4 Marla,900.0,19444,House,False,5,hot5VerifiedShare on FacebookShare on TwitterShare on WhatsAppSend via GMailSend via E-Mail,91,Houses_Faisalabad,2026-07-29,https://www.zameen.com/Property/samundari_road_oasis_orchard_your_ideal_4_marla_house_has_just_become_available_in_oasis_orchard-54433541-17896-1.html
House Available For Sale,PKR 2.3 Crore,23000000,5,4,5 Marla,1125.0,20444,House,False,3,hot3Share on FacebookShare on TwitterShare on WhatsAppSend via GMailSend via E-Mail,83,Houses_Faisalabad,2026-07-29,https://www.zameen.com/Property/faisalabad_gulistan_colony_no_1_house_available_for_sale-54451624-1073-1.html
Prime Location FDA City - Block A2 House Sized 10 Marla,PKR 1.9 Crore,19000000,9,,10 Marla,2250.0,8444,House,False,6,6VerifiedShare on FacebookShare on TwitterShare on WhatsAppSend via GMailSend via E-Mail,88,Houses_Faisalabad,2026-07-29,https://www.zameen.com/Property/fda_city_fda_city_-_block_a2_prime_location_fda_city_-_block_a2_house_sized_10_marla-54485183-14147-1.html
House Of 20 Marla Available In FDA City - Block A3,PKR 4.5 Crore,45000000,,,1 Kanal,4500.0,10000,House,False,7,7VerifiedShare on FacebookShare on TwitterShare on WhatsAppSend via GMailSend via E-Mail,88,Houses_Faisalabad,2026-07-29,https://www.zameen.com/Property/fda_city_fda_city_-_block_a3_house_of_20_marla_available_in_fda_city_-_block_a3-54485184-14148-1.html
Stunning House Is Available For sale In FDA City - Block A4,PKR 3 Crore,30000000,,,10 Marla,2250.0,13333,House,False,6,6VerifiedShare on FacebookShare on TwitterShare on WhatsAppSend via GMailSend via E-Mail,88,Houses_Faisalabad,2026-07-29,https://www.zameen.com/Property/fda_city_fda_city_-_block_a4_stunning_house_is_available_for_sale_in_fda_city_-_block_a4-54485185-14149-1.html
A Near to Park 15 Marla House Has Landed On Market In Wapda City - Block D Of Faisalabad,PKR 5 Crore,50000000,,,15 Marla,3375.0,14814,House,False,41,41VerifiedShare on FacebookShare on TwitterShare on WhatsAppSend via GMailSend via E-Mail,89,Houses_Faisalabad,2026-07-29,https://www.zameen.com/Property/wapda_city_wapda_city_-_block_d_a_near_to_park_15_marla_house_has_landed_on_market_in_wapda_city_-_block_d_of_faisalabad-54471201-5069-1.html
"10 Marla House For Sale Near 50 Feet Wide Road WAPDA City, Block A Faisalabad",PKR 3.15 Crore,31500000,5,5,10 Marla,2250.0,14000,House,False,5,5VerifiedShare on FacebookShare on TwitterShare on WhatsAppSend via GMailSend via E-Mail,88,Houses_Faisalabad,2026-07-29,https://www.zameen.com/Property/faisalabad_wapda_city_10_marla_house_for_sale_near_50_feet_wide_road_wapda_city_block_a_faisalabad-54471202-501-1.html
6 Marla House For Sale In Khayaban Gardens,PKR 2.35 Crore,23500000,5,5,6 Marla,1350.0,17407,House,False,19,19VerifiedShare on FacebookShare on TwitterShare on WhatsAppSend via GMailSend via E-Mail,89,Houses_Faisalabad,2026-07-29,https://www.zameen.com/Property/faisalabad_khayaban_gardens_6_marla_house_for_sale_in_khayaban_gardens-54529702-4981-1.html
5.65 Marla House For Sale In Khayaban Gardens Sarghodha Road Fsd,PKR 2.75 Crore,27500000,4,5,5.6 Marla,1260.0,21825,House,False,18,18VerifiedShare on FacebookShare on TwitterShare on WhatsAppSend via GMailSend via E-Mail,89,Houses_Faisalabad,2026-07-29,https://www.zameen.com/Property/faisalabad_khayaban_gardens_5_65_marla_house_for_sale_in_khayaban_gardens_sarghodha_road_fsd-54529700-4981-1.html
New House For Sale,PKR 2.75 Crore,27500000,5,6,7 Marla,1575.0,17460,House,False,10,10Share on FacebookShare on TwitterShare on WhatsAppSend via GMailSend via E-Mail,81,Houses_Faisalabad,2026-07-29,https://www.zameen.com/Property/faisalabad_sargodha_road_new_house_for_sale-54437068-768-1.html
A House Of 5 Marla For Sale,PKR 2.25 Crore,22500000,,,5 Marla,1125.0,20000,House,True,25,super hot25Share on FacebookShare on TwitterShare on WhatsAppSend via GMailSend via E-Mail,90,Houses_Faisalabad,2026-07-29,https://www.zameen.com/Property/canal_road_model_city_1_a_house_of_5_marla_for_sale-54442149-8590-1.html
5 Marla House For Sale Available In Eden Gardens,PKR 2.25 Crore,22500000,,,5 Marla,1125.0,20000,House,True,6,super hot6VerifiedShare on FacebookShare on TwitterShare on WhatsAppSend via GMailSend via E-Mail,97,Houses_Faisalabad,2026-07-29,https://www.zameen.com/Property/eden_gardens_eden_executive_5_marla_house_for_sale_available_in_eden_gardens-54442146-10765-1.html
Beautiful House 5 Marla Rachna Town 3 Faisalabad For Sale,PKR 1.5 Crore,15000000,5,3,5 Marla,1125.0,13333,House,True,42,super hot42Share on FacebookShare on TwitterShare on WhatsAppSend via GMailSend via E-Mail,90,Houses_Faisalabad,2026-07-29,https://www.zameen.com/Property/faisalabad_rachna_town_beautiful_house_5_marla_rachna_town_3_faisalabad_for_sale-53148170-5029-1.html
House For Sale In Eden Executive,PKR 3.8 Crore,38000000,,,7 Marla,1575.0,24126,House,True,7,super hot7VerifiedShare on FacebookShare on TwitterShare on WhatsAppSend via GMailSend via E-Mail,97,Houses_Faisalabad,2026-07-29,https://www.zameen.com/Property/eden_gardens_eden_executive_house_for_sale_in_eden_executive-54329125-10765-1.html
10-Marla Brand New House For Sale,PKR 3.75 Crore,37500000,5,5,10 Marla,2250.0,16666,House,True,15,super hot15Share on FacebookShare on TwitterShare on WhatsAppSend via GMailSend via E-Mail,90,Houses_Faisalabad,2026-07-29,https://www.zameen.com/Property/faisalabad_wapda_city_10-marla_brand_new_house_for_sale-53799953-501-1.html
Get In Touch Now To Buy A 5 Marla House In Citi Housing Sargodha Road - Block C,PKR 1.7 Crore,17000000,,,5 Marla,1125.0,15111,House,True,16,super hot16VerifiedShare on FacebookShare on TwitterShare on WhatsAppSend via GMailSend via E-Mail,98,Houses_Faisalabad,2026-07-29,https://www.zameen.com/Property/citi_housing_sargodha_road_citi_housing_sargodha_road_-_block_c_get_in_touch_now_to_buy_a_5_marla_house_in_citi_housing_sargodha_road_-_block_c-54397974-14611-1.html
HOT DEAL-Furnished Kanal House For Sale,PKR 15 Crore,150000000,5,7,1 Kanal,4500.0,33333,House,True,31,super hot31Share on FacebookShare on TwitterShare on WhatsAppSend via GMailSend via E-Mail,90,Houses_Faisalabad,2026-07-29,https://www.zameen.com/Property/faisalabad_wapda_city_hot_deal-furnished_kanal_house_for_sale-54414130-501-1.html
Prime Location House For sale In Model City 2 Faisalabad,PKR 1.99 Crore,19900000,3,4,5 Marla,1125.0,17688,House,True,28,super hot281VerifiedShare on FacebookShare on TwitterShare on WhatsAppSend via GMailSend via E-Mail,99,Houses_Faisalabad,2026-07-29,https://www.zameen.com/Property/satiana_road_model_city_2_prime_location_house_for_sale_in_model_city_2_faisalabad-54408661-11572-1.html
5 Marla Double Story House Available For Sale,PKR 1.55 Crore,15500000,4,4,5 Marla,1125.0,13777,House,True,12,super hot12Share on FacebookShare on TwitterShare on WhatsAppSend via GMailSend via E-Mail,90,Houses_Faisalabad,2026-07-29,https://www.zameen.com/Property/fda_city_fda_city_-_block_f1_5_marla_double_story_house_available_for_sale-54390635-14171-1.html
10 Marla Investor Rate House For Sale,PKR 2.5 Crore,25000000,4,5,10 Marla,2250.0,11111,House,True,5,super hot5Share on FacebookShare on TwitterShare on WhatsAppSend via GMailSend via E-Mail,89,Houses_Faisalabad,2026-07-29,https://www.zameen.com/Property/citi_housing_sargodha_road_citi_housing_sargodha_road_-_block_d_10_marla_investor_rate_house_for_sale-54435412-18976-1.html
Wapda City - Block B 10 Marla House Up For Sale,PKR 3.75 Crore,37500000,,,10 Marla,2250.0,16666,House,True,7,hot7VerifiedShare on FacebookShare on TwitterShare on WhatsAppSend via GMailSend via E-Mail,91,Houses_Faisalabad,2026-07-29,https://www.zameen.com/Property/wapda_city_wapda_city_-_block_b_wapda_city_-_block_b_10_marla_house_up_for_sale-54304544-5067-1.html
1 Kanal Luxury House for Sale in Sitara Sapna City,PKR 16 Crore,160000000,7,6,1 Kanal,4500.0,35555,House,True,26,hot26Share on FacebookShare on TwitterShare on WhatsAppSend via GMailSend via E-Mail,84,Houses_Faisalabad,2026-07-29,https://www.zameen.com/Property/faisalabad_sitara_sapna_city_1_kanal_luxury_house_for_sale_in_sitara_sapna_city-54516608-1211-1.html
10 Marla Brand New House Is Available For Sale In Devine Enlave,PKR 5 Crore,50000000,5,6,10 Marla,2250.0,22222,House,False,14,hot14Share on FacebookShare on TwitterShare on WhatsAppSend via GMailSend via E-Mail,84,Houses_Faisalabad,2026-07-29,https://www.zameen.com/Property/canal_road_divine_enclave_10_marla_brand_new_house_is_available_for_sale_in_devine_enlave-54401617-21698-1.html
Luxury Brand New House Available For Sale,PKR 1.75 Crore,17500000,3,4,3 Marla,675.0,25925,House,False,9,hot9VerifiedShare on FacebookShare on TwitterShare on WhatsAppSend via GMailSend via E-Mail,91,Houses_Faisalabad,2026-07-29,https://www.zameen.com/Property/faisalabad_gulistan_colony_no_1_luxury_brand_new_house_available_for_sale-54313919-1073-1.html
4 Kanal Luxury House Available For Sale In Abdullah Garden Ayesha Block East Canal Road Faisalabad,PKR 45 Crore,450000000,6,6,4 Kanal,18000.0,25000,House,False,7,hot7Share on FacebookShare on TwitterShare on WhatsAppSend via GMailSend via E-Mail,83,Houses_Faisalabad,2026-07-29,https://www.zameen.com/Property/east_canal_road_abdullah_gardens_4_kanal_luxury_house_available_for_sale_in_abdullah_garden_ayesha_block_east_canal_road_faisalabad-54364788-4890-1.html
5 MARLA BRAND NEW HOUSE AVAILABLE FOR SALE,PKR 2.5 Crore,25000000,3,4,5 Marla,1125.0,22222,House,False,45,hot45Share on FacebookShare on TwitterShare on WhatsAppSend via GMailSend via E-Mail,84,Houses_Faisalabad,2026-07-29,https://www.zameen.com/Property/wapda_city_wapda_city_-_block_l_5_marla_brand_new_house_available_for_sale-54328464-5076-1.html
A Stunning Prime Location House Is Up For Grabs In Oasis Orchard Faisalabad,PKR 1.9 Crore,19000000,,,4 Marla,900.0,21111,House,False,6,hot6VerifiedShare on FacebookShare on TwitterShare on WhatsAppSend via GMailSend via E-Mail,91,Houses_Faisalabad,2026-07-29,https://www.zameen.com/Property/samundari_road_oasis_orchard_a_stunning_prime_location_house_is_up_for_grabs_in_oasis_orchard_faisalabad-54390752-17896-1.html
5 Marla House For Sale Madina Town Near Canal Road,PKR 2.1 Crore,21000000,4,5,5 Marla,1125.0,18666,House,False,27,27Share on FacebookShare on TwitterShare on WhatsAppSend via GMailSend via E-Mail,81,Houses_Faisalabad,2026-07-29,https://www.zameen.com/Property/faisalabad_madina_town_5_marla_house_for_sale_madina_town_near_canal_road-54094739-533-1.html
1 Kanal House For Sale in Lawyer Housing Society Canal Expressway Faisalabad,PKR 7 Crore,70000000,4,4,1 Kanal,4500.0,15555,House,True,11,11Share on FacebookShare on TwitterShare on WhatsAppSend via GMailSend via E-Mail,81,Houses_Faisalabad,2026-07-29,https://www.zameen.com/Property/faisalabad_lawyers_housing_society_1_kanal_house_for_sale_in_lawyer_housing_society_canal_expressway_faisalabad-53951880-11065-1.html
11 Marla Lavish Newly Built House Available For Sale.,PKR 7 Crore,70000000,6,7,11 Marla,2475.0,28282,House,False,5,5Share on FacebookShare on TwitterShare on WhatsAppSend via GMailSend via E-Mail,80,Houses_Faisalabad,2026-07-29,https://www.zameen.com/Property/faisalabad_eden_valley_11_marla_lavish_newly_built_house_available_for_sale-54236664-8917-1.html
19.5 Marla House For Sale Hot location In Paradise Valley,PKR 8.5 Crore,85000000,5,5,19.5 Marla,4387.5,19373,House,True,8,8Share on FacebookShare on TwitterShare on WhatsAppSend via GMailSend via E-Mail,80,Houses_Faisalabad,2026-07-29,https://www.zameen.com/Property/faisalabad_paradise_valley_19_5_marla_house_for_sale_hot_location_in_paradise_valley-54281797-5016-1.html
7 Marla Brand New House For Sake In Eden Valley,PKR 4.1 Crore,41000000,4,5,8 Marla,1800.0,22777,House,False,18,18Share on FacebookShare on TwitterShare on WhatsAppSend via GMailSend via E-Mail,81,Houses_Faisalabad,2026-07-29,https://www.zameen.com/Property/faisalabad_eden_valley_7_marla_brand_new_house_for_sake_in_eden_valley-54525267-8917-1.html
Khayaban Green 10 Marla East Open Double Story House For Sale ideal Location,PKR 2.6 Crore,26000000,4,4,10 Marla,2250.0,11555,House,False,18,18Share on FacebookShare on TwitterShare on WhatsAppSend via GMailSend via E-Mail,81,Houses_Faisalabad,2026-07-29,https://www.zameen.com/Property/satiana_road_khayaban-e-green_khayaban_green_10_marla_east_open_double_story_house_for_sale_ideal_location-54529147-11518-1.html
Spacious House Is Available In Abdullah Gardens For sale,PKR 3.4 Crore,34000000,4,5,6 Marla,1350.0,25185,House,False,16,16VerifiedShare on FacebookShare on TwitterShare on WhatsAppSend via GMailSend via E-Mail,89,Houses_Faisalabad,2026-07-29,https://www.zameen.com/Property/east_canal_road_abdullah_gardens_spacious_house_is_available_in_abdullah_gardens_for_sale-54531435-4890-1.html
ghalib city 2.7marly house usefdavailable f for sale,PKR 1.3 Crore,13000000,3,4,3.1 Marla,697.5,18637,House,False,7,7Share on FacebookShare on TwitterShare on WhatsAppSend via GMailSend via E-Mail,80,Houses_Faisalabad,2026-07-29,https://www.zameen.com/Property/faisalabad_ghalib_city_ghalib_city_2_7marly_house_usefdavailable_f_for_sale-54536497-10165-1.html
A 10 Marla House Located In Wapda City Is Available For Sale.,PKR 3.65 Crore,36500000,,,10 Marla,2250.0,16222,House,True,22,super hot22VerifiedShare on FacebookShare on TwitterShare on WhatsAppSend via GMailSend via E-Mail,98,Houses_Faisalabad,2026-07-29,https://www.zameen.com/Property/faisalabad_wapda_city_a_10_marla_house_located_in_wapda_city_is_available_for_sale-54428141-501-1.html
10 Marla Luxury House For Sale In M Block,PKR 4.75 Crore,47500000,4,5,10 Marla,2250.0,21111,House,True,29,hot29VerifiedShare on FacebookShare on TwitterShare on WhatsAppSend via GMailSend via E-Mail,92,Houses_Faisalabad,2026-07-29,https://www.zameen.com/Property/faisalabad_wapda_city_10_marla_luxury_house_for_sale_in_m_block-54373390-501-1.html
Get An Attractive House In Faisalabad Under Rs. 39000000,PKR 3.9 Crore,39000000,5,7,10 Marla,2250.0,17333,House,True,19,hot19VerifiedShare on FacebookShare on TwitterShare on WhatsAppSend via GMailSend via E-Mail,92,Houses_Faisalabad,2026-07-29,https://www.zameen.com/Property/wapda_city_wapda_city_-_block_b_get_an_attractive_house_in_faisalabad_under_rs_39000000-54447223-5067-1.html
Wapda City - Block B House Sized 10 Marla Is Available,PKR 3.97 Crore,39700000,5,7,10 Marla,2250.0,17644,House,True,26,hot26VerifiedShare on FacebookShare on TwitterShare on WhatsAppSend via GMailSend via E-Mail,92,Houses_Faisalabad,2026-07-29,https://www.zameen.com/Property/wapda_city_wapda_city_-_block_b_wapda_city_-_block_b_house_sized_10_marla_is_available-54447227-5067-1.html
Get An Attractive House In Faisalabad Under Rs. 39000000,PKR 3.9 Crore,39000000,5,7,10 Marla,2250.0,17333,House,True,19,hot19Share on FacebookShare on TwitterShare on WhatsAppSend via GMailSend via E-Mail,84,Houses_Faisalabad,2026-07-29,https://www.zameen.com/Property/wapda_city_wapda_city_-_block_b_get_an_attractive_house_in_faisalabad_under_rs_39000000-54438724-5067-1.html
"10 Marla Beautiful Used House Available For Sale In Abdullah Gardens , Price Is Almost Final Please Don'T Bargain",PKR 4.95 Crore,49500000,4,6,10 Marla,2250.0,22000,House,True,9,hot9Share on FacebookShare on TwitterShare on WhatsAppSend via GMailSend via E-Mail,83,Houses_Faisalabad,2026-07-29,https://www.zameen.com/Property/east_canal_road_abdullah_gardens_10_marla_beautiful_used_house_available_for_sale_in_abdullah_gardens_price_is_almost_final_please_don_t_bargain-54393663-4890-1.html
Wapda City - Block B House Sized 10 Marla Is Available,PKR 3.97 Crore,39700000,5,7,10 Marla,2250.0,17644,House,True,26,hot26VerifiedShare on FacebookShare on TwitterShare on WhatsAppSend via GMailSend via E-Mail,92,Houses_Faisalabad,2026-07-29,https://www.zameen.com/Property/wapda_city_wapda_city_-_block_b_wapda_city_-_block_b_house_sized_10_marla_is_available-54459696-5067-1.html
Luxury 4 Marla Brand New House For Sale,PKR 1.58 Crore,15800000,3,3,4 Marla,900.0,17555,House,True,16,hot16Share on FacebookShare on TwitterShare on WhatsAppSend via GMailSend via E-Mail,84,Houses_Faisalabad,2026-07-29,https://www.zameen.com/Property/lower_canal_road_green_orchard_luxury_4_marla_brand_new_house_for_sale-54333361-15298-1.html
Luxurious 4 Kanal Modern State Of The Art Bungalow For Sale In Abdullah Garden Faisalabad,PKR 45 Crore,450000000,6,7,4 Kanal,18000.0,25000,House,True,10,hot101Share on FacebookShare on TwitterShare on WhatsAppSend via GMailSend via E-Mail,85,Houses_Faisalabad,2026-07-29,https://www.zameen.com/Property/east_canal_road_abdullah_gardens_luxurious_4_kanal_modern_state_of_the_art_bungalow_for_sale_in_abdullah_garden_faisalabad-52047039-4890-1.html
1 Kanal Luxury House For Sale In Judicial Housing Society Faisalabad,PKR 5.5 Crore,55000000,4,5,1 Kanal,4500.0,12222,House,True,9,hot9Share on FacebookShare on TwitterShare on WhatsAppSend via GMailSend via E-Mail,83,Houses_Faisalabad,2026-07-29,https://www.zameen.com/Property/faisalabad_judicial_employees_coop_housing_society_1_kanal_luxury_house_for_sale_in_judicial_housing_society_faisalabad-53886789-4969-1.html
Brand New Corner Furnished 13.5 Marla House For Sale in Wadie Sitara Faisalabad,PKR 8 Crore,80000000,4,5,13 Marla,2925.0,27350,House,True,32,hot321Share on FacebookShare on TwitterShare on WhatsAppSend via GMailSend via E-Mail,85,Houses_Faisalabad,2026-07-29,https://www.zameen.com/Property/faisalabad_canal_road_brand_new_corner_furnished_13_5_marla_house_for_sale_in_wadie_sitara_faisalabad-53874404-1140-1.html
4 Bed House 5 Marla Luxury House,PKR 2.7 Crore,27000000,2,5,5 Marla,1125.0,24000,House,True,40,hot40Share on FacebookShare on TwitterShare on WhatsAppSend via GMailSend via E-Mail,84,Houses_Faisalabad,2026-07-29,https://www.zameen.com/Property/faisalabad_eden_valley_4_bed_house_5_marla_luxury_house-53689373-8917-1.html
In Green Valley House Sized 7 Marla For Sale,PKR 3.7 Crore,37000000,,,7 Marla,1575.0,23492,House,False,8,hot8VerifiedShare on FacebookShare on TwitterShare on WhatsAppSend via GMailSend via E-Mail,91,Houses_Faisalabad,2026-07-29,https://www.zameen.com/Property/samundari_road_green_valley_in_green_valley_house_sized_7_marla_for_sale-54390751-11199-1.html
Affordable Prime Location House For Sale In Oasis Orchard,PKR 2 Crore,20000000,,,4 Marla,900.0,22222,House,False,24,hot24VerifiedShare on FacebookShare on TwitterShare on WhatsAppSend via GMailSend via E-Mail,92,Houses_Faisalabad,2026-07-29,https://www.zameen.com/Property/samundari_road_oasis_orchard_affordable_prime_location_house_for_sale_in_oasis_orchard-54506480-17896-1.html
10 Marla Home In Citi Housing Samundri Road,PKR 3.5 Crore,35000000,5,5,10 Marla,2250.0,15555,House,False,27,hot27VerifiedShare on FacebookShare on TwitterShare on WhatsAppSend via GMailSend via E-Mail,92,Houses_Faisalabad,2026-07-29,https://www.zameen.com/Property/citi_housing_citi_housing_samundri_road_10_marla_home_in_citi_housing_samundri_road-54460820-11230-1.html
Book A Prime Location 7 Marla House In Green Valley,PKR 3.65 Crore,36500000,4,3,7 Marla,1575.0,23174,House,False,17,hot17VerifiedShare on FacebookShare on TwitterShare on WhatsAppSend via GMailSend via E-Mail,92,Houses_Faisalabad,2026-07-29,https://www.zameen.com/Property/samundari_road_green_valley_book_a_prime_location_7_marla_house_in_green_valley-54438569-11199-1.html
Buy A Prime Location 4 Marla House For Sale In Oasis Orchard,PKR 1.9 Crore,19000000,,,4 Marla,900.0,21111,House,False,5,hot5VerifiedShare on FacebookShare on TwitterShare on WhatsAppSend via GMailSend via E-Mail,91,Houses_Faisalabad,2026-07-29,https://www.zameen.com/Property/samundari_road_oasis_orchard_buy_a_prime_location_4_marla_house_for_sale_in_oasis_orchard-54438573-17896-1.html
al noor Garden 3 marly brand new house available for sale,PKR 1.35 Crore,13500000,3,4,3 Marla,675.0,20000,House,False,13,13Share on FacebookShare on TwitterShare on WhatsAppSend via GMailSend via E-Mail,81,Houses_Faisalabad,2026-07-29,https://www.zameen.com/Property/faisalabad_al_noor_garden_al_noor_garden_3_marly_brand_new_house_available_for_sale-54536475-8916-1.html
gullbergh velly lower canal 2.5 marly brand new house available for sale,PKR 95 Lakh,9500000,3,4,2.9 Marla,652.5,14559,House,False,7,7Share on FacebookShare on TwitterShare on WhatsAppSend via GMailSend via E-Mail,80,Houses_Faisalabad,2026-07-29,https://www.zameen.com/Property/faisalabad_gulberg_valley_gullbergh_velly_lower_canal_2_5_marly_brand_new_house_available_for_sale-54536465-10823-1.html
5 Marla Double Storey House,PKR 1.9 Crore,19000000,,,5 Marla,1125.0,16888,House,False,35,35Share on FacebookShare on TwitterShare on WhatsAppSend via GMailSend via E-Mail,81,Houses_Faisalabad,2026-07-29,https://www.zameen.com/Property/jaranwala_road_sitara_park_city_5_marla_double_storey_house-54323661-12464-1.html
4 Marla Brand New House For Sale Green Orchard,PKR 1.65 Crore,16500000,4,4,4 Marla,900.0,18333,House,False,16,16Share on FacebookShare on TwitterShare on WhatsAppSend via GMailSend via E-Mail,81,Houses_Faisalabad,2026-07-29,https://www.zameen.com/Property/lower_canal_road_green_orchard_4_marla_brand_new_house_for_sale_green_orchard-54370309-15298-1.html
10 Marla House For Sale Madina Town Canal Road,PKR 3.5 Crore,35000000,5,5,10 Marla,2250.0,15555,House,False,14,14Share on FacebookShare on TwitterShare on WhatsAppSend via GMailSend via E-Mail,81,Houses_Faisalabad,2026-07-29,https://www.zameen.com/Property/faisalabad_madina_town_10_marla_house_for_sale_madina_town_canal_road-54271372-533-1.html
Prime Location Madina Town House Sized 5 Marla Is Available,PKR 1.65 Crore,16500000,,,5 Marla,1125.0,14666,House,False,6,6Share on FacebookShare on TwitterShare on WhatsAppSend via GMailSend via E-Mail,80,Houses_Faisalabad,2026-07-29,https://www.zameen.com/Property/faisalabad_madina_town_prime_location_madina_town_house_sized_5_marla_is_available-54432768-533-1.html
"Ideal 1 Kanal House For Sale at Kohinoor City, jaranwala Road Faisalabad Punjab",PKR 15 Crore,150000000,6,7,1 Kanal,4500.0,33333,House,True,4,4Share on FacebookShare on TwitterShare on WhatsAppSend via GMailSend via E-Mail,80,Houses_Faisalabad,2026-07-29,https://www.zameen.com/Property/faisalabad_kohinoor_city_ideal_1_kanal_house_for_sale_at_kohinoor_city_jaranwala_road_faisalabad_punjab-54528738-1360-1.html
5 Marla Double Story House 85 Feet Road,PKR 1.8 Crore,18000000,,,5 Marla,1125.0,16000,House,False,5,5Share on FacebookShare on TwitterShare on WhatsAppSend via GMailSend via E-Mail,80,Houses_Faisalabad,2026-07-29,https://www.zameen.com/Property/jaranwala_road_sitara_park_city_5_marla_double_story_house_85_feet_road-54467862-12464-1.html
7 Marla Brand New House Eden Valley,PKR 4 Crore,40000000,4,5,7 Marla,1575.0,25396,House,True,18,hot18Share on FacebookShare on TwitterShare on WhatsAppSend via GMailSend via E-Mail,84,Houses_Faisalabad,2026-07-29,https://www.zameen.com/Property/faisalabad_eden_valley_7_marla_brand_new_house_eden_valley-53934858-8917-1.html
7 Marla Brand New House,PKR 4.1 Crore,41000000,5,6,7 Marla,1575.0,26031,House,True,40,hot40Share on FacebookShare on TwitterShare on WhatsAppSend via GMailSend via E-Mail,84,Houses_Faisalabad,2026-07-29,https://www.zameen.com/Property/faisalabad_eden_valley_7_marla_brand_new_house-53938787-8917-1.html
5 Marla Eden Valley Brand New House,PKR 2.65 Crore,26500000,3,4,5 Marla,1125.0,23555,House,True,19,hot19Share on FacebookShare on TwitterShare on WhatsAppSend via GMailSend via E-Mail,84,Houses_Faisalabad,2026-07-29,https://www.zameen.com/Property/faisalabad_eden_valley_5_marla_eden_valley_brand_new_house-53938992-8917-1.html
7 Marla Brand New House Divine Enclave,PKR 4 Crore,40000000,4,5,7 Marla,1575.0,25396,House,True,11,hot11Share on FacebookShare on TwitterShare on WhatsAppSend via GMailSend via E-Mail,84,Houses_Faisalabad,2026-07-29,https://www.zameen.com/Property/faisalabad_canal_road_7_marla_brand_new_house_divine_enclave-53993481-1140-1.html
7. MARLA HOUSE Double Storey Registry,PKR 3.5 Crore,35000000,4,5,7 Marla,1575.0,22222,House,True,30,hot30Share on FacebookShare on TwitterShare on WhatsAppSend via GMailSend via E-Mail,84,Houses_Faisalabad,2026-07-29,https://www.zameen.com/Property/canal_road_model_city_1_7_marla_house_double_storey_registry-54150958-8590-1.html
7 Marla Brand new House Model city 1 For Sale,PKR 3.5 Crore,35000000,4,5,7 Marla,1575.0,22222,House,True,17,hot17Share on FacebookShare on TwitterShare on WhatsAppSend via GMailSend via E-Mail,84,Houses_Faisalabad,2026-07-29,https://www.zameen.com/Property/canal_road_model_city_1_7_marla_brand_new_house_model_city_1_for_sale-54306077-8590-1.html
6 Marla 5 Bed House For Sale In Eden Valley,PKR 3.6 Crore,36000000,3,6,6 Marla,1350.0,26666,House,True,39,hot39Share on FacebookShare on TwitterShare on WhatsAppSend via GMailSend via E-Mail,84,Houses_Faisalabad,2026-07-29,https://www.zameen.com/Property/faisalabad_eden_valley_6_marla_5_bed_house_for_sale_in_eden_valley-54318366-8917-1.html
Eden Valley 6 Marla House,PKR 3.6 Crore,36000000,5,6,6 Marla,1350.0,26666,House,True,6,hot6Share on FacebookShare on TwitterShare on WhatsAppSend via GMailSend via E-Mail,83,Houses_Faisalabad,2026-07-29,https://www.zameen.com/Property/faisalabad_eden_valley_eden_valley_6_marla_house-54369558-8917-1.html
Eden Valley 7 Marla Brand New House For Sale,PKR 3.8 Crore,38000000,4,6,7 Marla,1575.0,24126,House,True,39,hot39Share on FacebookShare on TwitterShare on WhatsAppSend via GMailSend via E-Mail,84,Houses_Faisalabad,2026-07-29,https://www.zameen.com/Property/faisalabad_eden_valley_eden_valley_7_marla_brand_new_house_for_sale-53198898-8917-1.html
Model City 10 Marla House,PKR 5.5 Crore,55000000,5,6,10 Marla,2250.0,24444,House,True,1,hot1Share on FacebookShare on TwitterShare on WhatsAppSend via GMailSend via E-Mail,83,Houses_Faisalabad,2026-07-29,https://www.zameen.com/Property/faisalabad_eden_valley_model_city_10_marla_house-53012405-8917-1.html
5.25 Marla House 4 Bed New Garden Block,PKR 2.7 Crore,27000000,2,5,5.2 Marla,1170.0,23076,House,True,1,hot1Share on FacebookShare on TwitterShare on WhatsAppSend via GMailSend via E-Mail,83,Houses_Faisalabad,2026-07-29,https://www.zameen.com/Property/saeed_colony_saeed_colony_-_new_garden_block_5_25_marla_house_4_bed_new_garden_block-54145599-11202-1.html
20 Marla House 5 Bedrooms,PKR 6.5 Crore,65000000,6,6,1 Kanal,4500.0,14444,House,True,,hotShare on FacebookShare on TwitterShare on WhatsAppSend via GMailSend via E-Mail,82,Houses_Faisalabad,2026-07-29,https://www.zameen.com/Property/faisalabad_canal_road_20_marla_house_5_bedrooms-54161223-1140-1.html
Prime Location Oasis Orchard House Sized 5 Marla,PKR 2.4 Crore,24000000,,,5 Marla,1125.0,21333,House,False,5,hot5VerifiedShare on FacebookShare on TwitterShare on WhatsAppSend via GMailSend via E-Mail,91,Houses_Faisalabad,2026-07-29,https://www.zameen.com/Property/samundari_road_oasis_orchard_prime_location_oasis_orchard_house_sized_5_marla-54438576-17896-1.html
Prime Location Oasis Orchard House For Sale Sized 4 Marla,PKR 1.95 Crore,19500000,,,4 Marla,900.0,21666,House,False,7,hot7VerifiedShare on FacebookShare on TwitterShare on WhatsAppSend via GMailSend via E-Mail,91,Houses_Faisalabad,2026-07-29,https://www.zameen.com/Property/samundari_road_oasis_orchard_prime_location_oasis_orchard_house_for_sale_sized_4_marla-54438571-17896-1.html
8 Marla House For Sale In Beautiful Green Valley,PKR 3.95 Crore,39500000,,,8 Marla,1800.0,21944,House,False,5,hot5VerifiedShare on FacebookShare on TwitterShare on WhatsAppSend via GMailSend via E-Mail,91,Houses_Faisalabad,2026-07-29,https://www.zameen.com/Property/samundari_road_green_valley_8_marla_house_for_sale_in_beautiful_green_valley-54506492-11199-1.html
Centrally Located House Available In Green Valley For Sale,PKR 3.1 Crore,31000000,,,7 Marla,1575.0,19682,House,False,5,hot5VerifiedShare on FacebookShare on TwitterShare on WhatsAppSend via GMailSend via E-Mail,91,Houses_Faisalabad,2026-07-29,https://www.zameen.com/Property/samundari_road_green_valley_centrally_located_house_available_in_green_valley_for_sale-54487968-11199-1.html
5 Marla Double Storey NEW Brand House Available For Sale In Eden Orchard Sargodha Road,PKR 2.2 Crore,22000000,3,5,5 Marla,1125.0,19555,House,False,15,hot15VerifiedShare on FacebookShare on TwitterShare on WhatsAppSend via GMailSend via E-Mail,92,Houses_Faisalabad,2026-07-29,https://www.zameen.com/Property/faisalabad_eden_orchard_5_marla_double_storey_new_brand_house_available_for_sale_in_eden_orchard_sargodha_road-54280797-11162-1.html
Fair-Priced 5 Marla House Available In Wapda City - Block L,PKR 2 Crore,20000000,,,5 Marla,1125.0,17777,House,True,10,10VerifiedShare on FacebookShare on TwitterShare on WhatsAppSend via GMailSend via E-Mail,89,Houses_Faisalabad,2026-07-29,https://www.zameen.com/Property/wapda_city_wapda_city_-_block_l_fair-priced_5_marla_house_available_in_wapda_city_-_block_l-54531871-5076-1.html
Corner Sale The Ideally Located House For An Incredible Price Of Pkr Rs. 24500000,PKR 2.45 Crore,24500000,,,7 Marla,1575.0,15555,House,False,7,7VerifiedShare on FacebookShare on TwitterShare on WhatsAppSend via GMailSend via E-Mail,88,Houses_Faisalabad,2026-07-29,https://www.zameen.com/Property/faisalabad_al_noor_garden_corner_sale_the_ideally_located_house_for_an_incredible_price_of_pkr_rs_24500000-54478969-8916-1.html
20 Marla Solid Construction House Saeed Colony,PKR 10 Crore,100000000,7,6,1 Kanal,4500.0,22222,House,True,5,5VerifiedShare on FacebookShare on TwitterShare on WhatsAppSend via GMailSend via E-Mail,88,Houses_Faisalabad,2026-07-29,https://www.zameen.com/Property/faisalabad_saeed_colony_20_marla_solid_construction_house_saeed_colony-54531678-582-1.html
5 Marla Brand New Luxury House For Sale,PKR 2.4 Crore,24000000,3,4,5 Marla,1125.0,21333,House,False,24,24VerifiedShare on FacebookShare on TwitterShare on WhatsAppSend via GMailSend via E-Mail,89,Houses_Faisalabad,2026-07-29,https://www.zameen.com/Property/eden_gardens_eden_executive_5_marla_brand_new_luxury_house_for_sale-54531641-10765-1.html
5 Marla Brand Full Luxurious House For Sale,PKR 2.8 Crore,28000000,3,4,5 Marla,1125.0,24888,House,False,20,20VerifiedShare on FacebookShare on TwitterShare on WhatsAppSend via GMailSend via E-Mail,89,Houses_Faisalabad,2026-07-29,https://www.zameen.com/Property/faisalabad_eden_valley_5_marla_brand_full_luxurious_house_for_sale-54531639-8917-1.html
7 Marla Houses Good Condition For Sale,PKR 3.25 Crore,32500000,4,5,7 Marla,1575.0,20634,House,False,20,20VerifiedShare on FacebookShare on TwitterShare on WhatsAppSend via GMailSend via E-Mail,89,Houses_Faisalabad,2026-07-29,https://www.zameen.com/Property/eden_gardens_eden_executive_7_marla_houses_good_condition_for_sale-54531634-10765-1.html
7 Marla Park Facing Luxurious House For In Eden Executive,PKR 3.75 Crore,37500000,4,5,7 Marla,1575.0,23809,House,False,11,11VerifiedShare on FacebookShare on TwitterShare on WhatsAppSend via GMailSend via E-Mail,89,Houses_Faisalabad,2026-07-29,https://www.zameen.com/Property/eden_gardens_eden_executive_7_marla_park_facing_luxurious_house_for_in_eden_executive-54531632-10765-1.html
5 Marla luxury house for sale in Eden velley,PKR 2.75 Crore,27500000,3,4,5 Marla,1125.0,24444,House,False,19,19VerifiedShare on FacebookShare on TwitterShare on WhatsAppSend via GMailSend via E-Mail,89,Houses_Faisalabad,2026-07-29,https://www.zameen.com/Property/faisalabad_eden_valley_5_marla_luxury_house_for_sale_in_eden_velley-54531630-8917-1.html
20 Marla Fully Furnished Modern House For Sale In Abdullah Garden Main Canal Road,PKR 14 Crore,140000000,5,6,1 Kanal,4500.0,31111,House,True,18,hot18VerifiedShare on FacebookShare on TwitterShare on WhatsAppSend via GMailSend via E-Mail,92,Houses_Faisalabad,2026-07-29,https://www.zameen.com/Property/faisalabad_abdullah_garden_20_marla_fully_furnished_modern_house_for_sale_in_abdullah_garden_main_canal_road-53482264-15268-1.html
10 Marla Modern Brand New House For Sale In Canal Garden Main Canal Road Faisalabad,PKR 5.15 Crore,51500000,4,5,10 Marla,2250.0,22888,House,True,14,hot14VerifiedShare on FacebookShare on TwitterShare on WhatsAppSend via GMailSend via E-Mail,92,Houses_Faisalabad,2026-07-29,https://www.zameen.com/Property/faisalabad_canal_road_10_marla_modern_brand_new_house_for_sale_in_canal_garden_main_canal_road_faisalabad-53482339-1140-1.html
7 Marla Facing Park Eden Executive,PKR 3.6 Crore,36000000,4,5,7 Marla,1575.0,22857,Unknown,True,37,hot37Share on FacebookShare on TwitterShare on WhatsAppSend via GMailSend via E-Mail,84,Houses_Faisalabad,2026-07-29,https://www.zameen.com/Property/eden_gardens_eden_executive_7_marla_facing_park_eden_executive-53766148-10765-1.html
14 Marla House For Sale In Saed Colony 2,PKR 5 Crore,50000000,6,6,14 Marla,3150.0,15873,House,True,3,hot3Share on FacebookShare on TwitterShare on WhatsAppSend via GMailSend via E-Mail,83,Houses_Faisalabad,2026-07-29,https://www.zameen.com/Property/faisalabad_saeed_colony_14_marla_house_for_sale_in_saed_colony_2-54415432-582-1.html
5 Marla House 208 Chak Societies,PKR 2.1 Crore,21000000,3,4,5 Marla,1125.0,18666,House,True,1,hot1Share on FacebookShare on TwitterShare on WhatsAppSend via GMailSend via E-Mail,83,Houses_Faisalabad,2026-07-29,https://www.zameen.com/Property/faisalabad_canal_road_5_marla_house_208_chak_societies-53938897-1140-1.html
7 Marla Brand New Stylish & Solid House,PKR 4.1 Crore,41000000,5,6,7 Marla,1575.0,26031,House,True,40,hot40Share on FacebookShare on TwitterShare on WhatsAppSend via GMailSend via E-Mail,84,Houses_Faisalabad,2026-07-29,https://www.zameen.com/Property/faisalabad_canal_road_7_marla_brand_new_stylish_solid_house-53938934-1140-1.html
Canal Road Brand New House Sized 6 Marla Is Available For Sale,PKR 3.6 Crore,36000000,5,6,6 Marla,1350.0,26666,House,True,39,hot39Share on FacebookShare on TwitterShare on WhatsAppSend via GMailSend via E-Mail,84,Houses_Faisalabad,2026-07-29,https://www.zameen.com/Property/faisalabad_canal_road_canal_road_brand_new_house_sized_6_marla_is_available_for_sale-54233339-1140-1.html
Get A 15 Marla House For Sale In Wapda City - Block D,PKR 4.5 Crore,45000000,,,15 Marla,3375.0,13333,House,True,30,hot30VerifiedShare on FacebookShare on TwitterShare on WhatsAppSend via GMailSend via E-Mail,92,Houses_Faisalabad,2026-07-29,https://www.zameen.com/Property/wapda_city_wapda_city_-_block_d_get_a_15_marla_house_for_sale_in_wapda_city_-_block_d-54413120-5069-1.html
19 Marla Used Beautiful House Available For Sale In Z Block Madina Town,PKR 6.25 Crore,62500000,8,6,19 Marla,4275.0,14619,House,True,7,hot7Share on FacebookShare on TwitterShare on WhatsAppSend via GMailSend via E-Mail,83,Houses_Faisalabad,2026-07-29,https://www.zameen.com/Property/faisalabad_madina_town_19_marla_used_beautiful_house_available_for_sale_in_z_block_madina_town-54452457-533-1.html
"3 Marla Brand New House Eden Executive, Price Is Almost Final Please Don't Negotiate Maybe Slightly Negotiable On Tokan But It'S Not Confirmed",PKR 1.2 Crore,12000000,3,4,3 Marla,675.0,17777,House,True,11,hot11Share on FacebookShare on TwitterShare on WhatsAppSend via GMailSend via E-Mail,84,Houses_Faisalabad,2026-07-29,https://www.zameen.com/Property/faisalabad_canal_road_3_marla_brand_new_house_eden_executive_price_is_almost_final_please_don_t_negotiate_maybe_slightly_negotiable_on_tokan_but_it_s_not_confirmed-54393657-1140-1.html
10 Marla Brand New Double Storey House Available For Sale In Gulshan E Madina Phase 1 Sargodha Road,PKR 4.4 Crore,44000000,5,6,10 Marla,2250.0,19555,House,False,12,hot12VerifiedShare on FacebookShare on TwitterShare on WhatsAppSend via GMailSend via E-Mail,92,Houses_Faisalabad,2026-07-29,https://www.zameen.com/Property/gulshan_e_madina_gulshan_e_madina_phase_1_10_marla_brand_new_double_storey_house_available_for_sale_in_gulshan_e_madina_phase_1_sargodha_road-54280801-18300-1.html
4 Marla Park Facing Good Condition House For Sale,PKR 1.7 Crore,17000000,3,4,4 Marla,900.0,18888,House,False,17,hot17Share on FacebookShare on TwitterShare on WhatsAppSend via GMailSend via E-Mail,84,Houses_Faisalabad,2026-07-29,https://www.zameen.com/Property/faisalabad_ghalib_city_4_marla_park_facing_good_condition_house_for_sale-54510271-10165-1.html
5 Marla Brand New House For Sale In Eden Valley Extra Odinary Beautiful Having 3 Beds 4 Washrooms Store 2 Kicthen 2 Living,PKR 2.6 Crore,26000000,2,2,5 Marla,1125.0,23111,House,False,16,hot16Share on FacebookShare on TwitterShare on WhatsAppSend via GMailSend via E-Mail,84,Houses_Faisalabad,2026-07-29,https://www.zameen.com/Property/faisalabad_eden_valley_5_marla_brand_new_house_for_sale_in_eden_valley_extra_odinary_beautiful_having_3_beds_4_washrooms_store_2_kicthen_2_living-53124569-8917-1.html
2.75 Marla Brand New House For Sale For In Eden Executive Golden Chance To Purchase This House,PKR 1.25 Crore,12500000,3,4,2.7 Marla,607.5,20576,House,False,12,hot12Share on FacebookShare on TwitterShare on WhatsAppSend via GMailSend via E-Mail,84,Houses_Faisalabad,2026-07-29,https://www.zameen.com/Property/eden_gardens_eden_executive_2_75_marla_brand_new_house_for_sale_for_in_eden_executive_golden_chance_to_purchase_this_house-54227860-10765-1.html
5 Marla House For Sale In Beautiful Eden Valley,PKR 2.8 Crore,28000000,3,4,5 Marla,1125.0,24888,House,False,12,hot12Share on FacebookShare on TwitterShare on WhatsAppSend via GMailSend via E-Mail,84,Houses_Faisalabad,2026-07-29,https://www.zameen.com/Property/faisalabad_eden_valley_5_marla_house_for_sale_in_beautiful_eden_valley-54227864-8917-1.html
7 Marla Brand New House For Sale In Eden Valley At Very Resonable Price Its Limited Time Offer,PKR 3.6 Crore,36000000,4,5,7 Marla,1575.0,22857,House,False,46,hot46Share on FacebookShare on TwitterShare on WhatsAppSend via GMailSend via E-Mail,84,Houses_Faisalabad,2026-07-29,https://www.zameen.com/Property/faisalabad_eden_valley_7_marla_brand_new_house_for_sale_in_eden_valley_at_very_resonable_price_its_limited_time_offer-53493139-8917-1.html
5 Marla Brand New House For Sale In Eden Valley,PKR 2.65 Crore,26500000,3,4,5 Marla,1125.0,23555,House,False,6,hot6Share on FacebookShare on TwitterShare on WhatsAppSend via GMailSend via E-Mail,83,Houses_Faisalabad,2026-07-29,https://www.zameen.com/Property/faisalabad_eden_valley_5_marla_brand_new_house_for_sale_in_eden_valley-54280009-8917-1.html
7 Marla Luxury Brand New House For Sale,PKR 4.25 Crore,42500000,5,6,7 Marla,1575.0,26984,House,False,29,29VerifiedShare on FacebookShare on TwitterShare on WhatsAppSend via GMailSend via E-Mail,89,Houses_Faisalabad,2026-07-29,https://www.zameen.com/Property/faisalabad_eden_valley_7_marla_luxury_brand_new_house_for_sale-54531628-8917-1.html
5 Marla Luxurious House,PKR 2.8 Crore,28000000,4,5,5 Marla,1125.0,24888,House,False,18,18VerifiedShare on FacebookShare on TwitterShare on WhatsAppSend via GMailSend via E-Mail,89,Houses_Faisalabad,2026-07-29,https://www.zameen.com/Property/faisalabad_eden_valley_5_marla_luxurious_house-54531626-8917-1.html
12 Marla Luxurious Brand New House For Sale,PKR 8 Crore,80000000,5,6,12 Marla,2700.0,29629,House,False,19,19VerifiedShare on FacebookShare on TwitterShare on WhatsAppSend via GMailSend via E-Mail,89,Houses_Faisalabad,2026-07-29,https://www.zameen.com/Property/canal_road_divine_enclave_12_marla_luxurious_brand_new_house_for_sale-54531625-21698-1.html
Ideally Located House For Sale In Eden Valley - Block F Available,PKR 4.25 Crore,42500000,,,7 Marla,1575.0,26984,House,False,14,14VerifiedShare on FacebookShare on TwitterShare on WhatsAppSend via GMailSend via E-Mail,89,Houses_Faisalabad,2026-07-29,https://www.zameen.com/Property/eden_valley_eden_valley_-_block_f_ideally_located_house_for_sale_in_eden_valley_-_block_f_available-54531427-19081-1.html
5 Marla Brand New Luxury House In WAPDA City Faisalabad,PKR 2.1 Crore,21000000,3,4,5 Marla,1125.0,18666,House,True,18,18VerifiedShare on FacebookShare on TwitterShare on WhatsAppSend via GMailSend via E-Mail,89,Houses_Faisalabad,2026-07-29,https://www.zameen.com/Property/wapda_city_wapda_city_-_block_l_5_marla_brand_new_luxury_house_in_wapda_city_faisalabad-54470159-5076-1.html
4 Marla Double Storey House Available For Sale In Muslim Town 1 Sargodha Road,PKR 1.4 Crore,14000000,4,5,4 Marla,900.0,15555,House,False,12,12VerifiedShare on FacebookShare on TwitterShare on WhatsAppSend via GMailSend via E-Mail,89,Houses_Faisalabad,2026-07-29,https://www.zameen.com/Property/faisalabad_muslim_town_4_marla_double_storey_house_available_for_sale_in_muslim_town_1_sargodha_road-54531170-1156-1.html
10 Marla House On Reasonable Price,PKR 2.75 Crore,27500000,5,5,10 Marla,2250.0,12222,House,False,19,19VerifiedShare on FacebookShare on TwitterShare on WhatsAppSend via GMailSend via E-Mail,89,Houses_Faisalabad,2026-07-29,https://www.zameen.com/Property/citi_housing_sargodha_road_citi_housing_sargodha_road_-_block_c_10_marla_house_on_reasonable_price-54444175-14611-1.html
Fair-Priced 15 Marla House Available In Wapda City,PKR 4.3 Crore,43000000,6,6,10 Marla,2250.0,19111,House,True,7,7VerifiedShare on FacebookShare on TwitterShare on WhatsAppSend via GMailSend via E-Mail,88,Houses_Faisalabad,2026-07-29,https://www.zameen.com/Property/faisalabad_wapda_city_fair-priced_15_marla_house_available_in_wapda_city-54447221-501-1.html
5 Marla Brand New House Uktra Moderen Having 4 Beds For Details Plz Contact,PKR 2.95 Crore,29500000,2,5,5 Marla,1125.0,26222,House,False,33,hot33Share on FacebookShare on TwitterShare on WhatsAppSend via GMailSend via E-Mail,84,Houses_Faisalabad,2026-07-29,https://www.zameen.com/Property/faisalabad_eden_valley_5_marla_brand_new_house_uktra_moderen_having_4_beds_for_details_plz_contact-54433991-8917-1.html
Beautiful New House For Sale,PKR 3.85 Crore,38500000,5,6,10 Marla,2250.0,17111,House,False,21,hot21Share on FacebookShare on TwitterShare on WhatsAppSend via GMailSend via E-Mail,84,Houses_Faisalabad,2026-07-29,https://www.zameen.com/Property/faisalabad_wapda_city_beautiful_new_house_for_sale-54239031-501-1.html
11 Marla Double Storey New Brand Luxury House For Sale In Eden Orchard Sargodha,PKR 5 Crore,50000000,3,5,11 Marla,2475.0,20202,House,False,48,hot48Share on FacebookShare on TwitterShare on WhatsAppSend via GMailSend via E-Mail,84,Houses_Faisalabad,2026-07-29,https://www.zameen.com/Property/faisalabad_eden_orchard_11_marla_double_storey_new_brand_luxury_house_for_sale_in_eden_orchard_sargodha-54508741-11162-1.html
Ideal House For Sale In Wapda City,PKR 2.5 Crore,25000000,5,5,5 Marla,1125.0,22222,House,False,2,hot2Share on FacebookShare on TwitterShare on WhatsAppSend via GMailSend via E-Mail,83,Houses_Faisalabad,2026-07-29,https://www.zameen.com/Property/faisalabad_wapda_city_ideal_house_for_sale_in_wapda_city-53902263-501-1.html
"04 Marla House For Sale In Rehman Garden, Styana Road, Near Fish Farm,Faisalabad.",PKR 1.85 Crore,18500000,,,4 Marla,900.0,20555,House,False,,hotShare on FacebookShare on TwitterShare on WhatsAppSend via GMailSend via E-Mail,82,Houses_Faisalabad,2026-07-29,https://www.zameen.com/Property/faisalabad_rehman_gardens_04_marla_house_for_sale_in_rehman_garden_styana_road_near_fish_farm_faisalabad-54507340-5037-1.html
5 Marla Brand New House Available For Sale,PKR 2.65 Crore,26500000,3,4,5 Marla,1125.0,23555,House,False,14,hot14Share on FacebookShare on TwitterShare on WhatsAppSend via GMailSend via E-Mail,84,Houses_Faisalabad,2026-07-29,https://www.zameen.com/Property/faisalabad_eden_orchard_5_marla_brand_new_house_available_for_sale-54426382-11162-1.html
New House For Sale,PKR 95 Lakh,9500000,3,3,2 Marla,450.0,21111,House,False,29,hot29Share on FacebookShare on TwitterShare on WhatsAppSend via GMailSend via E-Mail,84,Houses_Faisalabad,2026-07-29,https://www.zameen.com/Property/faisalabad_lasani_garden_new_house_for_sale-53030810-4984-1.html
9 MARLA LUXURY HOUSE FOR SALE IN DIVINE ENCLAVE EAST CANAL ROAD FAISALABAD,PKR 5.75 Crore,57500000,5,6,9 Marla,2025.0,28395,House,False,8,hot8Share on FacebookShare on TwitterShare on WhatsAppSend via GMailSend via E-Mail,83,Houses_Faisalabad,2026-07-29,https://www.zameen.com/Property/canal_road_east_canal_road_9_marla_luxury_house_for_sale_in_divine_enclave_east_canal_road_faisalabad-53961624-9506-1.html
Park Facing House Is Available,PKR 3 Crore,30000000,4,5,10 Marla,2250.0,13333,House,False,5,hot5VerifiedShare on FacebookShare on TwitterShare on WhatsAppSend via GMailSend via E-Mail,91,Houses_Faisalabad,2026-07-29,https://www.zameen.com/Property/faisalabad_wapda_city_park_facing_house_is_available-54428114-501-1.html
20 Marla New House For Sale In Eden Orchard Sarghodha Road Faisalabad,PKR 8 Crore,80000000,6,6,1 Kanal,4500.0,17777,House,False,11,hot11VerifiedShare on FacebookShare on TwitterShare on WhatsAppSend via GMailSend via E-Mail,92,Houses_Faisalabad,2026-07-29,https://www.zameen.com/Property/faisalabad_eden_orchard_20_marla_new_house_for_sale_in_eden_orchard_sarghodha_road_faisalabad-54391153-11162-1.html
11 Marla Brand New House For Sale Sarghodha Road Eden Orchard,PKR 5.3 Crore,53000000,5,6,11 Marla,2475.0,21414,House,False,28,hot28VerifiedShare on FacebookShare on TwitterShare on WhatsAppSend via GMailSend via E-Mail,92,Houses_Faisalabad,2026-07-29,https://www.zameen.com/Property/faisalabad_eden_orchard_11_marla_brand_new_house_for_sale_sarghodha_road_eden_orchard-54391155-11162-1.html
6.3 Marla Luxury House For Sale In Hassan Block Khyaban Gardens Sarghodha Road Faisalabad,PKR 2.6 Crore,26000000,4,5,6.3 Marla,1417.5,18342,House,False,23,hot23VerifiedShare on FacebookShare on TwitterShare on WhatsAppSend via GMailSend via E-Mail,92,Houses_Faisalabad,2026-07-29,https://www.zameen.com/Property/faisalabad_khayaban_gardens_6_3_marla_luxury_house_for_sale_in_hassan_block_khyaban_gardens_sarghodha_road_faisalabad-54427948-4981-1.html
Full Furnished House in Eden Valley Available For Sale 208 chak Road FSD,PKR 6.1 Crore,61000000,5,6,8 Marla,1800.0,33888,House,False,22,hot22Share on FacebookShare on TwitterShare on WhatsAppSend via GMailSend via E-Mail,84,Houses_Faisalabad,2026-07-29,https://www.zameen.com/Property/faisalabad_eden_valley_full_furnished_house_in_eden_valley_available_for_sale_208_chak_road_fsd-54365019-8917-1.html
Brand New House C Block For Sale,PKR 3.2 Crore,32000000,5,6,10 Marla,2250.0,14222,House,False,9,hot9Share on FacebookShare on TwitterShare on WhatsAppSend via GMailSend via E-Mail,83,Houses_Faisalabad,2026-07-29,https://www.zameen.com/Property/citi_housing_sargodha_road_citi_housing_sargodha_road_-_block_c_brand_new_house_c_block_for_sale-54232380-14611-1.html
Centrally Located House In Citi Housing Sargodha Road - Block C Is Available For sale,PKR 1.95 Crore,19500000,,,5 Marla,1125.0,17333,House,False,17,hot17VerifiedShare on FacebookShare on TwitterShare on WhatsAppSend via GMailSend via E-Mail,92,Houses_Faisalabad,2026-07-29,https://www.zameen.com/Property/citi_housing_sargodha_road_citi_housing_sargodha_road_-_block_c_centrally_located_house_in_citi_housing_sargodha_road_-_block_c_is_available_for_sale-54500333-14611-1.html
5 Marla Beautiful East Open House,PKR 1.4 Crore,14000000,3,4,5 Marla,1125.0,12444,House,False,5,hot5Share on FacebookShare on TwitterShare on WhatsAppSend via GMailSend via E-Mail,83,Houses_Faisalabad,2026-07-29,https://www.zameen.com/Property/jaranwala_road_pine_garden_5_marla_beautiful_east_open_house-54507263-13824-1.html
3 Marla House In TECH Town (TNT Colony) For sale At Good Location,PKR 85 Lakh,8500000,3,3,3 Marla,675.0,12592,House,False,17,hot17Share on FacebookShare on TwitterShare on WhatsAppSend via GMailSend via E-Mail,84,Houses_Faisalabad,2026-07-29,https://www.zameen.com/Property/satiana_road_tech_town_tnt_colony_3_marla_house_in_tech_town_tnt_colony_for_sale_at_good_location-54238801-419-1.html
4 Marla Brand New Luxury House For Sale in Eden Orcherd Sarghodha Road Faisalabad,PKR 2 Crore,20000000,3,4,4 Marla,900.0,22222,House,False,27,27VerifiedShare on FacebookShare on TwitterShare on WhatsAppSend via GMailSend via E-Mail,89,Houses_Faisalabad,2026-07-29,https://www.zameen.com/Property/faisalabad_eden_orchard_4_marla_brand_new_luxury_house_for_sale_in_eden_orcherd_sarghodha_road_faisalabad-54529699-11162-1.html
7 Marla Brand New Luxury House For Sale in Muslim town 1 Sarghodha Road Faisalabad,PKR 2.75 Crore,27500000,4,5,7 Marla,1575.0,17460,House,False,41,41VerifiedShare on FacebookShare on TwitterShare on WhatsAppSend via GMailSend via E-Mail,89,Houses_Faisalabad,2026-07-29,https://www.zameen.com/Property/faisalabad_muslim_town_7_marla_brand_new_luxury_house_for_sale_in_muslim_town_1_sarghodha_road_faisalabad-54529701-1156-1.html
Get This Amazing 10 Marla House Available In Wapda City - Block M,PKR 4.2 Crore,42000000,4,5,10 Marla,2250.0,18666,House,True,30,30VerifiedShare on FacebookShare on TwitterShare on WhatsAppSend via GMailSend via E-Mail,89,Houses_Faisalabad,2026-07-29,https://www.zameen.com/Property/wapda_city_wapda_city_-_block_m_get_this_amazing_10_marla_house_available_in_wapda_city_-_block_m-54471771-5077-1.html
House Of 5 Marla Is Available For Sale,PKR 1.7 Crore,17000000,,,5 Marla,1125.0,15111,House,True,5,5VerifiedShare on FacebookShare on TwitterShare on WhatsAppSend via GMailSend via E-Mail,88,Houses_Faisalabad,2026-07-29,https://www.zameen.com/Property/wapda_city_wapda_city_-_block_l_house_of_5_marla_is_available_for_sale-54471772-5076-1.html
Buy A House Of 10 Marla In Wapda City - Block B,PKR 4.1 Crore,41000000,4,5,10 Marla,2250.0,18222,House,True,17,17VerifiedShare on FacebookShare on TwitterShare on WhatsAppSend via GMailSend via E-Mail,89,Houses_Faisalabad,2026-07-29,https://www.zameen.com/Property/wapda_city_wapda_city_-_block_b_buy_a_house_of_10_marla_in_wapda_city_-_block_b-54498858-5067-1.html
Looking For A Corner House In Faisalabad,PKR 3.5 Crore,35000000,4,5,10 Marla,2250.0,15555,House,True,12,12VerifiedShare on FacebookShare on TwitterShare on WhatsAppSend via GMailSend via E-Mail,89,Houses_Faisalabad,2026-07-29,https://www.zameen.com/Property/wapda_city_wapda_city_-_block_a_looking_for_a_corner_house_in_faisalabad-54498859-5066-1.html
Find Your Ideal House In Faisalabad Under Rs. 31000000,PKR 3.1 Crore,31000000,4,5,10 Marla,2250.0,13777,House,True,9,9VerifiedShare on FacebookShare on TwitterShare on WhatsAppSend via GMailSend via E-Mail,88,Houses_Faisalabad,2026-07-29,https://www.zameen.com/Property/wapda_city_wapda_city_-_block_m_find_your_ideal_house_in_faisalabad_under_rs_31000000-54498860-5077-1.html
12 Marla Brand Luxurious House,PKR 8.25 Crore,82500000,5,6,12 Marla,2700.0,30555,House,False,20,20VerifiedShare on FacebookShare on TwitterShare on WhatsAppSend via GMailSend via E-Mail,89,Houses_Faisalabad,2026-07-29,https://www.zameen.com/Property/canal_road_divine_enclave_12_marla_brand_luxurious_house-54485203-21698-1.html
"Ideal 5 Marla House Available In Eden Valley - Block C, Faisalabad For Sale",PKR 2.35 Crore,23500000,3,4,5 Marla,1125.0,20888,House,False,26,hot26VerifiedShare on FacebookShare on TwitterShare on WhatsAppSend via GMailSend via E-Mail,92,Houses_Faisalabad,2026-07-29,https://www.zameen.com/Property/eden_valley_eden_valley_-_block_c_ideal_5_marla_house_available_in_eden_valley_-_block_c_faisalabad_for_sale-54498504-19078-1.html
Prime Location In Four Season Housing 5 Marla House For sale,PKR 2.77 Crore,27700000,,,5 Marla,1125.0,24622,House,False,9,hot9VerifiedShare on FacebookShare on TwitterShare on WhatsAppSend via GMailSend via E-Mail,91,Houses_Faisalabad,2026-07-29,https://www.zameen.com/Property/faisalabad_four_season_housing_prime_location_in_four_season_housing_5_marla_house_for_sale-54206652-4945-1.html
Good Location House For Sale In City Villas,PKR 1.72 Crore,17200000,4,5,5 Marla,1125.0,15288,House,False,,hotVerifiedShare on FacebookShare on TwitterShare on WhatsAppSend via GMailSend via E-Mail,90,Houses_Faisalabad,2026-07-29,https://www.zameen.com/Property/samundari_road_city_villas_housing_scheme_good_location_house_for_sale_in_city_villas-54352786-11567-1.html
Double Storey House Is Available For Sale,PKR 1.8 Crore,18000000,3,3,5 Marla,1125.0,16000,House,False,,hotVerifiedShare on FacebookShare on TwitterShare on WhatsAppSend via GMailSend via E-Mail,90,Houses_Faisalabad,2026-07-29,https://www.zameen.com/Property/faisalabad_al_najaf_colony_double_storey_house_is_available_for_sale-54323392-4902-1.html
Single Storey House For Sale,PKR 95 Lakh,9500000,2,2,3 Marla,675.0,14074,House,False,,hotVerifiedShare on FacebookShare on TwitterShare on WhatsAppSend via GMailSend via E-Mail,90,Houses_Faisalabad,2026-07-29,https://www.zameen.com/Property/faisalabad_al_najaf_colony_single_storey_house_for_sale-54352843-4902-1.html
1 kanal House Available For Sale officer colony no 2,PKR 5 Crore,50000000,5,6,1 Kanal,4500.0,11111,House,False,,hotShare on FacebookShare on TwitterShare on WhatsAppSend via GMailSend via E-Mail,82,Houses_Faisalabad,2026-07-29,https://www.zameen.com/Property/faisalabad_officers_colony_2_1_kanal_house_available_for_sale_officer_colony_no_2-54502353-15304-1.html
Marla beautiful house in Eden executive,PKR 1.25 Crore,12500000,3,3,2.5 Marla,562.5,22222,House,False,14,hot14Share on FacebookShare on TwitterShare on WhatsAppSend via GMailSend via E-Mail,84,Houses_Faisalabad,2026-07-29,https://www.zameen.com/Property/eden_gardens_eden_executive_marla_beautiful_house_in_eden_executive-54495639-10765-1.html
4 Marla House For Sale In Model City Faisalabad,PKR 1.85 Crore,18500000,,,4 Marla,900.0,20555,House,False,12,hot12Share on FacebookShare on TwitterShare on WhatsAppSend via GMailSend via E-Mail,84,Houses_Faisalabad,2026-07-29,https://www.zameen.com/Property/eden_gardens_eden_executive_4_marla_house_for_sale_in_model_city_faisalabad-54342287-10765-1.html
7 Marla Double Storey House For Sale,PKR 2.82 Crore,28200000,6,6,7 Marla,1575.0,17904,House,False,18,hot18Share on FacebookShare on TwitterShare on WhatsAppSend via GMailSend via E-Mail,84,Houses_Faisalabad,2026-07-29,https://www.zameen.com/Property/faisalabad_sargodha_road_7_marla_double_storey_house_for_sale-54495010-768-1.html
1 Kanal Beautiful And Maintained House For Sale In University Town,PKR 6.6 Crore,66000000,6,6,1 Kanal,4500.0,14666,House,False,6,hot6Share on FacebookShare on TwitterShare on WhatsAppSend via GMailSend via E-Mail,83,Houses_Faisalabad,2026-07-29,https://www.zameen.com/Property/faisalabad_university_town_1_kanal_beautiful_and_maintained_house_for_sale_in_university_town-54488770-5063-1.html
A Stunning House Is Up For Grabs In Wapda City Wapda City,PKR 2 Crore,20000000,,,5 Marla,1125.0,17777,House,False,9,hot9VerifiedShare on FacebookShare on TwitterShare on WhatsAppSend via GMailSend via E-Mail,91,Houses_Faisalabad,2026-07-29,https://www.zameen.com/Property/faisalabad_wapda_city_a_stunning_house_is_up_for_grabs_in_wapda_city_wapda_city-54477551-501-1.html
Stunning 10 Marla House In Wapda City Available,PKR 3.5 Crore,35000000,,,10 Marla,2250.0,15555,House,False,5,hot5VerifiedShare on FacebookShare on TwitterShare on WhatsAppSend via GMailSend via E-Mail,91,Houses_Faisalabad,2026-07-29,https://www.zameen.com/Property/faisalabad_wapda_city_stunning_10_marla_house_in_wapda_city_available-54492611-501-1.html
5 Marla Brand New Luxurious House Available For Sale In Eden Orchard,PKR 2.4 Crore,24000000,3,4,5 Marla,1125.0,21333,House,False,27,hot27Share on FacebookShare on TwitterShare on WhatsAppSend via GMailSend via E-Mail,84,Houses_Faisalabad,2026-07-29,https://www.zameen.com/Property/faisalabad_eden_orchard_5_marla_brand_new_luxurious_house_available_for_sale_in_eden_orchard-54391163-11162-1.html
House For Sale In Wapda City,PKR 2 Crore,20000000,,,5 Marla,1125.0,17777,House,False,6,hot6VerifiedShare on FacebookShare on TwitterShare on WhatsAppSend via GMailSend via E-Mail,91,Houses_Faisalabad,2026-07-29,https://www.zameen.com/Property/faisalabad_wapda_city_house_for_sale_in_wapda_city-54492610-501-1.html
Buy A House Of 20 Marla In Wapda City,PKR 11 Crore,110000000,,,1 Kanal,4500.0,24444,House,False,6,hot6VerifiedShare on FacebookShare on TwitterShare on WhatsAppSend via GMailSend via E-Mail,91,Houses_Faisalabad,2026-07-29,https://www.zameen.com/Property/faisalabad_wapda_city_buy_a_house_of_20_marla_in_wapda_city-54477558-501-1.html
5 Marla Beautiful House In Canal Villas,PKR 2.5 Crore,25000000,3,4,5 Marla,1125.0,22222,House,False,9,hot9Share on FacebookShare on TwitterShare on WhatsAppSend via GMailSend via E-Mail,83,Houses_Faisalabad,2026-07-29,https://www.zameen.com/Property/faisalabad_canal_road_5_marla_beautiful_house_in_canal_villas-54357817-1140-1.html
5 Marla Corner House In Khyaban 2 For Sale,PKR 2 Crore,20000000,4,5,5 Marla,1125.0,17777,House,False,8,hot8Share on FacebookShare on TwitterShare on WhatsAppSend via GMailSend via E-Mail,83,Houses_Faisalabad,2026-07-29,https://www.zameen.com/Property/faisalabad_madina_town_5_marla_corner_house_in_khyaban_2_for_sale-54419019-533-1.html
Facing Park Property House For Sale In Canal Avenue Faisalabad Is Available Under Rs. 22000000,PKR 2.2 Crore,22000000,,,5 Marla,1125.0,19555,House,False,14,14VerifiedShare on FacebookShare on TwitterShare on WhatsAppSend via GMailSend via E-Mail,89,Houses_Faisalabad,2026-07-29,https://www.zameen.com/Property/lower_canal_road_canal_avenue_facing_park_property_house_for_sale_in_canal_avenue_faisalabad_is_available_under_rs_22000000-54498566-19682-1.html
Prime Location 3 Marla House In Madina Town,PKR 80 Lakh,8000000,,,3 Marla,675.0,11851,House,False,6,6Share on FacebookShare on TwitterShare on WhatsAppSend via GMailSend via E-Mail,80,Houses_Faisalabad,2026-07-29,https://www.zameen.com/Property/faisalabad_madina_town_prime_location_3_marla_house_in_madina_town-54432771-533-1.html
4-Marla Solid Constructed House Available For Urgent Sale,PKR 1.6 Crore,16000000,3,4,4 Marla,900.0,17777,House,False,16,16Share on FacebookShare on TwitterShare on WhatsAppSend via GMailSend via E-Mail,81,Houses_Faisalabad,2026-07-29,https://www.zameen.com/Property/lower_canal_road_green_orchard_4-marla_solid_constructed_house_available_for_urgent_sale-54381488-15298-1.html
Urgent for Sale 11.7 marla House in Faisal Gardens,PKR 4 Crore,40000000,4,6,11 Marla,2475.0,16161,House,False,14,14Share on FacebookShare on TwitterShare on WhatsAppSend via GMailSend via E-Mail,81,Houses_Faisalabad,2026-07-29,https://www.zameen.com/Property/faisalabad_faisal_gardens_urgent_for_sale_11_7_marla_house_in_faisal_gardens-54441569-4934-1.html
Double Storey House For Sale,PKR 80 Lakh,8000000,3,3,2 Marla,450.0,17777,House,False,,Share on FacebookShare on TwitterShare on WhatsAppSend via GMailSend via E-Mail,79,Houses_Faisalabad,2026-07-29,https://www.zameen.com/Property/faisalabad_gulberg_valley_double_storey_house_for_sale-54536257-10823-1.html
4 Marla House Available For Sale,PKR 2.25 Crore,22500000,4,4,4 Marla,900.0,25000,House,False,,Share on FacebookShare on TwitterShare on WhatsAppSend via GMailSend via E-Mail,79,Houses_Faisalabad,2026-07-29,https://www.zameen.com/Property/satiana_road_sitara_gold_city_4_marla_house_available_for_sale-54536254-10822-1.html
H Block Vip Tech Town Satiana Road Faisalabad,PKR 92 Lakh,9200000,2,3,3 Marla,675.0,13629,Unknown,False,,Share on FacebookShare on TwitterShare on WhatsAppSend via GMailSend via E-Mail,79,Houses_Faisalabad,2026-07-29,https://www.zameen.com/Property/satiana_road_tech_town_tnt_colony_h_block_vip_tech_town_satiana_road_faisalabad-54492745-419-1.html
Become Owner Of Your House Today Which Is Centrally Located In Wapda City,PKR 3.85 Crore,38500000,,,10 Marla,2250.0,17111,House,True,,Share on FacebookShare on TwitterShare on WhatsAppSend via GMailSend via E-Mail,79,Houses_Faisalabad,2026-07-29,https://www.zameen.com/Property/faisalabad_wapda_city_become_owner_of_your_house_today_which_is_centrally_located_in_wapda_city-54532033-501-1.html
4 Marla Designer New House For Sale IN GHAGRA VILLAS MULTAN,PKR 1.45 Crore,14500000,3,4,4 Marla,900.0,16111,House,True,21,super hot21Share on FacebookShare on TwitterShare on WhatsAppSend via GMailSend via E-Mail,90,Houses_Multan,2026-07-29,https://www.zameen.com/Property/multan_public_school_road_ghagra_villas_4_marla_designer_new_house_for_sale_in_ghagra_villas_multan-54524649-14255-1.html
9 Marla Villa For Sale In DHA Multan Villas For Sale Slightly Used,PKR 3 Crore,30000000,4,5,9 Marla,2025.0,14814,House,True,19,super hot19Share on FacebookShare on TwitterShare on WhatsAppSend via GMailSend via E-Mail,90,Houses_Multan,2026-07-29,https://www.zameen.com/Property/dha_defence_dha_villas_9_marla_villa_for_sale_in_dha_multan_villas_for_sale_slightly_used-52634859-14018-1.html
20 Marla Most Beautiful Ultra Modern House For Sale Royal Orchard 50 Feet Road,PKR 7.15 Crore,71500000,5,6,1 Kanal,4500.0,15888,House,True,32,super hot32Share on FacebookShare on TwitterShare on WhatsAppSend via GMailSend via E-Mail,90,Houses_Multan,2026-07-29,https://www.zameen.com/Property/multan_public_school_road_royal_orchard_20_marla_most_beautiful_ultra_modern_house_for_sale_royal_orchard_50_feet_road-52381490-9492-1.html
1 Kanal Luxury House For Sale In Dha Multan,PKR 6.19 Crore,61900000,5,6,1 Kanal,4500.0,13755,House,True,19,super hot19Share on FacebookShare on TwitterShare on WhatsAppSend via GMailSend via E-Mail,90,Houses_Multan,2026-07-29,https://www.zameen.com/Property/dha_defence_dha_phase_1_1_kanal_luxury_house_for_sale_in_dha_multan-54535357-15631-1.html
1 Kanal 80 Feet Road Sector M Most Beautiful Modern Elevation House For Sale DHA Multan On Good Location,PKR 5.95 Crore,59500000,6,6,1 Kanal,4500.0,13222,House,True,34,super hot34Share on FacebookShare on TwitterShare on WhatsAppSend via GMailSend via E-Mail,90,Houses_Multan,2026-07-29,https://www.zameen.com/Property/multan_dha_defence_1_kanal_80_feet_road_sector_m_most_beautiful_modern_elevation_house_for_sale_dha_multan_on_good_location-54260779-8581-1.html
"10 Marla Brand New Spanish Elevation House For Sale In Sector M, DHA Multan | Prime Location | Luxury Living",PKR 4.7 Crore,47000000,5,6,1 Kanal,4500.0,10444,House,True,44,super hot44Share on FacebookShare on TwitterShare on WhatsAppSend via GMailSend via E-Mail,90,Houses_Multan,2026-07-29,https://www.zameen.com/Property/dha_phase_1_dha_phase_1_-_sector_m_10_marla_brand_new_spanish_elevation_house_for_sale_in_sector_m_dha_multan_prime_location_luxury_living-54359065-14312-1.html
"9 Marla Prestige Villa for Sale In DHA Phase 1 - Sector C, Multan Is Available on Installment",PKR 3.25 Crore,32500000,5,5,9 Marla,2025.0,16049,House,True,12,super hot12Share on FacebookShare on TwitterShare on WhatsAppSend via GMailSend via E-Mail,90,Houses_Multan,2026-07-29,https://www.zameen.com/Property/dha_phase_1_dha_phase_1_-_sector_c_9_marla_prestige_villa_for_sale_in_dha_phase_1_-_sector_c_multan_is_available_on_installment-54536006-14302-1.html
12 Marla Prestige Villa for sale on installment in DHA Sector C,PKR 4.25 Crore,42500000,6,6,12 Marla,2700.0,15740,House,True,10,super hot10Share on FacebookShare on TwitterShare on WhatsAppSend via GMailSend via E-Mail,90,Houses_Multan,2026-07-29,https://www.zameen.com/Property/dha_phase_1_dha_phase_1_-_sector_c_12_marla_prestige_villa_for_sale_on_installment_in_dha_sector_c-54536007-14302-1.html
"6 Marla Prestige Villa For Sale In DHA Phase 1 - Sector C, Multan Is Available On Installment",PKR 2.25 Crore,22500000,4,4,6 Marla,1350.0,16666,House,True,16,super hot16Share on FacebookShare on TwitterShare on WhatsAppSend via GMailSend via E-Mail,90,Houses_Multan,2026-07-29,https://www.zameen.com/Property/dha_phase_1_dha_phase_1_-_sector_c_6_marla_prestige_villa_for_sale_in_dha_phase_1_-_sector_c_multan_is_available_on_installment-54536005-14302-1.html
Brand New House* *Royal Orchard Multan* ki behtareen location par *10 Marla brand new luxury house* for sale hai.,PKR 3.8 Crore,38000000,5,6,10 Marla,2250.0,16888,House,True,40,super hot40Share on FacebookShare on TwitterShare on WhatsAppSend via GMailSend via E-Mail,90,Houses_Multan,2026-07-29,https://www.zameen.com/Property/multan_multan_public_school_road_brand_new_house_royal_orchard_multan_ki_behtareen_location_par_10_marla_brand_new_luxury_house_for_sale_hai-54508262-8902-1.html
Centrally Located House For sale In Royal Orchard Available,PKR 1.75 Crore,17500000,3,4,5 Marla,1125.0,15555,House,True,30,hot30Share on FacebookShare on TwitterShare on WhatsAppSend via GMailSend via E-Mail,84,Houses_Multan,2026-07-29,https://www.zameen.com/Property/multan_public_school_road_royal_orchard_centrally_located_house_for_sale_in_royal_orchard_available-54369228-9492-1.html
9 Marla Luxury House For Sale In Buch Executive Villas Multan,PKR 2.95 Crore,29500000,5,6,9 Marla,2025.0,14567,House,True,27,hot27Share on FacebookShare on TwitterShare on WhatsAppSend via GMailSend via E-Mail,84,Houses_Multan,2026-07-29,https://www.zameen.com/Property/multan_buch_executive_villas_9_marla_luxury_house_for_sale_in_buch_executive_villas_multan-54026600-8627-1.html
20 Marla Brand New House Available For Sale,PKR 4 Crore,40000000,5,6,1 Kanal,4500.0,8888,House,False,21,hot21Share on FacebookShare on TwitterShare on WhatsAppSend via GMailSend via E-Mail,84,Houses_Multan,2026-07-29,https://www.zameen.com/Property/dha_phase_1_dha_phase_1_-_sector_q_20_marla_brand_new_house_available_for_sale-54126130-14316-1.html
Beautiful 10 Marla House Available For Sale,PKR 3.4 Crore,34000000,5,6,10 Marla,2250.0,15111,House,False,28,hot28Share on FacebookShare on TwitterShare on WhatsAppSend via GMailSend via E-Mail,84,Houses_Multan,2026-07-29,https://www.zameen.com/Property/multan_public_school_road_royal_orchard_beautiful_10_marla_house_available_for_sale-52393715-9492-1.html
Beautiful House Available For Sale,PKR 3.5 Crore,35000000,5,6,10 Marla,2250.0,15555,House,False,28,hot28Share on FacebookShare on TwitterShare on WhatsAppSend via GMailSend via E-Mail,84,Houses_Multan,2026-07-29,https://www.zameen.com/Property/multan_public_school_road_royal_orchard_beautiful_house_available_for_sale-52389517-9492-1.html
1 Kanal Stunning Brand New Villa For Sale In Sector H DHA Multan,PKR 5.5 Crore,55000000,5,6,1 Kanal,4500.0,12222,House,False,44,hot44Share on FacebookShare on TwitterShare on WhatsAppSend via GMailSend via E-Mail,84,Houses_Multan,2026-07-29,https://www.zameen.com/Property/dha_phase_1_dha_phase_1_-_sector_h_1_kanal_stunning_brand_new_villa_for_sale_in_sector_h_dha_multan-54364357-14307-1.html
Your Dream Grey Structure 4 Marla House Is Available In Shalimar Colony,PKR 70 Lakh,7000000,3,3,4 Marla,900.0,7777,House,False,5,hot5VerifiedShare on FacebookShare on TwitterShare on WhatsAppSend via GMailSend via E-Mail,91,Houses_Multan,2026-07-29,https://www.zameen.com/Property/multan_shalimar_colony_your_dream_grey_structure_4_marla_house_is_available_in_shalimar_colony-54536391-346-1.html
Brand New 5 Marla House Available In Dream Garden For sale,PKR 2.5 Crore,25000000,5,5,5 Marla,1125.0,22222,House,False,30,30VerifiedShare on FacebookShare on TwitterShare on WhatsAppSend via GMailSend via E-Mail,89,Houses_Multan,2026-07-29,https://www.zameen.com/Property/purana_shujabad_road_dream_garden_brand_new_5_marla_house_available_in_dream_garden_for_sale-54539435-8903-1.html
8 Marla Beautiful House For Sale DHA Multan Sector V,PKR 2.4 Crore,24000000,4,5,8 Marla,1800.0,13333,House,False,11,11Share on FacebookShare on TwitterShare on WhatsAppSend via GMailSend via E-Mail,81,Houses_Multan,2026-07-29,https://www.zameen.com/Property/dha_phase_1_dha_phase_1_-_sector_v_8_marla_beautiful_house_for_sale_dha_multan_sector_v-54538835-14321-1.html
5 Marla House For Sale In Citi Housing Multan Block B Prime Location,PKR 1.3 Crore,13000000,4,5,5 Marla,1125.0,11555,House,True,18,18Share on FacebookShare on TwitterShare on WhatsAppSend via GMailSend via E-Mail,81,Houses_Multan,2026-07-29,https://www.zameen.com/Property/citi_housing_citi_housing_phase_1_5_marla_house_for_sale_in_citi_housing_multan_block_b_prime_location-54155946-21449-1.html
Prime Location House For sale In Citi Housing - Block B Multan,PKR 1.25 Crore,12500000,3,3,5 Marla,1125.0,11111,House,True,8,8VerifiedShare on FacebookShare on TwitterShare on WhatsAppSend via GMailSend via E-Mail,88,Houses_Multan,2026-07-29,https://www.zameen.com/Property/citi_housing_phase_1_citi_housing_-_block_b_prime_location_house_for_sale_in_citi_housing_-_block_b_multan-54239140-17368-1.html
Prime Location In Citi Housing - Block C House Sized 5 Marla For sale,PKR 1.15 Crore,11500000,3,3,5 Marla,1125.0,10222,House,True,26,261VerifiedShare on FacebookShare on TwitterShare on WhatsAppSend via GMailSend via E-Mail,90,Houses_Multan,2026-07-29,https://www.zameen.com/Property/citi_housing_phase_1_citi_housing_-_block_c_prime_location_in_citi_housing_-_block_c_house_sized_5_marla_for_sale-54239139-17369-1.html
Your Search Ends Right Here With The Beautiful West Open House In Citi Housing - Block B At Affordable Price Of Pkr Rs. 12800000,PKR 1.28 Crore,12800000,4,5,5 Marla,1125.0,11377,House,True,23,231VerifiedShare on FacebookShare on TwitterShare on WhatsAppSend via GMailSend via E-Mail,90,Houses_Multan,2026-07-29,https://www.zameen.com/Property/citi_housing_phase_1_citi_housing_-_block_b_your_search_ends_right_here_with_the_beautiful_west_open_house_in_citi_housing_-_block_b_at_affordable_price_of_pkr_rs_12800000-54359673-17368-1.html
Brand New 5 Marla House Available In Buch Villas Phase 2 - Manik Block For Sale,PKR 2.15 Crore,21500000,4,4,5 Marla,1125.0,19111,House,False,11,11VerifiedShare on FacebookShare on TwitterShare on WhatsAppSend via GMailSend via E-Mail,89,Houses_Multan,2026-07-29,https://www.zameen.com/Property/buch_executive_villas_phase_2_buch_villas_phase_2_-_manik_block_brand_new_5_marla_house_available_in_buch_villas_phase_2_-_manik_block_for_sale-54538008-22186-1.html
10 Marla ATC Villas Now Available on Installments,PKR 3.3 Crore,33000000,5,6,10 Marla,2250.0,14666,House,False,7,7Share on FacebookShare on TwitterShare on WhatsAppSend via GMailSend via E-Mail,80,Houses_Multan,2026-07-29,https://www.zameen.com/Property/dha_defence_dha_phase_1_10_marla_atc_villas_now_available_on_installments-54537954-15631-1.html
1 Kanal Fully Furnished House For Sale In D H A Multan,PKR 8.5 Crore,85000000,7,6,1 Kanal,4500.0,18888,House,True,10,super hot101Share on FacebookShare on TwitterShare on WhatsAppSend via GMailSend via E-Mail,91,Houses_Multan,2026-07-29,https://www.zameen.com/Property/dha_phase_1_dha_phase_1_-_sector_m_1_kanal_fully_furnished_house_for_sale_in_d_h_a_multan-53847089-14312-1.html
10 MARLA MODERN HOUSE FOR SALE Nearest To Zoo Developed Area Location Buch Villas Phase 1 Demand 350 Size 10 Marla ( Type Double),PKR 3.3 Crore,33000000,7,6,10 Marla,2250.0,14666,House,True,37,super hot37Share on FacebookShare on TwitterShare on WhatsAppSend via GMailSend via E-Mail,90,Houses_Multan,2026-07-29,https://www.zameen.com/Property/multan_buch_executive_villas_10_marla_modern_house_for_sale_nearest_to_zoo_developed_area_location_buch_villas_phase_1_demand_350_size_10_marla_type_double-53303441-8627-1.html
5 Marla Luxury House for Sale in Buch Executive Villas Multan | 4 Bed Beautiful Home,PKR 1.7 Crore,17000000,1,5,5 Marla,1125.0,15111,House,True,50,super hot50Share on FacebookShare on TwitterShare on WhatsAppSend via GMailSend via E-Mail,90,Houses_Multan,2026-07-29,https://www.zameen.com/Property/multan_buch_executive_villas_5_marla_luxury_house_for_sale_in_buch_executive_villas_multan_4_bed_beautiful_home-54460093-8627-1.html
5 Marla Beautiful Luxury Triple Storey House Available For Sale In Buch Villas Multan,PKR 1.75 Crore,17500000,4,6,5 Marla,1125.0,15555,House,True,50,super hot50Share on FacebookShare on TwitterShare on WhatsAppSend via GMailSend via E-Mail,90,Houses_Multan,2026-07-29,https://www.zameen.com/Property/multan_buch_executive_villas_5_marla_beautiful_luxury_triple_storey_house_available_for_sale_in_buch_villas_multan-52475914-8627-1.html
Double Storey 10 Marla House For sale In Shalimar Colony Shalimar Colony,PKR 1.75 Crore,17500000,5,5,10 Marla,2250.0,7777,House,True,22,super hot22VerifiedShare on FacebookShare on TwitterShare on WhatsAppSend via GMailSend via E-Mail,98,Houses_Multan,2026-07-29,https://www.zameen.com/Property/multan_shalimar_colony_double_storey_10_marla_house_for_sale_in_shalimar_colony_shalimar_colony-54211871-346-1.html
10 Marla Brand New House For Sale In Royal Orchard Multan | Demand 3.80 Crore*,PKR 3.8 Crore,38000000,5,6,10 Marla,2250.0,16888,House,True,33,super hot33Share on FacebookShare on TwitterShare on WhatsAppSend via GMailSend via E-Mail,90,Houses_Multan,2026-07-29,https://www.zameen.com/Property/multan_public_school_road_royal_orchard_10_marla_brand_new_house_for_sale_in_royal_orchard_multan_demand_3_80_crore-54504680-9492-1.html
"10 Marla Brand New Triple Storey Luxury House For Sale In Buch Villas, Multan",PKR 3.85 Crore,38500000,6,6,10 Marla,2250.0,17111,House,True,28,super hot28Share on FacebookShare on TwitterShare on WhatsAppSend via GMailSend via E-Mail,90,Houses_Multan,2026-07-29,https://www.zameen.com/Property/buch_executive_villas_buch_executive_villas_-_phase_2_10_marla_brand_new_triple_storey_luxury_house_for_sale_in_buch_villas_multan-54503702-19720-1.html
Sale The Ideally Located House For An Incredible Price,PKR 3.95 Crore,39500000,5,5,9.5 Marla,2137.5,18479,House,True,25,super hot25VerifiedShare on FacebookShare on TwitterShare on WhatsAppSend via GMailSend via E-Mail,98,Houses_Multan,2026-07-29,https://www.zameen.com/Property/multan_buch_executive_villas_sale_the_ideally_located_house_for_an_incredible_price-54409585-8627-1.html
Get This Amazing Prime Location 35 Marla House Available In DHA Phase 1 - Sector R,PKR 5.8 Crore,58000000,6,6,1.7 Kanal,7650.0,7581,House,True,23,super hot23Share on FacebookShare on TwitterShare on WhatsAppSend via GMailSend via E-Mail,90,Houses_Multan,2026-07-29,https://www.zameen.com/Property/dha_phase_1_dha_phase_1_-_sector_r_get_this_amazing_prime_location_35_marla_house_available_in_dha_phase_1_-_sector_r-53950029-14317-1.html
Prime Location 8 Marla House For Sale In Rs. 37000000 Only,PKR 3.6 Crore,36000000,6,6,8 Marla,1800.0,20000,House,True,20,super hot20Share on FacebookShare on TwitterShare on WhatsAppSend via GMailSend via E-Mail,90,Houses_Multan,2026-07-29,https://www.zameen.com/Property/buch_executive_villas_phase_2_buch_villas_phase_2_-_manik_block_prime_location_8_marla_house_for_sale_in_rs_37000000_only-54195439-22186-1.html
7.5 Marla Modern House For Sale In Buch Villas Multan,PKR 3.2 Crore,32000000,5,6,7.5 Marla,1687.5,18962,House,True,26,hot26Share on FacebookShare on TwitterShare on WhatsAppSend via GMailSend via E-Mail,84,Houses_Multan,2026-07-29,https://www.zameen.com/Property/buch_executive_villas_phase_2_buch_villas_phase_2_-_manik_block_7_5_marla_modern_house_for_sale_in_buch_villas_multan-53767062-22186-1.html
5 Marla Luxurious House For Sale In Buch Villas Multan,PKR 1.95 Crore,19500000,4,5,5 Marla,1125.0,17333,House,True,14,hot14Share on FacebookShare on TwitterShare on WhatsAppSend via GMailSend via E-Mail,84,Houses_Multan,2026-07-29,https://www.zameen.com/Property/buch_executive_villas_phase_2_buch_villas_phase_2_-_manik_block_5_marla_luxurious_house_for_sale_in_buch_villas_multan-53770238-22186-1.html
10 Marla Brand New House For Sale in Royal Orchard Multan | Demand 3.80 Crore*,PKR 3.8 Crore,38000000,5,6,10 Marla,2250.0,16888,House,False,39,hot39Share on FacebookShare on TwitterShare on WhatsAppSend via GMailSend via E-Mail,84,Houses_Multan,2026-07-29,https://www.zameen.com/Property/multan_public_school_road_royal_orchard_10_marla_brand_new_house_for_sale_in_royal_orchard_multan_demand_3_80_crore-54504984-9492-1.html
11 Marla Double Storey House For Sale In Shah Rukne Alam Coloney Multan,PKR 3.25 Crore,32500000,5,5,11 Marla,2475.0,13131,House,False,13,hot13Share on FacebookShare on TwitterShare on WhatsAppSend via GMailSend via E-Mail,84,Houses_Multan,2026-07-29,https://www.zameen.com/Property/multan_shah_rukn-e-alam_colony_11_marla_double_storey_house_for_sale_in_shah_rukne_alam_coloney_multan-54445865-658-1.html
"6 Marla Triple Storey House for Sale in Buch Villas, Multan Prime Location",PKR 2.5 Crore,25000000,6,7,6 Marla,1350.0,18518,House,False,17,hot17Share on FacebookShare on TwitterShare on WhatsAppSend via GMailSend via E-Mail,84,Houses_Multan,2026-07-29,https://www.zameen.com/Property/multan_buch_executive_villas_6_marla_triple_storey_house_for_sale_in_buch_villas_multan_prime_location-54534278-8627-1.html
"1 Kanal Luxury Villa for Sale in Buch Villas, Multan",PKR 6.5 Crore,65000000,7,6,1 Kanal,4500.0,14444,House,False,19,hot19Share on FacebookShare on TwitterShare on WhatsAppSend via GMailSend via E-Mail,84,Houses_Multan,2026-07-29,https://www.zameen.com/Property/buch_executive_villas_buch_executive_villas_-_phase_1_1_kanal_luxury_villa_for_sale_in_buch_villas_multan-54534223-19719-1.html
Double Storey 10 Marla House Available In Mujahid Green Valley For Sale,PKR 2.7 Crore,27000000,6,6,10 Marla,2250.0,12000,House,False,27,hot27Share on FacebookShare on TwitterShare on WhatsAppSend via GMailSend via E-Mail,84,Houses_Multan,2026-07-29,https://www.zameen.com/Property/multan_bypass_mujahid_green_valley_double_storey_10_marla_house_available_in_mujahid_green_valley_for_sale-54531595-17264-1.html
5 Marla Modern Villa For Sale In Sector T | Easy 3-Year Installment Plan,PKR 1.2 Crore,12000000,3,4,5 Marla,1125.0,10666,House,False,,Share on FacebookShare on TwitterShare on WhatsAppSend via GMailSend via E-Mail,79,Houses_Multan,2026-07-29,https://www.zameen.com/Property/dha_phase_1_dha_phase_1_-_sector_t_5_marla_modern_villa_for_sale_in_sector_t_easy_3-year_installment_plan-54373290-14319-1.html
6 Marla Prestige Villas Available on Easy 3-Year Installments | Prime Location | DHA Multan,PKR 2.25 Crore,22500000,3,4,6 Marla,1350.0,16666,House,False,8,8Share on FacebookShare on TwitterShare on WhatsAppSend via GMailSend via E-Mail,80,Houses_Multan,2026-07-29,https://www.zameen.com/Property/dha_phase_1_dha_phase_1_-_sector_c_6_marla_prestige_villas_available_on_easy_3-year_installments_prime_location_dha_multan-54365135-14302-1.html
Premium Solid Construction 10 Marla House For Sale | B-1 Prime Location,PKR 3.45 Crore,34500000,4,5,10 Marla,2250.0,15333,House,True,25,25Share on FacebookShare on TwitterShare on WhatsAppSend via GMailSend via E-Mail,81,Houses_Multan,2026-07-29,https://www.zameen.com/Property/dha_phase_1_dha_phase_1_-_sector_b1_premium_solid_construction_10_marla_house_for_sale_b-1_prime_location-54364488-14300-1.html
* Beautiful 1 Kanal Brand New House For Sale | Near Park & Mosque | Sector H,PKR 5.5 Crore,55000000,5,6,1 Kanal,4500.0,12222,House,False,46,46Share on FacebookShare on TwitterShare on WhatsAppSend via GMailSend via E-Mail,81,Houses_Multan,2026-07-29,https://www.zameen.com/Property/dha_phase_1_dha_phase_1_-_sector_h_beautiful_1_kanal_brand_new_house_for_sale_near_park_mosque_sector_h-54364308-14307-1.html
Well-Constructed Brand New House Available For Sale In Royal Orchard,PKR 1.95 Crore,19500000,3,4,5 Marla,1125.0,17333,House,False,19,19VerifiedShare on FacebookShare on TwitterShare on WhatsAppSend via GMailSend via E-Mail,89,Houses_Multan,2026-07-29,https://www.zameen.com/Property/multan_public_school_road_royal_orchard_well-constructed_brand_new_house_available_for_sale_in_royal_orchard-54354454-9492-1.html
Brand New 5 Marla House Available In Royal Orchard For sale,PKR 1.9 Crore,19000000,3,4,5 Marla,1125.0,16888,House,False,18,18VerifiedShare on FacebookShare on TwitterShare on WhatsAppSend via GMailSend via E-Mail,89,Houses_Multan,2026-07-29,https://www.zameen.com/Property/multan_public_school_road_royal_orchard_brand_new_5_marla_house_available_in_royal_orchard_for_sale-54354448-9492-1.html
Brand New 20 Marla House Available In Royal Orchard For sale,PKR 7.7 Crore,77000000,6,6,1 Kanal,4500.0,17111,House,False,20,20VerifiedShare on FacebookShare on TwitterShare on WhatsAppSend via GMailSend via E-Mail,89,Houses_Multan,2026-07-29,https://www.zameen.com/Property/multan_public_school_road_royal_orchard_brand_new_20_marla_house_available_in_royal_orchard_for_sale-54317754-9492-1.html
Brand New 5 Marla House Available In Royal Orchard - Block F For Sale,PKR 2.1 Crore,21000000,3,4,5 Marla,1125.0,18666,House,False,16,16VerifiedShare on FacebookShare on TwitterShare on WhatsAppSend via GMailSend via E-Mail,89,Houses_Multan,2026-07-29,https://www.zameen.com/Property/royal_orchard_royal_orchard_-_block_f_brand_new_5_marla_house_available_in_royal_orchard_-_block_f_for_sale-54230498-9499-1.html
1 Kanal Modern Elevation Brand New Beautiful House Prime Location House Available For sale In Royal Orchard,PKR 7.15 Crore,71500000,6,6,1 Kanal,4500.0,15888,House,True,43,super hot43Share on FacebookShare on TwitterShare on WhatsAppSend via GMailSend via E-Mail,90,Houses_Multan,2026-07-29,https://www.zameen.com/Property/multan_public_school_road_royal_orchard_1_kanal_modern_elevation_brand_new_beautiful_house_prime_location_house_available_for_sale_in_royal_orchard-54402240-9492-1.html
Your Dream Brand New 5 Marla House Is Available In Platinum Homes DHAM,PKR 1.65 Crore,16500000,3,4,5 Marla,1125.0,14666,House,True,14,super hot14VerifiedShare on FacebookShare on TwitterShare on WhatsAppSend via GMailSend via E-Mail,98,Houses_Multan,2026-07-29,https://www.zameen.com/Property/dha_defence_platinum_homes_dham_your_dream_brand_new_5_marla_house_is_available_in_platinum_homes_dham-54337353-19061-1.html
Best Options For House Is Available For Sale In Askari 3,PKR 5.5 Crore,55000000,5,5,1 Kanal,4500.0,12222,House,True,13,super hot13Share on FacebookShare on TwitterShare on WhatsAppSend via GMailSend via E-Mail,90,Houses_Multan,2026-07-29,https://www.zameen.com/Property/dha_defence_askari_3_best_options_for_house_is_available_for_sale_in_askari_3-52626223-17156-1.html
Property For sale In Askari 3 Multan Is Available Under Rs. 31000000,PKR 3.1 Crore,31000000,4,4,10 Marla,2250.0,13777,Unknown,True,11,super hot11Share on FacebookShare on TwitterShare on WhatsAppSend via GMailSend via E-Mail,90,Houses_Multan,2026-07-29,https://www.zameen.com/Property/dha_defence_askari_3_property_for_sale_in_askari_3_multan_is_available_under_rs_31000000-53718216-17156-1.html
Hot location House For Sale,PKR 6.2 Crore,62000000,,5,1 Kanal,4500.0,13777,House,True,22,super hot22Share on FacebookShare on TwitterShare on WhatsAppSend via GMailSend via E-Mail,90,Houses_Multan,2026-07-29,https://www.zameen.com/Property/dha_phase_1_dha_phase_1_-_sector_m_hot_location_house_for_sale-54507387-14312-1.html
DHA Multan Sector M 1 Kanal House Available For Sale,PKR 5.5 Crore,55000000,5,6,1 Kanal,4500.0,12222,House,True,7,super hot7Share on FacebookShare on TwitterShare on WhatsAppSend via GMailSend via E-Mail,89,Houses_Multan,2026-07-29,https://www.zameen.com/Property/dha_phase_1_dha_phase_1_-_sector_m_dha_multan_sector_m_1_kanal_house_available_for_sale-54417502-14312-1.html
,PKR 1.35 Crore,13500000,,,5 Marla,1125.0,12000,House,True,1,super hot1Share on FacebookShare on TwitterShare on WhatsAppSend via GMailSend via E-Mail,89,Houses_Multan,2026-07-29,https://www.zameen.com/new-projects/platinum_homes_dha_multan-2173.html
1 kanal Askari Villas for sale in DHA Multan,PKR 5 Crore,50000000,6,6,1 Kanal,4500.0,11111,House,True,,super hotShare on FacebookShare on TwitterShare on WhatsAppSend via GMailSend via E-Mail,88,Houses_Multan,2026-07-29,https://www.zameen.com/Property/multan_dha_defence_1_kanal_askari_villas_for_sale_in_dha_multan-54533054-8581-1.html
10 Marla Brand New Triple Storey House For Sale Buch Executive Villas Multan,PKR 3.9 Crore,39000000,6,6,10 Marla,2250.0,17333,House,True,18,super hot18Share on FacebookShare on TwitterShare on WhatsAppSend via GMailSend via E-Mail,90,Houses_Multan,2026-07-29,https://www.zameen.com/Property/buch_executive_villas_phase_2_buch_villas_phase_2_-_manik_block_10_marla_brand_new_triple_storey_house_for_sale_buch_executive_villas_multan-54463550-22186-1.html
One Kanal Luxury House For Sale In Dha Multan,PKR 4 Crore,40000000,5,6,1 Kanal,4500.0,8888,House,True,31,hot31Share on FacebookShare on TwitterShare on WhatsAppSend via GMailSend via E-Mail,84,Houses_Multan,2026-07-29,https://www.zameen.com/Property/dha_phase_1_dha_phase_1_-_sector_q_one_kanal_luxury_house_for_sale_in_dha_multan-53773765-14316-1.html
One Kanal Luxury House For Sale In Sector M Dha Multan,PKR 6.2 Crore,62000000,5,6,1 Kanal,4500.0,13777,House,True,50,hot50Share on FacebookShare on TwitterShare on WhatsAppSend via GMailSend via E-Mail,84,Houses_Multan,2026-07-29,https://www.zameen.com/Property/dha_defence_dha_phase_1_one_kanal_luxury_house_for_sale_in_sector_m_dha_multan-54289689-15631-1.html
5 Marla Modern House In Royal Orchard Multan,PKR 2 Crore,20000000,3,4,5 Marla,1125.0,17777,House,False,17,hot17Share on FacebookShare on TwitterShare on WhatsAppSend via GMailSend via E-Mail,84,Houses_Multan,2026-07-29,https://www.zameen.com/Property/multan_public_school_road_royal_orchard_5_marla_modern_house_in_royal_orchard_multan-54489885-9492-1.html
Well-constructed Brand New House Available For sale In DHA Phase 1 - Sector C,PKR 3.25 Crore,32500000,6,6,9 Marla,2025.0,16049,House,False,5,hot5Share on FacebookShare on TwitterShare on WhatsAppSend via GMailSend via E-Mail,83,Houses_Multan,2026-07-29,https://www.zameen.com/Property/dha_phase_1_dha_phase_1_-_sector_c_well-constructed_brand_new_house_available_for_sale_in_dha_phase_1_-_sector_c-54520865-14302-1.html
Your Dream Brand New 6 Marla House Is Available In DHA Phase 1 - Sector C,PKR 2.25 Crore,22500000,4,4,6 Marla,1350.0,16666,House,False,1,hot1Share on FacebookShare on TwitterShare on WhatsAppSend via GMailSend via E-Mail,83,Houses_Multan,2026-07-29,https://www.zameen.com/Property/dha_phase_1_dha_phase_1_-_sector_c_your_dream_brand_new_6_marla_house_is_available_in_dha_phase_1_-_sector_c-54520864-14302-1.html
Brand New 12 Marla House Available In DHA Phase 1 - Sector C For sale,PKR 4.25 Crore,42500000,6,6,12 Marla,2700.0,15740,House,False,6,hot6Share on FacebookShare on TwitterShare on WhatsAppSend via GMailSend via E-Mail,83,Houses_Multan,2026-07-29,https://www.zameen.com/Property/dha_phase_1_dha_phase_1_-_sector_c_brand_new_12_marla_house_available_in_dha_phase_1_-_sector_c_for_sale-54520866-14302-1.html
5.75 (Ponay 6 ) Marla House For Sale MPS Road Multan,PKR 1.8 Crore,18000000,4,6,6 Marla,1350.0,13333,House,False,10,hot10Share on FacebookShare on TwitterShare on WhatsAppSend via GMailSend via E-Mail,84,Houses_Multan,2026-07-29,https://www.zameen.com/Property/multan_multan_public_school_road_5_75_ponay_6_marla_house_for_sale_mps_road_multan-54527362-8902-1.html
5 Marla House for Sale in Buch Executive Villas Multan,PKR 1.68 Crore,16800000,4,5,5 Marla,1125.0,14933,House,True,27,27Share on FacebookShare on TwitterShare on WhatsAppSend via GMailSend via E-Mail,81,Houses_Multan,2026-07-29,https://www.zameen.com/Property/multan_buch_executive_villas_5_marla_house_for_sale_in_buch_executive_villas_multan-54158683-8627-1.html
10 Marla Modern Designer Luxurious House For Sale In Buch Villas Multan,PKR 3.7 Crore,37000000,6,6,10 Marla,2250.0,16444,House,True,32,32Share on FacebookShare on TwitterShare on WhatsAppSend via GMailSend via E-Mail,81,Houses_Multan,2026-07-29,https://www.zameen.com/Property/multan_buch_executive_villas_10_marla_modern_designer_luxurious_house_for_sale_in_buch_villas_multan-52935498-8627-1.html
5 Marla Luxurious House For Sale In Buch Villas Multan,PKR 1.95 Crore,19500000,5,6,5 Marla,1125.0,17333,House,True,22,22Share on FacebookShare on TwitterShare on WhatsAppSend via GMailSend via E-Mail,81,Houses_Multan,2026-07-29,https://www.zameen.com/Property/buch_executive_villas_phase_2_buch_villas_phase_2_-_manik_block_5_marla_luxurious_house_for_sale_in_buch_villas_multan-53768330-22186-1.html
5 Marla Luxury House For Sale In Buch Villas Multan,PKR 1.9 Crore,19000000,5,6,5 Marla,1125.0,16888,House,True,19,19Share on FacebookShare on TwitterShare on WhatsAppSend via GMailSend via E-Mail,81,Houses_Multan,2026-07-29,https://www.zameen.com/Property/multan_buch_executive_villas_5_marla_luxury_house_for_sale_in_buch_villas_multan-53781484-8627-1.html
17 Marla Luxurious House For Sale In Buch Villas Multan,PKR 6.4 Crore,64000000,6,6,17 Marla,3825.0,16732,House,True,35,35Share on FacebookShare on TwitterShare on WhatsAppSend via GMailSend via E-Mail,81,Houses_Multan,2026-07-29,https://www.zameen.com/Property/multan_buch_executive_villas_17_marla_luxurious_house_for_sale_in_buch_villas_multan-54144495-8627-1.html
10 Marla Luxury House For Sale In Buch Villas Multan,PKR 3.98 Crore,39800000,5,6,10 Marla,2250.0,17688,House,True,36,36Share on FacebookShare on TwitterShare on WhatsAppSend via GMailSend via E-Mail,81,Houses_Multan,2026-07-29,https://www.zameen.com/Property/multan_buch_executive_villas_10_marla_luxury_house_for_sale_in_buch_villas_multan-54293605-8627-1.html
5 Marla House Up For Sale In Buch Executive Villas,PKR 1.95 Crore,19500000,4,5,5 Marla,1125.0,17333,House,True,17,17Share on FacebookShare on TwitterShare on WhatsAppSend via GMailSend via E-Mail,81,Houses_Multan,2026-07-29,https://www.zameen.com/Property/multan_buch_executive_villas_5_marla_house_up_for_sale_in_buch_executive_villas-52867133-8627-1.html
Prime Location Buch Executive Villas House Sized 5 Marla Is Available,PKR 1.98 Crore,19800000,4,5,5 Marla,1125.0,17600,House,True,24,24Share on FacebookShare on TwitterShare on WhatsAppSend via GMailSend via E-Mail,81,Houses_Multan,2026-07-29,https://www.zameen.com/Property/multan_buch_executive_villas_prime_location_buch_executive_villas_house_sized_5_marla_is_available-52871024-8627-1.html
20 Marla Brand New Luxury House For Sale | Royal Orchard Multan (Prime Location) 5 Spacious Bedrooms with attached luxury washrooms,PKR 7.15 Crore,71500000,7,7,1 Kanal,4500.0,15888,House,True,38,super hot381Share on FacebookShare on TwitterShare on WhatsAppSend via GMailSend via E-Mail,91,Houses_Multan,2026-07-29,https://www.zameen.com/Property/multan_public_school_road_royal_orchard_20_marla_brand_new_luxury_house_for_sale_royal_orchard_multan_prime_location_5_spacious_bedrooms_with_attached_luxury_washrooms-54405238-9492-1.html
"Royal Orchard, Multan. 20 Marla House For Sale",PKR 7.65 Crore,76500000,7,6,1 Kanal,4500.0,17000,House,True,40,super hot401Share on FacebookShare on TwitterShare on WhatsAppSend via GMailSend via E-Mail,91,Houses_Multan,2026-07-29,https://www.zameen.com/Property/multan_public_school_road_royal_orchard_royal_orchard_multan_20_marla_house_for_sale-54373079-9492-1.html
Your Dream Brand New 20 Marla House Is Available In DHA Phase 1 - Sector M,PKR 6.25 Crore,62500000,5,6,1 Kanal,4500.0,13888,House,True,17,super hot17VerifiedShare on FacebookShare on TwitterShare on WhatsAppSend via GMailSend via E-Mail,98,Houses_Multan,2026-07-29,https://www.zameen.com/Property/dha_phase_1_dha_phase_1_-_sector_m_your_dream_brand_new_20_marla_house_is_available_in_dha_phase_1_-_sector_m-54499922-14312-1.html
17 Marla executive House available,PKR 6.25 Crore,62500000,5,6,17 Marla,3825.0,16339,House,True,28,super hot28Share on FacebookShare on TwitterShare on WhatsAppSend via GMailSend via E-Mail,90,Houses_Multan,2026-07-29,https://www.zameen.com/Property/multan_buch_executive_villas_17_marla_executive_house_available-54468413-8627-1.html
10 Marla Ultra-Modern & Most Elegant House For Sale In Royal Orchard Multan,PKR 5.5 Crore,55000000,6,6,1 Kanal,4500.0,12222,House,True,29,super hot29Share on FacebookShare on TwitterShare on WhatsAppSend via GMailSend via E-Mail,90,Houses_Multan,2026-07-29,https://www.zameen.com/Property/multan_dha_defence_10_marla_ultra-modern_most_elegant_house_for_sale_in_royal_orchard_multan-54215489-8581-1.html
10 Marla Royal Orchard Prime Location House For Sale,PKR 3 Crore,30000000,5,6,10 Marla,2250.0,13333,House,True,11,super hot11Share on FacebookShare on TwitterShare on WhatsAppSend via GMailSend via E-Mail,90,Houses_Multan,2026-07-29,https://www.zameen.com/Property/royal_orchard_royal_orchard_-_block_f_10_marla_royal_orchard_prime_location_house_for_sale-54520573-9499-1.html
1 Kanal Luxury House Available For Sale,PKR 5.75 Crore,57500000,6,5,1 Kanal,4500.0,12777,House,True,31,super hot31Share on FacebookShare on TwitterShare on WhatsAppSend via GMailSend via E-Mail,90,Houses_Multan,2026-07-29,https://www.zameen.com/Property/dha_phase_1_dha_phase_1_-_sector_h_1_kanal_luxury_house_available_for_sale-54506939-14307-1.html
5 MARLA HOUSES AVAILABLE FOR SALE,PKR 1.85 Crore,18500000,4,5,5 Marla,1125.0,16444,House,True,12,super hot12Share on FacebookShare on TwitterShare on WhatsAppSend via GMailSend via E-Mail,90,Houses_Multan,2026-07-29,https://www.zameen.com/Property/multan_buch_executive_villas_5_marla_houses_available_for_sale-54494504-8627-1.html
10 Marla House Available For Sale,PKR 3.49 Crore,34900000,5,6,10 Marla,2250.0,15511,House,True,29,super hot29Share on FacebookShare on TwitterShare on WhatsAppSend via GMailSend via E-Mail,90,Houses_Multan,2026-07-29,https://www.zameen.com/Property/dha_phase_1_dha_phase_1_-_sector_b1_10_marla_house_available_for_sale-54487634-14300-1.html
Centrally Located Prime Location House For sale In Wapda Town Phase 1 - Block D Available,PKR 2.5 Crore,25000000,4,4,5 Marla,1125.0,22222,House,True,31,super hot311VerifiedShare on FacebookShare on TwitterShare on WhatsAppSend via GMailSend via E-Mail,99,Houses_Multan,2026-07-29,https://www.zameen.com/Property/wapda_town_phase_1_wapda_town_phase_1_-_block_d_centrally_located_prime_location_house_for_sale_in_wapda_town_phase_1_-_block_d_available-54433278-14203-1.html
10 Marla Luxury House For Sale In Buch Villas Multan,PKR 3.98 Crore,39800000,6,6,10 Marla,2250.0,17688,House,True,23,hot23Share on FacebookShare on TwitterShare on WhatsAppSend via GMailSend via E-Mail,84,Houses_Multan,2026-07-29,https://www.zameen.com/Property/multan_buch_executive_villas_10_marla_luxury_house_for_sale_in_buch_villas_multan-54293595-8627-1.html
Most Luxurious One Kanal House For Sale In Royal Orchard Multan,PKR 7.48 Crore,74800000,6,6,1 Kanal,4500.0,16622,House,True,33,hot33Share on FacebookShare on TwitterShare on WhatsAppSend via GMailSend via E-Mail,84,Houses_Multan,2026-07-29,https://www.zameen.com/Property/royal_orchard_royal_orchard_-_executive_block_most_luxurious_one_kanal_house_for_sale_in_royal_orchard_multan-53795666-22439-1.html
Brand New 1046 Square Feet House For sale In MA Jinnah Road MA Jinnah Road,PKR 1.25 Crore,12500000,5,6,4.6 Marla,1035.0,12077,House,False,10,hot10VerifiedShare on FacebookShare on TwitterShare on WhatsAppSend via GMailSend via E-Mail,92,Houses_Multan,2026-07-29,https://www.zameen.com/Property/multan_ma_jinnah_road_brand_new_1046_square_feet_house_for_sale_in_ma_jinnah_road_ma_jinnah_road-54448731-10426-1.html
Brand New 8 Marla House For Sale In Wapda Town Phase 1 - Block D Multan,PKR 2.7 Crore,27000000,5,5,8 Marla,1800.0,15000,House,False,34,hot34VerifiedShare on FacebookShare on TwitterShare on WhatsAppSend via GMailSend via E-Mail,92,Houses_Multan,2026-07-29,https://www.zameen.com/Property/wapda_town_phase_1_wapda_town_phase_1_-_block_d_brand_new_8_marla_house_for_sale_in_wapda_town_phase_1_-_block_d_multan-54443739-14203-1.html
Buch Villas 3.50 Marla Triple Storey House For Sale Available 4 Bed Attach Bath,PKR 1.65 Crore,16500000,1,1,3 Marla,675.0,24444,House,False,20,hot20Share on FacebookShare on TwitterShare on WhatsAppSend via GMailSend via E-Mail,84,Houses_Multan,2026-07-29,https://www.zameen.com/Property/multan_buch_executive_villas_buch_villas_3_50_marla_triple_storey_house_for_sale_available_4_bed_attach_bath-54381672-8627-1.html
Buch Villas 7.50 Marla Ues House For Sale Available Ideal Location,PKR 2.35 Crore,23500000,5,5,7.5 Marla,1687.5,13925,House,False,49,hot49Share on FacebookShare on TwitterShare on WhatsAppSend via GMailSend via E-Mail,84,Houses_Multan,2026-07-29,https://www.zameen.com/Property/multan_buch_executive_villas_buch_villas_7_50_marla_ues_house_for_sale_available_ideal_location-54422149-8627-1.html
One Kanal Luxurious House For Sale In Dha Multan Sector M,PKR 6.25 Crore,62500000,5,6,1 Kanal,4500.0,13888,House,False,21,hot21Share on FacebookShare on TwitterShare on WhatsAppSend via GMailSend via E-Mail,84,Houses_Multan,2026-07-29,https://www.zameen.com/Property/dha_phase_1_dha_phase_1_-_sector_m_one_kanal_luxurious_house_for_sale_in_dha_multan_sector_m-54491557-14312-1.html
5 Marla Luxurious House For Sale In Buch Villas Multan,PKR 1.95 Crore,19500000,4,5,5 Marla,1125.0,17333,House,True,17,17Share on FacebookShare on TwitterShare on WhatsAppSend via GMailSend via E-Mail,81,Houses_Multan,2026-07-29,https://www.zameen.com/Property/buch_executive_villas_phase_2_buch_villas_phase_2_-_manik_block_5_marla_luxurious_house_for_sale_in_buch_villas_multan-53766995-22186-1.html
5 Marla Modern House For Sale In Buch Villlas Multan,PKR 1.95 Crore,19500000,4,5,5 Marla,1125.0,17333,House,True,25,25Share on FacebookShare on TwitterShare on WhatsAppSend via GMailSend via E-Mail,81,Houses_Multan,2026-07-29,https://www.zameen.com/Property/buch_executive_villas_phase_2_buch_villas_phase_2_-_manik_block_5_marla_modern_house_for_sale_in_buch_villlas_multan-53767055-22186-1.html
5 Marla Modern Designer House For Sale In Buch Villas Multan,PKR 2.15 Crore,21500000,4,6,5 Marla,1125.0,19111,House,True,26,26Share on FacebookShare on TwitterShare on WhatsAppSend via GMailSend via E-Mail,81,Houses_Multan,2026-07-29,https://www.zameen.com/Property/multan_buch_executive_villas_5_marla_modern_designer_house_for_sale_in_buch_villas_multan-53789550-8627-1.html
One Kanal Fully Farnishd House For Sale In Royal Orchard Multan,PKR 7.5 Crore,75000000,6,6,1 Kanal,4500.0,16666,House,True,24,24Share on FacebookShare on TwitterShare on WhatsAppSend via GMailSend via E-Mail,81,Houses_Multan,2026-07-29,https://www.zameen.com/Property/multan_public_school_road_royal_orchard_one_kanal_fully_farnishd_house_for_sale_in_royal_orchard_multan-54053317-9492-1.html
5 Marla Luxurious House For Sale In Royal Orchard Multan,PKR 2.1 Crore,21000000,4,6,5 Marla,1125.0,18666,House,True,16,16Share on FacebookShare on TwitterShare on WhatsAppSend via GMailSend via E-Mail,81,Houses_Multan,2026-07-29,https://www.zameen.com/Property/multan_public_school_road_royal_orchard_5_marla_luxurious_house_for_sale_in_royal_orchard_multan-54170637-9492-1.html
One Kanal Ultra Modern Designer House For Sale In Royal Orchard Multan,PKR 6.7 Crore,67000000,6,6,1 Kanal,4500.0,14888,House,True,42,42Share on FacebookShare on TwitterShare on WhatsAppSend via GMailSend via E-Mail,81,Houses_Multan,2026-07-29,https://www.zameen.com/Property/multan_public_school_road_royal_orchard_one_kanal_ultra_modern_designer_house_for_sale_in_royal_orchard_multan-53767192-9492-1.html
5 Marla Modern Designer House For Sale In Buch Villas Multan,PKR 2.25 Crore,22500000,4,5,5 Marla,1125.0,20000,House,True,39,39Share on FacebookShare on TwitterShare on WhatsAppSend via GMailSend via E-Mail,81,Houses_Multan,2026-07-29,https://www.zameen.com/Property/buch_executive_villas_phase_2_buch_villas_phase_2_-_hamid_block_5_marla_modern_designer_house_for_sale_in_buch_villas_multan-53770216-22188-1.html
5 Marla Double Storey Beautiful Luxury Hose For Sale In Citi Housing Phase 1 Multan,PKR 1.35 Crore,13500000,3,4,5 Marla,1125.0,12000,Unknown,True,17,17Share on FacebookShare on TwitterShare on WhatsAppSend via GMailSend via E-Mail,81,Houses_Multan,2026-07-29,https://www.zameen.com/Property/citi_housing_citi_housing_phase_1_5_marla_double_storey_beautiful_luxury_hose_for_sale_in_citi_housing_phase_1_multan-53744150-21449-1.html
5 Marla Brand New Triple Story Luxury House For Sale in Buch Villas,PKR 1.75 Crore,17500000,4,5,5 Marla,1125.0,15555,House,True,14,super hot14Share on FacebookShare on TwitterShare on WhatsAppSend via GMailSend via E-Mail,90,Houses_Multan,2026-07-29,https://www.zameen.com/Property/multan_buch_executive_villas_5_marla_brand_new_triple_story_luxury_house_for_sale_in_buch_villas-54429444-8627-1.html
Brand New Luxury House Available For Sale,PKR 3.1 Crore,31000000,6,6,8 Marla,1800.0,17222,House,True,45,super hot45Share on FacebookShare on TwitterShare on WhatsAppSend via GMailSend via E-Mail,90,Houses_Multan,2026-07-29,https://www.zameen.com/Property/multan_buch_executive_villas_brand_new_luxury_house_available_for_sale-52306382-8627-1.html
Step Inside This Beautiful 1 Kanal Designer House,PKR 4.3 Crore,43000000,5,6,1 Kanal,4500.0,9555,House,True,7,super hot7Share on FacebookShare on TwitterShare on WhatsAppSend via GMailSend via E-Mail,89,Houses_Multan,2026-07-29,https://www.zameen.com/Property/multan_dha_defence_step_inside_this_beautiful_1_kanal_designer_house-54479813-8581-1.html
8 Marla Brand New Modern Design House Available For Sale,PKR 2.45 Crore,24500000,6,6,8 Marla,1800.0,13611,House,True,13,super hot13Share on FacebookShare on TwitterShare on WhatsAppSend via GMailSend via E-Mail,90,Houses_Multan,2026-07-29,https://www.zameen.com/Property/multan_dha_defence_8_marla_brand_new_modern_design_house_available_for_sale-54075059-8581-1.html
20 Marla Brand New Luxury House For Sale | DHA Multan (Prime Location),PKR 5.5 Crore,55000000,5,6,1 Kanal,4500.0,12222,House,True,28,super hot28Share on FacebookShare on TwitterShare on WhatsAppSend via GMailSend via E-Mail,90,Houses_Multan,2026-07-29,https://www.zameen.com/Property/dha_phase_1_dha_phase_1_-_sector_h_20_marla_brand_new_luxury_house_for_sale_dha_multan_prime_location-54473567-14307-1.html
Facing Park 10 Marla Spacious House Available In Royal Orchard - Block C For Sale,PKR 3.49 Crore,34900000,5,6,10 Marla,2250.0,15511,House,True,23,super hot23Share on FacebookShare on TwitterShare on WhatsAppSend via GMailSend via E-Mail,90,Houses_Multan,2026-07-29,https://www.zameen.com/Property/royal_orchard_royal_orchard_-_block_c_facing_park_10_marla_spacious_house_available_in_royal_orchard_-_block_c_for_sale-54200003-9496-1.html
1 Kanal Luxury Semi Furnished House In Royal Orchard Multan,PKR 7.15 Crore,71500000,5,5,1 Kanal,4500.0,15888,House,True,21,super hot21Share on FacebookShare on TwitterShare on WhatsAppSend via GMailSend via E-Mail,90,Houses_Multan,2026-07-29,https://www.zameen.com/Property/multan_public_school_road_royal_orchard_1_kanal_luxury_semi_furnished_house_in_royal_orchard_multan-54395703-9492-1.html
Your Dream Brand New 3 Marla House Is Available In Multan Public School Road,PKR 1.1 Crore,11000000,3,4,3 Marla,675.0,16296,House,True,15,super hot15Share on FacebookShare on TwitterShare on WhatsAppSend via GMailSend via E-Mail,90,Houses_Multan,2026-07-29,https://www.zameen.com/Property/multan_multan_public_school_road_your_dream_brand_new_3_marla_house_is_available_in_multan_public_school_road-54471273-8902-1.html
Your Dream Brand New 5 Marla House Is Available In Royal Orchard,PKR 1.95 Crore,19500000,4,4,5 Marla,1125.0,17333,House,True,5,super hot5VerifiedShare on FacebookShare on TwitterShare on WhatsAppSend via GMailSend via E-Mail,97,Houses_Multan,2026-07-29,https://www.zameen.com/Property/multan_public_school_road_royal_orchard_your_dream_brand_new_5_marla_house_is_available_in_royal_orchard-54508344-9492-1.html
Brand New 5.23 Marla house Manik Block Buch villas,PKR 1.98 Crore,19800000,4,5,5.2 Marla,1170.0,16923,House,True,17,super hot171Share on FacebookShare on TwitterShare on WhatsAppSend via GMailSend via E-Mail,91,Houses_Multan,2026-07-29,https://www.zameen.com/Property/multan_buch_executive_villas_brand_new_5_23_marla_house_manik_block_buch_villas-54501765-8627-1.html
5 Marla Tripple Storey Semi Furnished Brand New Beautiful House For Sale At Buch Executive Villas On Good Location,PKR 2.1 Crore,21000000,4,5,5 Marla,1125.0,18666,House,True,25,hot25Share on FacebookShare on TwitterShare on WhatsAppSend via GMailSend via E-Mail,84,Houses_Multan,2026-07-29,https://www.zameen.com/Property/multan_buch_executive_villas_5_marla_tripple_storey_semi_furnished_brand_new_beautiful_house_for_sale_at_buch_executive_villas_on_good_location-53855406-8627-1.html
5 Marla Most Beautiful House For Sale Buch Executive Villas Multan On Extradioary Location,PKR 1.75 Crore,17500000,4,5,5 Marla,1125.0,15555,House,True,34,hot34Share on FacebookShare on TwitterShare on WhatsAppSend via GMailSend via E-Mail,84,Houses_Multan,2026-07-29,https://www.zameen.com/Property/multan_buch_executive_villas_5_marla_most_beautiful_house_for_sale_buch_executive_villas_multan_on_extradioary_location-52381453-8627-1.html
Prime Location House Of 10 Marla In Shah Rukn-E-Alam Colony Is Available,PKR 2.35 Crore,23500000,5,6,10 Marla,2250.0,10444,House,False,24,hot24Share on FacebookShare on TwitterShare on WhatsAppSend via GMailSend via E-Mail,84,Houses_Multan,2026-07-29,https://www.zameen.com/Property/multan_shah_rukn-e-alam_colony_prime_location_house_of_10_marla_in_shah_rukn-e-alam_colony_is_available-54282741-658-1.html
Find Your Ideal Prime Location House In Shah Rukn-e-Alam Colony Under Rs. 8500000,PKR 85 Lakh,8500000,3,3,3 Marla,675.0,12592,House,False,14,hot14Share on FacebookShare on TwitterShare on WhatsAppSend via GMailSend via E-Mail,84,Houses_Multan,2026-07-29,https://www.zameen.com/Property/multan_shah_rukn-e-alam_colony_find_your_ideal_prime_location_house_in_shah_rukn-e-alam_colony_under_rs_8500000-54470789-658-1.html
"5 Marla Double Storey Brand New House for Sale in Citi Housing, Multan",PKR 1.15 Crore,11500000,4,5,5 Marla,1125.0,10222,House,False,20,hot20Share on FacebookShare on TwitterShare on WhatsAppSend via GMailSend via E-Mail,84,Houses_Multan,2026-07-29,https://www.zameen.com/Property/citi_housing_phase_1_citi_housing_-_block_c_5_marla_double_storey_brand_new_house_for_sale_in_citi_housing_multan-54524537-17369-1.html
Prime Location In Buch Villas Phase 2 - Hamid Block 9 Marla House For Sale,PKR 3.2 Crore,32000000,5,5,9 Marla,2025.0,15802,House,False,19,hot19Share on FacebookShare on TwitterShare on WhatsAppSend via GMailSend via E-Mail,84,Houses_Multan,2026-07-29,https://www.zameen.com/Property/buch_executive_villas_phase_2_buch_villas_phase_2_-_hamid_block_prime_location_in_buch_villas_phase_2_-_hamid_block_9_marla_house_for_sale-54243714-22188-1.html
Best Options For Prime Location House Is Available For Sale In Buch Executive Villas,PKR 3.4 Crore,34000000,5,5,10 Marla,2250.0,15111,House,False,18,hot18Share on FacebookShare on TwitterShare on WhatsAppSend via GMailSend via E-Mail,84,Houses_Multan,2026-07-29,https://www.zameen.com/Property/multan_buch_executive_villas_best_options_for_prime_location_house_is_available_for_sale_in_buch_executive_villas-54274521-8627-1.html
Your Dream Brand New 7 Marla House Is Available In Nasheman Colony,PKR 2.35 Crore,23500000,5,6,7 Marla,1575.0,14920,House,False,17,17VerifiedShare on FacebookShare on TwitterShare on WhatsAppSend via GMailSend via E-Mail,89,Houses_Multan,2026-07-29,https://www.zameen.com/Property/multan_nasheman_colony_your_dream_brand_new_7_marla_house_is_available_in_nasheman_colony-54535045-1075-1.html
"7.5 Marla Brand New Luxury Villa For Sale in Buch Villas, Multan",PKR 3.18 Crore,31800000,5,6,7.5 Marla,1687.5,18844,House,False,9,9Share on FacebookShare on TwitterShare on WhatsAppSend via GMailSend via E-Mail,80,Houses_Multan,2026-07-29,https://www.zameen.com/Property/multan_buch_executive_villas_7_5_marla_brand_new_luxury_villa_for_sale_in_buch_villas_multan-54534170-8627-1.html
Brand New 5 Marla House For sale In Adams Housing Scheme Multan,PKR 1.55 Crore,15500000,3,4,5 Marla,1125.0,13777,House,False,7,7VerifiedShare on FacebookShare on TwitterShare on WhatsAppSend via GMailSend via E-Mail,88,Houses_Multan,2026-07-29,https://www.zameen.com/Property/mattital_road_adams_housing_scheme_brand_new_5_marla_house_for_sale_in_adams_housing_scheme_multan-54454649-18836-1.html
Your Dream Brand New 6 Marla House Is Available In Bahadurpur,PKR 1.7 Crore,17000000,4,4,6 Marla,1350.0,12592,House,False,19,19VerifiedShare on FacebookShare on TwitterShare on WhatsAppSend via GMailSend via E-Mail,89,Houses_Multan,2026-07-29,https://www.zameen.com/Property/multan_bahadurpur_your_dream_brand_new_6_marla_house_is_available_in_bahadurpur-54454655-8620-1.html
Brand New 10 Marla House For Sale In PIA Employees Housing Society PIA Employees Housing Society,PKR 2 Crore,20000000,5,5,10 Marla,2250.0,8888,House,False,7,7VerifiedShare on FacebookShare on TwitterShare on WhatsAppSend via GMailSend via E-Mail,88,Houses_Multan,2026-07-29,https://www.zameen.com/Property/multan_pia_employees_housing_society_brand_new_10_marla_house_for_sale_in_pia_employees_housing_society_pia_employees_housing_society-54454657-1502-1.html
"11 Marla Double Storey Luxury House for Sale in Buch Villas, Multan",PKR 4 Crore,40000000,5,6,11 Marla,2475.0,16161,House,False,15,15Share on FacebookShare on TwitterShare on WhatsAppSend via GMailSend via E-Mail,81,Houses_Multan,2026-07-29,https://www.zameen.com/Property/multan_buch_executive_villas_11_marla_double_storey_luxury_house_for_sale_in_buch_villas_multan-54522917-8627-1.html
"5 Marla Double Storey House For Sale In Buch Villas, Multan",PKR 1.7 Crore,17000000,3,4,5 Marla,1125.0,15111,House,False,14,14Share on FacebookShare on TwitterShare on WhatsAppSend via GMailSend via E-Mail,81,Houses_Multan,2026-07-29,https://www.zameen.com/Property/multan_buch_executive_villas_5_marla_double_storey_house_for_sale_in_buch_villas_multan-54519756-8627-1.html
"5 Marla Triple Storey Classic House Available for Sale in Buch Villas, Multan",PKR 2.17 Crore,21700000,4,5,5 Marla,1125.0,19288,House,False,20,20Share on FacebookShare on TwitterShare on WhatsAppSend via GMailSend via E-Mail,81,Houses_Multan,2026-07-29,https://www.zameen.com/Property/buch_executive_villas_buch_executive_villas_-_phase_1_5_marla_triple_storey_classic_house_available_for_sale_in_buch_villas_multan-54519683-19719-1.html
20 Marla Brand New Luxury House For Sale | DHA Multan (Prime Location),PKR 5.3 Crore,53000000,5,6,1 Kanal,4500.0,11777,House,True,27,super hot27Share on FacebookShare on TwitterShare on WhatsAppSend via GMailSend via E-Mail,90,Houses_Multan,2026-07-29,https://www.zameen.com/Property/dha_phase_1_dha_phase_1_-_sector_h_20_marla_brand_new_luxury_house_for_sale_dha_multan_prime_location-54473426-14307-1.html
Royal Orchid Multan 20 Marla Fully luxurious house for sale,PKR 6.9 Crore,69000000,8,6,1 Kanal,4500.0,15333,House,True,28,super hot28Share on FacebookShare on TwitterShare on WhatsAppSend via GMailSend via E-Mail,90,Houses_Multan,2026-07-29,https://www.zameen.com/Property/multan_public_school_road_royal_orchard_royal_orchid_multan_20_marla_fully_luxurious_house_for_sale-53525017-9492-1.html
Royal Orchard Multan 21 Marla Double Storey House For Sale Fully Ultra Modern And Luxurious House,PKR 7.5 Crore,75000000,6,6,1 Kanal,4500.0,16666,House,True,45,super hot45Share on FacebookShare on TwitterShare on WhatsAppSend via GMailSend via E-Mail,90,Houses_Multan,2026-07-29,https://www.zameen.com/Property/multan_public_school_road_royal_orchard_royal_orchard_multan_21_marla_double_storey_house_for_sale_fully_ultra_modern_and_luxurious_house-53277604-9492-1.html
1 Kanal Fully Luxury Modern House For Sale Royal Orchard Multan  An Outstanding 1 Kanal Fully Luxury Modern House Is Available For Sale In The Prime Location Of Royal Orchard Multan Designed,PKR 7.5 Crore,75000000,5,6,1 Kanal,4500.0,16666,House,True,30,super hot30Share on FacebookShare on TwitterShare on WhatsAppSend via GMailSend via E-Mail,90,Houses_Multan,2026-07-29,https://www.zameen.com/Property/multan_public_school_road_royal_orchard_1_kanal_fully_luxury_modern_house_for_sale_royal_orchard_multan_an_outstanding_1_kanal_fully_luxury_modern_house_is_available_for_sale_in_the_prime_location_of_royal_orchard_multan_designed-54367585-9492-1.html
DHA Multan  20 Marla Double Story House for sale,PKR 5.25 Crore,52500000,6,6,1 Kanal,4500.0,11666,House,True,49,super hot49Share on FacebookShare on TwitterShare on WhatsAppSend via GMailSend via E-Mail,90,Houses_Multan,2026-07-29,https://www.zameen.com/Property/dha_phase_1_dha_phase_1_-_sector_m_dha_multan_20_marla_double_story_house_for_sale-53455098-14312-1.html
Semi Furnished 20 Marla House Available In Royal Orchard - Block E For Sale,PKR 7.15 Crore,71500000,5,6,1 Kanal,4500.0,15888,House,True,21,super hot21VerifiedShare on FacebookShare on TwitterShare on WhatsAppSend via GMailSend via E-Mail,98,Houses_Multan,2026-07-29,https://www.zameen.com/Property/royal_orchard_royal_orchard_-_block_e_semi_furnished_20_marla_house_available_in_royal_orchard_-_block_e_for_sale-54438129-9497-1.html
Designer House for Sale In Green Fort Housing Society Multan,PKR 1.6 Crore,16000000,4,3,10 Marla,2250.0,7111,House,True,14,super hot14Share on FacebookShare on TwitterShare on WhatsAppSend via GMailSend via E-Mail,90,Houses_Multan,2026-07-29,https://www.zameen.com/Property/multan_green_fort_housing_scheme_designer_house_for_sale_in_green_fort_housing_society_multan-54476715-5739-1.html
Corner 10 Marla House For Grabs In DHA Defence Askari 3,PKR 3.15 Crore,31500000,4,5,10 Marla,2250.0,14000,House,True,6,super hot6Share on FacebookShare on TwitterShare on WhatsAppSend via GMailSend via E-Mail,89,Houses_Multan,2026-07-29,https://www.zameen.com/Property/dha_defence_askari_3_corner_10_marla_house_for_grabs_in_dha_defence_askari_3-54497748-17156-1.html
A 20 Marla House For Sale At Bosan Road Multan,PKR 3.85 Crore,38500000,5,5,1 Kanal,4500.0,8555,House,True,17,super hot171VerifiedShare on FacebookShare on TwitterShare on WhatsAppSend via GMailSend via E-Mail,99,Houses_Multan,2026-07-29,https://www.zameen.com/Property/multan_bosan_road_a_20_marla_house_for_sale_at_bosan_road_multan-53927818-5705-1.html
Prime Location 5 Marla House In Royal Orchard For Sale At Good Location,PKR 1.85 Crore,18500000,3,3,5 Marla,1125.0,16444,House,True,13,super hot13Share on FacebookShare on TwitterShare on WhatsAppSend via GMailSend via E-Mail,90,Houses_Multan,2026-07-29,https://www.zameen.com/Property/multan_public_school_road_royal_orchard_prime_location_5_marla_house_in_royal_orchard_for_sale_at_good_location-54492735-9492-1.html
"12 Marla Villa For Sale In Premium Homes By DHA Multan, Handover In January 2026 And Payment Plan Of 3 Years",PKR 4.3 Crore,43000000,5,6,12 Marla,2700.0,15925,House,True,19,hot19Share on FacebookShare on TwitterShare on WhatsAppSend via GMailSend via E-Mail,84,Houses_Multan,2026-07-29,https://www.zameen.com/Property/dha_defence_premium_homes_12_marla_villa_for_sale_in_premium_homes_by_dha_multan_handover_in_january_2026_and_payment_plan_of_3_years-53246206-22232-1.html
1 Kanal House For Sale In DHA Multan Sector I,PKR 5 Crore,50000000,5,6,1 Kanal,4500.0,11111,House,True,23,hot23Share on FacebookShare on TwitterShare on WhatsAppSend via GMailSend via E-Mail,84,Houses_Multan,2026-07-29,https://www.zameen.com/Property/dha_phase_1_dha_phase_1_-_sector_i_1_kanal_house_for_sale_in_dha_multan_sector_i-54333381-14308-1.html
End Your Search For Prime Location House Here And Sale Now,PKR 3.95 Crore,39500000,6,6,10 Marla,2250.0,17555,House,False,25,hot25Share on FacebookShare on TwitterShare on WhatsAppSend via GMailSend via E-Mail,84,Houses_Multan,2026-07-29,https://www.zameen.com/Property/buch_executive_villas_phase_2_buch_villas_phase_2_-_manik_block_end_your_search_for_prime_location_house_here_and_sale_now-54481093-22186-1.html
Aesthetic Prime Location House Of 7 Marla For Sale Is Available,PKR 3.25 Crore,32500000,5,5,7 Marla,1575.0,20634,House,False,23,hot23Share on FacebookShare on TwitterShare on WhatsAppSend via GMailSend via E-Mail,84,Houses_Multan,2026-07-29,https://www.zameen.com/Property/multan_buch_executive_villas_aesthetic_prime_location_house_of_7_marla_for_sale_is_available-54492362-8627-1.html
5.44 Marla House For Sale In Buch Villas Multan,PKR 2.15 Crore,21500000,5,5,5.5 Marla,1237.5,17373,House,False,20,hot20Share on FacebookShare on TwitterShare on WhatsAppSend via GMailSend via E-Mail,84,Houses_Multan,2026-07-29,https://www.zameen.com/Property/multan_buch_executive_villas_5_44_marla_house_for_sale_in_buch_villas_multan-53778572-8627-1.html
1 kanal Spanish house in DHA multan,PKR 5.75 Crore,57500000,5,6,1 Kanal,4500.0,12777,House,False,20,hot20Share on FacebookShare on TwitterShare on WhatsAppSend via GMailSend via E-Mail,84,Houses_Multan,2026-07-29,https://www.zameen.com/Property/multan_dha_defence_1_kanal_spanish_house_in_dha_multan-54527375-8581-1.html
Brand New 20 Marla House For Sale In DHA Phase 1 - Sector M Multan,PKR 4.75 Crore,47500000,5,6,1 Kanal,4500.0,10555,House,False,14,hot14VerifiedShare on FacebookShare on TwitterShare on WhatsAppSend via GMailSend via E-Mail,92,Houses_Multan,2026-07-29,https://www.zameen.com/Property/dha_phase_1_dha_phase_1_-_sector_m_brand_new_20_marla_house_for_sale_in_dha_phase_1_-_sector_m_multan-54255574-14312-1.html
"5 Marla Brand New Luxury House For Sale In Buch Villas, Multan",PKR 2.08 Crore,20800000,4,6,5 Marla,1125.0,18488,House,False,14,14Share on FacebookShare on TwitterShare on WhatsAppSend via GMailSend via E-Mail,81,Houses_Multan,2026-07-29,https://www.zameen.com/Property/buch_executive_villas_buch_executive_villas_-_phase_2_5_marla_brand_new_luxury_house_for_sale_in_buch_villas_multan-54517813-19720-1.html
5 Marla Brand New Triple Storey Luxury House for Sale in Prime Location,PKR 2.17 Crore,21700000,4,5,5 Marla,1125.0,19288,House,False,21,21Share on FacebookShare on TwitterShare on WhatsAppSend via GMailSend via E-Mail,81,Houses_Multan,2026-07-29,https://www.zameen.com/Property/buch_executive_villas_buch_executive_villas_-_phase_2_5_marla_brand_new_triple_storey_luxury_house_for_sale_in_prime_location-54510734-19720-1.html
7.5 Marla Brand New Double Storey VVIP Luxury House for Sale in Prime Location,PKR 3.1 Crore,31000000,6,6,7.5 Marla,1687.5,18370,House,False,16,16Share on FacebookShare on TwitterShare on WhatsAppSend via GMailSend via E-Mail,81,Houses_Multan,2026-07-29,https://www.zameen.com/Property/buch_executive_villas_buch_executive_villas_-_phase_2_7_5_marla_brand_new_double_storey_vvip_luxury_house_for_sale_in_prime_location-54510153-19720-1.html
05 Marla Brand New Luxurious Designer House For Sale In Buch Executive Villas Multan,PKR 1.59 Crore,15900000,4,5,5 Marla,1125.0,14133,House,True,28,28Share on FacebookShare on TwitterShare on WhatsAppSend via GMailSend via E-Mail,81,Houses_Multan,2026-07-29,https://www.zameen.com/Property/multan_buch_executive_villas_05_marla_brand_new_luxurious_designer_house_for_sale_in_buch_executive_villas_multan-53336785-8627-1.html
10 Marla brand new Luxurious Designer House For Sale In Buch Executive Villas Multan,PKR 3.1 Crore,31000000,5,6,10 Marla,2250.0,13777,House,True,29,29Share on FacebookShare on TwitterShare on WhatsAppSend via GMailSend via E-Mail,81,Houses_Multan,2026-07-29,https://www.zameen.com/Property/multan_buch_executive_villas_10_marla_brand_new_luxurious_designer_house_for_sale_in_buch_executive_villas_multan-53336882-8627-1.html
5 Marla Ultra Luxurious Designer House For Sale In Buch Executive Villas Multan,PKR 1.65 Crore,16500000,4,5,5 Marla,1125.0,14666,House,True,29,29Share on FacebookShare on TwitterShare on WhatsAppSend via GMailSend via E-Mail,81,Houses_Multan,2026-07-29,https://www.zameen.com/Property/multan_buch_executive_villas_5_marla_ultra_luxurious_designer_house_for_sale_in_buch_executive_villas_multan-53345958-8627-1.html
4 Marla For Sale Fatima Avenue Society MPS Road Multan,PKR 1.4 Crore,14000000,3,4,4 Marla,900.0,15555,House,False,30,30Share on FacebookShare on TwitterShare on WhatsAppSend via GMailSend via E-Mail,81,Houses_Multan,2026-07-29,https://www.zameen.com/Property/multan_public_school_road_fatima_avenue_4_marla_for_sale_fatima_avenue_society_mps_road_multan-54455595-21808-1.html
Your Dream Brand New 2306 Square Feet House Is Available In Royal Orchard,PKR 3.4 Crore,34000000,5,6,10.2 Marla,2295.0,14814,House,False,22,22Share on FacebookShare on TwitterShare on WhatsAppSend via GMailSend via E-Mail,81,Houses_Multan,2026-07-29,https://www.zameen.com/Property/multan_public_school_road_royal_orchard_your_dream_brand_new_2306_square_feet_house_is_available_in_royal_orchard-54462600-9492-1.html
DHA Multan _M Sector   3 Kanal Fully Furnished House For Sale  Double-Height TV Lounge Grand & airy ground floor lounge,PKR 20 Crore,200000000,5,6,3 Kanal,13500.0,14814,House,True,12,super hot12Share on FacebookShare on TwitterShare on WhatsAppSend via GMailSend via E-Mail,90,Houses_Multan,2026-07-29,https://www.zameen.com/Property/dha_phase_1_dha_phase_1_-_sector_m_dha_multan_m_sector_3_kanal_fully_furnished_house_for_sale_double-height_tv_lounge_grand_airy_ground_floor_lounge-53890844-14312-1.html
20 Marla Brand New Luxury House For Sale,PKR 6.25 Crore,62500000,5,6,1 Kanal,4500.0,13888,House,True,36,super hot36Share on FacebookShare on TwitterShare on WhatsAppSend via GMailSend via E-Mail,90,Houses_Multan,2026-07-29,https://www.zameen.com/Property/dha_phase_1_dha_phase_1_-_sector_m_20_marla_brand_new_luxury_house_for_sale-54483415-14312-1.html
20 Marla Brand New Luxury House For Sale | Royal Orchard Multan (Prime Location),PKR 7.15 Crore,71500000,5,6,1 Kanal,4500.0,15888,House,True,33,super hot33Share on FacebookShare on TwitterShare on WhatsAppSend via GMailSend via E-Mail,90,Houses_Multan,2026-07-29,https://www.zameen.com/Property/multan_public_school_road_royal_orchard_20_marla_brand_new_luxury_house_for_sale_royal_orchard_multan_prime_location-54473598-9492-1.html
20 Marla Brand New Luxury House For Sale Royal Orchard Multan C Block (Prime Location),PKR 7 Crore,70000000,5,6,1 Kanal,4500.0,15555,House,True,39,super hot39Share on FacebookShare on TwitterShare on WhatsAppSend via GMailSend via E-Mail,90,Houses_Multan,2026-07-29,https://www.zameen.com/Property/royal_orchard_royal_orchard_-_block_c_20_marla_brand_new_luxury_house_for_sale_royal_orchard_multan_c_block_prime_location-53559131-9496-1.html
"Royal Orchard, Multan.   20 Marla house for sale",PKR 7.5 Crore,75000000,6,6,1 Kanal,4500.0,16666,House,True,21,super hot21Share on FacebookShare on TwitterShare on WhatsAppSend via GMailSend via E-Mail,90,Houses_Multan,2026-07-29,https://www.zameen.com/Property/royal_orchard_royal_orchard_-_executive_block_royal_orchard_multan_20_marla_house_for_sale-54040855-22439-1.html
17 Marla Brand New Villa Available For Sale On Main Boulevard Buch Executive Villas Multan,PKR 6.4 Crore,64000000,6,7,17 Marla,3825.0,16732,House,True,39,super hot39Share on FacebookShare on TwitterShare on WhatsAppSend via GMailSend via E-Mail,90,Houses_Multan,2026-07-29,https://www.zameen.com/Property/buch_executive_villas_buch_executive_villas_-_phase_1_17_marla_brand_new_villa_available_for_sale_on_main_boulevard_buch_executive_villas_multan-54491894-19719-1.html
10 Marla Newly Built Stylish Modern House Park Facing Royal Orchard Multan,PKR 3.5 Crore,35000000,5,6,10 Marla,2250.0,15555,House,True,21,super hot21Share on FacebookShare on TwitterShare on WhatsAppSend via GMailSend via E-Mail,90,Houses_Multan,2026-07-29,https://www.zameen.com/Property/multan_public_school_road_royal_orchard_10_marla_newly_built_stylish_modern_house_park_facing_royal_orchard_multan-54494296-9492-1.html
10 Marla Brand New Double Story House Available For Sale,PKR 3 Crore,30000000,5,6,10 Marla,2250.0,13333,House,True,41,super hot41Share on FacebookShare on TwitterShare on WhatsAppSend via GMailSend via E-Mail,90,Houses_Multan,2026-07-29,https://www.zameen.com/Property/multan_model_town_10_marla_brand_new_double_story_house_available_for_sale-54441731-1147-1.html
"Reasonably-Priced Prime Location 80'ft Road Facing 20 Marla House In DHA Phase 1 - Sector M, Multan Is Available As Of Now",PKR 5 Crore,50000000,5,5,1 Kanal,4500.0,11111,House,True,26,super hot26Share on FacebookShare on TwitterShare on WhatsAppSend via GMailSend via E-Mail,90,Houses_Multan,2026-07-29,https://www.zameen.com/Property/dha_phase_1_dha_phase_1_-_sector_m_reasonably-priced_prime_location_80_ft_road_facing_20_marla_house_in_dha_phase_1_-_sector_m_multan_is_available_as_of_now-54126229-14312-1.html
Well-Constructed Brand New House Available For Sale In DHA Phase 1 - Sector H,PKR 5.5 Crore,55000000,5,6,1 Kanal,4500.0,12222,House,True,28,super hot28Share on FacebookShare on TwitterShare on WhatsAppSend via GMailSend via E-Mail,90,Houses_Multan,2026-07-29,https://www.zameen.com/Property/dha_phase_1_dha_phase_1_-_sector_h_well-constructed_brand_new_house_available_for_sale_in_dha_phase_1_-_sector_h-54476668-14307-1.html
8 Marla Brand New Fully Furnished House For Sale In DHA Multan Sector V8,PKR 2.5 Crore,25000000,4,5,8 Marla,1800.0,13888,House,True,27,hot27Share on FacebookShare on TwitterShare on WhatsAppSend via GMailSend via E-Mail,84,Houses_Multan,2026-07-29,https://www.zameen.com/Property/dha_phase_1_dha_phase_1_-_sector_v_8_marla_brand_new_fully_furnished_house_for_sale_in_dha_multan_sector_v8-54333407-14321-1.html
SECTOR V-5 MARLA GREY STRUCTURE AVAILABLE FOR SALE,PKR 1 Crore,10000000,3,4,5 Marla,1125.0,8888,Unknown,True,3,hot3Share on FacebookShare on TwitterShare on WhatsAppSend via GMailSend via E-Mail,83,Houses_Multan,2026-07-29,https://www.zameen.com/Property/multan_dha_defence_sector_v-5_marla_grey_structure_available_for_sale-54530426-8581-1.html
Corner DHA Phase 1 - Sector B1 10 Marla House Up For sale,PKR 3.25 Crore,32500000,5,6,10 Marla,2250.0,14444,House,False,10,hot10VerifiedShare on FacebookShare on TwitterShare on WhatsAppSend via GMailSend via E-Mail,92,Houses_Multan,2026-07-29,https://www.zameen.com/Property/dha_phase_1_dha_phase_1_-_sector_b1_corner_dha_phase_1_-_sector_b1_10_marla_house_up_for_sale-54389580-14300-1.html
1 Kanal Brand New Spanish Elevation House For Sale Luxury Living,PKR 5.25 Crore,52500000,5,6,1 Kanal,4500.0,11666,House,False,46,hot461Share on FacebookShare on TwitterShare on WhatsAppSend via GMailSend via E-Mail,85,Houses_Multan,2026-07-29,https://www.zameen.com/Property/dha_phase_1_dha_phase_1_-_sector_h_1_kanal_brand_new_spanish_elevation_house_for_sale_luxury_living-54341077-14307-1.html
20 Marla House Available In Askari 3 For Sale,PKR 4.7 Crore,47000000,5,6,1 Kanal,4500.0,10444,House,False,29,hot291VerifiedShare on FacebookShare on TwitterShare on WhatsAppSend via GMailSend via E-Mail,93,Houses_Multan,2026-07-29,https://www.zameen.com/Property/dha_defence_askari_3_20_marla_house_available_in_askari_3_for_sale-53915103-17156-1.html
Beautiful house available for sale,PKR 6 Crore,60000000,6,6,1 Kanal,4500.0,13333,House,False,25,hot25Share on FacebookShare on TwitterShare on WhatsAppSend via GMailSend via E-Mail,84,Houses_Multan,2026-07-29,https://www.zameen.com/Property/multan_wapda_town_beautiful_house_available_for_sale-54534851-5820-1.html
Good Location House Available For Sale,PKR 2.75 Crore,27500000,6,6,10 Marla,2250.0,12222,House,False,9,hot9Share on FacebookShare on TwitterShare on WhatsAppSend via GMailSend via E-Mail,83,Houses_Multan,2026-07-29,https://www.zameen.com/Property/multan_pia_employees_housing_society_good_location_house_available_for_sale-54518906-1502-1.html
5 Marla Luxury House In Buch Villas Multan,PKR 2.2 Crore,22000000,4,5,5 Marla,1125.0,19555,House,False,20,20Share on FacebookShare on TwitterShare on WhatsAppSend via GMailSend via E-Mail,81,Houses_Multan,2026-07-29,https://www.zameen.com/Property/multan_buch_executive_villas_5_marla_luxury_house_in_buch_villas_multan-54494636-8627-1.html
1 kanal modern luxury house in Royal orchard multan,PKR 7.65 Crore,76500000,5,5,1 Kanal,4500.0,17000,House,False,16,16Share on FacebookShare on TwitterShare on WhatsAppSend via GMailSend via E-Mail,81,Houses_Multan,2026-07-29,https://www.zameen.com/Property/multan_public_school_road_royal_orchard_1_kanal_modern_luxury_house_in_royal_orchard_multan-54533082-9492-1.html
10 marla luxury house in buch villas multan,PKR 4.1 Crore,41000000,6,6,10 Marla,2250.0,18222,House,False,12,12Share on FacebookShare on TwitterShare on WhatsAppSend via GMailSend via E-Mail,81,Houses_Multan,2026-07-29,https://www.zameen.com/Property/multan_buch_executive_villas_10_marla_luxury_house_in_buch_villas_multan-54533041-8627-1.html
Prime Location Ideal House For sale In Wapda Town Phase 1 - Block B,PKR 7.25 Crore,72500000,6,6,1 Kanal,4500.0,16111,House,False,9,9Share on FacebookShare on TwitterShare on WhatsAppSend via GMailSend via E-Mail,80,Houses_Multan,2026-07-29,https://www.zameen.com/Property/wapda_town_phase_1_wapda_town_phase_1_-_block_b_prime_location_ideal_house_for_sale_in_wapda_town_phase_1_-_block_b-54533010-5823-1.html
20 Marla Brand New Ultra Luxury House For Sale In DHA Multan,PKR 4.15 Crore,41500000,5,6,1 Kanal,4500.0,9222,House,False,40,40Share on FacebookShare on TwitterShare on WhatsAppSend via GMailSend via E-Mail,81,Houses_Multan,2026-07-29,https://www.zameen.com/Property/dha_defence_dha_phase_1_20_marla_brand_new_ultra_luxury_house_for_sale_in_dha_multan-54156302-15631-1.html
3 Marla Brand New Double Story House Available For Sale In Shalimar Colony,PKR 75 Lakh,7500000,3,4,3 Marla,675.0,11111,House,False,8,8Share on FacebookShare on TwitterShare on WhatsAppSend via GMailSend via E-Mail,80,Houses_Multan,2026-07-29,https://www.zameen.com/Property/multan_shalimar_colony_3_marla_brand_new_double_story_house_available_for_sale_in_shalimar_colony-53836474-346-1.html
U 10 Marla Modern Grey structure For Sale,PKR 1.75 Crore,17500000,5,6,10 Marla,2250.0,7777,House,False,24,24Share on FacebookShare on TwitterShare on WhatsAppSend via GMailSend via E-Mail,81,Houses_Multan,2026-07-29,https://www.zameen.com/Property/dha_phase_1_dha_phase_1_-_sector_u_u_10_marla_modern_grey_structure_for_sale-54532630-14320-1.html
10 Marla House Available For Sale In Buch Executive Villas,PKR 3.15 Crore,31500000,4,5,10 Marla,2250.0,14000,House,False,13,13Share on FacebookShare on TwitterShare on WhatsAppSend via GMailSend via E-Mail,81,Houses_Multan,2026-07-29,https://www.zameen.com/Property/multan_buch_executive_villas_10_marla_house_available_for_sale_in_buch_executive_villas-54400471-8627-1.html
House For Sale In Mda Coporative Phase 2,PKR 5.3 Crore,53000000,5,6,1 Kanal,4500.0,11777,House,True,37,super hot37Share on FacebookShare on TwitterShare on WhatsAppSend via GMailSend via E-Mail,90,Houses_Multan,2026-07-29,https://www.zameen.com/Property/multan_mda_co-operative_housing_scheme_house_for_sale_in_mda_coporative_phase_2-54472050-1400-1.html
5.5 Marla Brand New Luxury House For Sale in Wapda Town Phase 1,PKR 2.5 Crore,25000000,4,5,5.5 Marla,1237.5,20202,House,True,38,super hot38Share on FacebookShare on TwitterShare on WhatsAppSend via GMailSend via E-Mail,90,Houses_Multan,2026-07-29,https://www.zameen.com/Property/wapda_town_wapda_town_phase_1_5_5_marla_brand_new_luxury_house_for_sale_in_wapda_town_phase_1-54425196-5821-1.html
1 Kanal Brand New house available for sale,PKR 7.25 Crore,72500000,6,6,1 Kanal,4500.0,16111,House,True,40,super hot40Share on FacebookShare on TwitterShare on WhatsAppSend via GMailSend via E-Mail,90,Houses_Multan,2026-07-29,https://www.zameen.com/Property/wapda_town_wapda_town_phase_1_1_kanal_brand_new_house_available_for_sale-54401745-5821-1.html
DHA Multan 1 Kanal House Available For Sale In Sector H 'M,PKR 5.25 Crore,52500000,5,6,1 Kanal,4500.0,11666,House,True,11,super hot11Share on FacebookShare on TwitterShare on WhatsAppSend via GMailSend via E-Mail,90,Houses_Multan,2026-07-29,https://www.zameen.com/Property/multan_dha_defence_dha_multan_1_kanal_house_available_for_sale_in_sector_h_m-54417488-8581-1.html
One Kanal Luxury House For Sale In Dha Multan,PKR 5.2 Crore,52000000,5,6,1 Kanal,4500.0,11555,House,True,27,super hot27Share on FacebookShare on TwitterShare on WhatsAppSend via GMailSend via E-Mail,90,Houses_Multan,2026-07-29,https://www.zameen.com/Property/dha_phase_1_dha_phase_1_-_sector_h_one_kanal_luxury_house_for_sale_in_dha_multan-54384073-14307-1.html
9 Marla House for Sale in Gulgash Colony,PKR 3.1 Crore,31000000,5,6,9 Marla,2025.0,15308,House,True,15,super hot15Share on FacebookShare on TwitterShare on WhatsAppSend via GMailSend via E-Mail,90,Houses_Multan,2026-07-29,https://www.zameen.com/Property/multan_gulgasht_colony_9_marla_house_for_sale_in_gulgash_colony-54474713-664-1.html
21 Marla Newly Construction Modern Stylish House Royal Orchard Multan!,PKR 6.5 Crore,65000000,5,7,1 Kanal,4500.0,14444,House,True,50,super hot50Share on FacebookShare on TwitterShare on WhatsAppSend via GMailSend via E-Mail,90,Houses_Multan,2026-07-29,https://www.zameen.com/Property/multan_public_school_road_royal_orchard_21_marla_newly_construction_modern_stylish_house_royal_orchard_multan-54473236-9492-1.html
7 Marla Double Storey House- Bosan Road - Near Metro station & Metro Mart,PKR 1.69 Crore,16900000,4,5,8.4 Marla,1890.0,8941,House,True,11,super hot11VerifiedShare on FacebookShare on TwitterShare on WhatsAppSend via GMailSend via E-Mail,98,Houses_Multan,2026-07-29,https://www.zameen.com/Property/multan_bosan_road_7_marla_double_storey_house-_bosan_road_-_near_metro_station_metro_mart-54287289-5705-1.html
22 Marla Corner Extra land sports complex facing near to masjid & commercial shops house for sale demand,PKR 6 Crore,60000000,6,6,1.1 Kanal,4950.0,12121,House,True,33,super hot33Share on FacebookShare on TwitterShare on WhatsAppSend via GMailSend via E-Mail,90,Houses_Multan,2026-07-29,https://www.zameen.com/Property/dha_phase_1_dha_phase_1_-_sector_h_22_marla_corner_extra_land_sports_complex_facing_near_to_masjid_commercial_shops_house_for_sale_demand-54409431-14307-1.html
Your Dream Facing Park 20 Marla House Is Available In DHA Phase 1 - Sector M,PKR 4.5 Crore,45000000,5,6,1 Kanal,4500.0,10000,House,True,17,super hot17Share on FacebookShare on TwitterShare on WhatsAppSend via GMailSend via E-Mail,90,Houses_Multan,2026-07-29,https://www.zameen.com/Property/dha_phase_1_dha_phase_1_-_sector_m_your_dream_facing_park_20_marla_house_is_available_in_dha_phase_1_-_sector_m-54366132-14312-1.html
12 marla Askari Villa,PKR 3.35 Crore,33500000,4,4,12 Marla,2700.0,12407,House,True,4,hot4Share on FacebookShare on TwitterShare on WhatsAppSend via GMailSend via E-Mail,83,Houses_Multan,2026-07-29,https://www.zameen.com/Property/dha_defence_askari_3_12_marla_askari_villa-54532555-17156-1.html
SECTOR- N 1 KANAL NEO-CLASSICAL DESIGN GREY STRUCTURE AVAILABLE FOR SALE,PKR 3 Crore,30000000,6,6,1 Kanal,4500.0,6666,Unknown,True,3,hot3Share on FacebookShare on TwitterShare on WhatsAppSend via GMailSend via E-Mail,83,Houses_Multan,2026-07-29,https://www.zameen.com/Property/multan_dha_defence_sector-_n_1_kanal_neo-classical_design_grey_structure_available_for_sale-54432188-8581-1.html
23 Marla house Mehmoodabad Multan,PKR 46 Crore,460000000,3,4,23 Kanal,103500.0,4444,House,False,14,hot14Share on FacebookShare on TwitterShare on WhatsAppSend via GMailSend via E-Mail,84,Houses_Multan,2026-07-29,https://www.zameen.com/Property/multan_khanewal_road_23_marla_house_mehmoodabad_multan-54520328-5762-1.html
14 Marla Double Storey Corner Home For Sale,PKR 3.2 Crore,32000000,3,4,14 Marla,3150.0,10158,Unknown,False,16,hot16Share on FacebookShare on TwitterShare on WhatsAppSend via GMailSend via E-Mail,84,Houses_Multan,2026-07-29,https://www.zameen.com/Property/multan_katchehry_road_14_marla_double_storey_corner_home_for_sale-54520286-8662-1.html
Grey Structure 4 Marla House Available In Punjab Small Industries For Sale,PKR 75 Lakh,7500000,3,3,4 Marla,900.0,8333,House,False,1,hot1VerifiedShare on FacebookShare on TwitterShare on WhatsAppSend via GMailSend via E-Mail,91,Houses_Multan,2026-07-29,https://www.zameen.com/Property/multan_punjab_small_industries_grey_structure_4_marla_house_available_in_punjab_small_industries_for_sale-54536390-1719-1.html
Affordable Prime Location House For Sale In Bosan Road,PKR 90 Lakh,9000000,4,4,3 Marla,675.0,13333,House,False,10,10Share on FacebookShare on TwitterShare on WhatsAppSend via GMailSend via E-Mail,81,Houses_Multan,2026-07-29,https://www.zameen.com/Property/multan_bosan_road_affordable_prime_location_house_for_sale_in_bosan_road-54532167-5705-1.html
Highly-Desirable Prime Location 10 Marla House Available In Wapda Town Phase 2,PKR 2.8 Crore,28000000,5,5,10 Marla,2250.0,12444,House,False,28,28Share on FacebookShare on TwitterShare on WhatsAppSend via GMailSend via E-Mail,81,Houses_Multan,2026-07-29,https://www.zameen.com/Property/wapda_town_wapda_town_phase_2_highly-desirable_prime_location_10_marla_house_available_in_wapda_town_phase_2-54531822-5825-1.html
Buying A Corner House In Multan?,PKR 6 Crore,60000000,6,6,1 Kanal,4500.0,13333,House,False,11,11Share on FacebookShare on TwitterShare on WhatsAppSend via GMailSend via E-Mail,81,Houses_Multan,2026-07-29,https://www.zameen.com/Property/wapda_town_phase_1_wapda_town_phase_1_-_block_e_buying_a_corner_house_in_multan-54531771-14204-1.html
A Spacious 12 Marla House In Askari 3,PKR 3.75 Crore,37500000,4,5,12 Marla,2700.0,13888,House,True,10,10VerifiedShare on FacebookShare on TwitterShare on WhatsAppSend via GMailSend via E-Mail,89,Houses_Multan,2026-07-29,https://www.zameen.com/Property/dha_defence_askari_3_a_spacious_12_marla_house_in_askari_3-54531748-17156-1.html
Buying A House In Askari 3?,PKR 3.1 Crore,31000000,4,5,10 Marla,2250.0,13777,House,True,9,9VerifiedShare on FacebookShare on TwitterShare on WhatsAppSend via GMailSend via E-Mail,88,Houses_Multan,2026-07-29,https://www.zameen.com/Property/dha_defence_askari_3_buying_a_house_in_askari_3-54531747-17156-1.html
DHA Villas House Sized 12 Marla,PKR 3.3 Crore,33000000,4,5,12 Marla,2700.0,12222,House,True,6,6VerifiedShare on FacebookShare on TwitterShare on WhatsAppSend via GMailSend via E-Mail,88,Houses_Multan,2026-07-29,https://www.zameen.com/Property/dha_defence_dha_villas_dha_villas_house_sized_12_marla-54531746-14018-1.html
House In DHA Villas Sized 9 Marla Is Available,PKR 3 Crore,30000000,4,5,9 Marla,2025.0,14814,House,True,5,5VerifiedShare on FacebookShare on TwitterShare on WhatsAppSend via GMailSend via E-Mail,88,Houses_Multan,2026-07-29,https://www.zameen.com/Property/dha_defence_dha_villas_house_in_dha_villas_sized_9_marla_is_available-54531745-14018-1.html
5 Marla Double Storey Brand New House For Sale Buch Executive villas Multan,PKR 1.7 Crore,17000000,4,5,5 Marla,1125.0,15111,House,True,17,17Share on FacebookShare on TwitterShare on WhatsAppSend via GMailSend via E-Mail,81,Houses_Multan,2026-07-29,https://www.zameen.com/Property/multan_buch_executive_villas_5_marla_double_storey_brand_new_house_for_sale_buch_executive_villas_multan-52381451-8627-1.html
A Stunning Prime Location House Is Up For Grabs In Royal Orchard Multan,PKR 7.6 Crore,76000000,5,5,1 Kanal,4500.0,16888,House,True,34,super hot34Share on FacebookShare on TwitterShare on WhatsAppSend via GMailSend via E-Mail,90,Houses_Multan,2026-07-29,https://www.zameen.com/Property/multan_public_school_road_royal_orchard_a_stunning_prime_location_house_is_up_for_grabs_in_royal_orchard_multan-54428289-9492-1.html
5 Marle House Available For Sale,PKR 1.35 Crore,13500000,4,5,5 Marla,1125.0,12000,House,True,12,super hot12Share on FacebookShare on TwitterShare on WhatsAppSend via GMailSend via E-Mail,90,Houses_Multan,2026-07-29,https://www.zameen.com/Property/citi_housing_phase_1_citi_housing_-_block_c_5_marle_house_available_for_sale-53959337-17369-1.html
20 Marla Stylish Spanish House Royal Orchard Multan Excellent Location,PKR 6.5 Crore,65000000,6,7,1 Kanal,4500.0,14444,House,True,48,super hot48Share on FacebookShare on TwitterShare on WhatsAppSend via GMailSend via E-Mail,90,Houses_Multan,2026-07-29,https://www.zameen.com/Property/multan_public_school_road_royal_orchard_20_marla_stylish_spanish_house_royal_orchard_multan_excellent_location-54438888-9492-1.html
Well-constructed Semi Furnished House Available For sale In Royal Orchard - Block E,PKR 7.15 Crore,71500000,5,6,1 Kanal,4500.0,15888,House,True,28,super hot28VerifiedShare on FacebookShare on TwitterShare on WhatsAppSend via GMailSend via E-Mail,98,Houses_Multan,2026-07-29,https://www.zameen.com/Property/royal_orchard_royal_orchard_-_block_e_well-constructed_semi_furnished_house_available_for_sale_in_royal_orchard_-_block_e-54437702-9497-1.html
Brand New 20 Marla House Available In Royal Orchard - Block A For Sale,PKR 7.5 Crore,75000000,5,6,1 Kanal,4500.0,16666,House,True,23,super hot23VerifiedShare on FacebookShare on TwitterShare on WhatsAppSend via GMailSend via E-Mail,98,Houses_Multan,2026-07-29,https://www.zameen.com/Property/royal_orchard_royal_orchard_-_block_a_brand_new_20_marla_house_available_in_royal_orchard_-_block_a_for_sale-54437701-9494-1.html
5 Marla Most Luxurious Ultra Modern Corner House Available For Sale At Prime Location,PKR 1.99 Crore,19900000,4,5,5 Marla,1125.0,17688,House,True,28,super hot28Share on FacebookShare on TwitterShare on WhatsAppSend via GMailSend via E-Mail,90,Houses_Multan,2026-07-29,https://www.zameen.com/Property/multan_buch_executive_villas_5_marla_most_luxurious_ultra_modern_corner_house_available_for_sale_at_prime_location-53784018-8627-1.html
To sale You Can Find Spacious Prime Location House In Wapda Town Phase 1 - Block D,PKR 2.5 Crore,25000000,4,4,5 Marla,1125.0,22222,House,True,26,super hot261VerifiedShare on FacebookShare on TwitterShare on WhatsAppSend via GMailSend via E-Mail,99,Houses_Multan,2026-07-29,https://www.zameen.com/Property/wapda_town_phase_1_wapda_town_phase_1_-_block_d_to_sale_you_can_find_spacious_prime_location_house_in_wapda_town_phase_1_-_block_d-54402617-14203-1.html
10 Marla Beautiful Villa For Sale In Buch Villas,PKR 3.65 Crore,36500000,4,4,10 Marla,2250.0,16222,House,True,12,super hot12Share on FacebookShare on TwitterShare on WhatsAppSend via GMailSend via E-Mail,90,Houses_Multan,2026-07-29,https://www.zameen.com/Property/multan_buch_executive_villas_10_marla_beautiful_villa_for_sale_in_buch_villas-54426770-8627-1.html
1 Kanal Brand New Luxurious Double Story Spanish Park Facing House Available For Sell In Wapda Town Phase 2,PKR 6.9 Crore,69000000,5,5,1 Kanal,4500.0,15333,House,True,24,super hot24Share on FacebookShare on TwitterShare on WhatsAppSend via GMailSend via E-Mail,90,Houses_Multan,2026-07-29,https://www.zameen.com/Property/wapda_town_wapda_town_phase_2_1_kanal_brand_new_luxurious_double_story_spanish_park_facing_house_available_for_sell_in_wapda_town_phase_2-54424119-5825-1.html
Buy A Prime Location 5 Marla House For Sale In Royal Orchard,PKR 1.87 Crore,18700000,3,4,5 Marla,1125.0,16622,House,True,19,super hot19Share on FacebookShare on TwitterShare on WhatsAppSend via GMailSend via E-Mail,90,Houses_Multan,2026-07-29,https://www.zameen.com/Property/multan_public_school_road_royal_orchard_buy_a_prime_location_5_marla_house_for_sale_in_royal_orchard-54443021-9492-1.html
5 MARL HOUSE FOR SALE MAINK BLOCK BUCH VILLAS PHASE-2,PKR 2.1 Crore,21000000,4,4,5 Marla,1125.0,18666,House,True,18,hot18Share on FacebookShare on TwitterShare on WhatsAppSend via GMailSend via E-Mail,84,Houses_Multan,2026-07-29,https://www.zameen.com/Property/buch_executive_villas_phase_2_buch_villas_phase_2_-_manik_block_5_marl_house_for_sale_maink_block_buch_villas_phase-2-54524653-22186-1.html
6.02 Marla Corner House For Sale,PKR 2.5 Crore,25000000,5,6,6.2 Marla,1395.0,17921,House,True,5,hot5Share on FacebookShare on TwitterShare on WhatsAppSend via GMailSend via E-Mail,83,Houses_Multan,2026-07-29,https://www.zameen.com/Property/multan_buch_executive_villas_6_02_marla_corner_house_for_sale-54344986-8627-1.html
Your Search Ends Right Here With The Beautiful Prime Location House In DHA Villas At Affordable Price Of Pkr Rs. 18000000,PKR 1.7 Crore,17000000,3,4,6 Marla,1350.0,12592,House,False,5,hot5VerifiedShare on FacebookShare on TwitterShare on WhatsAppSend via GMailSend via E-Mail,91,Houses_Multan,2026-07-29,https://www.zameen.com/Property/dha_defence_dha_villas_your_search_ends_right_here_with_the_beautiful_prime_location_house_in_dha_villas_at_affordable_price_of_pkr_rs_18000000-54086430-14018-1.html
"Excellent Condition Villa + Nearest To Park , Main Gate, Commercial And The Most Lucrative And Demanding Location Of Askari-3. Visit Possible In Office / Day Hours. Keys In Hand",PKR 3.1 Crore,31000000,4,5,11 Marla,2475.0,12525,House,False,19,hot19Share on FacebookShare on TwitterShare on WhatsAppSend via GMailSend via E-Mail,84,Houses_Multan,2026-07-29,https://www.zameen.com/Property/dha_defence_askari_3_excellent_condition_villa_nearest_to_park_main_gate_commercial_and_the_most_lucrative_and_demanding_location_of_askari-3_visit_possible_in_office_day_hours_keys_in_hand-53435822-17156-1.html
Fully Furnished 5 Marla House Available In Serene Villas For Sale,PKR 1.9 Crore,19000000,3,4,5 Marla,1125.0,16888,House,True,9,9VerifiedShare on FacebookShare on TwitterShare on WhatsAppSend via GMailSend via E-Mail,88,Houses_Multan,2026-07-29,https://www.zameen.com/Property/jinnah_avenue_serene_villas_fully_furnished_5_marla_house_available_in_serene_villas_for_sale-54531542-22097-1.html
10 Marla Most Beautiful Modern House For Sale Buch Executive Villas At Prime Location,PKR 3.14 Crore,31400000,5,6,10 Marla,2250.0,13955,House,True,29,29Share on FacebookShare on TwitterShare on WhatsAppSend via GMailSend via E-Mail,81,Houses_Multan,2026-07-29,https://www.zameen.com/Property/multan_buch_executive_villas_10_marla_most_beautiful_modern_house_for_sale_buch_executive_villas_at_prime_location-52381458-8627-1.html
Facing Park House Of 20 Marla Available In Wapda Town Phase 2,PKR 6.9 Crore,69000000,5,6,1 Kanal,4500.0,15333,House,False,20,20Share on FacebookShare on TwitterShare on WhatsAppSend via GMailSend via E-Mail,81,Houses_Multan,2026-07-29,https://www.zameen.com/Property/wapda_town_wapda_town_phase_2_facing_park_house_of_20_marla_available_in_wapda_town_phase_2-54428290-5825-1.html
Brand New House For Sale,PKR 1.6 Crore,16000000,4,4,5 Marla,1125.0,14222,House,False,19,19Share on FacebookShare on TwitterShare on WhatsAppSend via GMailSend via E-Mail,81,Houses_Multan,2026-07-29,https://www.zameen.com/Property/multan_public_school_road_royal_orchard_brand_new_house_for_sale-53274534-9492-1.html
10 Marla Luxury House For Sale In Royal Orchard Multan,PKR 3.8 Crore,38000000,5,6,10 Marla,2250.0,16888,House,False,21,21Share on FacebookShare on TwitterShare on WhatsAppSend via GMailSend via E-Mail,81,Houses_Multan,2026-07-29,https://www.zameen.com/Property/multan_public_school_road_royal_orchard_10_marla_luxury_house_for_sale_in_royal_orchard_multan-54383319-9492-1.html
One Kanal Modern Designer House For Sale In Royal Orchard Multan,PKR 7.5 Crore,75000000,5,6,1 Kanal,4500.0,16666,House,False,50,50Share on FacebookShare on TwitterShare on WhatsAppSend via GMailSend via E-Mail,81,Houses_Multan,2026-07-29,https://www.zameen.com/Property/multan_public_school_road_royal_orchard_one_kanal_modern_designer_house_for_sale_in_royal_orchard_multan-54383339-9492-1.html
Brand New 5 Marla House For sale In Buch Executive Villas Buch Executive Villas,PKR 2.2 Crore,22000000,4,5,5 Marla,1125.0,19555,House,False,20,20VerifiedShare on FacebookShare on TwitterShare on WhatsAppSend via GMailSend via E-Mail,89,Houses_Multan,2026-07-29,https://www.zameen.com/Property/multan_buch_executive_villas_brand_new_5_marla_house_for_sale_in_buch_executive_villas_buch_executive_villas-54383401-8627-1.html
5 Marla Brand New Beautiful Luxury Triple Storey House Available For Sale In Shalimar Colony Gated Community Near To Bosan Road,PKR 1.55 Crore,15500000,4,5,5 Marla,1125.0,13777,House,True,31,31Share on FacebookShare on TwitterShare on WhatsAppSend via GMailSend via E-Mail,81,Houses_Multan,2026-07-29,https://www.zameen.com/Property/multan_shalimar_colony_5_marla_brand_new_beautiful_luxury_triple_storey_house_available_for_sale_in_shalimar_colony_gated_community_near_to_bosan_road-53319365-346-1.html
20 Marla Luxury House for Sale in DHA Multan | 6 Bed Beautiful Home,PKR 4.85 Crore,48500000,4,7,1 Kanal,4500.0,10777,House,True,50,hot50Share on FacebookShare on TwitterShare on WhatsAppSend via GMailSend via E-Mail,84,Houses_Multan,2026-07-29,https://www.zameen.com/Property/multan_dha_defence_20_marla_luxury_house_for_sale_in_dha_multan_6_bed_beautiful_home-54338450-8581-1.html
20 Marla Luxury House for Sale in Buch Executive Villas Multan | 6 Bed Beautiful Home,PKR 7.5 Crore,75000000,7,6,1 Kanal,4500.0,16666,House,True,16,hot16Share on FacebookShare on TwitterShare on WhatsAppSend via GMailSend via E-Mail,84,Houses_Multan,2026-07-29,https://www.zameen.com/Property/multan_buch_executive_villas_20_marla_luxury_house_for_sale_in_buch_executive_villas_multan_6_bed_beautiful_home-54365068-8627-1.html
"Luxury Kanal House For Sale In DHA Multan Prime Location, 65ft Road, Near Commercial",PKR 5 Crore,50000000,5,6,1 Kanal,4500.0,11111,House,True,25,hot25Share on FacebookShare on TwitterShare on WhatsAppSend via GMailSend via E-Mail,84,Houses_Multan,2026-07-29,https://www.zameen.com/Property/dha_phase_1_dha_phase_1_-_sector_i_luxury_kanal_house_for_sale_in_dha_multan_prime_location_65ft_road_near_commercial-53774041-14308-1.html
"18 Marla House Available For Sale In Buch Executive Villas, Buch Executive Villas",PKR 6.5 Crore,65000000,7,6,18 Marla,4050.0,16049,House,True,30,hot30Share on FacebookShare on TwitterShare on WhatsAppSend via GMailSend via E-Mail,84,Houses_Multan,2026-07-29,https://www.zameen.com/Property/multan_buch_executive_villas_18_marla_house_available_for_sale_in_buch_executive_villas_buch_executive_villas-52381506-8627-1.html
20 Marla Most Beautiful Modern House For Sale Royal Orchard Multan,PKR 6.5 Crore,65000000,6,6,1 Kanal,4500.0,14444,House,True,21,hot21Share on FacebookShare on TwitterShare on WhatsAppSend via GMailSend via E-Mail,84,Houses_Multan,2026-07-29,https://www.zameen.com/Property/multan_public_school_road_royal_orchard_20_marla_most_beautiful_modern_house_for_sale_royal_orchard_multan-52381502-9492-1.html
Well-constructed Brand New House Available For sale In ATC Villas,PKR 2.1 Crore,21000000,3,4,5 Marla,1125.0,18666,House,True,10,hot10VerifiedShare on FacebookShare on TwitterShare on WhatsAppSend via GMailSend via E-Mail,92,Houses_Multan,2026-07-29,https://www.zameen.com/Property/dha_phase_1_atc_villas_well-constructed_brand_new_house_available_for_sale_in_atc_villas-54502061-22408-1.html
Well-Constructed Brand New House Available For Sale In Buch Executive Villas,PKR 2.2 Crore,22000000,4,4,5 Marla,1125.0,19555,House,True,15,hot15VerifiedShare on FacebookShare on TwitterShare on WhatsAppSend via GMailSend via E-Mail,92,Houses_Multan,2026-07-29,https://www.zameen.com/Property/multan_buch_executive_villas_well-constructed_brand_new_house_available_for_sale_in_buch_executive_villas-54452446-8627-1.html
Brand New 6 Marla House Available In Buch Executive Villas For sale,PKR 2.4 Crore,24000000,4,4,6 Marla,1350.0,17777,House,True,15,hot15VerifiedShare on FacebookShare on TwitterShare on WhatsAppSend via GMailSend via E-Mail,92,Houses_Multan,2026-07-29,https://www.zameen.com/Property/multan_buch_executive_villas_brand_new_6_marla_house_available_in_buch_executive_villas_for_sale-54452447-8627-1.html
Brand New 1181 Square Feet House For sale In Buch Executive Villas Buch Executive Villas,PKR 2.2 Crore,22000000,5,5,5.2 Marla,1170.0,18803,House,True,20,hot20VerifiedShare on FacebookShare on TwitterShare on WhatsAppSend via GMailSend via E-Mail,92,Houses_Multan,2026-07-29,https://www.zameen.com/Property/multan_buch_executive_villas_brand_new_1181_square_feet_house_for_sale_in_buch_executive_villas_buch_executive_villas-54452449-8627-1.html
Brand New 5 Marla House For sale In Buch Executive Villas Buch Executive Villas,PKR 2 Crore,20000000,4,4,5 Marla,1125.0,17777,House,True,19,hot19VerifiedShare on FacebookShare on TwitterShare on WhatsAppSend via GMailSend via E-Mail,92,Houses_Multan,2026-07-29,https://www.zameen.com/Property/multan_buch_executive_villas_brand_new_5_marla_house_for_sale_in_buch_executive_villas_buch_executive_villas-54452448-8627-1.html
Modren House For Sale,PKR 90 Lakh,9000000,3,4,3 Marla,675.0,13333,House,True,15,hot15Share on FacebookShare on TwitterShare on WhatsAppSend via GMailSend via E-Mail,84,Houses_Multan,2026-07-29,https://www.zameen.com/Property/multan_multan_public_school_road_modren_house_for_sale-54439277-8902-1.html
One Kanal Luxurious House For Sale In Dha Multan Sector H,PKR 5.2 Crore,52000000,6,6,1 Kanal,4500.0,11555,House,True,26,hot26Share on FacebookShare on TwitterShare on WhatsAppSend via GMailSend via E-Mail,84,Houses_Multan,2026-07-29,https://www.zameen.com/Property/dha_phase_1_dha_phase_1_-_sector_h_one_kanal_luxurious_house_for_sale_in_dha_multan_sector_h-54386608-14307-1.html
A Spacious Prime Location 7 Marla House In Buch Executive Villas,PKR 2.1 Crore,21000000,5,5,7 Marla,1575.0,13333,House,False,,hotVerifiedShare on FacebookShare on TwitterShare on WhatsAppSend via GMailSend via E-Mail,90,Houses_Multan,2026-07-29,https://www.zameen.com/Property/multan_buch_executive_villas_a_spacious_prime_location_7_marla_house_in_buch_executive_villas-54378709-8627-1.html
Prime Location Buch Executive Villas House Sized 5 Marla,PKR 1.3 Crore,13000000,2,2,5 Marla,1125.0,11555,House,False,,hotVerifiedShare on FacebookShare on TwitterShare on WhatsAppSend via GMailSend via E-Mail,90,Houses_Multan,2026-07-29,https://www.zameen.com/Property/multan_buch_executive_villas_prime_location_buch_executive_villas_house_sized_5_marla-54378710-8627-1.html
Single Storey 7 Marla House For Sale In Bahadurpur Bahadurpur,PKR 1.35 Crore,13500000,3,3,7 Marla,1575.0,8571,House,False,3,hot3VerifiedShare on FacebookShare on TwitterShare on WhatsAppSend via GMailSend via E-Mail,91,Houses_Multan,2026-07-29,https://www.zameen.com/Property/multan_bahadurpur_single_storey_7_marla_house_for_sale_in_bahadurpur_bahadurpur-54449410-8620-1.html
10 Marla Brand New Triple Story House For Sale Buch Executive Villas Multan   . . . . . . Prime Location.,PKR 4.1 Crore,41000000,6,6,10 Marla,2250.0,18222,House,False,19,hot19Share on FacebookShare on TwitterShare on WhatsAppSend via GMailSend via E-Mail,84,Houses_Multan,2026-07-29,https://www.zameen.com/Property/buch_executive_villas_phase_2_buch_villas_phase_2_-_manik_block_10_marla_brand_new_triple_story_house_for_sale_buch_executive_villas_multan_prime_location-54296100-22186-1.html
Brand New 8 Marla House For Sale In Wapda Town Phase 1 - Block D Multan,PKR 2.8 Crore,28000000,4,5,8 Marla,1800.0,15555,House,False,25,hot25VerifiedShare on FacebookShare on TwitterShare on WhatsAppSend via GMailSend via E-Mail,92,Houses_Multan,2026-07-29,https://www.zameen.com/Property/wapda_town_phase_1_wapda_town_phase_1_-_block_d_brand_new_8_marla_house_for_sale_in_wapda_town_phase_1_-_block_d_multan-54479785-14203-1.html
10 Marla Luxury House For Sale In Royal Orchard Multan,PKR 3.5 Crore,35000000,5,6,10 Marla,2250.0,15555,House,False,26,26Share on FacebookShare on TwitterShare on WhatsAppSend via GMailSend via E-Mail,81,Houses_Multan,2026-07-29,https://www.zameen.com/Property/multan_public_school_road_royal_orchard_10_marla_luxury_house_for_sale_in_royal_orchard_multan-54383629-9492-1.html
Brand New 20 Marla House Available In DHA Phase 1 - Sector M For sale,PKR 5.8 Crore,58000000,5,6,1 Kanal,4500.0,12888,House,False,20,20VerifiedShare on FacebookShare on TwitterShare on WhatsAppSend via GMailSend via E-Mail,89,Houses_Multan,2026-07-29,https://www.zameen.com/Property/dha_phase_1_dha_phase_1_-_sector_m_brand_new_20_marla_house_available_in_dha_phase_1_-_sector_m_for_sale-54384807-14312-1.html
5 Marla Luxurious House For Sale In Buch Villas Multan,PKR 2.2 Crore,22000000,4,5,5 Marla,1125.0,19555,House,False,25,25Share on FacebookShare on TwitterShare on WhatsAppSend via GMailSend via E-Mail,81,Houses_Multan,2026-07-29,https://www.zameen.com/Property/multan_buch_executive_villas_5_marla_luxurious_house_for_sale_in_buch_villas_multan-54388648-8627-1.html
10 Marla Luxurious House For Sale In Royal Orchard Multan,PKR 3.75 Crore,37500000,5,6,10 Marla,2250.0,16666,House,False,10,10Share on FacebookShare on TwitterShare on WhatsAppSend via GMailSend via E-Mail,81,Houses_Multan,2026-07-29,https://www.zameen.com/Property/multan_public_school_road_royal_orchard_10_marla_luxurious_house_for_sale_in_royal_orchard_multan-54393729-9492-1.html
11 Marla Luxurious House For Sale In Buch Villas Multan,PKR 4.1 Crore,41000000,6,6,11 Marla,2475.0,16565,House,False,27,27Share on FacebookShare on TwitterShare on WhatsAppSend via GMailSend via E-Mail,81,Houses_Multan,2026-07-29,https://www.zameen.com/Property/multan_buch_executive_villas_11_marla_luxurious_house_for_sale_in_buch_villas_multan-54406181-8627-1.html
9 Marla Luxury House For Sale In Buch Villas Multan,PKR 3.7 Crore,37000000,5,6,9 Marla,2025.0,18271,House,False,38,38Share on FacebookShare on TwitterShare on WhatsAppSend via GMailSend via E-Mail,81,Houses_Multan,2026-07-29,https://www.zameen.com/Property/multan_buch_executive_villas_9_marla_luxury_house_for_sale_in_buch_villas_multan-54436622-8627-1.html
One Kanal Luxurious House For Sale In Royal Orchard Multan,PKR 6.98 Crore,69800000,5,6,1 Kanal,4500.0,15511,House,False,12,12Share on FacebookShare on TwitterShare on WhatsAppSend via GMailSend via E-Mail,81,Houses_Multan,2026-07-29,https://www.zameen.com/Property/multan_public_school_road_royal_orchard_one_kanal_luxurious_house_for_sale_in_royal_orchard_multan-54436720-9492-1.html
10 Marla Luxurious House For Sale In Buch Villas Multan,PKR 3.7 Crore,37000000,5,6,10 Marla,2250.0,16444,House,False,25,25Share on FacebookShare on TwitterShare on WhatsAppSend via GMailSend via E-Mail,81,Houses_Multan,2026-07-29,https://www.zameen.com/Property/multan_buch_executive_villas_10_marla_luxurious_house_for_sale_in_buch_villas_multan-54446761-8627-1.html
05 Marla House For Sale in Zone 03 Regi Model Town Peshawar,PKR 3.3 Crore,33000000,8,6,5 Marla,1125.0,29333,House,True,17,super hot17Share on FacebookShare on TwitterShare on WhatsAppSend via GMailSend via E-Mail,90,Houses_Peshawar,2026-07-29,https://www.zameen.com/Property/regi_model_town_regi_model_town_phase_3_05_marla_house_for_sale_in_zone_03_regi_model_town_peshawar-54502184-17013-1.html
05 Marla House For Sale In Zone 03 Regi Model Town Peshawar,PKR 3.4 Crore,34000000,8,6,5 Marla,1125.0,30222,House,True,24,super hot24Share on FacebookShare on TwitterShare on WhatsAppSend via GMailSend via E-Mail,90,Houses_Peshawar,2026-07-29,https://www.zameen.com/Property/regi_model_town_regi_model_town_phase_3_05_marla_house_for_sale_in_zone_03_regi_model_town_peshawar-54502146-17013-1.html
Kanal Designer House For Sale in DHA Peshawar,PKR 11 Crore,110000000,9,6,1 Kanal,4500.0,24444,House,True,24,super hot24Share on FacebookShare on TwitterShare on WhatsAppSend via GMailSend via E-Mail,90,Houses_Peshawar,2026-07-29,https://www.zameen.com/Property/dha_phase_1_dha_phase_1_-_sector_c_kanal_designer_house_for_sale_in_dha_peshawar-54447863-12294-1.html
05 Marla Furnished House For Sale in Zone 04 Regi Model Town Peshawar,PKR 3.7 Crore,37000000,7,6,5 Marla,1125.0,32888,House,True,17,super hot17Share on FacebookShare on TwitterShare on WhatsAppSend via GMailSend via E-Mail,90,Houses_Peshawar,2026-07-29,https://www.zameen.com/Property/regi_model_town_regi_model_town_phase_4_05_marla_furnished_house_for_sale_in_zone_04_regi_model_town_peshawar-54447682-17014-1.html
1 Kanal. New House For Sell,PKR 13 Crore,130000000,10,6,1 Kanal,4500.0,28888,House,True,10,super hot10Share on FacebookShare on TwitterShare on WhatsAppSend via GMailSend via E-Mail,90,Houses_Peshawar,2026-07-29,https://www.zameen.com/Property/hayatabad_hayatabad_phase_7_1_kanal_new_house_for_sell-54455021-8534-1.html
Well-Constructed House Available For Sale In Sheikh Yaseen Town - Jamal Block,PKR 2.1 Crore,21000000,8,,5 Marla,1125.0,18666,House,True,32,super hot32Share on FacebookShare on TwitterShare on WhatsAppSend via GMailSend via E-Mail,90,Houses_Peshawar,2026-07-29,https://www.zameen.com/Property/sheikh_yaseen_town_sheikh_yaseen_town_-_jamal_block_well-constructed_house_available_for_sale_in_sheikh_yaseen_town_-_jamal_block-54518508-17065-1.html
One kanal house for sale,PKR 11 Crore,110000000,10,,1 Kanal,4500.0,24444,House,True,33,super hot33Share on FacebookShare on TwitterShare on WhatsAppSend via GMailSend via E-Mail,90,Houses_Peshawar,2026-07-29,https://www.zameen.com/Property/peshawar_dha_defence_one_kanal_house_for_sale-54533835-9050-1.html
1 Kanal Luxury And Furnished House For Sale,PKR 12.75 Crore,127500000,8,6,1 Kanal,4500.0,28333,House,True,9,super hot9Share on FacebookShare on TwitterShare on WhatsAppSend via GMailSend via E-Mail,89,Houses_Peshawar,2026-07-29,https://www.zameen.com/Property/hayatabad_hayatabad_phase_2_1_kanal_luxury_and_furnished_house_for_sale-54451064-7602-1.html
Elegantly Designed Luxury 10 Marla Wide Street-House For Sale At Zone 3 Regi Model Town,PKR 4.9 Crore,49000000,10,6,10 Marla,2250.0,21777,House,True,22,super hot22Share on FacebookShare on TwitterShare on WhatsAppSend via GMailSend via E-Mail,90,Houses_Peshawar,2026-07-29,https://www.zameen.com/Property/peshawar_regi_model_town_elegantly_designed_luxury_10_marla_wide_street-house_for_sale_at_zone_3_regi_model_town-54315884-7660-1.html
5 Marla Corner Green Cottage,PKR 2.3 Crore,23000000,5,5,5 Marla,1125.0,20444,House,True,29,super hot29Share on FacebookShare on TwitterShare on WhatsAppSend via GMailSend via E-Mail,90,Houses_Peshawar,2026-07-29,https://www.zameen.com/Property/warsak_road_green_cottages_5_marla_corner_green_cottage-54527420-11933-1.html
"DHA Peshawar Sector C, Prime Location 1 Kanal Luxury House Is Available For Sale At Walking Distance To Masjid, Market And Park Is Available For Sale",PKR 10 Crore,100000000,9,6,1 Kanal,4500.0,22222,House,True,1,hot1Share on FacebookShare on TwitterShare on WhatsAppSend via GMailSend via E-Mail,83,Houses_Peshawar,2026-07-29,https://www.zameen.com/Property/peshawar_dha_defence_dha_peshawar_sector_c_prime_location_1_kanal_luxury_house_is_available_for_sale_at_walking_distance_to_masjid_market_and_park_is_available_for_sale-54310596-9050-1.html
05 Marla House For Sale In Zone 04 Regi Model Town Peshawar,PKR 2.95 Crore,29500000,8,6,5 Marla,1125.0,26222,House,True,27,hot27Share on FacebookShare on TwitterShare on WhatsAppSend via GMailSend via E-Mail,84,Houses_Peshawar,2026-07-29,https://www.zameen.com/Property/regi_model_town_regi_model_town_phase_4_05_marla_house_for_sale_in_zone_04_regi_model_town_peshawar-54502195-17014-1.html
1 Kanal Luxurious House for Sale,PKR 10 Crore,100000000,10,6,1 Kanal,4500.0,22222,House,False,10,hot10Share on FacebookShare on TwitterShare on WhatsAppSend via GMailSend via E-Mail,84,Houses_Peshawar,2026-07-29,https://www.zameen.com/Property/peshawar_regi_model_town_1_kanal_luxurious_house_for_sale-54472466-7660-1.html
South Face 50 Ft Road Luxury House | Sector 3C2 | Ideal Location House,PKR 5.29 Crore,52900000,10,6,10 Marla,2250.0,23511,House,False,27,hot27Share on FacebookShare on TwitterShare on WhatsAppSend via GMailSend via E-Mail,84,Houses_Peshawar,2026-07-29,https://www.zameen.com/Property/regi_model_town_regi_model_town_phase_3_south_face_50_ft_road_luxury_house_sector_3c2_ideal_location_house-54487070-17013-1.html
House For Sale Officers Garden Colony,PKR 1.9 Crore,19000000,6,6,4 Marla,900.0,21111,House,False,27,hot27Share on FacebookShare on TwitterShare on WhatsAppSend via GMailSend via E-Mail,84,Houses_Peshawar,2026-07-29,https://www.zameen.com/Property/warsak_road_officers_garden_colony_house_for_sale_officers_garden_colony-51030425-7655-1.html
Hayatabad 2 Kanal House For Sale,PKR 12.8 Crore,128000000,8,6,2 Kanal,9000.0,14222,House,False,10,hot10Share on FacebookShare on TwitterShare on WhatsAppSend via GMailSend via E-Mail,84,Houses_Peshawar,2026-07-29,https://www.zameen.com/Property/hayatabad_hayatabad_phase_2_hayatabad_2_kanal_house_for_sale-54305135-7602-1.html
1kanal Double Story Prime Location House For Sale,PKR 7.5 Crore,75000000,5,5,1 Kanal,4500.0,16666,House,False,10,hot10Share on FacebookShare on TwitterShare on WhatsAppSend via GMailSend via E-Mail,84,Houses_Peshawar,2026-07-29,https://www.zameen.com/Property/peshawar_hayatabad_1kanal_double_story_prime_location_house_for_sale-54394757-394-1.html
14 Marla Fresh Untouched House Available For Sale,PKR 12 Crore,120000000,10,,14 Marla,3150.0,38095,House,False,26,26Share on FacebookShare on TwitterShare on WhatsAppSend via GMailSend via E-Mail,81,Houses_Peshawar,2026-07-29,https://www.zameen.com/Property/hayatabad_phase_7_hayatabad_phase_7_-_e6_14_marla_fresh_untouched_house_available_for_sale-54539315-13219-1.html
Your Ideal 5 Marla House Has Just Become Available In Hayatabad Phase 1 - D2,PKR 2.1 Crore,21000000,5,5,5 Marla,1125.0,18666,House,False,16,16Share on FacebookShare on TwitterShare on WhatsAppSend via GMailSend via E-Mail,81,Houses_Peshawar,2026-07-29,https://www.zameen.com/Property/hayatabad_phase_1_hayatabad_phase_1_-_d2_your_ideal_5_marla_house_has_just_become_available_in_hayatabad_phase_1_-_d2-49588618-13796-1.html
7 Marla House For Sale F5 Phase 6,PKR 5.5 Crore,55000000,8,,7 Marla,1575.0,34920,House,False,13,13Share on FacebookShare on TwitterShare on WhatsAppSend via GMailSend via E-Mail,81,Houses_Peshawar,2026-07-29,https://www.zameen.com/Property/hayatabad_hayatabad_phase_6_7_marla_house_for_sale_f5_phase_6-52885708-7627-1.html
Prime 5 Marla House Available for Sale in Regi Model Town,PKR 3.3 Crore,33000000,8,7,5 Marla,1125.0,29333,House,True,11,11Share on FacebookShare on TwitterShare on WhatsAppSend via GMailSend via E-Mail,81,Houses_Peshawar,2026-07-29,https://www.zameen.com/Property/regi_model_town_regi_model_town_phase_3_prime_5_marla_house_available_for_sale_in_regi_model_town-54532663-17013-1.html
Centrally Located Prime Location House Available In Sufiyan Garden For sale,PKR 1.9 Crore,19000000,6,6,5 Marla,1125.0,16888,House,False,19,19VerifiedShare on FacebookShare on TwitterShare on WhatsAppSend via GMailSend via E-Mail,89,Houses_Peshawar,2026-07-29,https://www.zameen.com/Property/warsak_road_sufiyan_garden_centrally_located_prime_location_house_available_in_sufiyan_garden_for_sale-54527535-19313-1.html
Your Search For House In Peshawar Ends Here,PKR 2.73 Crore,27300000,8,6,5 Marla,1125.0,24266,House,False,9,9Share on FacebookShare on TwitterShare on WhatsAppSend via GMailSend via E-Mail,80,Houses_Peshawar,2026-07-29,https://www.zameen.com/Property/regi_model_town_regi_model_town_phase_4_your_search_for_house_in_peshawar_ends_here-53585684-17014-1.html
12 Marla Residential Property Featuring Two Separate House Units With Separate Entrances.,PKR 5.35 Crore,53500000,8,7,12 Marla,2700.0,19814,House,False,50,50Share on FacebookShare on TwitterShare on WhatsAppSend via GMailSend via E-Mail,81,Houses_Peshawar,2026-07-29,https://www.zameen.com/Property/peshawar_peshawar_garden_12_marla_residential_property_featuring_two_separate_house_units_with_separate_entrances-53960835-12319-1.html
MMS property zone,PKR 3 Crore,30000000,8,6,5 Marla,1125.0,26666,House,True,6,6Share on FacebookShare on TwitterShare on WhatsAppSend via GMailSend via E-Mail,80,Houses_Peshawar,2026-07-29,https://www.zameen.com/Property/peshawar_regi_model_town_mms_property_zone-54536118-7660-1.html
House for sale in E7,PKR 4.9 Crore,49000000,6,6,10 Marla,2250.0,21777,House,True,6,super hot6Share on FacebookShare on TwitterShare on WhatsAppSend via GMailSend via E-Mail,89,Houses_Peshawar,2026-07-29,https://www.zameen.com/Property/hayatabad_hayatabad_phase_7_house_for_sale_in_e7-54527347-8534-1.html
Brand New House In Sector-A  Up For Sale Investor Rate,PKR 9.3 Crore,93000000,,,1 Kanal,4500.0,20666,House,True,2,super hot2Share on FacebookShare on TwitterShare on WhatsAppSend via GMailSend via E-Mail,89,Houses_Peshawar,2026-07-29,https://www.zameen.com/Property/dha_phase_1_dha_phase_1_-_sector_a_brand_new_house_in_sector-a_up_for_sale_investor_rate-54421544-12292-1.html
Prime Location 4 Marla House For Sale In The Perfect Location Of Green Cottages,PKR 2.15 Crore,21500000,5,5,4 Marla,900.0,23888,House,True,34,super hot34VerifiedShare on FacebookShare on TwitterShare on WhatsAppSend via GMailSend via E-Mail,98,Houses_Peshawar,2026-07-29,https://www.zameen.com/Property/warsak_road_green_cottages_prime_location_4_marla_house_for_sale_in_the_perfect_location_of_green_cottages-54324121-11933-1.html
4 Marla Triple Storey House Is Available For Sale In Hussain Abad Colony Peshawar,PKR 2.5 Crore,25000000,4,2,4 Marla,900.0,27777,House,True,1,super hot11Share on FacebookShare on TwitterShare on WhatsAppSend via GMailSend via E-Mail,90,Houses_Peshawar,2026-07-29,https://www.zameen.com/Property/peshawar_hussain_abad_colony_4_marla_triple_storey_house_is_available_for_sale_in_hussain_abad_colony_peshawar-54079843-10403-1.html
Fresh Kanal Home For Sale At F2,PKR 11.5 Crore,115000000,10,6,1 Kanal,4500.0,25555,Unknown,True,7,super hot7Share on FacebookShare on TwitterShare on WhatsAppSend via GMailSend via E-Mail,89,Houses_Peshawar,2026-07-29,https://www.zameen.com/Property/hayatabad_hayatabad_phase_6_fresh_kanal_home_for_sale_at_f2-54469364-7627-1.html
Prime Location House For Sale In Sudais Villas,PKR 67 Lakh,6700000,3,3,2 Marla,450.0,14888,House,True,7,super hot71VerifiedShare on FacebookShare on TwitterShare on WhatsAppSend via GMailSend via E-Mail,98,Houses_Peshawar,2026-07-29,https://www.zameen.com/Property/warsak_road_sudais_villas_prime_location_house_for_sale_in_sudais_villas-54513286-18406-1.html
1 Kanal House For Sale On Investors Rate,PKR 7.1 Crore,71000000,10,6,1 Kanal,4500.0,15777,House,True,9,super hot9Share on FacebookShare on TwitterShare on WhatsAppSend via GMailSend via E-Mail,89,Houses_Peshawar,2026-07-29,https://www.zameen.com/Property/hayatabad_hayatabad_phase_4_1_kanal_house_for_sale_on_investors_rate-53886795-7625-1.html
10 Marla Triple Storey House For Sale,PKR 3.85 Crore,38500000,7,7,10 Marla,2250.0,17111,House,True,49,super hot49Share on FacebookShare on TwitterShare on WhatsAppSend via GMailSend via E-Mail,90,Houses_Peshawar,2026-07-29,https://www.zameen.com/Property/peshawar_warsak_road_10_marla_triple_storey_house_for_sale-52951343-1000-1.html
Your Dream 3 Marla House Is Up For Sale,PKR 1.45 Crore,14500000,4,4,3 Marla,675.0,21481,House,True,48,super hot48Share on FacebookShare on TwitterShare on WhatsAppSend via GMailSend via E-Mail,90,Houses_Peshawar,2026-07-29,https://www.zameen.com/Property/peshawar_warsak_road_your_dream_3_marla_house_is_up_for_sale-53451585-1000-1.html
Prime Location House Sized 5 Marla Is Available For sale In Sufiyan Garden,PKR 2.1 Crore,21000000,5,5,5 Marla,1125.0,18666,House,True,33,super hot33VerifiedShare on FacebookShare on TwitterShare on WhatsAppSend via GMailSend via E-Mail,98,Houses_Peshawar,2026-07-29,https://www.zameen.com/Property/warsak_road_sufiyan_garden_prime_location_house_sized_5_marla_is_available_for_sale_in_sufiyan_garden-53575526-19313-1.html
"05 Marla House For Sale in Sector G, DHA Peshawar",PKR 3.6 Crore,36000000,4,4,5 Marla,1125.0,32000,House,True,15,hot15Share on FacebookShare on TwitterShare on WhatsAppSend via GMailSend via E-Mail,84,Houses_Peshawar,2026-07-29,https://www.zameen.com/Property/dha_phase_1_dha_phase_1_-_sector_g_05_marla_house_for_sale_in_sector_g_dha_peshawar-54447883-12299-1.html
Premium 5 Marla Luxury House Available For Sale,PKR 3.3 Crore,33000000,8,7,5 Marla,1125.0,29333,House,True,21,hot21Share on FacebookShare on TwitterShare on WhatsAppSend via GMailSend via E-Mail,84,Houses_Peshawar,2026-07-29,https://www.zameen.com/Property/regi_model_town_regi_model_town_phase_3_premium_5_marla_luxury_house_available_for_sale-54461926-17013-1.html
Dha Psh Sector A Kanal Owner Build House,PKR 7.9 Crore,79000000,9,6,1 Kanal,4500.0,17555,House,False,28,hot28Share on FacebookShare on TwitterShare on WhatsAppSend via GMailSend via E-Mail,84,Houses_Peshawar,2026-07-29,https://www.zameen.com/Property/dha_phase_1_dha_phase_1_-_sector_a_dha_psh_sector_a_kanal_owner_build_house-54431868-12292-1.html
House for sale in phase 3,PKR 5.25 Crore,52500000,5,5,10 Marla,2250.0,23333,House,False,7,hot7Share on FacebookShare on TwitterShare on WhatsAppSend via GMailSend via E-Mail,83,Houses_Peshawar,2026-07-29,https://www.zameen.com/Property/hayatabad_hayatabad_phase_3_house_for_sale_in_phase_3-54533241-7617-1.html
Brand New Designer House Green Cottage,PKR 2.3 Crore,23000000,5,5,4 Marla,900.0,25555,House,False,24,hot24Share on FacebookShare on TwitterShare on WhatsAppSend via GMailSend via E-Mail,84,Houses_Peshawar,2026-07-29,https://www.zameen.com/Property/warsak_road_green_cottages_brand_new_designer_house_green_cottage-54529062-11933-1.html
Brand New 4.5 Marla Designer House,PKR 2.6 Crore,26000000,5,5,4 Marla,900.0,28888,House,False,20,hot20Share on FacebookShare on TwitterShare on WhatsAppSend via GMailSend via E-Mail,84,Houses_Peshawar,2026-07-29,https://www.zameen.com/Property/arbab_sabz_ali_khan_town_arbab_sabz_ali_khan_town_executive_lodges_brand_new_4_5_marla_designer_house-54450261-10382-1.html
3 Marla Corner New House Green Cottage,PKR 1.55 Crore,15500000,4,4,3 Marla,675.0,22962,House,False,19,hot19Share on FacebookShare on TwitterShare on WhatsAppSend via GMailSend via E-Mail,84,Houses_Peshawar,2026-07-29,https://www.zameen.com/Property/warsak_road_green_cottages_3_marla_corner_new_house_green_cottage-54525130-11933-1.html
Prime Location House Of 5 Marla Is Available For sale,PKR 1.8 Crore,18000000,6,6,5 Marla,1125.0,16000,House,False,30,30VerifiedShare on FacebookShare on TwitterShare on WhatsAppSend via GMailSend via E-Mail,89,Houses_Peshawar,2026-07-29,https://www.zameen.com/Property/warsak_road_sufiyan_garden_prime_location_house_of_5_marla_is_available_for_sale-54535997-19313-1.html
Prime Location House Is Available For sale In Sudais Villas,PKR 1.5 Crore,15000000,5,5,3.4 Marla,765.0,19607,House,False,36,36VerifiedShare on FacebookShare on TwitterShare on WhatsAppSend via GMailSend via E-Mail,89,Houses_Peshawar,2026-07-29,https://www.zameen.com/Property/warsak_road_sudais_villas_prime_location_house_is_available_for_sale_in_sudais_villas-54530758-18406-1.html
Sector B House,PKR 12.5 Crore,125000000,8,6,1 Kanal,4500.0,27777,House,False,22,22Share on FacebookShare on TwitterShare on WhatsAppSend via GMailSend via E-Mail,81,Houses_Peshawar,2026-07-29,https://www.zameen.com/Property/dha_phase_1_dha_phase_1_-_sector_b_sector_b_house-54309972-12293-1.html
5 marla basement house for sale,PKR 2.8 Crore,28000000,7,,5 Marla,1125.0,24888,House,False,16,16Share on FacebookShare on TwitterShare on WhatsAppSend via GMailSend via E-Mail,81,Houses_Peshawar,2026-07-29,https://www.zameen.com/Property/arbab_sabz_ali_khan_town_arbab_sabz_ali_khan_town_executive_lodges_5_marla_basement_house_for_sale-54527409-10382-1.html
5 Marla vip house,PKR 1.95 Crore,19500000,6,6,5 Marla,1125.0,17333,House,False,10,10Share on FacebookShare on TwitterShare on WhatsAppSend via GMailSend via E-Mail,81,Houses_Peshawar,2026-07-29,https://www.zameen.com/Property/warsak_road_sufiyan_garden_5_marla_vip_house-54527395-19313-1.html
10 marla 2nd to corner house,PKR 3.8 Crore,38000000,6,6,10 Marla,2250.0,16888,House,False,11,11Share on FacebookShare on TwitterShare on WhatsAppSend via GMailSend via E-Mail,81,Houses_Peshawar,2026-07-29,https://www.zameen.com/Property/warsak_road_sudais_villas_10_marla_2nd_to_corner_house-54527385-18406-1.html
For sale,PKR 2.4 Crore,24000000,5,5,5 Marla,1125.0,21333,House,False,5,5Share on FacebookShare on TwitterShare on WhatsAppSend via GMailSend via E-Mail,80,Houses_Peshawar,2026-07-29,https://www.zameen.com/Property/warsak_road_sufiyan_garden_for_sale-54527371-19313-1.html
Affordable Prime Location House Available For sale In Sudais Villas,PKR 2 Crore,20000000,6,6,5 Marla,1125.0,17777,House,False,37,37VerifiedShare on FacebookShare on TwitterShare on WhatsAppSend via GMailSend via E-Mail,89,Houses_Peshawar,2026-07-29,https://www.zameen.com/Property/warsak_road_sudais_villas_affordable_prime_location_house_available_for_sale_in_sudais_villas-54527176-18406-1.html
1 Kanal Luxury Prime Location House For Sale In DHA PESHAWAR,PKR 11.5 Crore,115000000,8,6,1 Kanal,4500.0,25555,House,True,50,super hot50Share on FacebookShare on TwitterShare on WhatsAppSend via GMailSend via E-Mail,90,Houses_Peshawar,2026-07-29,https://www.zameen.com/Property/dha_phase_1_dha_phase_1_-_sector_b_1_kanal_luxury_prime_location_house_for_sale_in_dha_peshawar-54456110-12293-1.html
Prime Location 20 Marla House For Sale In Warsak Road Near Babu Ghari Stop,PKR 3.8 Crore,38000000,6,6,1 Kanal,4500.0,8444,House,True,29,super hot29VerifiedShare on FacebookShare on TwitterShare on WhatsAppSend via GMailSend via E-Mail,98,Houses_Peshawar,2026-07-29,https://www.zameen.com/Property/peshawar_warsak_road_prime_location_20_marla_house_for_sale_in_warsak_road_near_babu_ghari_stop-53949611-1000-1.html
1 Kanal House For Sale In DHA Peshawer Sector A,PKR 8 Crore,80000000,9,6,1 Kanal,4500.0,17777,House,True,21,super hot21Share on FacebookShare on TwitterShare on WhatsAppSend via GMailSend via E-Mail,90,Houses_Peshawar,2026-07-29,https://www.zameen.com/Property/dha_phase_1_dha_phase_1_-_sector_a_1_kanal_house_for_sale_in_dha_peshawer_sector_a-54433698-12292-1.html
23 Marla House For Sale Brand New House At University Town Peshawar,PKR 16.5 Crore,165000000,6,6,1.2 Kanal,5400.0,30555,House,True,28,super hot28Share on FacebookShare on TwitterShare on WhatsAppSend via GMailSend via E-Mail,90,Houses_Peshawar,2026-07-29,https://www.zameen.com/Property/peshawar_university_town_23_marla_house_for_sale_brand_new_house_at_university_town_peshawar-50426510-1437-1.html
10 Marla Luxury Basement House For Sale Located At Warsak Road Executive Lodges,PKR 4.9 Crore,49000000,8,6,10 Marla,2250.0,21777,House,True,39,super hot391Share on FacebookShare on TwitterShare on WhatsAppSend via GMailSend via E-Mail,91,Houses_Peshawar,2026-07-29,https://www.zameen.com/Property/arbab_sabz_ali_khan_town_arbab_sabz_ali_khan_town_executive_lodges_10_marla_luxury_basement_house_for_sale_located_at_warsak_road_executive_lodges-53699998-10382-1.html
Beautiful House Available For Sale,PKR 7 Crore,70000000,7,6,14 Marla,3150.0,22222,House,True,,super hotShare on FacebookShare on TwitterShare on WhatsAppSend via GMailSend via E-Mail,88,Houses_Peshawar,2026-07-29,https://www.zameen.com/Property/peshawar_university_town_beautiful_house_available_for_sale-54426819-1437-1.html
01 Kanal Grey Structure House For Sale,PKR 5.99 Crore,59900000,10,6,1 Kanal,4500.0,13311,House,True,5,super hot5Share on FacebookShare on TwitterShare on WhatsAppSend via GMailSend via E-Mail,89,Houses_Peshawar,2026-07-29,https://www.zameen.com/Property/dha_phase_1_dha_phase_1_-_sector_a_01_kanal_grey_structure_house_for_sale-54340233-12292-1.html
1 Kanal Luxury House For Sale In DHA,PKR 11 Crore,110000000,9,7,1 Kanal,4500.0,24444,House,True,28,hot28Share on FacebookShare on TwitterShare on WhatsAppSend via GMailSend via E-Mail,84,Houses_Peshawar,2026-07-29,https://www.zameen.com/Property/dha_phase_1_dha_phase_1_-_sector_b_1_kanal_luxury_house_for_sale_in_dha-54461972-12293-1.html
10 Marla Luxury House For Sale,PKR 5.3 Crore,53000000,8,7,10 Marla,2250.0,23555,House,True,29,hot29Share on FacebookShare on TwitterShare on WhatsAppSend via GMailSend via E-Mail,84,Houses_Peshawar,2026-07-29,https://www.zameen.com/Property/regi_model_town_regi_model_town_phase_3_10_marla_luxury_house_for_sale-54462029-17013-1.html
"5 Marla House For Sale In Regi Model Town, Peshawar",PKR 3.2 Crore,32000000,8,7,5 Marla,1125.0,28444,House,True,3,hot3Share on FacebookShare on TwitterShare on WhatsAppSend via GMailSend via E-Mail,83,Houses_Peshawar,2026-07-29,https://www.zameen.com/Property/regi_model_town_regi_model_town_phase_3_5_marla_house_for_sale_in_regi_model_town_peshawar-54462083-17013-1.html
Brand New Beautiful House Available For Sale,PKR 8.25 Crore,82500000,9,6,10 Marla,2250.0,36666,House,True,12,hot12Share on FacebookShare on TwitterShare on WhatsAppSend via GMailSend via E-Mail,84,Houses_Peshawar,2026-07-29,https://www.zameen.com/Property/peshawar_hayatabad_brand_new_beautiful_house_available_for_sale-54218401-394-1.html
"Marla House With Extra Land For Sale Regi Model Town, Peshawar",PKR 3.3 Crore,33000000,7,7,6 Marla,1350.0,24444,House,True,17,hot17Share on FacebookShare on TwitterShare on WhatsAppSend via GMailSend via E-Mail,84,Houses_Peshawar,2026-07-29,https://www.zameen.com/Property/regi_model_town_regi_model_town_phase_4_marla_house_with_extra_land_for_sale_regi_model_town_peshawar-54453693-17014-1.html
Two Kanal Old House Available For Sale In University Town Peshawar,PKR 12 Crore,120000000,8,6,2 Kanal,9000.0,13333,House,False,1,hot1Share on FacebookShare on TwitterShare on WhatsAppSend via GMailSend via E-Mail,83,Houses_Peshawar,2026-07-29,https://www.zameen.com/Property/peshawar_university_town_two_kanal_old_house_available_for_sale_in_university_town_peshawar-53794465-1437-1.html
Hayatabad Phase 3 Sector K6 Corner House Available For Sale,PKR 5.3 Crore,53000000,6,6,10 Marla,2250.0,23555,House,False,12,hot12Share on FacebookShare on TwitterShare on WhatsAppSend via GMailSend via E-Mail,84,Houses_Peshawar,2026-07-29,https://www.zameen.com/Property/hayatabad_phase_3_hayatabad_phase_3_-_k6_hayatabad_phase_3_sector_k6_corner_house_available_for_sale-54361690-7623-1.html
Prime Location 10 Marla House For Sale In Beautiful Sudais Villas,PKR 3.7 Crore,37000000,6,6,10 Marla,2250.0,16444,House,False,40,hot40VerifiedShare on FacebookShare on TwitterShare on WhatsAppSend via GMailSend via E-Mail,92,Houses_Peshawar,2026-07-29,https://www.zameen.com/Property/warsak_road_sudais_villas_prime_location_10_marla_house_for_sale_in_beautiful_sudais_villas-52943807-18406-1.html
10 Marla Corner House For Sale,PKR 4.3 Crore,43000000,7,6,10 Marla,2250.0,19111,House,False,7,hot7Share on FacebookShare on TwitterShare on WhatsAppSend via GMailSend via E-Mail,83,Houses_Peshawar,2026-07-29,https://www.zameen.com/Property/peshawar_police_colony_10_marla_corner_house_for_sale-54482669-12359-1.html
5 Marla Prime Location House For Sale,PKR 3.5 Crore,35000000,4,4,5 Marla,1125.0,31111,House,False,9,hot9Share on FacebookShare on TwitterShare on WhatsAppSend via GMailSend via E-Mail,83,Houses_Peshawar,2026-07-29,https://www.zameen.com/Property/peshawar_dha_defence_5_marla_prime_location_house_for_sale-54271712-9050-1.html
01 Kanal Owner Made House | Walking Distance Central Park Masjid & Market | 15 Kv Solar System,PKR 7.4 Crore,74000000,10,6,1 Kanal,4500.0,16444,House,False,10,10Share on FacebookShare on TwitterShare on WhatsAppSend via GMailSend via E-Mail,81,Houses_Peshawar,2026-07-29,https://www.zameen.com/Property/regi_model_town_phase_3_regi_model_town_phase_3_-_block_b2_01_kanal_owner_made_house_walking_distance_central_park_masjid_market_15_kv_solar_system-53780191-17019-1.html
1 kanal house for sale in hayatabad,PKR 9.7 Crore,97000000,10,6,1 Kanal,4500.0,21555,House,False,10,10Share on FacebookShare on TwitterShare on WhatsAppSend via GMailSend via E-Mail,81,Houses_Peshawar,2026-07-29,https://www.zameen.com/Property/hayatabad_phase_6_hayatabad_phase_6_-_f1_1_kanal_house_for_sale_in_hayatabad-54539022-14221-1.html
Phase 2 | Sector G | 1 Kanal Fresh Furnished Luxury House Available For Sale,PKR 13 Crore,130000000,7,6,1 Kanal,4500.0,28888,House,True,2,2Share on FacebookShare on TwitterShare on WhatsAppSend via GMailSend via E-Mail,80,Houses_Peshawar,2026-07-29,https://www.zameen.com/Property/hayatabad_phase_2_hayatabad_phase_2_-_g2_phase_2_sector_g_1_kanal_fresh_furnished_luxury_house_available_for_sale-54535020-7604-1.html
2 Kanal Beautiful location Bungalow Available for Sale in Hayatabad Phase 2 Peshawar,PKR 12.5 Crore,125000000,6,6,2 Kanal,9000.0,13888,House,False,1,1Share on FacebookShare on TwitterShare on WhatsAppSend via GMailSend via E-Mail,80,Houses_Peshawar,2026-07-29,https://www.zameen.com/Property/hayatabad_hayatabad_phase_2_2_kanal_beautiful_location_bungalow_available_for_sale_in_hayatabad_phase_2_peshawar-54392881-7602-1.html
5-Bedroom South Open House For Sale Prime Location Near Park,PKR 5.5 Crore,55000000,5,5,13 Marla,2925.0,18803,House,False,1,1Share on FacebookShare on TwitterShare on WhatsAppSend via GMailSend via E-Mail,80,Houses_Peshawar,2026-07-29,https://www.zameen.com/Property/peshawar_askari_6_5-bedroom_south_open_house_for_sale_prime_location_near_park-52236022-9275-1.html
Italian Design House For Sale,PKR 15 Crore,150000000,5,5,1 Kanal,4500.0,33333,House,False,1,1Share on FacebookShare on TwitterShare on WhatsAppSend via GMailSend via E-Mail,80,Houses_Peshawar,2026-07-29,https://www.zameen.com/Property/peshawar_university_town_italian_design_house_for_sale-53620642-1437-1.html
1kanal House For Sale In Hayatabad,PKR 10 Crore,100000000,10,6,1 Kanal,4500.0,22222,House,False,10,10Share on FacebookShare on TwitterShare on WhatsAppSend via GMailSend via E-Mail,81,Houses_Peshawar,2026-07-29,https://www.zameen.com/Property/hayatabad_phase_6_hayatabad_phase_6_-_f4_1kanal_house_for_sale_in_hayatabad-54538960-7630-1.html
10 Kv Solar System Installed | Waking Distance Market Masjid Park House For Sale,PKR 4.4 Crore,44000000,9,6,10 Marla,2250.0,19555,House,False,4,4Share on FacebookShare on TwitterShare on WhatsAppSend via GMailSend via E-Mail,80,Houses_Peshawar,2026-07-29,https://www.zameen.com/Property/regi_model_town_regi_model_town_phase_3_10_kv_solar_system_installed_waking_distance_market_masjid_park_house_for_sale-54294336-17013-1.html
"05 Marla House For Sale In Zone 03, Regi Model Town Peshawar",PKR 3.2 Crore,32000000,8,6,5 Marla,1125.0,28444,House,True,1,hot1Share on FacebookShare on TwitterShare on WhatsAppSend via GMailSend via E-Mail,83,Houses_Peshawar,2026-07-29,https://www.zameen.com/Property/regi_model_town_regi_model_town_phase_3_05_marla_house_for_sale_in_zone_03_regi_model_town_peshawar-54447961-17013-1.html
SECTOR PRISM | PRIME LOCATION 1 KANAL FRESH HOUSE FOR SALE,PKR 7 Crore,70000000,11,7,1 Kanal,4500.0,15555,House,True,5,hot5Share on FacebookShare on TwitterShare on WhatsAppSend via GMailSend via E-Mail,83,Houses_Peshawar,2026-07-29,https://www.zameen.com/Property/dha_defence_dha_defence_-_sector_prism_sector_prism_prime_location_1_kanal_fresh_house_for_sale-54440139-19286-1.html
10 Marla Double Garage House For Sale,PKR 6 Crore,60000000,9,6,10 Marla,2250.0,26666,House,True,7,hot7Share on FacebookShare on TwitterShare on WhatsAppSend via GMailSend via E-Mail,83,Houses_Peshawar,2026-07-29,https://www.zameen.com/Property/hayatabad_phase_6_hayatabad_phase_6_-_f7_10_marla_double_garage_house_for_sale-54450840-7633-1.html
10 Marla Vip House For Sale,PKR 6.8 Crore,68000000,9,6,10 Marla,2250.0,30222,House,False,13,hot13Share on FacebookShare on TwitterShare on WhatsAppSend via GMailSend via E-Mail,84,Houses_Peshawar,2026-07-29,https://www.zameen.com/Property/hayatabad_phase_7_hayatabad_phase_7_-_e5_10_marla_vip_house_for_sale-54445977-13218-1.html
1 Kanal Luxury House Available For Sale In Sector B,PKR 11 Crore,110000000,10,7,1 Kanal,4500.0,24444,House,False,1,hot1Share on FacebookShare on TwitterShare on WhatsAppSend via GMailSend via E-Mail,83,Houses_Peshawar,2026-07-29,https://www.zameen.com/Property/dha_phase_1_dha_phase_1_-_sector_b_1_kanal_luxury_house_available_for_sale_in_sector_b-54201927-12293-1.html
5 Marla Solid House Available For Sale In Phase 1 HAYATABAD,PKR 2.5 Crore,25000000,5,5,5 Marla,1125.0,22222,House,False,1,hot1Share on FacebookShare on TwitterShare on WhatsAppSend via GMailSend via E-Mail,83,Houses_Peshawar,2026-07-29,https://www.zameen.com/Property/hayatabad_phase_1_hayatabad_phase_1_-_d4_5_marla_solid_house_available_for_sale_in_phase_1_hayatabad-54519765-15037-1.html
3 Marla TMA Approved Structure Available For Sale,PKR 95 Lakh,9500000,4,4,3 Marla,675.0,14074,House,False,15,hot151Share on FacebookShare on TwitterShare on WhatsAppSend via GMailSend via E-Mail,85,Houses_Peshawar,2026-07-29,https://www.zameen.com/Property/islamabad_peshawar_motorway_garden_villas_3_marla_tma_approved_structure_available_for_sale-53487629-21070-1.html
Beautiful House Available For Sale,PKR 1.65 Crore,16500000,7,5,5 Marla,1125.0,14666,House,False,9,hot9Share on FacebookShare on TwitterShare on WhatsAppSend via GMailSend via E-Mail,83,Houses_Peshawar,2026-07-29,https://www.zameen.com/Property/peshawar_canal_road_beautiful_house_available_for_sale-54050285-11940-1.html
3.5 Marla House Available For Sale In Wazir Colony Ring Road Near Abasyn University And MMC Hospital Street No-8,PKR 1.1 Crore,11000000,4,4,4 Marla,900.0,12222,House,False,6,hot6Share on FacebookShare on TwitterShare on WhatsAppSend via GMailSend via E-Mail,83,Houses_Peshawar,2026-07-29,https://www.zameen.com/Property/peshawar_wazir_colony_3_5_marla_house_available_for_sale_in_wazir_colony_ring_road_near_abasyn_university_and_mmc_hospital_street_no-8-54490128-7675-1.html
4.5 Marla House For Sale,PKR 2.3 Crore,23000000,4,4,4.5 Marla,1012.5,22716,House,False,12,hot12Share on FacebookShare on TwitterShare on WhatsAppSend via GMailSend via E-Mail,84,Houses_Peshawar,2026-07-29,https://www.zameen.com/Property/warsak_road_green_cottages_4_5_marla_house_for_sale-54334357-11933-1.html
House For Sale,PKR 2.35 Crore,23500000,6,6,5 Marla,1125.0,20888,House,False,13,hot13Share on FacebookShare on TwitterShare on WhatsAppSend via GMailSend via E-Mail,84,Houses_Peshawar,2026-07-29,https://www.zameen.com/Property/warsak_road_officers_home_society_house_for_sale-54395461-21072-1.html
Book A House Of 6 Marla In Warsak Road Warsak Road,PKR 2.3 Crore,23000000,6,6,6 Marla,1350.0,17037,House,False,24,hot24Share on FacebookShare on TwitterShare on WhatsAppSend via GMailSend via E-Mail,84,Houses_Peshawar,2026-07-29,https://www.zameen.com/Property/peshawar_warsak_road_book_a_house_of_6_marla_in_warsak_road_warsak_road-54450507-1000-1.html
Beautiful House Available For Sale,PKR 1.5 Crore,15000000,5,5,6 Marla,1350.0,11111,House,False,4,hot4Share on FacebookShare on TwitterShare on WhatsAppSend via GMailSend via E-Mail,83,Houses_Peshawar,2026-07-29,https://www.zameen.com/Property/peshawar_canal_road_beautiful_house_available_for_sale-54372677-11940-1.html
2 Kanal Luxurious Villa For Sale,PKR 17.5 Crore,175000000,8,6,2 Kanal,9000.0,19444,House,False,11,hot11Share on FacebookShare on TwitterShare on WhatsAppSend via GMailSend via E-Mail,84,Houses_Peshawar,2026-07-29,https://www.zameen.com/Property/hayatabad_phase_2_hayatabad_phase_2_-_g2_2_kanal_luxurious_villa_for_sale-53261519-7604-1.html
12 Marla Luxury House For Sale,PKR 3.5 Crore,35000000,5,5,12 Marla,2700.0,12962,House,False,39,hot39Share on FacebookShare on TwitterShare on WhatsAppSend via GMailSend via E-Mail,84,Houses_Peshawar,2026-07-29,https://www.zameen.com/Property/peshawar_warsak_road_12_marla_luxury_house_for_sale-52945519-1000-1.html
3 Marla House For Sale,PKR 1.3 Crore,13000000,4,4,3 Marla,675.0,19259,House,False,32,hot32Share on FacebookShare on TwitterShare on WhatsAppSend via GMailSend via E-Mail,84,Houses_Peshawar,2026-07-29,https://www.zameen.com/Property/warsak_road_darmangi_3_marla_house_for_sale-53136805-12422-1.html
Prime Location 5 Marla House In Arbab Sabz Ali Khan Town Executive Lodges For sale At Good Location,PKR 2.7 Crore,27000000,8,,5 Marla,1125.0,24000,House,False,16,hot16VerifiedShare on FacebookShare on TwitterShare on WhatsAppSend via GMailSend via E-Mail,92,Houses_Peshawar,2026-07-29,https://www.zameen.com/Property/arbab_sabz_ali_khan_town_arbab_sabz_ali_khan_town_executive_lodges_prime_location_5_marla_house_in_arbab_sabz_ali_khan_town_executive_lodges_for_sale_at_good_location-54242688-10382-1.html
To sale You Can Find Spacious Prime Location House In Arbab Sabz Ali Khan Town Executive Lodges,PKR 2.6 Crore,26000000,6,6,4.5 Marla,1012.5,25679,House,False,20,20VerifiedShare on FacebookShare on TwitterShare on WhatsAppSend via GMailSend via E-Mail,89,Houses_Peshawar,2026-07-29,https://www.zameen.com/Property/arbab_sabz_ali_khan_town_arbab_sabz_ali_khan_town_executive_lodges_to_sale_you_can_find_spacious_prime_location_house_in_arbab_sabz_ali_khan_town_executive_lodges-54527429-10382-1.html
beautiful house available for sale,PKR 6.5 Crore,65000000,6,6,1 Kanal,4500.0,14444,House,False,,Share on FacebookShare on TwitterShare on WhatsAppSend via GMailSend via E-Mail,79,Houses_Peshawar,2026-07-29,https://www.zameen.com/Property/hayatabad_hayatabad_phase_1_beautiful_house_available_for_sale-54537450-7597-1.html
5 Marla House ( Old Bara Road ) New Construction,PKR 3.3 Crore,33000000,5,5,5 Marla,1125.0,29333,House,False,,Share on FacebookShare on TwitterShare on WhatsAppSend via GMailSend via E-Mail,79,Houses_Peshawar,2026-07-29,https://www.zameen.com/Property/peshawar_university_town_5_marla_house_old_bara_road_new_construction-54490819-1437-1.html
kanal afghani chance house for sell,PKR 8.1 Crore,81000000,10,6,1 Kanal,4500.0,18000,House,True,,Share on FacebookShare on TwitterShare on WhatsAppSend via GMailSend via E-Mail,79,Houses_Peshawar,2026-07-29,https://www.zameen.com/Property/hayatabad_phase_1_hayatabad_phase_1_-_e3_kanal_afghani_chance_house_for_sell-54535276-7600-1.html
Prime Location 7 Marla Spacious House Available In Wapda Town For sale,PKR 2.4 Crore,24000000,7,6,7 Marla,1575.0,15238,House,False,5,51VerifiedShare on FacebookShare on TwitterShare on WhatsAppSend via GMailSend via E-Mail,89,Houses_Peshawar,2026-07-29,https://www.zameen.com/Property/peshawar_wapda_town_prime_location_7_marla_spacious_house_available_in_wapda_town_for_sale-54106446-398-1.html
Prime Location sale The Ideally Located House For An Incredible Price Of Pkr Rs. 43000000,PKR 4.3 Crore,43000000,6,6,12 Marla,2700.0,15925,House,False,26,26VerifiedShare on FacebookShare on TwitterShare on WhatsAppSend via GMailSend via E-Mail,89,Houses_Peshawar,2026-07-29,https://www.zameen.com/Property/peshawar_warsak_road_prime_location_sale_the_ideally_located_house_for_an_incredible_price_of_pkr_rs_43000000-54109156-1000-1.html
A Prime Location 12 Marla House Has Landed On Market In Darmangi Of Peshawar,PKR 3.5 Crore,35000000,6,6,12 Marla,2700.0,12962,House,False,28,28VerifiedShare on FacebookShare on TwitterShare on WhatsAppSend via GMailSend via E-Mail,89,Houses_Peshawar,2026-07-29,https://www.zameen.com/Property/warsak_road_darmangi_a_prime_location_12_marla_house_has_landed_on_market_in_darmangi_of_peshawar-53866238-12422-1.html
Well-constructed Fully Furnished House Available For sale In Sufiyan Garden,PKR 1.5 Crore,15000000,3,3,5 Marla,1125.0,13333,House,False,24,24VerifiedShare on FacebookShare on TwitterShare on WhatsAppSend via GMailSend via E-Mail,89,Houses_Peshawar,2026-07-29,https://www.zameen.com/Property/warsak_road_sufiyan_garden_well-constructed_fully_furnished_house_available_for_sale_in_sufiyan_garden-53676986-19313-1.html
Gorgeous Prime Location 5 Marla House For Sale Available In Sufiyan Garden,PKR 2.1 Crore,21000000,5,5,5 Marla,1125.0,18666,House,False,23,hot23VerifiedShare on FacebookShare on TwitterShare on WhatsAppSend via GMailSend via E-Mail,92,Houses_Peshawar,2026-07-29,https://www.zameen.com/Property/warsak_road_sufiyan_garden_gorgeous_prime_location_5_marla_house_for_sale_available_in_sufiyan_garden-54272634-19313-1.html
Prime Location House For sale Situated In Green Cottages,PKR 2.15 Crore,21500000,4,4,4 Marla,900.0,23888,House,False,42,hot42VerifiedShare on FacebookShare on TwitterShare on WhatsAppSend via GMailSend via E-Mail,92,Houses_Peshawar,2026-07-29,https://www.zameen.com/Property/warsak_road_green_cottages_prime_location_house_for_sale_situated_in_green_cottages-54242689-11933-1.html
Buy your ideal Prime Location 4 Marla House in a prime location of Warsak Road,PKR 1.75 Crore,17500000,6,6,4 Marla,900.0,19444,House,False,20,hot20VerifiedShare on FacebookShare on TwitterShare on WhatsAppSend via GMailSend via E-Mail,92,Houses_Peshawar,2026-07-29,https://www.zameen.com/Property/peshawar_warsak_road_buy_your_ideal_prime_location_4_marla_house_in_a_prime_location_of_warsak_road-54242690-1000-1.html
Buy A Prime Location 2 Marla House For Sale In Warsak Road,PKR 80 Lakh,8000000,3,3,2 Marla,450.0,17777,House,False,20,hot20VerifiedShare on FacebookShare on TwitterShare on WhatsAppSend via GMailSend via E-Mail,92,Houses_Peshawar,2026-07-29,https://www.zameen.com/Property/peshawar_warsak_road_buy_a_prime_location_2_marla_house_for_sale_in_warsak_road-54242692-1000-1.html
Prime Location 5 Marla House Is Available For Sale,PKR 2.55 Crore,25500000,6,6,5 Marla,1125.0,22666,House,False,33,hot33VerifiedShare on FacebookShare on TwitterShare on WhatsAppSend via GMailSend via E-Mail,92,Houses_Peshawar,2026-07-29,https://www.zameen.com/Property/warsak_road_arbab_sabz_ali_khan_town_prime_location_5_marla_house_is_available_for_sale-54426749-10222-1.html
Premium 10 Marla House For Sale,PKR 2.65 Crore,26500000,6,6,10 Marla,2250.0,11777,House,True,23,hot23Share on FacebookShare on TwitterShare on WhatsAppSend via GMailSend via E-Mail,84,Houses_Peshawar,2026-07-29,https://www.zameen.com/Property/peshawar_warsak_road_premium_10_marla_house_for_sale-54456486-1000-1.html
1 Kanal South Open Fresh Un Touch House For Sale In Dha Peshawar Sector C,PKR 10.9 Crore,109000000,7,6,1 Kanal,4500.0,24222,House,False,25,hot25Share on FacebookShare on TwitterShare on WhatsAppSend via GMailSend via E-Mail,84,Houses_Peshawar,2026-07-29,https://www.zameen.com/Property/dha_phase_1_dha_phase_1_-_sector_c_1_kanal_south_open_fresh_un_touch_house_for_sale_in_dha_peshawar_sector_c-54406742-12294-1.html
Ready To sale A Prime Location House 10 Marla In Green Cottages Peshawar,PKR 4.9 Crore,49000000,6,,10 Marla,2250.0,21777,House,False,12,hot12VerifiedShare on FacebookShare on TwitterShare on WhatsAppSend via GMailSend via E-Mail,92,Houses_Peshawar,2026-07-29,https://www.zameen.com/Property/warsak_road_green_cottages_ready_to_sale_a_prime_location_house_10_marla_in_green_cottages_peshawar-54407373-11933-1.html
Prime Location 5 Marla House For sale In Arbab Sabz Ali Khan Town Executive Lodges Peshawar,PKR 2.2 Crore,22000000,6,6,5 Marla,1125.0,19555,House,False,17,hot17VerifiedShare on FacebookShare on TwitterShare on WhatsAppSend via GMailSend via E-Mail,92,Houses_Peshawar,2026-07-29,https://www.zameen.com/Property/arbab_sabz_ali_khan_town_arbab_sabz_ali_khan_town_executive_lodges_prime_location_5_marla_house_for_sale_in_arbab_sabz_ali_khan_town_executive_lodges_peshawar-54433917-10382-1.html
A Spacious Prime Location 5 Marla House In Arbab Sabz Ali Khan Town Executive Lodges,PKR 2.2 Crore,22000000,6,6,5 Marla,1125.0,19555,House,False,18,hot18VerifiedShare on FacebookShare on TwitterShare on WhatsAppSend via GMailSend via E-Mail,92,Houses_Peshawar,2026-07-29,https://www.zameen.com/Property/arbab_sabz_ali_khan_town_arbab_sabz_ali_khan_town_executive_lodges_a_spacious_prime_location_5_marla_house_in_arbab_sabz_ali_khan_town_executive_lodges-54433918-10382-1.html
Prime Location 10 Marla House In Arbab Sabz Ali Khan Town Executive Lodges Best Option,PKR 4.7 Crore,47000000,,,10 Marla,2250.0,20888,House,False,19,hot19VerifiedShare on FacebookShare on TwitterShare on WhatsAppSend via GMailSend via E-Mail,92,Houses_Peshawar,2026-07-29,https://www.zameen.com/Property/arbab_sabz_ali_khan_town_arbab_sabz_ali_khan_town_executive_lodges_prime_location_10_marla_house_in_arbab_sabz_ali_khan_town_executive_lodges_best_option-54433919-10382-1.html
3 Marla New Corner House Available For Sale In Sudais Villa Warsk Road,PKR 1.15 Crore,11500000,4,5,3 Marla,675.0,17037,House,False,30,hot30Share on FacebookShare on TwitterShare on WhatsAppSend via GMailSend via E-Mail,84,Houses_Peshawar,2026-07-29,https://www.zameen.com/Property/warsak_road_sudais_villas_3_marla_new_corner_house_available_for_sale_in_sudais_villa_warsk_road-54154178-18406-1.html
Prime Location Officers Garden Colony House Sized 11 Marla Is Available,PKR 7 Crore,70000000,7,,11 Marla,2475.0,28282,House,False,13,hot13VerifiedShare on FacebookShare on TwitterShare on WhatsAppSend via GMailSend via E-Mail,92,Houses_Peshawar,2026-07-29,https://www.zameen.com/Property/warsak_road_officers_garden_colony_prime_location_officers_garden_colony_house_sized_11_marla_is_available-54272701-7655-1.html
Furnished Kanal House for Sale Phase 6 Hayatabad,PKR 9.5 Crore,95000000,9,6,1 Kanal,4500.0,21111,House,False,1,hot1Share on FacebookShare on TwitterShare on WhatsAppSend via GMailSend via E-Mail,83,Houses_Peshawar,2026-07-29,https://www.zameen.com/Property/hayatabad_hayatabad_phase_6_furnished_kanal_house_for_sale_phase_6_hayatabad-54495461-7627-1.html
5 Marla Designer House - AAA Rating,PKR 3.5 Crore,35000000,5,5,5 Marla,1125.0,31111,House,False,7,hot7Share on FacebookShare on TwitterShare on WhatsAppSend via GMailSend via E-Mail,83,Houses_Peshawar,2026-07-29,https://www.zameen.com/Property/peshawar_dha_defence_5_marla_designer_house_-_aaa_rating-54455336-9050-1.html
Prime Location A Centrally Located House Is Available For Sale In Peshawar,PKR 4.8 Crore,48000000,7,,10 Marla,2250.0,21333,House,False,29,hot29VerifiedShare on FacebookShare on TwitterShare on WhatsAppSend via GMailSend via E-Mail,92,Houses_Peshawar,2026-07-29,https://www.zameen.com/Property/warsak_road_sufiyan_garden_prime_location_a_centrally_located_house_is_available_for_sale_in_peshawar-54460263-19313-1.html
Buy Prime Location 3 Marla House At Highly Affordable Price,PKR 1.15 Crore,11500000,4,4,3 Marla,675.0,17037,House,False,23,hot23VerifiedShare on FacebookShare on TwitterShare on WhatsAppSend via GMailSend via E-Mail,92,Houses_Peshawar,2026-07-29,https://www.zameen.com/Property/warsak_road_sudais_villas_buy_prime_location_3_marla_house_at_highly_affordable_price-54005097-18406-1.html
Find Your Ideal Prime Location House In Peshawar Under Rs. 20000000,PKR 2 Crore,20000000,5,5,5 Marla,1125.0,17777,House,False,30,30VerifiedShare on FacebookShare on TwitterShare on WhatsAppSend via GMailSend via E-Mail,89,Houses_Peshawar,2026-07-29,https://www.zameen.com/Property/warsak_road_darmangi_find_your_ideal_prime_location_house_in_peshawar_under_rs_20000000-53665211-12422-1.html
Prime Location 3 Marla House For Sale In Warsak Road,PKR 1.45 Crore,14500000,4,4,3 Marla,675.0,21481,House,False,19,19VerifiedShare on FacebookShare on TwitterShare on WhatsAppSend via GMailSend via E-Mail,89,Houses_Peshawar,2026-07-29,https://www.zameen.com/Property/peshawar_warsak_road_prime_location_3_marla_house_for_sale_in_warsak_road-53450709-1000-1.html
Your Ideal Prime Location 5 Marla House Has Just Become Available In Arbab Sabz Ali Khan Town Executive Lodges,PKR 2.5 Crore,25000000,7,,5 Marla,1125.0,22222,House,False,25,25VerifiedShare on FacebookShare on TwitterShare on WhatsAppSend via GMailSend via E-Mail,89,Houses_Peshawar,2026-07-29,https://www.zameen.com/Property/arbab_sabz_ali_khan_town_arbab_sabz_ali_khan_town_executive_lodges_your_ideal_prime_location_5_marla_house_has_just_become_available_in_arbab_sabz_ali_khan_town_executive_lodges-53422731-10382-1.html
Prime Location 10 Marla House For Sale In Darmangi,PKR 4 Crore,40000000,6,6,10 Marla,2250.0,17777,House,False,44,44VerifiedShare on FacebookShare on TwitterShare on WhatsAppSend via GMailSend via E-Mail,89,Houses_Peshawar,2026-07-29,https://www.zameen.com/Property/warsak_road_darmangi_prime_location_10_marla_house_for_sale_in_darmangi-54228120-12422-1.html
Prime Location House Of 10 Marla Is Available For sale,PKR 5.5 Crore,55000000,6,6,10 Marla,2250.0,24444,House,False,13,13VerifiedShare on FacebookShare on TwitterShare on WhatsAppSend via GMailSend via E-Mail,89,Houses_Peshawar,2026-07-29,https://www.zameen.com/Property/peshawar_irshadabad_prime_location_house_of_10_marla_is_available_for_sale-54236018-10380-1.html
"Luxury 1 Kanal House For Sale Hayatabad Phase 7, Sector E6",PKR 10.8 Crore,108000000,,,1 Kanal,4500.0,24000,House,False,24,24Share on FacebookShare on TwitterShare on WhatsAppSend via GMailSend via E-Mail,81,Houses_Peshawar,2026-07-29,https://www.zameen.com/Property/hayatabad_phase_7_hayatabad_phase_7_-_e6_luxury_1_kanal_house_for_sale_hayatabad_phase_7_sector_e6-54086685-13219-1.html
10 Marla Good Condition Full Basement House For Sale,PKR 5.8 Crore,58000000,9,6,10 Marla,2250.0,25777,House,True,14,14Share on FacebookShare on TwitterShare on WhatsAppSend via GMailSend via E-Mail,81,Houses_Peshawar,2026-07-29,https://www.zameen.com/Property/hayatabad_phase_6_hayatabad_phase_6_-_f10_10_marla_good_condition_full_basement_house_for_sale-54450821-15038-1.html
NEW SHAMI ROAD NEW HOUSE FOR SALE,PKR 26 Crore,260000000,8,6,1.6 Kanal,7200.0,36111,House,False,10,10Share on FacebookShare on TwitterShare on WhatsAppSend via GMailSend via E-Mail,81,Houses_Peshawar,2026-07-29,https://www.zameen.com/Property/peshawar_shami_road_new_shami_road_new_house_for_sale-53270547-998-1.html
Get In Touch Now To Buy A Prime Location 7 Marla House In Ali Homes,PKR 4 Crore,40000000,6,6,7 Marla,1575.0,25396,House,False,33,hot33VerifiedShare on FacebookShare on TwitterShare on WhatsAppSend via GMailSend via E-Mail,92,Houses_Peshawar,2026-07-29,https://www.zameen.com/Property/warsak_road_ali_homes_get_in_touch_now_to_buy_a_prime_location_7_marla_house_in_ali_homes-54005096-21999-1.html
Prime Location 10 Marla Spacious House Is Available In Ali Homes For sale,PKR 6 Crore,60000000,8,,10 Marla,2250.0,26666,House,False,45,hot45VerifiedShare on FacebookShare on TwitterShare on WhatsAppSend via GMailSend via E-Mail,92,Houses_Peshawar,2026-07-29,https://www.zameen.com/Property/warsak_road_ali_homes_prime_location_10_marla_spacious_house_is_available_in_ali_homes_for_sale-54005095-21999-1.html
Get In Touch Now To Buy A Prime Location House In Arbab Sabz Ali Khan Town Executive Lodges,PKR 3.1 Crore,31000000,7,,5 Marla,1125.0,27555,House,False,50,hot50VerifiedShare on FacebookShare on TwitterShare on WhatsAppSend via GMailSend via E-Mail,92,Houses_Peshawar,2026-07-29,https://www.zameen.com/Property/arbab_sabz_ali_khan_town_arbab_sabz_ali_khan_town_executive_lodges_get_in_touch_now_to_buy_a_prime_location_house_in_arbab_sabz_ali_khan_town_executive_lodges-53917923-10382-1.html
Stunning Corner 5 Marla House In Green Cottages Available,PKR 2.3 Crore,23000000,5,5,5 Marla,1125.0,20444,House,False,11,hot11VerifiedShare on FacebookShare on TwitterShare on WhatsAppSend via GMailSend via E-Mail,92,Houses_Peshawar,2026-07-29,https://www.zameen.com/Property/warsak_road_green_cottages_stunning_corner_5_marla_house_in_green_cottages_available-54466895-11933-1.html
A Prime Location 3 Marla House Located In Sudais Villas Is Available For sale,PKR 1.3 Crore,13000000,4,4,3 Marla,675.0,19259,House,False,28,hot28VerifiedShare on FacebookShare on TwitterShare on WhatsAppSend via GMailSend via E-Mail,92,Houses_Peshawar,2026-07-29,https://www.zameen.com/Property/warsak_road_sudais_villas_a_prime_location_3_marla_house_located_in_sudais_villas_is_available_for_sale-54466896-18406-1.html
Buying A Prime Location House In Green Cottages?,PKR 2.2 Crore,22000000,5,5,4 Marla,900.0,24444,House,False,39,hot39VerifiedShare on FacebookShare on TwitterShare on WhatsAppSend via GMailSend via E-Mail,92,Houses_Peshawar,2026-07-29,https://www.zameen.com/Property/warsak_road_green_cottages_buying_a_prime_location_house_in_green_cottages-54466892-11933-1.html
Ideally Located Prime Location House Of 3 Marla Is Available For Sale In Peshawar,PKR 1.2 Crore,12000000,4,4,3 Marla,675.0,17777,House,False,26,hot26VerifiedShare on FacebookShare on TwitterShare on WhatsAppSend via GMailSend via E-Mail,92,Houses_Peshawar,2026-07-29,https://www.zameen.com/Property/warsak_road_sudais_villas_ideally_located_prime_location_house_of_3_marla_is_available_for_sale_in_peshawar-54465659-18406-1.html
Prime Location 4.5 Marla House For Sale Available In Warsak Road,PKR 2.2 Crore,22000000,5,5,4.5 Marla,1012.5,21728,House,False,40,hot40VerifiedShare on FacebookShare on TwitterShare on WhatsAppSend via GMailSend via E-Mail,92,Houses_Peshawar,2026-07-29,https://www.zameen.com/Property/warsak_road_green_cottages_prime_location_4_5_marla_house_for_sale_available_in_warsak_road-54466893-11933-1.html
1 Kanal Luxury House Available For Sale,PKR 7.5 Crore,75000000,10,,1 Kanal,4500.0,16666,House,False,15,hot15Share on FacebookShare on TwitterShare on WhatsAppSend via GMailSend via E-Mail,84,Houses_Peshawar,2026-07-29,https://www.zameen.com/Property/regi_model_town_regi_model_town_phase_4_1_kanal_luxury_house_available_for_sale-53450679-17014-1.html
This Is Your Chance To Buy Prime Location House In Sufiyan Garden Peshawar,PKR 4.1 Crore,41000000,6,6,10 Marla,2250.0,18222,House,False,49,hot49VerifiedShare on FacebookShare on TwitterShare on WhatsAppSend via GMailSend via E-Mail,92,Houses_Peshawar,2026-07-29,https://www.zameen.com/Property/warsak_road_sufiyan_garden_this_is_your_chance_to_buy_prime_location_house_in_sufiyan_garden_peshawar-54426747-19313-1.html
Prime Location House In Green Cottages Sized 4 Marla Is Available,PKR 2.2 Crore,22000000,4,4,4 Marla,900.0,24444,House,False,40,hot40VerifiedShare on FacebookShare on TwitterShare on WhatsAppSend via GMailSend via E-Mail,92,Houses_Peshawar,2026-07-29,https://www.zameen.com/Property/warsak_road_green_cottages_prime_location_house_in_green_cottages_sized_4_marla_is_available-54426748-11933-1.html
Brand New Luxury House For Sale,PKR 2.1 Crore,21000000,5,5,5 Marla,1125.0,18666,House,False,17,hot17Share on FacebookShare on TwitterShare on WhatsAppSend via GMailSend via E-Mail,84,Houses_Peshawar,2026-07-29,https://www.zameen.com/Property/warsak_road_sufiyan_garden_brand_new_luxury_house_for_sale-54482139-19313-1.html
5 Marla New Corner House For Sale In Sheikh Yaseen Town Peshawar,PKR 1.9 Crore,19000000,8,,5 Marla,1125.0,16888,House,False,15,hot15Share on FacebookShare on TwitterShare on WhatsAppSend via GMailSend via E-Mail,84,Houses_Peshawar,2026-07-29,https://www.zameen.com/Property/nasir_bagh_road_sheikh_yaseen_town_5_marla_new_corner_house_for_sale_in_sheikh_yaseen_town_peshawar-54210995-13024-1.html
5 Marla South Open Grey Structure House For Sale In Zone 3 Regi Model Town Peshawar,PKR 2.25 Crore,22500000,8,,5 Marla,1125.0,20000,House,False,,hotShare on FacebookShare on TwitterShare on WhatsAppSend via GMailSend via E-Mail,82,Houses_Peshawar,2026-07-29,https://www.zameen.com/Property/regi_model_town_regi_model_town_phase_3_5_marla_south_open_grey_structure_house_for_sale_in_zone_3_regi_model_town_peshawar-54479596-17013-1.html
House In Sector A For Sale (Prime Location),PKR 6.6 Crore,66000000,7,6,1 Kanal,4500.0,14666,House,False,1,hot1Share on FacebookShare on TwitterShare on WhatsAppSend via GMailSend via E-Mail,83,Houses_Peshawar,2026-07-29,https://www.zameen.com/Property/dha_phase_1_dha_phase_1_-_sector_a_house_in_sector_a_for_sale_prime_location-54340944-12292-1.html
1 Kanal Luxury House For Sale In DHA Peshawar Sector B,PKR 11 Crore,110000000,8,6,1 Kanal,4500.0,24444,House,False,25,hot25Share on FacebookShare on TwitterShare on WhatsAppSend via GMailSend via E-Mail,84,Houses_Peshawar,2026-07-29,https://www.zameen.com/Property/peshawar_dha_defence_1_kanal_luxury_house_for_sale_in_dha_peshawar_sector_b-54478784-9050-1.html
10 Marla New House For Sale,PKR 5.25 Crore,52500000,4,5,10 Marla,2250.0,23333,House,False,13,hot13Share on FacebookShare on TwitterShare on WhatsAppSend via GMailSend via E-Mail,84,Houses_Peshawar,2026-07-29,https://www.zameen.com/Property/peshawar_askari_6_10_marla_new_house_for_sale-45753136-9275-1.html
Buying A Prime Location House In Peshawar?,PKR 1.2 Crore,12000000,3,3,3 Marla,675.0,17777,House,False,26,26VerifiedShare on FacebookShare on TwitterShare on WhatsAppSend via GMailSend via E-Mail,89,Houses_Peshawar,2026-07-29,https://www.zameen.com/Property/warsak_road_ali_villas_buying_a_prime_location_house_in_peshawar-53891889-22001-1.html
Prime Location 2 Marla House In Sudais Villas Is Available For sale,PKR 1.1 Crore,11000000,4,5,2 Marla,450.0,24444,House,False,10,10VerifiedShare on FacebookShare on TwitterShare on WhatsAppSend via GMailSend via E-Mail,89,Houses_Peshawar,2026-07-29,https://www.zameen.com/Property/warsak_road_sudais_villas_prime_location_2_marla_house_in_sudais_villas_is_available_for_sale-54355571-18406-1.html
Prime Location 5 Marla House For sale In Sudais Villas,PKR 2 Crore,20000000,6,6,5 Marla,1125.0,17777,House,False,39,39VerifiedShare on FacebookShare on TwitterShare on WhatsAppSend via GMailSend via E-Mail,89,Houses_Peshawar,2026-07-29,https://www.zameen.com/Property/warsak_road_sudais_villas_prime_location_5_marla_house_for_sale_in_sudais_villas-54520913-18406-1.html
Prime Location 3 Marla Spacious House Is Available In Warsak Road For Sale,PKR 95 Lakh,9500000,6,6,3 Marla,675.0,14074,House,False,21,21VerifiedShare on FacebookShare on TwitterShare on WhatsAppSend via GMailSend via E-Mail,89,Houses_Peshawar,2026-07-29,https://www.zameen.com/Property/peshawar_warsak_road_prime_location_3_marla_spacious_house_is_available_in_warsak_road_for_sale-53326851-1000-1.html
This Is Your Chance To Buy Prime Location House In Sufiyan Garden Peshawar,PKR 4 Crore,40000000,6,6,10 Marla,2250.0,17777,House,False,39,39VerifiedShare on FacebookShare on TwitterShare on WhatsAppSend via GMailSend via E-Mail,89,Houses_Peshawar,2026-07-29,https://www.zameen.com/Property/warsak_road_sufiyan_garden_this_is_your_chance_to_buy_prime_location_house_in_sufiyan_garden_peshawar-54166187-19313-1.html
"Ideal Prime Location 5 Marla House has landed on market in Arbab Sabz Ali Khan Town Executive Lodges, Peshawar",PKR 2.3 Crore,23000000,5,5,5 Marla,1125.0,20444,House,False,35,35VerifiedShare on FacebookShare on TwitterShare on WhatsAppSend via GMailSend via E-Mail,89,Houses_Peshawar,2026-07-29,https://www.zameen.com/Property/arbab_sabz_ali_khan_town_arbab_sabz_ali_khan_town_executive_lodges_ideal_prime_location_5_marla_house_has_landed_on_market_in_arbab_sabz_ali_khan_town_executive_lodges_peshawar-54247887-10382-1.html
Prime Location House Of 5 Marla For Sale In Arbab Sabz Ali Khan Town Executive Lodges,PKR 2.2 Crore,22000000,5,5,5 Marla,1125.0,19555,House,False,19,19VerifiedShare on FacebookShare on TwitterShare on WhatsAppSend via GMailSend via E-Mail,89,Houses_Peshawar,2026-07-29,https://www.zameen.com/Property/arbab_sabz_ali_khan_town_arbab_sabz_ali_khan_town_executive_lodges_prime_location_house_of_5_marla_for_sale_in_arbab_sabz_ali_khan_town_executive_lodges-54267440-10382-1.html
Prime Location 4 Marla House For Sale In Green Cottages Peshawar,PKR 2.35 Crore,23500000,4,5,4 Marla,900.0,26111,House,False,25,25VerifiedShare on FacebookShare on TwitterShare on WhatsAppSend via GMailSend via E-Mail,89,Houses_Peshawar,2026-07-29,https://www.zameen.com/Property/warsak_road_green_cottages_prime_location_4_marla_house_for_sale_in_green_cottages_peshawar-54324120-11933-1.html
12 Marla Beautiful House For Sale,PKR 5.7 Crore,57000000,5,6,12 Marla,2700.0,21111,House,False,50,hot50Share on FacebookShare on TwitterShare on WhatsAppSend via GMailSend via E-Mail,84,Houses_Peshawar,2026-07-29,https://www.zameen.com/Property/peshawar_askari_6_12_marla_beautiful_house_for_sale-49750104-9275-1.html
Kanal Corner House For Sale,PKR 8 Crore,80000000,5,6,1 Kanal,4500.0,17777,House,False,39,hot39Share on FacebookShare on TwitterShare on WhatsAppSend via GMailSend via E-Mail,84,Houses_Peshawar,2026-07-29,https://www.zameen.com/Property/peshawar_askari_6_kanal_corner_house_for_sale-51902647-9275-1.html
Get This Amazing Prime Location 4 Marla House Available In Warsak Road,PKR 2.3 Crore,23000000,5,5,4 Marla,900.0,25555,House,False,23,hot23VerifiedShare on FacebookShare on TwitterShare on WhatsAppSend via GMailSend via E-Mail,92,Houses_Peshawar,2026-07-29,https://www.zameen.com/Property/peshawar_warsak_road_get_this_amazing_prime_location_4_marla_house_available_in_warsak_road-54427361-1000-1.html
Prime Location House Of 10 Marla In Hayatabad Phase 7 Is Available,PKR 5.8 Crore,58000000,8,6,10 Marla,2250.0,25777,House,False,17,hot17VerifiedShare on FacebookShare on TwitterShare on WhatsAppSend via GMailSend via E-Mail,92,Houses_Peshawar,2026-07-29,https://www.zameen.com/Property/hayatabad_hayatabad_phase_7_prime_location_house_of_10_marla_in_hayatabad_phase_7_is_available-54403893-8534-1.html
Ideal Prime Location House For Sale In Hayatabad Phase 7,PKR 2.8 Crore,28000000,6,6,5 Marla,1125.0,24888,House,False,10,hot10VerifiedShare on FacebookShare on TwitterShare on WhatsAppSend via GMailSend via E-Mail,92,Houses_Peshawar,2026-07-29,https://www.zameen.com/Property/hayatabad_hayatabad_phase_7_ideal_prime_location_house_for_sale_in_hayatabad_phase_7-54403890-8534-1.html
Aesthetic Prime Location House Of 5 Marla For Sale Is Available,PKR 3.8 Crore,38000000,8,6,5 Marla,1125.0,33777,House,False,11,hot11VerifiedShare on FacebookShare on TwitterShare on WhatsAppSend via GMailSend via E-Mail,92,Houses_Peshawar,2026-07-29,https://www.zameen.com/Property/hayatabad_hayatabad_phase_7_aesthetic_prime_location_house_of_5_marla_for_sale_is_available-54362812-8534-1.html
Brand New House Available For Sale,PKR 14.5 Crore,145000000,5,5,15 Marla,3375.0,42962,House,False,32,hot32Share on FacebookShare on TwitterShare on WhatsAppSend via GMailSend via E-Mail,84,Houses_Peshawar,2026-07-29,https://www.zameen.com/Property/peshawar_university_town_brand_new_house_available_for_sale-46758267-1437-1.html
Luxury House for Sale | Defence Officer Colony | Peshawar,PKR 22 Crore,220000000,11,7,1.5 Kanal,6750.0,32592,House,False,15,hot15Share on FacebookShare on TwitterShare on WhatsAppSend via GMailSend via E-Mail,84,Houses_Peshawar,2026-07-29,https://www.zameen.com/Property/peshawar_defence_officer_colony_luxury_house_for_sale_defence_officer_colony_peshawar-53290729-392-1.html
Exclusive 6 Marla Luxury Corner House | Triple Storey | Zone 4 Regi Model Town,PKR 3.3 Crore,33000000,8,7,6 Marla,1350.0,24444,House,True,16,hot16Share on FacebookShare on TwitterShare on WhatsAppSend via GMailSend via E-Mail,84,Houses_Peshawar,2026-07-29,https://www.zameen.com/Property/regi_model_town_regi_model_town_phase_4_exclusive_6_marla_luxury_corner_house_triple_storey_zone_4_regi_model_town-54418906-17014-1.html
6 Marla 9 Rooms Attach Bath Double Car Porch Gas Electricity Water Available Malik Tariq Road Street 1 Ring Road RMC Hospital House For Sale,PKR 2.8 Crore,28000000,9,2,6 Marla,1350.0,20740,House,False,16,hot16Share on FacebookShare on TwitterShare on WhatsAppSend via GMailSend via E-Mail,84,Houses_Peshawar,2026-07-29,https://www.zameen.com/Property/peshawar_ring_road_6_marla_9_rooms_attach_bath_double_car_porch_gas_electricity_water_available_malik_tariq_road_street_1_ring_road_rmc_hospital_house_for_sale-54418546-997-1.html
You Can Find A Gorgeous House For Sale In Dalazak Road,PKR 7 Crore,70000000,10,,13 Marla,2925.0,23931,House,False,15,hot15Share on FacebookShare on TwitterShare on WhatsAppSend via GMailSend via E-Mail,84,Houses_Peshawar,2026-07-29,https://www.zameen.com/Property/peshawar_dalazak_road_you_can_find_a_gorgeous_house_for_sale_in_dalazak_road-54417117-7587-1.html
5 Marla House For Sale Zone 3 Sector C1 Regi Model Town Peshawar,PKR 3.3 Crore,33000000,8,6,5 Marla,1125.0,29333,House,False,22,hot22Share on FacebookShare on TwitterShare on WhatsAppSend via GMailSend via E-Mail,84,Houses_Peshawar,2026-07-29,https://www.zameen.com/Property/regi_model_town_phase_3_regi_model_town_phase_3_-_block_c1_5_marla_house_for_sale_zone_3_sector_c1_regi_model_town_peshawar-54334561-17025-1.html
3.25 Marla House,PKR 96 Lakh,9600000,4,4,3.2 Marla,720.0,13333,House,False,20,hot20Share on FacebookShare on TwitterShare on WhatsAppSend via GMailSend via E-Mail,84,Houses_Peshawar,2026-07-29,https://www.zameen.com/Property/warsak_road_uzair_town_3_25_marla_house-54289779-22002-1.html
Buy A 5 Marla House For sale In Hayatabad Phase 6,PKR 2.75 Crore,27500000,7,5,5 Marla,1125.0,24444,House,False,10,hot10Share on FacebookShare on TwitterShare on WhatsAppSend via GMailSend via E-Mail,84,Houses_Peshawar,2026-07-29,https://www.zameen.com/Property/hayatabad_hayatabad_phase_6_buy_a_5_marla_house_for_sale_in_hayatabad_phase_6-54423943-7627-1.html
Beautiful House Available For Sale Hayatabad,PKR 6.5 Crore,65000000,6,6,1 Kanal,4500.0,14444,House,False,10,hot10Share on FacebookShare on TwitterShare on WhatsAppSend via GMailSend via E-Mail,84,Houses_Peshawar,2026-07-29,https://www.zameen.com/Property/hayatabad_hayatabad_phase_1_beautiful_house_available_for_sale_hayatabad-54434698-7597-1.html
The Friends Properties Offers A 10 Marla Low Budget House For Sale Hayatabad Phase 2 Prime Location,PKR 4.8 Crore,48000000,7,,10 Marla,2250.0,21333,House,False,2,hot2Share on FacebookShare on TwitterShare on WhatsAppSend via GMailSend via E-Mail,83,Houses_Peshawar,2026-07-29,https://www.zameen.com/Property/hayatabad_hayatabad_phase_2_the_friends_properties_offers_a_10_marla_low_budget_house_for_sale_hayatabad_phase_2_prime_location-54423955-7602-1.html
"Premium 10 Marla Luxury Living House Available For Sale In The Highly Desirable Zone 3, Sector C3.",PKR 4.9 Crore,49000000,10,6,10 Marla,2250.0,21777,House,True,32,hot32Share on FacebookShare on TwitterShare on WhatsAppSend via GMailSend via E-Mail,84,Houses_Peshawar,2026-07-29,https://www.zameen.com/Property/regi_model_town_phase_3_regi_model_town_phase_3_-_block_c3_premium_10_marla_luxury_living_house_available_for_sale_in_the_highly_desirable_zone_3_sector_c3-54325663-17026-1.html
Idyllic Prime Location House Available In Arbab Sabz Ali Khan Town Executive Lodges For sale,PKR 3.6 Crore,36000000,7,,7 Marla,1575.0,22857,House,False,33,33VerifiedShare on FacebookShare on TwitterShare on WhatsAppSend via GMailSend via E-Mail,89,Houses_Peshawar,2026-07-29,https://www.zameen.com/Property/arbab_sabz_ali_khan_town_arbab_sabz_ali_khan_town_executive_lodges_idyllic_prime_location_house_available_in_arbab_sabz_ali_khan_town_executive_lodges_for_sale-54334769-10382-1.html
A Prime Location House Of 5 Marla In Arbab Sabz Ali Khan Town Executive Lodges,PKR 2.7 Crore,27000000,8,,5 Marla,1125.0,24000,House,False,34,34VerifiedShare on FacebookShare on TwitterShare on WhatsAppSend via GMailSend via E-Mail,89,Houses_Peshawar,2026-07-29,https://www.zameen.com/Property/arbab_sabz_ali_khan_town_arbab_sabz_ali_khan_town_executive_lodges_a_prime_location_house_of_5_marla_in_arbab_sabz_ali_khan_town_executive_lodges-54353325-10382-1.html
Prime Location 4 Marla House For Sale In Arbab Sabz Ali Khan Town Peshawar In Only Rs. 16000000,PKR 1.6 Crore,16000000,6,6,4 Marla,900.0,17777,House,False,21,21VerifiedShare on FacebookShare on TwitterShare on WhatsAppSend via GMailSend via E-Mail,89,Houses_Peshawar,2026-07-29,https://www.zameen.com/Property/warsak_road_arbab_sabz_ali_khan_town_prime_location_4_marla_house_for_sale_in_arbab_sabz_ali_khan_town_peshawar_in_only_rs_16000000-54353326-10222-1.html
Well-Constructed Grey Structure House Available For Sale In Arbab Sabz Ali Khan Town Executive Lodges,PKR 1.5 Crore,15000000,6,6,5 Marla,1125.0,13333,House,False,13,13VerifiedShare on FacebookShare on TwitterShare on WhatsAppSend via GMailSend via E-Mail,89,Houses_Peshawar,2026-07-29,https://www.zameen.com/Property/arbab_sabz_ali_khan_town_arbab_sabz_ali_khan_town_executive_lodges_well-constructed_grey_structure_house_available_for_sale_in_arbab_sabz_ali_khan_town_executive_lodges-54373188-10382-1.html
Prime Location House For Grabs In 5 Marla Peshawar,PKR 2.4 Crore,24000000,5,6,5 Marla,1125.0,21333,House,False,41,41VerifiedShare on FacebookShare on TwitterShare on WhatsAppSend via GMailSend via E-Mail,89,Houses_Peshawar,2026-07-29,https://www.zameen.com/Property/warsak_road_green_cottages_prime_location_house_for_grabs_in_5_marla_peshawar-54379520-11933-1.html
Book A Prime Location House Of 7 Marla In Arbab Sabz Ali Khan Town Executive Lodges Peshawar,PKR 3.5 Crore,35000000,6,,7 Marla,1575.0,22222,House,False,41,41VerifiedShare on FacebookShare on TwitterShare on WhatsAppSend via GMailSend via E-Mail,89,Houses_Peshawar,2026-07-29,https://www.zameen.com/Property/arbab_sabz_ali_khan_town_arbab_sabz_ali_khan_town_executive_lodges_book_a_prime_location_house_of_7_marla_in_arbab_sabz_ali_khan_town_executive_lodges_peshawar-54391888-10382-1.html
Prime Location 5 Marla House Situated In Arbab Sabz Ali Khan Town Executive Lodges For Sale,PKR 2.4 Crore,24000000,6,6,5.2 Marla,1170.0,20512,House,False,33,33VerifiedShare on FacebookShare on TwitterShare on WhatsAppSend via GMailSend via E-Mail,89,Houses_Peshawar,2026-07-29,https://www.zameen.com/Property/arbab_sabz_ali_khan_town_arbab_sabz_ali_khan_town_executive_lodges_prime_location_5_marla_house_situated_in_arbab_sabz_ali_khan_town_executive_lodges_for_sale-54406948-10382-1.html
Prime Location House For sale Situated In Sufiyan Garden,PKR 2.4 Crore,24000000,6,6,5 Marla,1125.0,21333,House,False,34,34VerifiedShare on FacebookShare on TwitterShare on WhatsAppSend via GMailSend via E-Mail,89,Houses_Peshawar,2026-07-29,https://www.zameen.com/Property/warsak_road_sufiyan_garden_prime_location_house_for_sale_situated_in_sufiyan_garden-54406949-19313-1.html
Prime 7 Marla House For Sale In Hayatabad Perfectly Located Near CECOS University,PKR 6.2 Crore,62000000,8,7,7 Marla,1575.0,39365,House,False,21,hot21Share on FacebookShare on TwitterShare on WhatsAppSend via GMailSend via E-Mail,84,Houses_Peshawar,2026-07-29,https://www.zameen.com/Property/hayatabad_phase_6_hayatabad_phase_6_-_f6_prime_7_marla_house_for_sale_in_hayatabad_perfectly_located_near_cecos_university-54209248-7632-1.html
5 Marla Low Budget House For Sale In HAYATABAD Phase 3,PKR 2.4 Crore,24000000,4,4,5 Marla,1125.0,21333,House,False,1,hot1Share on FacebookShare on TwitterShare on WhatsAppSend via GMailSend via E-Mail,83,Houses_Peshawar,2026-07-29,https://www.zameen.com/Property/hayatabad_hayatabad_phase_3_5_marla_low_budget_house_for_sale_in_hayatabad_phase_3-54383012-7617-1.html
Beautiful House Available For Sale,PKR 4.4 Crore,44000000,9,6,10 Marla,2250.0,19555,House,False,1,hot1Share on FacebookShare on TwitterShare on WhatsAppSend via GMailSend via E-Mail,83,Houses_Peshawar,2026-07-29,https://www.zameen.com/Property/peshawar_ring_road_beautiful_house_available_for_sale-54424980-997-1.html
Prime Location 10 Marla House In Stunning Hayatabad Phase 1 Is Available For sale,PKR 4.5 Crore,45000000,6,6,10 Marla,2250.0,20000,House,False,10,hot10VerifiedShare on FacebookShare on TwitterShare on WhatsAppSend via GMailSend via E-Mail,92,Houses_Peshawar,2026-07-29,https://www.zameen.com/Property/hayatabad_hayatabad_phase_1_prime_location_10_marla_house_in_stunning_hayatabad_phase_1_is_available_for_sale-54338934-7597-1.html
Prime Location 10 Marla House In Hayatabad Phase 7 For sale,PKR 6.9 Crore,69000000,8,6,10 Marla,2250.0,30666,House,False,34,hot34VerifiedShare on FacebookShare on TwitterShare on WhatsAppSend via GMailSend via E-Mail,92,Houses_Peshawar,2026-07-29,https://www.zameen.com/Property/hayatabad_hayatabad_phase_7_prime_location_10_marla_house_in_hayatabad_phase_7_for_sale-54338933-8534-1.html
Prime Location House For Sale In Hayatabad Phase 6 Peshawar,PKR 4.1 Crore,41000000,9,6,7 Marla,1575.0,26031,House,False,17,hot17VerifiedShare on FacebookShare on TwitterShare on WhatsAppSend via GMailSend via E-Mail,92,Houses_Peshawar,2026-07-29,https://www.zameen.com/Property/hayatabad_hayatabad_phase_6_prime_location_house_for_sale_in_hayatabad_phase_6_peshawar-54338932-7627-1.html
Looking For A Prime Location House In Peshawar,PKR 5.2 Crore,52000000,7,,1 Kanal,4500.0,11555,House,False,49,49VerifiedShare on FacebookShare on TwitterShare on WhatsAppSend via GMailSend via E-Mail,89,Houses_Peshawar,2026-07-29,https://www.zameen.com/Property/warsak_road_shaheen_housing_scheme_looking_for_a_prime_location_house_in_peshawar-54426782-11473-1.html
Prime Location House For Sale Is Readily Available In Prime Location Of Sudais Villas,PKR 1.2 Crore,12000000,4,4,3 Marla,675.0,17777,House,False,33,33VerifiedShare on FacebookShare on TwitterShare on WhatsAppSend via GMailSend via E-Mail,89,Houses_Peshawar,2026-07-29,https://www.zameen.com/Property/warsak_road_sudais_villas_prime_location_house_for_sale_is_readily_available_in_prime_location_of_sudais_villas-54445226-18406-1.html
Prime Location House Of 4 Marla Is Available For Sale,PKR 2.6 Crore,26000000,5,5,4 Marla,900.0,28888,House,False,32,32VerifiedShare on FacebookShare on TwitterShare on WhatsAppSend via GMailSend via E-Mail,89,Houses_Peshawar,2026-07-29,https://www.zameen.com/Property/arbab_sabz_ali_khan_town_arbab_sabz_ali_khan_town_executive_lodges_prime_location_house_of_4_marla_is_available_for_sale-54456472-10382-1.html
"Corner In Green Cottages Of Peshawar, A 5 Marla House Is Available",PKR 2.5 Crore,25000000,5,5,5 Marla,1125.0,22222,House,False,35,35VerifiedShare on FacebookShare on TwitterShare on WhatsAppSend via GMailSend via E-Mail,89,Houses_Peshawar,2026-07-29,https://www.zameen.com/Property/warsak_road_green_cottages_corner_in_green_cottages_of_peshawar_a_5_marla_house_is_available-54465274-11933-1.html
Prime Location 5 Marla House Is Available For Sale,PKR 1.6 Crore,16000000,8,,5 Marla,1125.0,14222,House,False,31,31VerifiedShare on FacebookShare on TwitterShare on WhatsAppSend via GMailSend via E-Mail,89,Houses_Peshawar,2026-07-29,https://www.zameen.com/Property/warsak_michini_road_al_massa_town_prime_location_5_marla_house_is_available_for_sale-54465275-16506-1.html
Perfect Prime Location 5 Marla House In Arbab Sabz Ali Khan Town Executive Lodges For sale,PKR 2.85 Crore,28500000,7,,5 Marla,1125.0,25333,House,False,35,35VerifiedShare on FacebookShare on TwitterShare on WhatsAppSend via GMailSend via E-Mail,89,Houses_Peshawar,2026-07-29,https://www.zameen.com/Property/arbab_sabz_ali_khan_town_arbab_sabz_ali_khan_town_executive_lodges_perfect_prime_location_5_marla_house_in_arbab_sabz_ali_khan_town_executive_lodges_for_sale-54487691-10382-1.html
"Prime Location In Sudais Villas Of Peshawar, A 3 Marla House Is Available",PKR 1.4 Crore,14000000,4,4,3.5 Marla,787.5,17777,House,False,26,26VerifiedShare on FacebookShare on TwitterShare on WhatsAppSend via GMailSend via E-Mail,89,Houses_Peshawar,2026-07-29,https://www.zameen.com/Property/warsak_road_sudais_villas_prime_location_in_sudais_villas_of_peshawar_a_3_marla_house_is_available-54487692-18406-1.html
A Prime Location 5 Marla House Located In Sufiyan Garden Is Available For sale,PKR 2.1 Crore,21000000,5,5,5 Marla,1125.0,18666,House,False,29,29VerifiedShare on FacebookShare on TwitterShare on WhatsAppSend via GMailSend via E-Mail,89,Houses_Peshawar,2026-07-29,https://www.zameen.com/Property/warsak_road_sufiyan_garden_a_prime_location_5_marla_house_located_in_sufiyan_garden_is_available_for_sale-54507836-19313-1.html
Prominently-Located Prime Location 5 Marla House Available In Arbab Sabz Ali Khan Town Executive Lodges,PKR 2.2 Crore,22000000,6,6,5 Marla,1125.0,19555,House,False,39,39VerifiedShare on FacebookShare on TwitterShare on WhatsAppSend via GMailSend via E-Mail,89,Houses_Peshawar,2026-07-29,https://www.zameen.com/Property/arbab_sabz_ali_khan_town_arbab_sabz_ali_khan_town_executive_lodges_prominently-located_prime_location_5_marla_house_available_in_arbab_sabz_ali_khan_town_executive_lodges-54513255-10382-1.html
A Prime Location House At Affordable Price Awaits You,PKR 1.9 Crore,19000000,6,6,5 Marla,1125.0,16888,House,False,40,40VerifiedShare on FacebookShare on TwitterShare on WhatsAppSend via GMailSend via E-Mail,89,Houses_Peshawar,2026-07-29,https://www.zameen.com/Property/warsak_road_sudais_villas_a_prime_location_house_at_affordable_price_awaits_you-54513256-18406-1.html
Ideal House For Sale In Askari 5,PKR 6.8 Crore,68000000,4,4,10 Marla,2250.0,30222,House,False,5,5Share on FacebookShare on TwitterShare on WhatsAppSend via GMailSend via E-Mail,80,Houses_Peshawar,2026-07-29,https://www.zameen.com/Property/peshawar_askari_5_ideal_house_for_sale_in_askari_5-52531671-8564-1.html
5 Marla House For Sale,PKR 3.85 Crore,38500000,8,6,5 Marla,1125.0,34222,House,False,1,1Share on FacebookShare on TwitterShare on WhatsAppSend via GMailSend via E-Mail,80,Houses_Peshawar,2026-07-29,https://www.zameen.com/Property/hayatabad_phase_7_hayatabad_phase_7_-_e5_5_marla_house_for_sale-54362539-13218-1.html
10 Marla Old House For Sale,PKR 2.89 Crore,28900000,5,5,10 Marla,2250.0,12844,House,False,1,1Share on FacebookShare on TwitterShare on WhatsAppSend via GMailSend via E-Mail,80,Houses_Peshawar,2026-07-29,https://www.zameen.com/Property/hayatabad_phase_1_hayatabad_phase_1_-_e3_10_marla_old_house_for_sale-54250341-7600-1.html
"5 Marla House Available for Sale Phase 1, Sector D4, Hayatabad, Peshawar",PKR 3.4 Crore,34000000,8,,5 Marla,1125.0,30222,House,False,1,1Share on FacebookShare on TwitterShare on WhatsAppSend via GMailSend via E-Mail,80,Houses_Peshawar,2026-07-29,https://www.zameen.com/Property/hayatabad_phase_1_hayatabad_phase_1_-_d4_5_marla_house_available_for_sale_phase_1_sector_d4_hayatabad_peshawar-54519832-15037-1.html
"5 Marla House Available For Sale Phase 1, Sector D4, Hayatabad, Peshawar",PKR 2.8 Crore,28000000,6,6,5 Marla,1125.0,24888,House,False,1,1Share on FacebookShare on TwitterShare on WhatsAppSend via GMailSend via E-Mail,80,Houses_Peshawar,2026-07-29,https://www.zameen.com/Property/hayatabad_hayatabad_phase_1_5_marla_house_available_for_sale_phase_1_sector_d4_hayatabad_peshawar-54519794-7597-1.html
"5 Marla House Available for Sale Phase 1, Sector D4, Hayatabad, Peshawar",PKR 2.35 Crore,23500000,6,4,5 Marla,1125.0,20888,House,False,1,1Share on FacebookShare on TwitterShare on WhatsAppSend via GMailSend via E-Mail,80,Houses_Peshawar,2026-07-29,https://www.zameen.com/Property/hayatabad_hayatabad_phase_1_5_marla_house_available_for_sale_phase_1_sector_d4_hayatabad_peshawar-54519785-7597-1.html
Regi Model Town Zone 3 Sector C1 5Marla Luxury House Available for Sale,PKR 3.3 Crore,33000000,8,6,5 Marla,1125.0,29333,House,False,,Share on FacebookShare on TwitterShare on WhatsAppSend via GMailSend via E-Mail,79,Houses_Peshawar,2026-07-29,https://www.zameen.com/Property/regi_model_town_phase_3_regi_model_town_phase_3_-_block_c1_regi_model_town_zone_3_sector_c1_5marla_luxury_house_available_for_sale-54523220-17025-1.html
Regi Model Town Zone 4 Sector C2 5 House Available For Sale,PKR 2.7 Crore,27000000,8,6,5 Marla,1125.0,24000,House,False,,Share on FacebookShare on TwitterShare on WhatsAppSend via GMailSend via E-Mail,79,Houses_Peshawar,2026-07-29,https://www.zameen.com/Property/regi_model_town_regi_model_town_phase_4_regi_model_town_zone_4_sector_c2_5_house_available_for_sale-54523197-17014-1.html
1 Kanal House For Sell In Hayatabad Phase 2,PKR 8 Crore,80000000,8,6,1 Kanal,4500.0,17777,House,True,,Share on FacebookShare on TwitterShare on WhatsAppSend via GMailSend via E-Mail,79,Houses_Peshawar,2026-07-29,https://www.zameen.com/Property/hayatabad_hayatabad_phase_2_1_kanal_house_for_sell_in_hayatabad_phase_2-52896674-7602-1.html
2 Kanal House For Sale In Hayatabad Phase 6,PKR 18 Crore,180000000,11,7,2 Kanal,9000.0,20000,House,True,,Share on FacebookShare on TwitterShare on WhatsAppSend via GMailSend via E-Mail,79,Houses_Peshawar,2026-07-29,https://www.zameen.com/Property/hayatabad_hayatabad_phase_6_2_kanal_house_for_sale_in_hayatabad_phase_6-53468384-7627-1.html
1 Kanal House For Sale In DHA Peshawar,PKR 9 Crore,90000000,11,7,1 Kanal,4500.0,20000,House,True,,Share on FacebookShare on TwitterShare on WhatsAppSend via GMailSend via E-Mail,79,Houses_Peshawar,2026-07-29,https://www.zameen.com/Property/dha_phase_1_dha_phase_1_-_sector_c_1_kanal_house_for_sale_in_dha_peshawar-53917919-12294-1.html
1 Kanal House For Sale In Hayatabad Phase 3 K3,PKR 8 Crore,80000000,10,6,1 Kanal,4500.0,17777,House,True,,Share on FacebookShare on TwitterShare on WhatsAppSend via GMailSend via E-Mail,79,Houses_Peshawar,2026-07-29,https://www.zameen.com/Property/hayatabad_phase_3_hayatabad_phase_3_-_k3_1_kanal_house_for_sale_in_hayatabad_phase_3_k3-54045816-7620-1.html
7 Marla House For Sale In F8,PKR 5 Crore,50000000,8,6,7 Marla,1575.0,31746,House,True,,Share on FacebookShare on TwitterShare on WhatsAppSend via GMailSend via E-Mail,79,Houses_Peshawar,2026-07-29,https://www.zameen.com/Property/hayatabad_phase_6_hayatabad_phase_6_-_f8_7_marla_house_for_sale_in_f8-53699038-7634-1.html
"10 Marla,Old House For Sale",PKR 3.7 Crore,37000000,6,6,10 Marla,2250.0,16444,House,True,,Share on FacebookShare on TwitterShare on WhatsAppSend via GMailSend via E-Mail,79,Houses_Peshawar,2026-07-29,https://www.zameen.com/Property/hayatabad_hayatabad_phase_3_10_marla_old_house_for_sale-54521773-7617-1.html
"Back Street Market Masjid & Park, Luxurious 01 Kanal House For Sale",PKR 10.99 Crore,109900000,9,6,1 Kanal,4500.0,24422,House,False,15,15Share on FacebookShare on TwitterShare on WhatsAppSend via GMailSend via E-Mail,81,Houses_Peshawar,2026-07-29,https://www.zameen.com/Property/dha_phase_1_dha_phase_1_-_sector_c_back_street_market_masjid_park_luxurious_01_kanal_house_for_sale-54417361-12294-1.html
"Brand New Luxury House For Sale In Zone 3 , Ideal Location",PKR 3 Crore,30000000,8,6,5 Marla,1125.0,26666,House,False,25,25Share on FacebookShare on TwitterShare on WhatsAppSend via GMailSend via E-Mail,81,Houses_Peshawar,2026-07-29,https://www.zameen.com/Property/regi_model_town_regi_model_town_phase_3_brand_new_luxury_house_for_sale_in_zone_3_ideal_location-53477955-17013-1.html
10 Marla Finishing Stage Prime Location House For Sale,PKR 7.4 Crore,74000000,9,6,10 Marla,2250.0,32888,House,False,15,15Share on FacebookShare on TwitterShare on WhatsAppSend via GMailSend via E-Mail,81,Houses_Peshawar,2026-07-29,https://www.zameen.com/Property/hayatabad_hayatabad_phase_6_10_marla_finishing_stage_prime_location_house_for_sale-54210914-7627-1.html
It Is A Very Beautiful And Good Environment With Good Security It Is On New Shami Road,PKR 11.05 Crore,110500000,6,6,1 Kanal,4500.0,24555,Unknown,False,6,6Share on FacebookShare on TwitterShare on WhatsAppSend via GMailSend via E-Mail,80,Houses_Peshawar,2026-07-29,https://www.zameen.com/Property/peshawar_shami_road_it_is_a_very_beautiful_and_good_environment_with_good_security_it_is_on_new_shami_road-54357351-998-1.html
This Is Your Chance To Buy House In Warsak Road,PKR 3.6 Crore,36000000,6,6,7 Marla,1575.0,22857,House,False,15,15Share on FacebookShare on TwitterShare on WhatsAppSend via GMailSend via E-Mail,81,Houses_Peshawar,2026-07-29,https://www.zameen.com/Property/peshawar_warsak_road_this_is_your_chance_to_buy_house_in_warsak_road-54511432-1000-1.html
5 Marla Brand New House,PKR 4.3 Crore,43000000,8,6,5 Marla,1125.0,38222,House,True,1,1Share on FacebookShare on TwitterShare on WhatsAppSend via GMailSend via E-Mail,80,Houses_Peshawar,2026-07-29,https://www.zameen.com/Property/hayatabad_phase_7_hayatabad_phase_7_-_e5_5_marla_brand_new_house-54512440-13218-1.html
5 Marla Residential House For Sale In Regi Model Town,PKR 2.9 Crore,29000000,8,7,5 Marla,1125.0,25777,House,True,26,26Share on FacebookShare on TwitterShare on WhatsAppSend via GMailSend via E-Mail,81,Houses_Peshawar,2026-07-29,https://www.zameen.com/Property/regi_model_town_regi_model_town_phase_4_5_marla_residential_house_for_sale_in_regi_model_town-54503735-17014-1.html
8 Marla House For Sale,PKR 4.5 Crore,45000000,7,6,8 Marla,1800.0,25000,House,False,17,17Share on FacebookShare on TwitterShare on WhatsAppSend via GMailSend via E-Mail,81,Houses_Peshawar,2026-07-29,https://www.zameen.com/Property/warsak_road_officers_garden_colony_8_marla_house_for_sale-54094398-7655-1.html
05 Marla House For Sale In Zone 04 Regi Model Town Peshawar,PKR 3.1 Crore,31000000,8,6,5 Marla,1125.0,27555,House,True,26,26Share on FacebookShare on TwitterShare on WhatsAppSend via GMailSend via E-Mail,81,Houses_Peshawar,2026-07-29,https://www.zameen.com/Property/regi_model_town_regi_model_town_phase_4_05_marla_house_for_sale_in_zone_04_regi_model_town_peshawar-54502140-17014-1.html
"5 Marla House For Sale In Regi Model Town, Phase 3",PKR 3.3 Crore,33000000,8,7,5 Marla,1125.0,29333,House,True,19,19Share on FacebookShare on TwitterShare on WhatsAppSend via GMailSend via E-Mail,81,Houses_Peshawar,2026-07-29,https://www.zameen.com/Property/regi_model_town_regi_model_town_phase_3_5_marla_house_for_sale_in_regi_model_town_phase_3-54503643-17013-1.html
10 House For Sale,PKR 3.2 Crore,32000000,6,6,10 Marla,2250.0,14222,House,False,11,11Share on FacebookShare on TwitterShare on WhatsAppSend via GMailSend via E-Mail,81,Houses_Peshawar,2026-07-29,https://www.zameen.com/Property/warsak_road_khushal_bagh_10_house_for_sale-54377709-22003-1.html
4.15 marle house for sale,PKR 2.3 Crore,23000000,5,5,4.1 Marla,922.4999999999999,24932,House,False,8,8Share on FacebookShare on TwitterShare on WhatsAppSend via GMailSend via E-Mail,80,Houses_Peshawar,2026-07-29,https://www.zameen.com/Property/peshawar_warsak_road_4_15_marle_house_for_sale-54501470-1000-1.html
4.75 marle house for sale  Fresh house  Basement full tile  Total 6bed rooms  Double story  Location warsak road Sufyan gardan,PKR 2.4 Crore,24000000,2,6,4.7 Marla,1057.5,22695,House,False,11,11Share on FacebookShare on TwitterShare on WhatsAppSend via GMailSend via E-Mail,81,Houses_Peshawar,2026-07-29,https://www.zameen.com/Property/peshawar_warsak_road_4_75_marle_house_for_sale_fresh_house_basement_full_tile_total_6bed_rooms_double_story_location_warsak_road_sufyan_gardan-54501454-1000-1.html
Ideal Prime Location House Is Available For sale In Peshawar,PKR 2 Crore,20000000,6,6,5 Marla,1125.0,17777,House,False,15,15VerifiedShare on FacebookShare on TwitterShare on WhatsAppSend via GMailSend via E-Mail,89,Houses_Peshawar,2026-07-29,https://www.zameen.com/Property/warsak_road_sudais_villas_ideal_prime_location_house_is_available_for_sale_in_peshawar-54500374-18406-1.html
Prime Location House Is Available For sale In Sufiyan Garden,PKR 4.8 Crore,48000000,7,,10 Marla,2250.0,21333,House,False,22,22VerifiedShare on FacebookShare on TwitterShare on WhatsAppSend via GMailSend via E-Mail,89,Houses_Peshawar,2026-07-29,https://www.zameen.com/Property/warsak_road_sufiyan_garden_prime_location_house_is_available_for_sale_in_sufiyan_garden-54500373-19313-1.html
5 Marla Gray Structure Available For Sale,PKR 60 Lakh,6000000,3,3,5 Marla,1125.0,5333,Unknown,False,4,4Share on FacebookShare on TwitterShare on WhatsAppSend via GMailSend via E-Mail,80,Houses_Peshawar,2026-07-29,https://www.zameen.com/Property/rahatabad_green_oaks_residencia_5_marla_gray_structure_available_for_sale-53069813-17967-1.html
Hayatabad Phase 7 Sector E-5 3malra South Facing Solid House,PKR 2.2 Crore,22000000,6,6,3 Marla,675.0,32592,House,False,4,4Share on FacebookShare on TwitterShare on WhatsAppSend via GMailSend via E-Mail,80,Houses_Peshawar,2026-07-29,https://www.zameen.com/Property/hayatabad_hayatabad_phase_7_hayatabad_phase_7_sector_e-5_3malra_south_facing_solid_house-54411192-8534-1.html
"1 Kanal Luxury House For Sale Phase 2, Sector J1, Hayatabad, Peshawar",PKR 12 Crore,120000000,10,,1 Kanal,4500.0,26666,House,False,1,1Share on FacebookShare on TwitterShare on WhatsAppSend via GMailSend via E-Mail,80,Houses_Peshawar,2026-07-29,https://www.zameen.com/Property/hayatabad_hayatabad_phase_2_1_kanal_luxury_house_for_sale_phase_2_sector_j1_hayatabad_peshawar-54506599-7602-1.html
New Trendy 5 Marla House Available For Sale In Phase 1,PKR 3.35 Crore,33500000,8,6,5 Marla,1125.0,29777,House,False,,Share on FacebookShare on TwitterShare on WhatsAppSend via GMailSend via E-Mail,79,Houses_Peshawar,2026-07-29,https://www.zameen.com/Property/hayatabad_hayatabad_phase_1_new_trendy_5_marla_house_available_for_sale_in_phase_1-54506942-7597-1.html
Affordable House House For Sale,PKR 1.95 Crore,19500000,5,4,5 Marla,1125.0,17333,House,False,,Share on FacebookShare on TwitterShare on WhatsAppSend via GMailSend via E-Mail,79,Houses_Peshawar,2026-07-29,https://www.zameen.com/Property/hayatabad_hayatabad_phase_1_affordable_house_house_for_sale-54501504-7597-1.html
4 Marle Fresh House For Sale,PKR 2.25 Crore,22500000,4,5,4 Marla,900.0,25000,House,False,13,13Share on FacebookShare on TwitterShare on WhatsAppSend via GMailSend via E-Mail,81,Houses_Peshawar,2026-07-29,https://www.zameen.com/Property/peshawar_warsak_road_4_marle_fresh_house_for_sale-54235978-1000-1.html
15 MARLA HOUSE FOR SALE IN WARSAK ROAD SABZ ALI TOWN PESHAWAR,PKR 4.5 Crore,45000000,8,7,15 Marla,3375.0,13333,House,False,22,22Share on FacebookShare on TwitterShare on WhatsAppSend via GMailSend via E-Mail,81,Houses_Peshawar,2026-07-29,https://www.zameen.com/Property/peshawar_warsak_road_15_marla_house_for_sale_in_warsak_road_sabz_ali_town_peshawar-53600601-1000-1.html
3.5 Marla New House Beautiful House Available For In Sudais Villa,PKR 1.5 Crore,15000000,5,5,3.5 Marla,787.5,19047,House,False,20,20Share on FacebookShare on TwitterShare on WhatsAppSend via GMailSend via E-Mail,81,Houses_Peshawar,2026-07-29,https://www.zameen.com/Property/warsak_road_sudais_villas_3_5_marla_new_house_beautiful_house_available_for_in_sudais_villa-54191683-18406-1.html
5 Marla New Beautiful House Is Available For Sale In Sudais Villa Warsk Road,PKR 1.9 Crore,19000000,6,6,5 Marla,1125.0,16888,House,False,6,6Share on FacebookShare on TwitterShare on WhatsAppSend via GMailSend via E-Mail,80,Houses_Peshawar,2026-07-29,https://www.zameen.com/Property/warsak_road_sudais_villas_5_marla_new_beautiful_house_is_available_for_sale_in_sudais_villa_warsk_road-54032219-18406-1.html
3 Marla New Beautiful House For Sale In Sudais Villa,PKR 1.15 Crore,11500000,4,5,3 Marla,675.0,17037,House,False,11,11Share on FacebookShare on TwitterShare on WhatsAppSend via GMailSend via E-Mail,81,Houses_Peshawar,2026-07-29,https://www.zameen.com/Property/warsak_road_sudais_villas_3_marla_new_beautiful_house_for_sale_in_sudais_villa-54116841-18406-1.html
Prime Location 5 Marla House In Warsak Road For Sale At Good Location,PKR 3.1 Crore,31000000,6,,5 Marla,1125.0,27555,House,False,18,18VerifiedShare on FacebookShare on TwitterShare on WhatsAppSend via GMailSend via E-Mail,89,Houses_Peshawar,2026-07-29,https://www.zameen.com/Property/arbab_sabz_ali_khan_town_arbab_sabz_ali_khan_town_executive_lodges_prime_location_5_marla_house_in_warsak_road_for_sale_at_good_location-54272556-10382-1.html
Buying A Prime Location House In Al-Moeez Housing Society?,PKR 4.5 Crore,45000000,7,,11 Marla,2475.0,18181,House,False,39,39VerifiedShare on FacebookShare on TwitterShare on WhatsAppSend via GMailSend via E-Mail,89,Houses_Peshawar,2026-07-29,https://www.zameen.com/Property/peshawar_al-moeez_housing_society_buying_a_prime_location_house_in_al-moeez_housing_society-54272633-21067-1.html
Prime Location 9 Marla House Up For sale In Darmangi,PKR 3.7 Crore,37000000,6,6,9 Marla,2025.0,18271,House,False,16,16VerifiedShare on FacebookShare on TwitterShare on WhatsAppSend via GMailSend via E-Mail,89,Houses_Peshawar,2026-07-29,https://www.zameen.com/Property/warsak_road_darmangi_prime_location_9_marla_house_up_for_sale_in_darmangi-54291213-12422-1.html
South Open Corner Solid House with Basement,PKR 9.5 Crore,95000000,9,7,1 Kanal,4500.0,21111,House,False,7,7Share on FacebookShare on TwitterShare on WhatsAppSend via GMailSend via E-Mail,80,Houses_Peshawar,2026-07-29,https://www.zameen.com/Property/peshawar_hayatabad_south_open_corner_solid_house_with_basement-53055714-394-1.html
22 Marla South Corner House FOR SALE  10 Kv Solar System Installed,PKR 7.1 Crore,71000000,10,6,1.1 Kanal,4950.0,14343,House,False,14,14Share on FacebookShare on TwitterShare on WhatsAppSend via GMailSend via E-Mail,81,Houses_Peshawar,2026-07-29,https://www.zameen.com/Property/peshawar_regi_model_town_22_marla_south_corner_house_for_sale_10_kv_solar_system_installed-52983002-7660-1.html
South Facing | 2 Minutes Walking Distance Market Masjid Park| Prime Location,PKR 9.1 Crore,91000000,9,6,1 Kanal,4500.0,20222,Unknown,False,13,13Share on FacebookShare on TwitterShare on WhatsAppSend via GMailSend via E-Mail,81,Houses_Peshawar,2026-07-29,https://www.zameen.com/Property/dha_phase_1_dha_phase_1_-_sector_a_south_facing_2_minutes_walking_distance_market_masjid_park_prime_location-54207457-12292-1.html
Brand New Beautiful House For Sell In Dha Peshawar On Double Road Near To park Masjid Market,PKR 7 Crore,70000000,7,6,1 Kanal,4500.0,15555,House,True,11,11Share on FacebookShare on TwitterShare on WhatsAppSend via GMailSend via E-Mail,81,Houses_Peshawar,2026-07-29,https://www.zameen.com/Property/dha_phase_1_dha_phase_1_-_sector_a_brand_new_beautiful_house_for_sell_in_dha_peshawar_on_double_road_near_to_park_masjid_market-52734187-12292-1.html
5 Marla Fresh House For Sale In Zone 3 At C1 Sector,PKR 3.3 Crore,33000000,8,6,5 Marla,1125.0,29333,House,False,33,33Share on FacebookShare on TwitterShare on WhatsAppSend via GMailSend via E-Mail,81,Houses_Peshawar,2026-07-29,https://www.zameen.com/Property/regi_model_town_phase_3_regi_model_town_phase_3_-_block_c1_5_marla_fresh_house_for_sale_in_zone_3_at_c1_sector-54494074-17025-1.html
Prime Location House Of 15 Marla For Sale In Arbab Sabz Ali Khan Town,PKR 4.5 Crore,45000000,6,6,15 Marla,3375.0,13333,House,False,17,17VerifiedShare on FacebookShare on TwitterShare on WhatsAppSend via GMailSend via E-Mail,89,Houses_Peshawar,2026-07-29,https://www.zameen.com/Property/warsak_road_arbab_sabz_ali_khan_town_prime_location_house_of_15_marla_for_sale_in_arbab_sabz_ali_khan_town-54267458-10222-1.html
Prime Location 5 Marla House Is Available In Warsak Road,PKR 2.2 Crore,22000000,5,5,5 Marla,1125.0,19555,House,False,26,26VerifiedShare on FacebookShare on TwitterShare on WhatsAppSend via GMailSend via E-Mail,89,Houses_Peshawar,2026-07-29,https://www.zameen.com/Property/peshawar_warsak_road_prime_location_5_marla_house_is_available_in_warsak_road-54309979-1000-1.html
Prime Location Green Cottages House Sized 4 Marla Is Available,PKR 2.25 Crore,22500000,5,5,4 Marla,900.0,25000,House,False,19,19VerifiedShare on FacebookShare on TwitterShare on WhatsAppSend via GMailSend via E-Mail,89,Houses_Peshawar,2026-07-29,https://www.zameen.com/Property/warsak_road_green_cottages_prime_location_green_cottages_house_sized_4_marla_is_available-54309993-11933-1.html
1 Kanal House For Sale In Hayatabad Phase 7,PKR 9 Crore,90000000,7,6,1 Kanal,4500.0,20000,House,True,,Share on FacebookShare on TwitterShare on WhatsAppSend via GMailSend via E-Mail,79,Houses_Peshawar,2026-07-29,https://www.zameen.com/Property/hayatabad_hayatabad_phase_7_1_kanal_house_for_sale_in_hayatabad_phase_7-53420491-8534-1.html
Sector B3 | 12 Kv Solar System+ Green Meter House For Sale,PKR 4.44 Crore,44400000,10,6,10 Marla,2250.0,19733,House,False,3,3Share on FacebookShare on TwitterShare on WhatsAppSend via GMailSend via E-Mail,80,Houses_Peshawar,2026-07-29,https://www.zameen.com/Property/regi_model_town_regi_model_town_phase_3_sector_b3_12_kv_solar_system_green_meter_house_for_sale-53076467-17013-1.html
A Prime Location 3 Marla House Has Landed On Market In Sufiyan Garden Of Peshawar,PKR 1.5 Crore,15000000,4,4,3 Marla,675.0,22222,House,False,29,29VerifiedShare on FacebookShare on TwitterShare on WhatsAppSend via GMailSend via E-Mail,89,Houses_Peshawar,2026-07-29,https://www.zameen.com/Property/warsak_road_sufiyan_garden_a_prime_location_3_marla_house_has_landed_on_market_in_sufiyan_garden_of_peshawar-54272615-19313-1.html
Prime Location Sufiyan Garden House Sized 5 Marla,PKR 2.2 Crore,22000000,7,,5 Marla,1125.0,19555,House,False,23,23VerifiedShare on FacebookShare on TwitterShare on WhatsAppSend via GMailSend via E-Mail,89,Houses_Peshawar,2026-07-29,https://www.zameen.com/Property/warsak_road_sufiyan_garden_prime_location_sufiyan_garden_house_sized_5_marla-53909825-19313-1.html
1 Kanal House For Sell In Hayatabad Phase 6,PKR 7.5 Crore,75000000,8,6,1 Kanal,4500.0,16666,House,True,8,8Share on FacebookShare on TwitterShare on WhatsAppSend via GMailSend via E-Mail,80,Houses_Peshawar,2026-07-29,https://www.zameen.com/Property/hayatabad_hayatabad_phase_6_1_kanal_house_for_sell_in_hayatabad_phase_6-53420493-7627-1.html
5 Marla Untouch House For Sale Regi Zone 4,PKR 3.1 Crore,31000000,8,6,5 Marla,1125.0,27555,House,False,6,6Share on FacebookShare on TwitterShare on WhatsAppSend via GMailSend via E-Mail,80,Houses_Peshawar,2026-07-29,https://www.zameen.com/Property/peshawar_regi_model_town_5_marla_untouch_house_for_sale_regi_zone_4-54484838-7660-1.html
Your Dream Prime Location 8 Marla House Is Available In Sufiyan Garden,PKR 3.4 Crore,34000000,6,6,8 Marla,1800.0,18888,House,False,12,12VerifiedShare on FacebookShare on TwitterShare on WhatsAppSend via GMailSend via E-Mail,89,Houses_Peshawar,2026-07-29,https://www.zameen.com/Property/warsak_road_sufiyan_garden_your_dream_prime_location_8_marla_house_is_available_in_sufiyan_garden-54212164-19313-1.html
Semi Furnished 10 Marla House For Sale In Sudais Villas Peshawar,PKR 3.9 Crore,39000000,6,6,10 Marla,2250.0,17333,House,False,17,17VerifiedShare on FacebookShare on TwitterShare on WhatsAppSend via GMailSend via E-Mail,89,Houses_Peshawar,2026-07-29,https://www.zameen.com/Property/warsak_road_sudais_villas_semi_furnished_10_marla_house_for_sale_in_sudais_villas_peshawar-54212165-18406-1.html
Prime Location 5 Marla House For sale In Sufiyan Garden,PKR 1.9 Crore,19000000,5,5,5 Marla,1125.0,16888,House,False,7,7VerifiedShare on FacebookShare on TwitterShare on WhatsAppSend via GMailSend via E-Mail,88,Houses_Peshawar,2026-07-29,https://www.zameen.com/Property/warsak_road_sufiyan_garden_prime_location_5_marla_house_for_sale_in_sufiyan_garden-54212166-19313-1.html
House Of 400 Square Yards In Chilten Housing Scheme Is Available,PKR 7.5 Crore,75000000,9,7,16 Marla,3600.0,20833,House,False,,Share on FacebookShare on TwitterShare on WhatsAppSend via GMailSend via E-Mail,79,Houses_Quetta,2026-07-29,https://www.zameen.com/Property/quetta_chilten_housing_scheme_house_of_400_square_yards_in_chilten_housing_scheme_is_available-53309344-1247-1.html
600 Yard Bungalow For Sale In Jinnah Town In Green Balt,PKR 14 Crore,140000000,7,7,1.2 Kanal,5400.0,25925,House,False,,Share on FacebookShare on TwitterShare on WhatsAppSend via GMailSend via E-Mail,79,Houses_Quetta,2026-07-29,https://www.zameen.com/Property/quetta_jinnah_town_600_yard_bungalow_for_sale_in_jinnah_town_in_green_balt-53098223-620-1.html
Beautifully Constructed House Is Available For sale In D-12/4,PKR 6.4 Crore,64000000,4,5,5 Marla,1125.0,56888,House,True,17,super hot171Share on FacebookShare on TwitterShare on WhatsAppSend via GMailSend via E-Mail,91,Flats_Islamabad,2026-07-29,https://www.zameen.com/Property/d_12_d-12_4_beautifully_constructed_house_is_available_for_sale_in_d-12_4-54076104-3157-1.html
Top Luxury Apartments 1 Bed Available Forsale,PKR 1.8 Crore,18000000,1,1,4.3 Marla,967.5,18604,Flat,True,38,super hot38Share on FacebookShare on TwitterShare on WhatsAppSend via GMailSend via E-Mail,90,Flats_Islamabad,2026-07-29,https://www.zameen.com/Property/islamabad_top_city_1_top_luxury_apartments_1_bed_available_forsale-52967946-1383-1.html
1 Kanal Brand New Designer House Available For Sale In DHA 2 Islamabad,PKR 13.9 Crore,139000000,5,6,1 Kanal,4500.0,30888,House,True,15,super hot15Share on FacebookShare on TwitterShare on WhatsAppSend via GMailSend via E-Mail,90,Flats_Islamabad,2026-07-29,https://www.zameen.com/Property/dha_defence_dha_defence_phase_2_1_kanal_brand_new_designer_house_available_for_sale_in_dha_2_islamabad-53479637-339-1.html
Corner 10 Marla House For Sale In Top City 1 - Block D Islamabad,PKR 6.4 Crore,64000000,4,4,10 Marla,2250.0,28444,House,True,17,super hot171VerifiedShare on FacebookShare on TwitterShare on WhatsAppSend via GMailSend via E-Mail,99,Flats_Islamabad,2026-07-29,https://www.zameen.com/Property/top_city_1_top_city_1_-_block_d_corner_10_marla_house_for_sale_in_top_city_1_-_block_d_islamabad-54510777-9233-1.html
Get A 10 Marla House For sale In Top City 1 - Block A,PKR 5.5 Crore,55000000,5,5,10 Marla,2250.0,24444,House,True,17,super hot171VerifiedShare on FacebookShare on TwitterShare on WhatsAppSend via GMailSend via E-Mail,99,Flats_Islamabad,2026-07-29,https://www.zameen.com/Property/top_city_1_top_city_1_-_block_a_get_a_10_marla_house_for_sale_in_top_city_1_-_block_a-54510821-9231-1.html
Brand New House For Sale in Faisal Margalla City FMC,PKR 2.7 Crore,27000000,4,5,5 Marla,1125.0,24000,House,True,15,super hot15Share on FacebookShare on TwitterShare on WhatsAppSend via GMailSend via E-Mail,90,Flats_Islamabad,2026-07-29,https://www.zameen.com/Property/b_17_faisal_margalla_city_brand_new_house_for_sale_in_faisal_margalla_city_fmc-54539126-13424-1.html
"5 Marla Brand New Luxury House For Sale Block A, Faisal Hills",PKR 2.25 Crore,22500000,5,5,5 Marla,1125.0,20000,House,True,23,super hot23Share on FacebookShare on TwitterShare on WhatsAppSend via GMailSend via E-Mail,90,Flats_Islamabad,2026-07-29,https://www.zameen.com/Property/islamabad_faisal_hills_5_marla_brand_new_luxury_house_for_sale_block_a_faisal_hills-54347140-10859-1.html
F 8/3 House Available 1777 Near Ismail Zebi Service Road And Near Margla Road.,PKR 75 Crore,750000000,7,6,3.6 Kanal,16200.0,46296,House,True,48,super hot48Share on FacebookShare on TwitterShare on WhatsAppSend via GMailSend via E-Mail,90,Flats_Islamabad,2026-07-29,https://www.zameen.com/Property/f_8_f-8_3_f_8_3_house_available_1777_near_ismail_zebi_service_road_and_near_margla_road-52378030-3316-1.html
"Ultra-Luxurious 1 Kanal Designer House For Sale In DHA Phase 2, Islamabad",PKR 12.8 Crore,128000000,5,6,1 Kanal,4500.0,28444,House,True,24,super hot24Share on FacebookShare on TwitterShare on WhatsAppSend via GMailSend via E-Mail,90,Flats_Islamabad,2026-07-29,https://www.zameen.com/Property/dha_defence_dha_defence_phase_2_ultra-luxurious_1_kanal_designer_house_for_sale_in_dha_phase_2_islamabad-54512385-339-1.html
Beautiful Brand New House For Sale,PKR 15 Crore,150000000,4,4,11 Marla,2475.0,60606,House,True,17,super hot17Share on FacebookShare on TwitterShare on WhatsAppSend via GMailSend via E-Mail,90,Flats_Islamabad,2026-07-29,https://www.zameen.com/Property/islamabad_g-8_beautiful_brand_new_house_for_sale-53854890-170-1.html
In D-12 You Can Find The Perfect House For sale,PKR 9 Crore,90000000,5,6,8 Marla,1800.0,50000,House,True,17,hot171Share on FacebookShare on TwitterShare on WhatsAppSend via GMailSend via E-Mail,85,Flats_Islamabad,2026-07-29,https://www.zameen.com/Property/islamabad_d-12_in_d-12_you_can_find_the_perfect_house_for_sale-54065623-160-1.html
"10 Marla Luxury Corner Double Unit House for Sale CDA Sector D-12/1, Islamabad",PKR 13 Crore,130000000,5,7,10 Marla,2250.0,57777,House,True,17,hot17Share on FacebookShare on TwitterShare on WhatsAppSend via GMailSend via E-Mail,84,Flats_Islamabad,2026-07-29,https://www.zameen.com/Property/d_12_d-12_1_10_marla_luxury_corner_double_unit_house_for_sale_cda_sector_d-12_1_islamabad-54462618-3154-1.html
4 Marla Well Maintained House For Sale In G-13 Islamabad,PKR 3.4 Crore,34000000,4,5,4 Marla,900.0,37777,House,False,7,hot7Share on FacebookShare on TwitterShare on WhatsAppSend via GMailSend via E-Mail,83,Flats_Islamabad,2026-07-29,https://www.zameen.com/Property/islamabad_g-13_4_marla_well_maintained_house_for_sale_in_g-13_islamabad-54318481-330-1.html
Brand new Luxury apartments for sale Bahria enclave islamabad sector H Galleria mall,PKR 1.97 Crore,19700000,3,5,11.2 Marla,2520.0,7817,Flat,False,14,hot14Share on FacebookShare on TwitterShare on WhatsAppSend via GMailSend via E-Mail,84,Flats_Islamabad,2026-07-29,https://www.zameen.com/Property/bahria_town_bahria_enclave_brand_new_luxury_apartments_for_sale_bahria_enclave_islamabad_sector_h_galleria_mall-54534263-1705-1.html
Single Storey House For Sale With All Facilities,PKR 3.95 Crore,39500000,4,4,1 Kanal,4500.0,8777,House,False,13,hot13Share on FacebookShare on TwitterShare on WhatsAppSend via GMailSend via E-Mail,84,Flats_Islamabad,2026-07-29,https://www.zameen.com/Property/pakistan_town_pakistan_town_-_phase_1_single_storey_house_for_sale_with_all_facilities-53077811-14998-1.html
One Kanal Ultra Luxury House For Sale In DHA 2 Islamabad,PKR 8.9 Crore,89000000,5,6,1 Kanal,4500.0,19777,House,False,16,hot16Share on FacebookShare on TwitterShare on WhatsAppSend via GMailSend via E-Mail,84,Flats_Islamabad,2026-07-29,https://www.zameen.com/Property/dha_defence_dha_defence_phase_2_one_kanal_ultra_luxury_house_for_sale_in_dha_2_islamabad-54105234-339-1.html
One Kanal Ultra Luxury Designer House For Sale In DHA 2,PKR 8.9 Crore,89000000,5,6,1 Kanal,4500.0,19777,House,False,37,hot37Share on FacebookShare on TwitterShare on WhatsAppSend via GMailSend via E-Mail,84,Flats_Islamabad,2026-07-29,https://www.zameen.com/Property/dha_defence_dha_defence_phase_2_one_kanal_ultra_luxury_designer_house_for_sale_in_dha_2-54415364-339-1.html
10 MARLA LUXURY BRAND NEW PARK FACE HOUSE AVAILABLE FOR SALE,PKR 11.5 Crore,115000000,6,7,10 Marla,2250.0,51111,House,True,43,43VerifiedShare on FacebookShare on TwitterShare on WhatsAppSend via GMailSend via E-Mail,89,Flats_Islamabad,2026-07-29,https://www.zameen.com/Property/d_12_d-12_2_10_marla_luxury_brand_new_park_face_house_available_for_sale-54529833-3155-1.html
"5 Marla Double Unit Front-Open House for Sale in CDA Sector D-12/1, Islamabad",PKR 5.75 Crore,57500000,5,6,5 Marla,1125.0,51111,House,True,25,25VerifiedShare on FacebookShare on TwitterShare on WhatsAppSend via GMailSend via E-Mail,89,Flats_Islamabad,2026-07-29,https://www.zameen.com/Property/d_12_d-12_1_5_marla_double_unit_front-open_house_for_sale_in_cda_sector_d-12_1_islamabad-54529832-3154-1.html
Stunning And Affordable House Available For Sale In D-12/3,PKR 24 Crore,240000000,9,,1.2 Kanal,5400.0,44444,House,True,49,491Share on FacebookShare on TwitterShare on WhatsAppSend via GMailSend via E-Mail,82,Flats_Islamabad,2026-07-29,https://www.zameen.com/Property/d_12_d-12_3_stunning_and_affordable_house_available_for_sale_in_d-12_3-54065548-3156-1.html
5 Marla House For Sale In D-12,PKR 7.5 Crore,75000000,5,5,5 Marla,1125.0,66666,House,True,13,131VerifiedShare on FacebookShare on TwitterShare on WhatsAppSend via GMailSend via E-Mail,90,Flats_Islamabad,2026-07-29,https://www.zameen.com/Property/islamabad_d-12_5_marla_house_for_sale_in_d-12-54313034-160-1.html
"4.44 Marla Luxury Single Unit House for Sale in CDA Sector D-12/1, Islamabad",PKR 5.5 Crore,55000000,3,5,4 Marla,900.0,61111,House,True,21,21Share on FacebookShare on TwitterShare on WhatsAppSend via GMailSend via E-Mail,81,Flats_Islamabad,2026-07-29,https://www.zameen.com/Property/d_12_d-12_1_4_44_marla_luxury_single_unit_house_for_sale_in_cda_sector_d-12_1_islamabad-54487943-3154-1.html
8 Marla Luxury Double Unit House for Sale in CDA Sector D-12,PKR 8.5 Crore,85000000,5,6,8 Marla,1800.0,47222,House,True,15,15Share on FacebookShare on TwitterShare on WhatsAppSend via GMailSend via E-Mail,81,Flats_Islamabad,2026-07-29,https://www.zameen.com/Property/islamabad_d-12_8_marla_luxury_double_unit_house_for_sale_in_cda_sector_d-12-54488006-160-1.html
1-Kanal designer House For Sale at prime location 70feet wide street,PKR 13.6 Crore,136000000,5,6,1 Kanal,4500.0,30222,House,True,37,37Share on FacebookShare on TwitterShare on WhatsAppSend via GMailSend via E-Mail,81,Flats_Islamabad,2026-07-29,https://www.zameen.com/Property/dha_defence_dha_defence_phase_2_1-kanal_designer_house_for_sale_at_prime_location_70feet_wide_street-54147796-339-1.html
1 Kanal Beautiful House For Sale In DHA Phase 2 Islamabad,PKR 12.25 Crore,122500000,5,6,1 Kanal,4500.0,27222,House,True,10,10Share on FacebookShare on TwitterShare on WhatsAppSend via GMailSend via E-Mail,81,Flats_Islamabad,2026-07-29,https://www.zameen.com/Property/dha_defence_dha_defence_phase_2_1_kanal_beautiful_house_for_sale_in_dha_phase_2_islamabad-54150559-339-1.html
A Palatial Residence For Corner sale In Top City 1 - Block C Islamabad,PKR 8 Crore,80000000,6,6,1 Kanal,4500.0,17777,Unknown,True,23,super hot231VerifiedShare on FacebookShare on TwitterShare on WhatsAppSend via GMailSend via E-Mail,99,Flats_Islamabad,2026-07-29,https://www.zameen.com/Property/top_city_1_top_city_1_-_block_c_a_palatial_residence_for_corner_sale_in_top_city_1_-_block_c_islamabad-54510779-9232-1.html
1 Bed Ready-To-Move Luxury Apartment | Diamond Mall | Gulberg Greens Islamabad,PKR 99 Lakh,9900000,99,1,2.4 Marla,540.0,18333,Flat,True,12,super hot12Share on FacebookShare on TwitterShare on WhatsAppSend via GMailSend via E-Mail,90,Flats_Islamabad,2026-07-29,https://www.zameen.com/Property/gulberg_greens_diamond_mall_residency_1_bed_ready-to-move_luxury_apartment_diamond_mall_gulberg_greens_islamabad-54490059-10982-1.html
Book Luxury One Bed Apartment In J7 Emporium,PKR 1.71 Crore,17100000,1,1,4.5 Marla,1012.5,16888,Flat,True,17,super hot17Share on FacebookShare on TwitterShare on WhatsAppSend via GMailSend via E-Mail,90,Flats_Islamabad,2026-07-29,https://www.zameen.com/Property/islamabad_b-17_book_luxury_one_bed_apartment_in_j7_emporium-54537335-616-1.html
"Executive 1-Bedroom Apartments Hospitality Tower - 2, Mall Of IMARAT, Islamabad",PKR 2.56 Crore,25600000,2,1,4.2 Marla,945.0,27089,Flat,True,5,super hot5Share on FacebookShare on TwitterShare on WhatsAppSend via GMailSend via E-Mail,89,Flats_Islamabad,2026-07-29,https://www.zameen.com/Property/jinnah_gardens_mall_of_imarat_executive_1-bedroom_apartments_hospitality_tower_-_2_mall_of_imarat_islamabad-54329941-22031-1.html
Royal Mall And Residency 2 Bed Apartment 1450 Square Feet With Servant Quarter On 2nd Floor Sun Facing Available For Sale,PKR 1.65 Crore,16500000,1,3,6.4 Marla,1440.0,11458,Flat,True,24,hot24Share on FacebookShare on TwitterShare on WhatsAppSend via GMailSend via E-Mail,84,Flats_Islamabad,2026-07-29,https://www.zameen.com/Property/bahria_enclave_the_royal_mall_and_residency_royal_mall_and_residency_2_bed_apartment_1450_square_feet_with_servant_quarter_on_2nd_floor_sun_facing_available_for_sale-53324549-10909-1.html
"Main Double Road Near,Direct To All Amenities, Near Masjid Markets 7 Marla House For Sale",PKR 3.8 Crore,38000000,4,6,7 Marla,1575.0,24126,House,False,12,hot12Share on FacebookShare on TwitterShare on WhatsAppSend via GMailSend via E-Mail,84,Flats_Islamabad,2026-07-29,https://www.zameen.com/Property/mpchs_multi_gardens_mpchs_-_block_f_main_double_road_near_direct_to_all_amenities_near_masjid_markets_7_marla_house_for_sale-54521637-8527-1.html
1 Kanal Designer House For Sale In DHA Phase 2 Islamabad,PKR 13.8 Crore,138000000,5,6,1 Kanal,4500.0,30666,House,True,21,21Share on FacebookShare on TwitterShare on WhatsAppSend via GMailSend via E-Mail,81,Flats_Islamabad,2026-07-29,https://www.zameen.com/Property/dha_defence_dha_defence_phase_2_1_kanal_designer_house_for_sale_in_dha_phase_2_islamabad-54120587-339-1.html
1 Kanal Designer House For Sale Near Giga Mall,PKR 10.5 Crore,105000000,6,6,1 Kanal,4500.0,23333,House,True,16,16Share on FacebookShare on TwitterShare on WhatsAppSend via GMailSend via E-Mail,81,Flats_Islamabad,2026-07-29,https://www.zameen.com/Property/dha_defence_dha_defence_phase_2_1_kanal_designer_house_for_sale_near_giga_mall-54120620-339-1.html
Ready To Move 2 Bed Apartment For Sale,PKR 1.45 Crore,14500000,1,2,5.5 Marla,1237.5,11717,Flat,True,23,super hot23Share on FacebookShare on TwitterShare on WhatsAppSend via GMailSend via E-Mail,90,Flats_Islamabad,2026-07-29,https://www.zameen.com/Property/islamabad_top_city_1_ready_to_move_2_bed_apartment_for_sale-54212581-1383-1.html
"Farmhouse For Sale | B Block, Gulberg Greens Islamabad",PKR 35 Crore,350000000,7,6,4 Kanal,18000.0,19444,House,True,14,super hot14Share on FacebookShare on TwitterShare on WhatsAppSend via GMailSend via E-Mail,90,Flats_Islamabad,2026-07-29,https://www.zameen.com/Property/gulberg_greens_gulberg_greens_-_block_b_farmhouse_for_sale_b_block_gulberg_greens_islamabad-54535156-8314-1.html
Amaltas Heights,PKR 1.49 Crore,14900000,,1,3.7 Marla,832.5,17897,Unknown,True,6,hot6Share on FacebookShare on TwitterShare on WhatsAppSend via GMailSend via E-Mail,83,Flats_Islamabad,2026-07-29,https://www.zameen.com/Property/dha_defence_dha_defence_phase_2_amaltas_heights-54539225-339-1.html
Brand New Apartment For Sale,PKR 3.2 Crore,32000000,4,6,13.3 Marla,2992.5,10693,Flat,True,21,super hot21Share on FacebookShare on TwitterShare on WhatsAppSend via GMailSend via E-Mail,90,Flats_Islamabad,2026-07-29,https://www.zameen.com/Property/dha_defence_phase_5_askari_heights_5_brand_new_apartment_for_sale-54160832-22450-1.html
Flat is available for sale,PKR 1.3 Crore,13000000,2,2,4.7 Marla,1057.5,12293,Flat,True,21,super hot211VerifiedShare on FacebookShare on TwitterShare on WhatsAppSend via GMailSend via E-Mail,99,Flats_Islamabad,2026-07-29,https://www.zameen.com/Property/d_12_d-12_markaz_flat_is_available_for_sale-54402910-3158-1.html
Askari Heights V River View City Apartments For Sale,PKR 2.85 Crore,28500000,4,6,13.1 Marla,2947.5,9669,Flat,False,46,hot46Share on FacebookShare on TwitterShare on WhatsAppSend via GMailSend via E-Mail,84,Flats_Islamabad,2026-07-29,https://www.zameen.com/Property/dha_defence_phase_5_askari_heights_5_askari_heights_v_river_view_city_apartments_for_sale-54142728-22450-1.html
Askari Tower -1 Open View Apartment,PKR 3.85 Crore,38500000,3,4,11.4 Marla,2565.0,15009,Flat,False,16,hot16Share on FacebookShare on TwitterShare on WhatsAppSend via GMailSend via E-Mail,84,Flats_Islamabad,2026-07-29,https://www.zameen.com/Property/dha_defence_phase_2_askari_tower_1_askari_tower_-1_open_view_apartment-54208298-10663-1.html
Askari Heights -4 Brand New -4 Bedrooms Apartment Available For Sale With Open View,PKR 3.75 Crore,37500000,3,6,13.1 Marla,2947.5,12722,Flat,False,33,hot33Share on FacebookShare on TwitterShare on WhatsAppSend via GMailSend via E-Mail,84,Flats_Islamabad,2026-07-29,https://www.zameen.com/Property/dha_phase_5_sector_h_askari_heights_4_askari_heights_-4_brand_new_-4_bedrooms_apartment_available_for_sale_with_open_view-52504601-21450-1.html
Askari Heights 4 Three-Bedroom Sun Face Open View Apartment For Sale,PKR 2.7 Crore,27000000,2,4,11 Marla,2475.0,10909,Flat,False,45,hot45Share on FacebookShare on TwitterShare on WhatsAppSend via GMailSend via E-Mail,84,Flats_Islamabad,2026-07-29,https://www.zameen.com/Property/dha_phase_5_sector_h_askari_heights_4_askari_heights_4_three-bedroom_sun_face_open_view_apartment_for_sale-53566960-21450-1.html
1 Bed Fully Furnished Apartment Available For Sale In Gulberg Heights On 4 Floor Corner Gulberg Green Islamabad,PKR 1.35 Crore,13500000,1,1,3.4 Marla,765.0,17647,Flat,False,17,hot17Share on FacebookShare on TwitterShare on WhatsAppSend via GMailSend via E-Mail,84,Flats_Islamabad,2026-07-29,https://www.zameen.com/Property/gulberg_gulberg_greens_1_bed_fully_furnished_apartment_available_for_sale_in_gulberg_heights_on_4_floor_corner_gulberg_green_islamabad-54505656-8312-1.html
"E11 4 Makkah Tower, 2 Bed Apartment For Sale, 1350 Sq feet",PKR 1.7 Crore,17000000,1,3,6 Marla,1350.0,12592,Flat,False,15,15VerifiedShare on FacebookShare on TwitterShare on WhatsAppSend via GMailSend via E-Mail,89,Flats_Islamabad,2026-07-29,https://www.zameen.com/Property/islamabad_e-11_e11_4_makkah_tower_2_bed_apartment_for_sale_1350_sq_feet-54539498-329-1.html
2 Bed Ready-To-Move Luxury Apartment | Diamond Mall | Gulberg Greens Islamabad,PKR 1.39 Crore,13899999,1,3,3.9 Marla,877.5,15840,Flat,True,14,super hot14Share on FacebookShare on TwitterShare on WhatsAppSend via GMailSend via E-Mail,90,Flats_Islamabad,2026-07-29,https://www.zameen.com/Property/gulberg_greens_diamond_mall_residency_2_bed_ready-to-move_luxury_apartment_diamond_mall_gulberg_greens_islamabad-54482932-10982-1.html
"Time Square Residency 2 Bed Apartment for Sale Luxury Living in Top City-1, Islamabad",PKR 1.45 Crore,14500000,1,2,5.5 Marla,1237.5,11717,Flat,True,17,super hot171VerifiedShare on FacebookShare on TwitterShare on WhatsAppSend via GMailSend via E-Mail,99,Flats_Islamabad,2026-07-29,https://www.zameen.com/Property/top_city_1_top_city_1_-_block_c_time_square_residency_2_bed_apartment_for_sale_luxury_living_in_top_city-1_islamabad-54522340-9232-1.html
G-11 Investor Price 11 Central 2 Bed Apartment Available For Sale,PKR 3.7 Crore,37000000,3,2,5.8 Marla,1305.0,28352,Flat,True,11,super hot11Share on FacebookShare on TwitterShare on WhatsAppSend via GMailSend via E-Mail,90,Flats_Islamabad,2026-07-29,https://www.zameen.com/Property/g_11_1_11_central_apartments_g-11_investor_price_11_central_2_bed_apartment_available_for_sale-54477735-22037-1.html
Ideal Location Studio Apartment Available In J7 Emporium On 25 Lacs Down Payment,PKR 1.15 Crore,11500000,,1,3.3 Marla,742.5,15488,Flat,True,18,hot18Share on FacebookShare on TwitterShare on WhatsAppSend via GMailSend via E-Mail,84,Flats_Islamabad,2026-07-29,https://www.zameen.com/Property/islamabad_b-17_ideal_location_studio_apartment_available_in_j7_emporium_on_25_lacs_down_payment-54039546-616-1.html
FOR SALE 1100 sqft 2-Bed Apartment on Installment TOP CITY-1,PKR 1.1 Crore,11000000,1,2,4.9 Marla,1102.5,9977,Flat,True,5,5Share on FacebookShare on TwitterShare on WhatsAppSend via GMailSend via E-Mail,80,Flats_Islamabad,2026-07-29,https://www.zameen.com/Property/islamabad_top_city_1_for_sale_1100_sqft_2-bed_apartment_on_installment_top_city-1-54327828-1383-1.html
FOR SALE 1240 SQ FT Fully Renovated 3 Bedrooms Flat I_8/1,PKR 3.15 Crore,31500000,3,2,5.5 Marla,1237.5,25454,Flat,True,10,super hot101Share on FacebookShare on TwitterShare on WhatsAppSend via GMailSend via E-Mail,91,Flats_Islamabad,2026-07-29,https://www.zameen.com/Property/islamabad_i-8_for_sale_1240_sq_ft_fully_renovated_3_bedrooms_flat_i_8_1-54531053-174-1.html
Capital Square Two Bedrooms Apartment Available For Sale In B17,PKR 75 Lakh,7500000,75,2,4.7 Marla,1057.5,7092,Flat,True,13,super hot13Share on FacebookShare on TwitterShare on WhatsAppSend via GMailSend via E-Mail,90,Flats_Islamabad,2026-07-29,https://www.zameen.com/Property/b_17_capital_square_capital_square_two_bedrooms_apartment_available_for_sale_in_b17-54288260-11252-1.html
Flat Of 483 Square Feet For Sale In Top City 1 - Kanwar Moiz Block,PKR 80 Lakh,8000000,,1,2.1 Marla,472.5,16931,Flat,True,6,super hot6VerifiedShare on FacebookShare on TwitterShare on WhatsAppSend via GMailSend via E-Mail,97,Flats_Islamabad,2026-07-29,https://www.zameen.com/Property/top_city_1_top_city_1_-_kanwar_moiz_block_flat_of_483_square_feet_for_sale_in_top_city_1_-_kanwar_moiz_block-54336928-22390-1.html
5 Kanal Block B  Furnished Farm House Available For Sale,PKR 31.5 Crore,315000000,10,6,5 Kanal,22500.0,14000,House,False,33,hot33Share on FacebookShare on TwitterShare on WhatsAppSend via GMailSend via E-Mail,84,Flats_Islamabad,2026-07-29,https://www.zameen.com/Property/gulberg_greens_gulberg_greens_-_block_b_5_kanal_block_b_furnished_farm_house_available_for_sale-53116696-8314-1.html
2 Beds Apartment For Sale In  Roman Grove DHA 1 Sector F Islamabad,PKR 2.1 Crore,21000000,2,2,6.2 Marla,1395.0,15053,Flat,False,15,15Share on FacebookShare on TwitterShare on WhatsAppSend via GMailSend via E-Mail,81,Flats_Islamabad,2026-07-29,https://www.zameen.com/Property/dha_phase_1_sector_f_roman_grove_2_beds_apartment_for_sale_in_roman_grove_dha_1_sector_f_islamabad-54041560-17009-1.html
Apartment For Sale,PKR 3.55 Crore,35500000,2,2,6 Marla,1350.0,26296,Flat,False,14,14Share on FacebookShare on TwitterShare on WhatsAppSend via GMailSend via E-Mail,81,Flats_Islamabad,2026-07-29,https://www.zameen.com/Property/gt_road_zeta-1_mall_apartment_for_sale-54309851-16699-1.html
1 BED APARTMENT FOR SALE VERY REASONABLE PRICE IN GULBERG GREEN,PKR 1.01 Crore,10100000,1,1,2.8 Marla,630.0,16031,Flat,False,15,15Share on FacebookShare on TwitterShare on WhatsAppSend via GMailSend via E-Mail,81,Flats_Islamabad,2026-07-29,https://www.zameen.com/Property/gulberg_gulberg_greens_1_bed_apartment_for_sale_very_reasonable_price_in_gulberg_green-52983627-8312-1.html
STUDIO APARTMENT FOR SALE IN GULBERG HIGHT,PKR 70 Lakh,7000000,,1,2.4 Marla,540.0,12962,Flat,False,14,14Share on FacebookShare on TwitterShare on WhatsAppSend via GMailSend via E-Mail,81,Flats_Islamabad,2026-07-29,https://www.zameen.com/Property/gulberg_greens_gulberg_heights_studio_apartment_for_sale_in_gulberg_hight-52169340-19298-1.html
1 Bed Flat For Sale In Gulberg Investor Rate,PKR 1 Crore,10000000,1,1,2.4 Marla,540.0,18518,Flat,False,17,17Share on FacebookShare on TwitterShare on WhatsAppSend via GMailSend via E-Mail,81,Flats_Islamabad,2026-07-29,https://www.zameen.com/Property/gulberg_gulberg_greens_1_bed_flat_for_sale_in_gulberg_investor_rate-52149294-8312-1.html
2 Bed Apartment For Sale Investor Rate,PKR 1.4 Crore,14000000,1,3,4.4 Marla,990.0000000000001,14141,Flat,False,23,23Share on FacebookShare on TwitterShare on WhatsAppSend via GMailSend via E-Mail,81,Flats_Islamabad,2026-07-29,https://www.zameen.com/Property/gulberg_greens_diamond_mall_residency_2_bed_apartment_for_sale_investor_rate-52148236-10982-1.html
2 Bed Luxury Apartment For Sale In J7 Emporium On Installments | 2025 Sq Ft,PKR 3.34 Crore,33400000,3,2,9 Marla,2025.0,16493,Flat,True,11,super hot11Share on FacebookShare on TwitterShare on WhatsAppSend via GMailSend via E-Mail,90,Flats_Islamabad,2026-07-29,https://www.zameen.com/Property/b_17_j7_emporium_2_bed_luxury_apartment_for_sale_in_j7_emporium_on_installments_2025_sq_ft-54182492-17263-1.html
Askari Tower 1 3 Bed 4th Floor One To One Meeting With Owner,PKR 3.8 Crore,38000000,3,3,11.6 Marla,2610.0,14559,Flat,True,9,super hot9Share on FacebookShare on TwitterShare on WhatsAppSend via GMailSend via E-Mail,89,Flats_Islamabad,2026-07-29,https://www.zameen.com/Property/dha_defence_phase_2_askari_tower_1_askari_tower_1_3_bed_4th_floor_one_to_one_meeting_with_owner-54447030-10663-1.html
2 Bed Apartment For Sale In DHA 1 Sector F,PKR 2.1 Crore,21000000,2,2,6.2 Marla,1395.0,15053,Flat,True,17,hot17Share on FacebookShare on TwitterShare on WhatsAppSend via GMailSend via E-Mail,84,Flats_Islamabad,2026-07-29,https://www.zameen.com/Property/dha_phase_1_sector_f_roman_grove_2_bed_apartment_for_sale_in_dha_1_sector_f-54061862-17009-1.html
01 BEDROOM LUXURY UNFURNISHED APARTMENT AVAILABLE FOR SALE AT GULBERG GREEN ISLAMABAD,PKR 97 Lakh,9700000,97,1,2.4 Marla,540.0,17962,Flat,False,14,hot14Share on FacebookShare on TwitterShare on WhatsAppSend via GMailSend via E-Mail,84,Flats_Islamabad,2026-07-29,https://www.zameen.com/Property/gulberg_greens_diamond_mall_residency_01_bedroom_luxury_unfurnished_apartment_available_for_sale_at_gulberg_green_islamabad-54510477-10982-1.html
Three Beds Luxury Apartment / Flat For Sale,PKR 1.8 Crore,18000000,1,3,9.6 Marla,2160.0,8333,Flat,False,19,hot19Share on FacebookShare on TwitterShare on WhatsAppSend via GMailSend via E-Mail,84,Flats_Islamabad,2026-07-29,https://www.zameen.com/Property/islamabad_faisal_town_-_f-18_three_beds_luxury_apartment_flat_for_sale-52006260-8260-1.html
1 Bedroom Apartment For Sale Sale Family Building,PKR 72 Lakh,7200000,72,1,2.9 Marla,652.5,11034,Flat,False,18,18Share on FacebookShare on TwitterShare on WhatsAppSend via GMailSend via E-Mail,81,Flats_Islamabad,2026-07-29,https://www.zameen.com/Property/bahria_town_bahria_enclave_1_bedroom_apartment_for_sale_sale_family_building-54124244-1705-1.html
Askari -15 Dha -2 Apartment Available On Investor Price,PKR 3.2 Crore,32000000,3,4,11.4 Marla,2565.0,12475,Flat,False,9,9Share on FacebookShare on TwitterShare on WhatsAppSend via GMailSend via E-Mail,80,Flats_Islamabad,2026-07-29,https://www.zameen.com/Property/dha_defence_phase_2_askari_tower_1_askari_-15_dha_-2_apartment_available_on_investor_price-52888582-10663-1.html
Askari Tower-3 Three Bedrooms Apartment For Sale,PKR 3 Crore,30000000,3,4,12.7 Marla,2857.5,10498,Flat,False,18,18Share on FacebookShare on TwitterShare on WhatsAppSend via GMailSend via E-Mail,81,Flats_Islamabad,2026-07-29,https://www.zameen.com/Property/dha_defence_phase_5_askari_tower_3_askari_tower-3_three_bedrooms_apartment_for_sale-52325692-17434-1.html
Askari 15 Open View Apartment For Sale In Lush Condition,PKR 3.5 Crore,35000000,3,5,11.4 Marla,2565.0,13645,Flat,False,24,24Share on FacebookShare on TwitterShare on WhatsAppSend via GMailSend via E-Mail,81,Flats_Islamabad,2026-07-29,https://www.zameen.com/Property/dha_defence_phase_2_askari_tower_1_askari_15_open_view_apartment_for_sale_in_lush_condition-53256355-10663-1.html
One Bed For Sale - Block 14,PKR 74 Lakh,7400000,74,1,2.7 Marla,607.5,12181,Flat,True,9,super hot9Share on FacebookShare on TwitterShare on WhatsAppSend via GMailSend via E-Mail,89,Flats_Islamabad,2026-07-29,https://www.zameen.com/Property/dha_defence_phase_2_defence_residency_one_bed_for_sale_-_block_14-54484582-9914-1.html
Askari Heights -4 Four Bedrooms Apartment Available On Very Reasonable Price With Open View,PKR 3.3 Crore,33000000,3,6,13.1 Marla,2947.5,11195,Flat,False,32,32Share on FacebookShare on TwitterShare on WhatsAppSend via GMailSend via E-Mail,81,Flats_Islamabad,2026-07-29,https://www.zameen.com/Property/dha_phase_5_sector_h_askari_heights_4_askari_heights_-4_four_bedrooms_apartment_available_on_very_reasonable_price_with_open_view-53647523-21450-1.html
Askari Heights -4 Brand New Open Face Apartment For Sale,PKR 2.9 Crore,29000000,3,4,11 Marla,2475.0,11717,Flat,False,25,25Share on FacebookShare on TwitterShare on WhatsAppSend via GMailSend via E-Mail,81,Flats_Islamabad,2026-07-29,https://www.zameen.com/Property/dha_phase_5_sector_h_askari_heights_4_askari_heights_-4_brand_new_open_face_apartment_for_sale-52572883-21450-1.html
Askari Heights-3 3 Bedrooms Apartment For Sale,PKR 3.15 Crore,31500000,3,4,12.4 Marla,2790.0,11290,Flat,False,37,37Share on FacebookShare on TwitterShare on WhatsAppSend via GMailSend via E-Mail,81,Flats_Islamabad,2026-07-29,https://www.zameen.com/Property/dha_defence_phase_5_askari_tower_3_askari_heights-3_3_bedrooms_apartment_for_sale-53502049-17434-1.html
Askari Heights Iv Brand New 4 Bedrooms Apartment Available For Sale,PKR 4.25 Crore,42500000,4,6,13.1 Marla,2947.5,14418,Flat,False,26,26Share on FacebookShare on TwitterShare on WhatsAppSend via GMailSend via E-Mail,81,Flats_Islamabad,2026-07-29,https://www.zameen.com/Property/dha_phase_5_sector_h_askari_heights_4_askari_heights_iv_brand_new_4_bedrooms_apartment_available_for_sale-53502059-21450-1.html
2 Bed Apartment For Sale,PKR 1.1 Crore,11000000,1,2,3.9 Marla,877.5,12535,Flat,True,11,super hot11Share on FacebookShare on TwitterShare on WhatsAppSend via GMailSend via E-Mail,90,Flats_Islamabad,2026-07-29,https://www.zameen.com/Property/islamabad_top_city_1_2_bed_apartment_for_sale-54451028-1383-1.html
1 Bed Apartment Fully Furnished,PKR 95 Lakh,9500000,95,1,2.7 Marla,607.5,15637,Flat,True,11,super hot11Share on FacebookShare on TwitterShare on WhatsAppSend via GMailSend via E-Mail,90,Flats_Islamabad,2026-07-29,https://www.zameen.com/Property/islamabad_top_city_1_1_bed_apartment_fully_furnished-54451054-1383-1.html
Furnished Studio Apartment For Sale,PKR 85 Lakh,8500000,,1,1.8 Marla,405.0,20987,Flat,True,18,super hot18Share on FacebookShare on TwitterShare on WhatsAppSend via GMailSend via E-Mail,90,Flats_Islamabad,2026-07-29,https://www.zameen.com/Property/islamabad_top_city_1_furnished_studio_apartment_for_sale-54507137-1383-1.html
"3 Bed Apartment Available For Sale, Al Ghurair Giga ,Defence Residency,DHA Phase 2 ,Gate 2 ,Islamabad",PKR 1.5 Crore,15000000,1,3,6.2 Marla,1395.0,10752,Flat,True,22,hot22VerifiedShare on FacebookShare on TwitterShare on WhatsAppSend via GMailSend via E-Mail,92,Flats_Islamabad,2026-07-29,https://www.zameen.com/Property/dha_defence_phase_2_al-ghurair_giga_3_bed_apartment_available_for_sale_al_ghurair_giga_defence_residency_dha_phase_2_gate_2_islamabad-54287513-15113-1.html
"Elegant 3-Bedroom Apartment With Double Terrace &Amp;Amp; City View Askari Tower 1, DHA Phase II Islamabad",PKR 3.5 Crore,35000000,3,3,11 Marla,2475.0,14141,Flat,False,9,hot9VerifiedShare on FacebookShare on TwitterShare on WhatsAppSend via GMailSend via E-Mail,91,Flats_Islamabad,2026-07-29,https://www.zameen.com/Property/dha_defence_phase_2_askari_tower_1_elegant_3-bedroom_apartment_with_double_terrace_amp_amp_city_view_askari_tower_1_dha_phase_ii_islamabad-54347762-10663-1.html
Studio Apartment For Sale on Installments in DHA Phase 1 Islamabad.,PKR 50 Lakh,5000000,,1,2.9 Marla,652.5,7662,Flat,False,5,hot5Share on FacebookShare on TwitterShare on WhatsAppSend via GMailSend via E-Mail,83,Flats_Islamabad,2026-07-29,https://www.zameen.com/Property/dha_defence_dha_defence_phase_1_studio_apartment_for_sale_on_installments_in_dha_phase_1_islamabad-53324264-376-1.html
Urgent Sale G-11/3 Warda Hamna Residencia 2 Bedroom Apartment Available For Sale,PKR 3.2 Crore,32000000,3,2,7.3 Marla,1642.5,19482,Flat,False,24,hot24Share on FacebookShare on TwitterShare on WhatsAppSend via GMailSend via E-Mail,84,Flats_Islamabad,2026-07-29,https://www.zameen.com/Property/g_11_markaz_warda_hamna_residencia_urgent_sale_g-11_3_warda_hamna_residencia_2_bedroom_apartment_available_for_sale-54246971-22209-1.html
Residential Apartments For Sale,PKR 3.15 Crore,31500000,3,3,11 Marla,2475.0,12727,Flat,False,16,hot16Share on FacebookShare on TwitterShare on WhatsAppSend via GMailSend via E-Mail,84,Flats_Islamabad,2026-07-29,https://www.zameen.com/Property/dha_defence_phase_5_askari_tower_4_residential_apartments_for_sale-53677369-21810-1.html
1 BED STUDIO APPARTMENT AVAILABLE FOR SALE IN FAISAL TOWN,PKR 55 Lakh,5500000,55,1,2 Marla,450.0,12222,Flat,False,13,13Share on FacebookShare on TwitterShare on WhatsAppSend via GMailSend via E-Mail,81,Flats_Islamabad,2026-07-29,https://www.zameen.com/Property/islamabad_faisal_town_-_f-18_1_bed_studio_appartment_available_for_sale_in_faisal_town-54417467-8260-1.html
EXCLUSIVE INVESTOR DEAL Luxury Duplex Available For Sale,PKR 16.5 Crore,165000000,4,6,1 Kanal,4500.0,36666,Unknown,True,22,super hot22Share on FacebookShare on TwitterShare on WhatsAppSend via GMailSend via E-Mail,90,Flats_Islamabad,2026-07-29,https://www.zameen.com/Property/f_8_the_centaurus_exclusive_investor_deal_luxury_duplex_available_for_sale-53571762-8349-1.html
Brand New Flat For Sale,PKR 1.45 Crore,14500000,2,2,5.5 Marla,1237.5,11717,Flat,True,28,super hot28Share on FacebookShare on TwitterShare on WhatsAppSend via GMailSend via E-Mail,90,Flats_Islamabad,2026-07-29,https://www.zameen.com/Property/islamabad_top_city_1_brand_new_flat_for_sale-47177548-1383-1.html
Residential Apartment For Sale,PKR 2.48 Crore,24800000,2,2,6.9 Marla,1552.5,15974,Flat,False,8,hot8Share on FacebookShare on TwitterShare on WhatsAppSend via GMailSend via E-Mail,83,Flats_Islamabad,2026-07-29,https://www.zameen.com/Property/canyon_views_cvrp_hyde_park_one_residential_apartment_for_sale-53106984-18872-1.html
Beautiful Location Sector A 1 Bed With TV Lounge Apartment Available For Sale Ideal Location Reasonable Demand,PKR 58.5 Lakh,5850000,58,1,2.9 Marla,652.5,8965,Flat,False,9,9Share on FacebookShare on TwitterShare on WhatsAppSend via GMailSend via E-Mail,80,Flats_Islamabad,2026-07-29,https://www.zameen.com/Property/bahria_enclave_bahria_enclave_-_sector_a_beautiful_location_sector_a_1_bed_with_tv_lounge_apartment_available_for_sale_ideal_location_reasonable_demand-47356808-11970-1.html
5 Marla Brand New Full House Available For Sale In DHA Phase 9town,PKR 3.2 Crore,32000000,3,5,5 Marla,1125.0,28444,House,True,13,hot13Share on FacebookShare on TwitterShare on WhatsAppSend via GMailSend via E-Mail,84,Flats_Lahore,2026-07-29,https://www.zameen.com/Property/dha_9_town_dha_9_town_-_block_c_5_marla_brand_new_full_house_available_for_sale_in_dha_phase_9town-54538326-8175-1.html
Luxury Studio Apartment For Sale At Grand 15 | Easy Installment Plan | Bahria Town Lahore,PKR 59.5 Lakh,5950000,,1,1.6 Marla,360.0,16527,Flat,True,7,super hot7Share on FacebookShare on TwitterShare on WhatsAppSend via GMailSend via E-Mail,89,Flats_Lahore,2026-07-29,https://www.zameen.com/Property/bahria_town_bahria_town_-_sector_e_luxury_studio_apartment_for_sale_at_grand_15_easy_installment_plan_bahria_town_lahore-54455408-1802-1.html
10 Marla Out Standing top Quality Brand New house with basement designed By Mazher Munir For Sale In Dha PHASE 7,PKR 4.9 Crore,49000000,4,5,10 Marla,2250.0,21777,House,True,41,41Share on FacebookShare on TwitterShare on WhatsAppSend via GMailSend via E-Mail,81,Flats_Lahore,2026-07-29,https://www.zameen.com/Property/dha_phase_7_dha_phase_7_-_block_t_10_marla_out_standing_top_quality_brand_new_house_with_basement_designed_by_mazher_munir_for_sale_in_dha_phase_7-54539667-1627-1.html
Ready To Move One Bed Apartment In Sector E Bahria Town Lahore,PKR 76 Lakh,7600000,76,1,2.4 Marla,540.0,14074,Flat,True,10,super hot10Share on FacebookShare on TwitterShare on WhatsAppSend via GMailSend via E-Mail,90,Flats_Lahore,2026-07-29,https://www.zameen.com/Property/bahria_town_bahria_town_-_sector_e_ready_to_move_one_bed_apartment_in_sector_e_bahria_town_lahore-53395153-1802-1.html
One Bed New Apartment For Sale In Sector E Bahria Town Lahore,PKR 65 Lakh,6500000,65,1,2.2 Marla,495.00000000000006,13131,Flat,True,7,super hot7Share on FacebookShare on TwitterShare on WhatsAppSend via GMailSend via E-Mail,89,Flats_Lahore,2026-07-29,https://www.zameen.com/Property/bahria_town_bahria_town_-_sector_e_one_bed_new_apartment_for_sale_in_sector_e_bahria_town_lahore-53306749-1802-1.html
10 MARLA 3 BEDROOM FLAT AVAILBLE FOR SALE IN ASKARI 11 LAHORE,PKR 2.75 Crore,27500000,2,4,10 Marla,2250.0,12222,Flat,False,19,hot19Share on FacebookShare on TwitterShare on WhatsAppSend via GMailSend via E-Mail,84,Flats_Lahore,2026-07-29,https://www.zameen.com/Property/askari_askari_11_10_marla_3_bedroom_flat_availble_for_sale_in_askari_11_lahore-53600444-1503-1.html
An Exceptionally Luxurious And Outstanding Farmhouse Is Available For Sale On Bedian Road.,PKR 40 Crore,400000000,40,6,20 Kanal,90000.0,4444,House,True,22,super hot22Share on FacebookShare on TwitterShare on WhatsAppSend via GMailSend via E-Mail,90,Flats_Lahore,2026-07-29,https://www.zameen.com/Property/lahore_bedian_road_an_exceptionally_luxurious_and_outstanding_farmhouse_is_available_for_sale_on_bedian_road-54395193-378-1.html
Luxury Studio Apartment For Sale In Nawaz Sharif IT City CBD Phase 2.,PKR 2.44 Crore,24400000,,,2.1 Marla,472.5,51640,Flat,True,18,super hot18Share on FacebookShare on TwitterShare on WhatsAppSend via GMailSend via E-Mail,90,Flats_Lahore,2026-07-29,https://www.zameen.com/Property/nsit_city_zameen_eon_luxury_studio_apartment_for_sale_in_nawaz_sharif_it_city_cbd_phase_2-54363762-22334-1.html
Luxury Studio Apartment For Sale In Installments In The Heart Of Lahore Gulberg.,PKR 2.07 Crore,20700000,,1,1.7 Marla,382.5,54117,Flat,True,5,super hot5Share on FacebookShare on TwitterShare on WhatsAppSend via GMailSend via E-Mail,89,Flats_Lahore,2026-07-29,https://www.zameen.com/Property/gulberg_3_zameen_hive_luxury_studio_apartment_for_sale_in_installments_in_the_heart_of_lahore_gulberg-54363718-22559-1.html
Prime Location Askari 11 - Sector B Apartments Flat Sized 10 Marla For sale,PKR 3.4 Crore,34000000,3,4,10 Marla,2250.0,15111,Flat,True,29,super hot291VerifiedShare on FacebookShare on TwitterShare on WhatsAppSend via GMailSend via E-Mail,99,Flats_Lahore,2026-07-29,https://www.zameen.com/Property/askari_11_askari_11_-_sector_b_apartments_prime_location_askari_11_-_sector_b_apartments_flat_sized_10_marla_for_sale-54536823-15703-1.html
Luxury 4 Bed Apartment Available in Askari 11 Sector D,PKR 5 Crore,50000000,5,5,12 Marla,2700.0,18518,Flat,True,21,super hot21Share on FacebookShare on TwitterShare on WhatsAppSend via GMailSend via E-Mail,90,Flats_Lahore,2026-07-29,https://www.zameen.com/Property/askari_11_askari_11_-_sector_d_luxury_4_bed_apartment_available_in_askari_11_sector_d-54237195-21437-1.html
Luxury Apartments for Sale in Swiss Mall MM Alam Road Lahore,PKR 1.75 Crore,17500000,1,1,2 Marla,450.0,38888,Flat,True,11,super hot11Share on FacebookShare on TwitterShare on WhatsAppSend via GMailSend via E-Mail,90,Flats_Lahore,2026-07-29,https://www.zameen.com/Property/mm_alam_road_swiss_mall_gulberg_luxury_apartments_for_sale_in_swiss_mall_mm_alam_road_lahore-54363636-19464-1.html
Luxury Apartments For Sale In Marbella Drive Residency Lahore,PKR 72.5 Lakh,7250000,,1,1.8 Marla,405.0,17901,Flat,True,11,super hot11Share on FacebookShare on TwitterShare on WhatsAppSend via GMailSend via E-Mail,90,Flats_Lahore,2026-07-29,https://www.zameen.com/Property/raiwind_road_marbella_drive_residency_luxury_apartments_for_sale_in_marbella_drive_residency_lahore-54348942-22560-1.html
4 Bed 12 Marla Modern Apartment Available For Sale In Askari 12 At A Prime Location,PKR 3.85 Crore,38500000,3,4,12 Marla,2700.0,14259,Flat,True,7,super hot7Share on FacebookShare on TwitterShare on WhatsAppSend via GMailSend via E-Mail,89,Flats_Lahore,2026-07-29,https://www.zameen.com/Property/askari_askari_12_4_bed_12_marla_modern_apartment_available_for_sale_in_askari_12_at_a_prime_location-54421658-22537-1.html
Get Your Dream Flat In Bahria Town - Sector C Lahore,PKR 65 Lakh,6500000,1,1,2.2 Marla,495.00000000000006,13131,Flat,False,10,10VerifiedShare on FacebookShare on TwitterShare on WhatsAppSend via GMailSend via E-Mail,89,Flats_Lahore,2026-07-29,https://www.zameen.com/Property/bahria_town_bahria_town_-_sector_c_get_your_dream_flat_in_bahria_town_-_sector_c_lahore-54353783-1784-1.html
1 Bed Apartments Available For Sale On Easy Installment In Etihad Town Lahore,PKR 83 Lakh,8300000,83,1,2.1 Marla,472.5,17566,Flat,True,6,super hot6Share on FacebookShare on TwitterShare on WhatsAppSend via GMailSend via E-Mail,89,Flats_Lahore,2026-07-29,https://www.zameen.com/Property/etihad_town_etihad_town_phase_1_1_bed_apartments_available_for_sale_on_easy_installment_in_etihad_town_lahore-54050443-16882-1.html
10 Marla 3 Bed Facing Park Apartment On Sale.,PKR 4.25 Crore,42500000,4,3,10 Marla,2250.0,18888,Flat,False,5,hot5Share on FacebookShare on TwitterShare on WhatsAppSend via GMailSend via E-Mail,83,Flats_Lahore,2026-07-29,https://www.zameen.com/Property/askari_11_askari_11_-_sector_d_10_marla_3_bed_facing_park_apartment_on_sale-54539195-21437-1.html
"12 Marla 4-Bedroom Apartment for Sale | Askari 12, Lahore",PKR 3.95 Crore,39500000,3,4,12 Marla,2700.0,14629,Flat,False,17,17Share on FacebookShare on TwitterShare on WhatsAppSend via GMailSend via E-Mail,81,Flats_Lahore,2026-07-29,https://www.zameen.com/Property/askari_askari_12_12_marla_4-bedroom_apartment_for_sale_askari_12_lahore-54539524-22537-1.html
Flat Available For Sale In Askari 11 Lahore,PKR 3 Crore,30000000,3,3,10 Marla,2250.0,13333,Flat,True,19,super hot19Share on FacebookShare on TwitterShare on WhatsAppSend via GMailSend via E-Mail,90,Flats_Lahore,2026-07-29,https://www.zameen.com/Property/askari_askari_11_flat_available_for_sale_in_askari_11_lahore-53612249-1503-1.html
Studio Apartment For Sale On Easy Installments Plan In Sector E Bahria Town Lahore,PKR 58 Lakh,5800000,,1,1.4 Marla,315.0,18412,Flat,True,5,hot5Share on FacebookShare on TwitterShare on WhatsAppSend via GMailSend via E-Mail,83,Flats_Lahore,2026-07-29,https://www.zameen.com/Property/bahria_town_bahria_town_-_sector_e_studio_apartment_for_sale_on_easy_installments_plan_in_sector_e_bahria_town_lahore-53039008-1802-1.html
2 Bed Ready To Move Apartment Available For Sale With One Year Instalments In Sector E Bahria Town Lahore,PKR 1.5 Crore,15000000,1,2,4 Marla,900.0,16666,Flat,True,5,hot5Share on FacebookShare on TwitterShare on WhatsAppSend via GMailSend via E-Mail,83,Flats_Lahore,2026-07-29,https://www.zameen.com/Property/bahria_town_bahria_town_-_sector_e_2_bed_ready_to_move_apartment_available_for_sale_with_one_year_instalments_in_sector_e_bahria_town_lahore-53793170-1802-1.html
Nearly Ready To Move One Bed Furnished Apartment For Sale In Sky Luxe On Easy 2 Year Plan,PKR 25 Lakh,2500000,25,1,2.2 Marla,495.00000000000006,5050,Flat,True,7,super hot7Share on FacebookShare on TwitterShare on WhatsAppSend via GMailSend via E-Mail,89,Flats_Lahore,2026-07-29,https://www.zameen.com/Property/bahria_town_midway_commercial_nearly_ready_to_move_one_bed_furnished_apartment_for_sale_in_sky_luxe_on_easy_2_year_plan-54240664-21559-1.html
10 Marla 3 Bed Facing Park Flat For Sale.,PKR 4.3 Crore,43000000,4,3,10 Marla,2250.0,19111,Flat,True,5,5Share on FacebookShare on TwitterShare on WhatsAppSend via GMailSend via E-Mail,80,Flats_Lahore,2026-07-29,https://www.zameen.com/Property/askari_11_askari_11_-_sector_d_10_marla_3_bed_facing_park_flat_for_sale-54539433-21437-1.html
READY APARTMENTS FOR SALE IN BAHRIA TOWN,PKR 40 Lakh,4000000,,1,1.1 Marla,247.50000000000003,16161,Flat,True,5,super hot5Share on FacebookShare on TwitterShare on WhatsAppSend via GMailSend via E-Mail,89,Flats_Lahore,2026-07-29,https://www.zameen.com/Property/bahria_town_bahria_town_-_sector_e_ready_apartments_for_sale_in_bahria_town-54535511-1802-1.html
"12 Kanal 14 Marla Ultra-Luxury Farmhouse for Sale Barki Road, Lahore",PKR 13 Crore,130000000,2,3,12.7 Kanal,57150.0,2274,House,True,7,super hot7Share on FacebookShare on TwitterShare on WhatsAppSend via GMailSend via E-Mail,89,Flats_Lahore,2026-07-29,https://www.zameen.com/Property/cantt_barki_road_12_kanal_14_marla_ultra-luxury_farmhouse_for_sale_barki_road_lahore-54455441-8147-1.html
Ready-To-Move 2 Bed Drawing Lounge Flat | Direct Owner Deal | Premium Finishing | Lift Project,PKR 81 Lakh,8100000,81,2,120 Sq. Yd,1080.0,7500,Flat,True,7,hot7Share on FacebookShare on TwitterShare on WhatsAppSend via GMailSend via E-Mail,83,Flats_Karachi,2026-07-29,https://www.zameen.com/Property/shah_faisal_town_shamsi_society_ready-to-move_2_bed_drawing_lounge_flat_direct_owner_deal_premium_finishing_lift_project-54506242-7300-1.html
FLAT AVAILABLE FOR SALE,PKR 2.09 Crore,20900000,2,3,144 Sq. Yd,1296.0,16126,Flat,False,12,hot12Share on FacebookShare on TwitterShare on WhatsAppSend via GMailSend via E-Mail,84,Flats_Karachi,2026-07-29,https://www.zameen.com/Property/university_road_saima_jinnah_avenue_flat_available_for_sale-54539565-13172-1.html
1Bhk sea facing (exclusive layout) no commission chance deal,PKR 3.55 Crore,35500000,1,1,104 Sq. Yd,936.0,37927,Flat,False,10,10Share on FacebookShare on TwitterShare on WhatsAppSend via GMailSend via E-Mail,81,Flats_Karachi,2026-07-29,https://www.zameen.com/Property/dha_phase_8_hmr_waterfront_1bhk_sea_facing_exclusive_layout_no_commission_chance_deal-54322580-19639-1.html
"High Quality Finish New , 4-Room Lift & Parking 24x7 , No Commission (Only For Cash Buyer) Last Unit",PKR 60 Lakh,6000000,2,2,110 Sq. Yd,990.0,6060,Unknown,False,16,16Share on FacebookShare on TwitterShare on WhatsAppSend via GMailSend via E-Mail,81,Flats_Karachi,2026-07-29,https://www.zameen.com/Property/gulshan_e_rafi_rafi_pride_2_high_quality_finish_new_4-room_lift_parking_24x7_no_commission_only_for_cash_buyer_last_unit-54323262-14129-1.html
"West Open,New, Big 2 Bed Lounge | Leased Project | Sweet Water | Separate Utility Meters | Ready To Move Rental Value 30-35k",PKR 53 Lakh,5300000,53,2,90 Sq. Yd,810.0,6543,Unknown,False,6,6Share on FacebookShare on TwitterShare on WhatsAppSend via GMailSend via E-Mail,80,Flats_Karachi,2026-07-29,https://www.zameen.com/Property/malir_anwar-e-ibrahim_west_open_new_big_2_bed_lounge_leased_project_sweet_water_separate_utility_meters_ready_to_move_rental_value_30-35k-54323562-15683-1.html
Private Pool + Sea Facing 1 BHK With Made Room Big Layout Chance Deal No Commission,PKR 3.45 Crore,34500000,1,1,96 Sq. Yd,864.0,39930,Flat,False,9,9Share on FacebookShare on TwitterShare on WhatsAppSend via GMailSend via E-Mail,80,Flats_Karachi,2026-07-29,https://www.zameen.com/Property/dha_phase_8_hmr_waterfront_private_pool_sea_facing_1_bhk_with_made_room_big_layout_chance_deal_no_commission-54323970-19639-1.html
"Premium Finishing ,New,2 Bed Drawing Lounge F | Lift Project Rental Value 45-50k",PKR 79 Lakh,7900000,79,2,120 Sq. Yd,1080.0,7314,Unknown,True,9,9Share on FacebookShare on TwitterShare on WhatsAppSend via GMailSend via E-Mail,80,Flats_Karachi,2026-07-29,https://www.zameen.com/Property/shah_faisal_town_shamsi_society_premium_finishing_new_2_bed_drawing_lounge_f_lift_project_rental_value_45-50k-54329509-7300-1.html
Branded dubai style project 1st time in shah faisal luxury serviced apartments 50% installments 50% bank loan,PKR 80 Lakh,8000000,2,2,85 Sq. Yd,765.0,10457,Flat,False,5,5Share on FacebookShare on TwitterShare on WhatsAppSend via GMailSend via E-Mail,80,Flats_Karachi,2026-07-29,https://www.zameen.com/Property/malir_jamia_millia_road_branded_dubai_style_project_1st_time_in_shah_faisal_luxury_serviced_apartments_50_installments_50_bank_loan-54330325-9597-1.html
Luxury 4 -Rooms Big Size Exclusive Unite | Grey Stylux Residence | Scheme 33 Rental Value 120k-130k No Commission,PKR 1.49 Crore,14900000,2,3,167 Sq. Yd,1503.0,9913,Unknown,False,11,11Share on FacebookShare on TwitterShare on WhatsAppSend via GMailSend via E-Mail,81,Flats_Karachi,2026-07-29,https://www.zameen.com/Property/karachi_scheme_33_luxury_4_-rooms_big_size_exclusive_unite_grey_stylux_residence_scheme_33_rental_value_120k-130k_no_commission-54334492-495-1.html
Centrally Located Flat In Jinnah Avenue Is Available For Sale,PKR 84 Lakh,8400000,2,2,100 Sq. Yd,900.0,9333,Flat,False,8,8Share on FacebookShare on TwitterShare on WhatsAppSend via GMailSend via E-Mail,80,Flats_Karachi,2026-07-29,https://www.zameen.com/Property/karachi_jinnah_avenue_centrally_located_flat_in_jinnah_avenue_is_available_for_sale-54338032-9059-1.html
2000 Square Feet Spacious 3 Bedroom Apartment With Maid Room For Sale Prime Location DHA Phase 6 Bukhari Commercial,PKR 5.5 Crore,55000000,5,4,222 Sq. Yd,1998.0,27527,Flat,True,24,super hot24Share on FacebookShare on TwitterShare on WhatsAppSend via GMailSend via E-Mail,90,Flats_Karachi,2026-07-29,https://www.zameen.com/Property/dha_defence_dha_phase_6_2000_square_feet_spacious_3_bedroom_apartment_with_maid_room_for_sale_prime_location_dha_phase_6_bukhari_commercial-54399703-1483-1.html
Apartment For Sale at Metropolis Residency,PKR 2.9 Crore,29000000,3,4,222 Sq. Yd,1998.0,14514,Flat,True,17,super hot17Share on FacebookShare on TwitterShare on WhatsAppSend via GMailSend via E-Mail,90,Flats_Karachi,2026-07-29,https://www.zameen.com/Property/jinnah_avenue_metropolis_residency_apartment_for_sale_at_metropolis_residency-54372440-11073-1.html
2Bed Drawing Dining with Store Room and Car Parking Boundary Wall Project Near Spar Kda Scheme 1 Shahra e Faisal More Details on call,PKR 2.48 Crore,24800000,2,2,139 Sq. Yd,1251.0,19824,Unknown,True,11,super hot11Share on FacebookShare on TwitterShare on WhatsAppSend via GMailSend via E-Mail,90,Flats_Karachi,2026-07-29,https://www.zameen.com/Property/jamshed_town_pechs_2bed_drawing_dining_with_store_room_and_car_parking_boundary_wall_project_near_spar_kda_scheme_1_shahra_e_faisal_more_details_on_call-54539006-403-1.html
275 Sq Yards Ground Floor Portion In Gulshan E Iqbal Block-3 Near Disco Bakery.,PKR 3.2 Crore,32000000,3,4,240 Sq. Yd,2160.0,14814,Unknown,True,11,super hot111Share on FacebookShare on TwitterShare on WhatsAppSend via GMailSend via E-Mail,91,Flats_Karachi,2026-07-29,https://www.zameen.com/Property/gulshan_e_iqbal_town_gulshan-e-iqbal_275_sq_yards_ground_floor_portion_in_gulshan_e_iqbal_block-3_near_disco_bakery-52792652-233-1.html
"Spacious 3 Bedroom Lounge Apartment In Soldier Bazar, Karachi",PKR 1.65 Crore,16500000,1,3,122 Sq. Yd,1098.0,15027,Flat,True,25,hot251VerifiedShare on FacebookShare on TwitterShare on WhatsAppSend via GMailSend via E-Mail,93,Flats_Karachi,2026-07-29,https://www.zameen.com/Property/jamshed_town_soldier_bazar_spacious_3_bedroom_lounge_apartment_in_soldier_bazar_karachi-50537547-317-1.html
FLAT FOR SALE,PKR 1.38 Crore,13799999,3,3,161 Sq. Yd,1449.0,9523,Flat,False,16,hot16Share on FacebookShare on TwitterShare on WhatsAppSend via GMailSend via E-Mail,84,Flats_Karachi,2026-07-29,https://www.zameen.com/Property/gulistan_e_jauhar_gulistan-e-jauhar_-_block_12_flat_for_sale-54018595-6836-1.html
Apartment For Sale Two Bed Lounge In Family Building Anytime Visit,PKR 70 Lakh,7000000,70,2,50 Sq. Yd,450.0,15555,Flat,False,16,hot16Share on FacebookShare on TwitterShare on WhatsAppSend via GMailSend via E-Mail,84,Flats_Karachi,2026-07-29,https://www.zameen.com/Property/dha_defence_dha_phase_5_apartment_for_sale_two_bed_lounge_in_family_building_anytime_visit-53816981-1482-1.html
Duplex For Sale 4 Bed Dd At Metropolis Residency,PKR 3.4 Crore,34000000,3,5,267 Sq. Yd,2403.0,14148,Unknown,False,21,hot21Share on FacebookShare on TwitterShare on WhatsAppSend via GMailSend via E-Mail,84,Flats_Karachi,2026-07-29,https://www.zameen.com/Property/jinnah_avenue_metropolis_residency_duplex_for_sale_4_bed_dd_at_metropolis_residency-53937508-11073-1.html
"Luxury Furnish , Sbca Approved Leased No Commission Direct Owner",PKR 53 Lakh,5300000,2,2,100 Sq. Yd,900.0,5888,Unknown,False,5,5Share on FacebookShare on TwitterShare on WhatsAppSend via GMailSend via E-Mail,80,Flats_Karachi,2026-07-29,https://www.zameen.com/Property/shah_faisal_town_shamsi_society_luxury_furnish_sbca_approved_leased_no_commission_direct_owner-54352448-7300-1.html
"Main Shahrah-E-Faisal Facing 3 Rooms, Rental Value 30000 No Commission Flat For Sale no bank loan only cash last unit",PKR 45 Lakh,4500000,2,2,83 Sq. Yd,747.0,6024,Flat,False,7,7Share on FacebookShare on TwitterShare on WhatsAppSend via GMailSend via E-Mail,80,Flats_Karachi,2026-07-29,https://www.zameen.com/Property/karachi_malir_main_shahrah-e-faisal_facing_3_rooms_rental_value_30000_no_commission_flat_for_sale_no_bank_loan_only_cash_last_unit-54366153-476-1.html
"No Commission 4 Room, 2nd Floor Kda Society , Leased",PKR 1.1 Crore,11000000,2,3,117 Sq. Yd,1053.0,10446,Unknown,False,10,10Share on FacebookShare on TwitterShare on WhatsAppSend via GMailSend via E-Mail,81,Flats_Karachi,2026-07-29,https://www.zameen.com/Property/karachi_scheme_33_no_commission_4_room_2nd_floor_kda_society_leased-54423683-495-1.html
Creek Vista 4 Bedroom Apartment Fully Maintained Higher Floor Shaheen Moin Khan Facing,PKR 12.5 Crore,125000000,12,5,418 Sq. Yd,3762.0,33227,Flat,False,12,12Share on FacebookShare on TwitterShare on WhatsAppSend via GMailSend via E-Mail,81,Flats_Karachi,2026-07-29,https://www.zameen.com/Property/dha_phase_8_creek_vista_creek_vista_4_bedroom_apartment_fully_maintained_higher_floor_shaheen_moin_khan_facing-52762402-9058-1.html
FLAT AVAILABLE FOR SALE,PKR 1.75 Crore,17500000,2,2,156 Sq. Yd,1404.0,12464,Flat,False,8,8Share on FacebookShare on TwitterShare on WhatsAppSend via GMailSend via E-Mail,80,Flats_Karachi,2026-07-29,https://www.zameen.com/Property/gulistan_e_jauhar_gulistan-e-jauhar_-_block_3-a_flat_available_for_sale-54180867-6827-1.html
3 Bed Drawing Dining Flat Is For Sale,PKR 6.5 Crore,65000000,6,4,200 Sq. Yd,1800.0,36111,Flat,True,10,super hot10Share on FacebookShare on TwitterShare on WhatsAppSend via GMailSend via E-Mail,90,Flats_Karachi,2026-07-29,https://www.zameen.com/Property/karachi_tariq_road_3_bed_drawing_dining_flat_is_for_sale-53130859-532-1.html
3b-2 Bedrooms full sea facing of Panorama tower is available for Sale,PKR 13 Crore,130000000,13,4,300 Sq. Yd,2700.0,48148,Unknown,True,9,super hot9Share on FacebookShare on TwitterShare on WhatsAppSend via GMailSend via E-Mail,89,Flats_Karachi,2026-07-29,https://www.zameen.com/Property/dha_phase_8_emaar_panorama_3b-2_bedrooms_full_sea_facing_of_panorama_tower_is_available_for_sale-54535396-17182-1.html
"ULTRA-LUXURY COASTAL INVESTMENT: EXPANSIVE 3-BEDROOM FOR SALE APARTMENT IN PARK EDGE, EMAAR CRESCENT BAY, KARACHI",PKR 14.35 Crore,143500000,14,3,300 Sq. Yd,2700.0,53148,Flat,True,9,super hot9VerifiedShare on FacebookShare on TwitterShare on WhatsAppSend via GMailSend via E-Mail,97,Flats_Karachi,2026-07-29,https://www.zameen.com/Property/dha_phase_8_emaar_park_edge_ultra-luxury_coastal_investment_expansive_3-bedroom_for_sale_apartment_in_park_edge_emaar_crescent_bay_karachi-54440554-21858-1.html
Urgent Sale 2 Bed Apartment with Terrace | Rafi Pride-2,PKR 64.7 Lakh,6470000,64,2,100 Sq. Yd,900.0,7188,Flat,False,8,hot8Share on FacebookShare on TwitterShare on WhatsAppSend via GMailSend via E-Mail,83,Flats_Karachi,2026-07-29,https://www.zameen.com/Property/shah_faisal_town_bagh-e-malir_urgent_sale_2_bed_apartment_with_terrace_rafi_pride-2-54537561-7307-1.html
"3 side corner 3rd Floor Noman Plaza  Boundary wall 24/7 Pani, Light,Gas No issue  No parking issue Banglow Facing  Lease Flat 1100 square feet 1 common bath  Demand 1 Caror 60 Lac *Code(16820)*",PKR 1.6 Crore,16000000,3,1,144 Sq. Yd,1296.0,12345,Flat,False,14,hot14Share on FacebookShare on TwitterShare on WhatsAppSend via GMailSend via E-Mail,84,Flats_Karachi,2026-07-29,https://www.zameen.com/Property/gulshan_e_iqbal_gulshan-e-iqbal_-_block_11_3_side_corner_3rd_floor_noman_plaza_boundary_wall_24_7_pani_light_gas_no_issue_no_parking_issue_banglow_facing_lease_flat_1100_square_feet_1_common_bath_demand_1_caror_60_lac_code_16820-54467812-6872-1.html
2Bed Drawing Dining with Store Room Boundary Wall Project Near Spar Kda Scheme 1 Shahra e Faisal More Details on call,PKR 2.49 Crore,24900000,2,2,139 Sq. Yd,1251.0,19904,Unknown,False,5,hot5Share on FacebookShare on TwitterShare on WhatsAppSend via GMailSend via E-Mail,83,Flats_Karachi,2026-07-29,https://www.zameen.com/Property/karachi_kda_scheme_1_2bed_drawing_dining_with_store_room_boundary_wall_project_near_spar_kda_scheme_1_shahra_e_faisal_more_details_on_call-54538969-8292-1.html
Apartment Is Available For Sale,PKR 3.65 Crore,36500000,4,4,328 Sq. Yd,2952.0,12364,Flat,False,6,61Share on FacebookShare on TwitterShare on WhatsAppSend via GMailSend via E-Mail,81,Flats_Karachi,2026-07-29,https://www.zameen.com/Property/malir_cantonment_askari_6_apartment_is_available_for_sale-54400723-21109-1.html
Get In Touch Now To Buy A 1400 Square Feet Flat In Gulistan-e-Jauhar - Block 3-A Karachi,PKR 1.65 Crore,16500000,3,3,156 Sq. Yd,1404.0,11752,Flat,False,12,12VerifiedShare on FacebookShare on TwitterShare on WhatsAppSend via GMailSend via E-Mail,89,Flats_Karachi,2026-07-29,https://www.zameen.com/Property/gulistan_e_jauhar_gulistan-e-jauhar_-_block_3-a_get_in_touch_now_to_buy_a_1400_square_feet_flat_in_gulistan-e-jauhar_-_block_3-a_karachi-54539428-6827-1.html
"Prime Location WEST OPEN CHANCE DEAL IDEAL FLOOR ,SEMI FURNISHED 3000SQFT",PKR 3.9 Crore,39000000,4,4,333 Sq. Yd,2997.0,13013,Flat,True,10,super hot101VerifiedShare on FacebookShare on TwitterShare on WhatsAppSend via GMailSend via E-Mail,99,Flats_Karachi,2026-07-29,https://www.zameen.com/Property/malir_cantonment_askari_6_prime_location_west_open_chance_deal_ideal_floor_semi_furnished_3000sqft-54481111-21109-1.html
Prime Location Flat Sized 3000 Square Feet Is Available For Sale In Askari 6,PKR 4.1 Crore,41000000,4,4,333 Sq. Yd,2997.0,13680,Flat,True,10,super hot101VerifiedShare on FacebookShare on TwitterShare on WhatsAppSend via GMailSend via E-Mail,99,Flats_Karachi,2026-07-29,https://www.zameen.com/Property/malir_cantonment_askari_6_prime_location_flat_sized_3000_square_feet_is_available_for_sale_in_askari_6-54481114-21109-1.html
Prime Location 2480 Square Feet Flat For Sale In Askari 5 - Sector J Karachi,PKR 4.25 Crore,42500000,3,3,276 Sq. Yd,2484.0,17109,Flat,True,8,super hot8VerifiedShare on FacebookShare on TwitterShare on WhatsAppSend via GMailSend via E-Mail,97,Flats_Karachi,2026-07-29,https://www.zameen.com/Property/askari_5_askari_5_-_sector_j_prime_location_2480_square_feet_flat_for_sale_in_askari_5_-_sector_j_karachi-54481287-17289-1.html
THE TILT RESIDENCE By Nikken Sekkei  3 Bed Sea-Facing Luxury Apartments Private Sunk in Slab Pool. Book with Just 10%,PKR 11.9 Crore,119000000,11,4,322 Sq. Yd,2898.0,41062,Flat,True,10,super hot10Share on FacebookShare on TwitterShare on WhatsAppSend via GMailSend via E-Mail,90,Flats_Karachi,2026-07-29,https://www.zameen.com/Property/dha_phase_8_hmr_waterfront_the_tilt_residence_by_nikken_sekkei_3_bed_sea-facing_luxury_apartments_private_sunk_in_slab_pool_book_with_just_10-54197967-19639-1.html
1200 Sq/ft FULLY RENOVATED APARTMENT AVAILABLE FOR SALE AT BADAR COMMERCIAL,PKR 1.9 Crore,19000000,3,3,133 Sq. Yd,1197.0,15873,Flat,True,16,super hot16Share on FacebookShare on TwitterShare on WhatsAppSend via GMailSend via E-Mail,90,Flats_Karachi,2026-07-29,https://www.zameen.com/Property/dha_phase_5_badar_commercial_area_1200_sq_ft_fully_renovated_apartment_available_for_sale_at_badar_commercial-54332431-8484-1.html
Ready to Move 1100 Square feet 2 Bedrooms Flats Available For Sale in Bahria Heights Bahria Town Karachi,PKR 90 Lakh,9000000,90,2,122 Sq. Yd,1098.0,8196,Flat,True,20,hot20Share on FacebookShare on TwitterShare on WhatsAppSend via GMailSend via E-Mail,84,Flats_Karachi,2026-07-29,https://www.zameen.com/Property/bahria_town_karachi_bahria_heights_ready_to_move_1100_square_feet_2_bedrooms_flats_available_for_sale_in_bahria_heights_bahria_town_karachi-54538987-11761-1.html
1100 Square Feet 2 Bedroom Flats Available For Sale in Bahria Heights Bahria Town Karachi,PKR 60 Lakh,6000000,60,2,122 Sq. Yd,1098.0,5464,Flat,True,18,hot18Share on FacebookShare on TwitterShare on WhatsAppSend via GMailSend via E-Mail,84,Flats_Karachi,2026-07-29,https://www.zameen.com/Property/bahria_town_karachi_bahria_heights_1100_square_feet_2_bedroom_flats_available_for_sale_in_bahria_heights_bahria_town_karachi-54538883-11761-1.html
Fully Renovated Apartment For Sale 3bed Dd Big Coved Area Flat 1st Floor Dha Phase 5 Badar Commerical,PKR 1.5 Crore,15000000,1,3,167 Sq. Yd,1503.0,9980,Flat,False,22,hot22Share on FacebookShare on TwitterShare on WhatsAppSend via GMailSend via E-Mail,84,Flats_Karachi,2026-07-29,https://www.zameen.com/Property/dha_defence_dha_phase_5_fully_renovated_apartment_for_sale_3bed_dd_big_coved_area_flat_1st_floor_dha_phase_5_badar_commerical-54502337-1482-1.html
READY TO MOVE 955sq Ft 2 Bed Lounge Flat FOR SALE Outer Corner Apartment With AMAZING VIEW. 2KM From MAIN GATE Of BTK\,PKR 55 Lakh,5500000,55,2,106 Sq. Yd,954.0,5765,Flat,False,22,hot22Share on FacebookShare on TwitterShare on WhatsAppSend via GMailSend via E-Mail,84,Flats_Karachi,2026-07-29,https://www.zameen.com/Property/bahria_town_karachi_bahria_apartments_ready_to_move_955sq_ft_2_bed_lounge_flat_for_sale_outer_corner_apartment_with_amazing_view_2km_from_main_gate_of_btk-54433237-9030-1.html
Flat Available For Sale In Shaheed Millat Road,PKR 2.5 Crore,25000000,2,2,117 Sq. Yd,1053.0,23741,Flat,False,6,hot6Share on FacebookShare on TwitterShare on WhatsAppSend via GMailSend via E-Mail,83,Flats_Karachi,2026-07-29,https://www.zameen.com/Property/karachi_shaheed_millat_road_flat_available_for_sale_in_shaheed_millat_road-54205491-413-1.html
WEST OPEN BRAND NEW FULLY FURNISHED APARTMENT FOR SALE IN FALAKNAZ TWIN TOWER,PKR 2 Crore,20000000,2,2,111 Sq. Yd,999.0,20020,Flat,False,16,hot16Share on FacebookShare on TwitterShare on WhatsAppSend via GMailSend via E-Mail,84,Flats_Karachi,2026-07-29,https://www.zameen.com/Property/gulzar_e_hijri_falaknaz_twin_tower_west_open_brand_new_fully_furnished_apartment_for_sale_in_falaknaz_twin_tower-54325359-22285-1.html
FLAT FOR SALE,PKR 2.25 Crore,22500000,3,3,178 Sq. Yd,1602.0,14044,Flat,False,28,28Share on FacebookShare on TwitterShare on WhatsAppSend via GMailSend via E-Mail,81,Flats_Karachi,2026-07-29,https://www.zameen.com/Property/gulistan_e_jauhar_gulistan-e-jauhar_-_block_13_flat_for_sale-54339096-6837-1.html
Centrally Located Flat In Gulistan-e-Jauhar - Block 17 Is Available For sale,PKR 1.5 Crore,15000000,3,3,211 Sq. Yd,1899.0,7898,Flat,False,24,24VerifiedShare on FacebookShare on TwitterShare on WhatsAppSend via GMailSend via E-Mail,89,Flats_Karachi,2026-07-29,https://www.zameen.com/Property/gulistan_e_jauhar_gulistan-e-jauhar_-_block_17_centrally_located_flat_in_gulistan-e-jauhar_-_block_17_is_available_for_sale-54539403-6841-1.html
HOT URGENT SALE 4-BED LUXURY APARTMENT CREEK VISTA,PKR 14 Crore,140000000,14,4,418 Sq. Yd,3762.0,37214,Flat,True,28,28VerifiedShare on FacebookShare on TwitterShare on WhatsAppSend via GMailSend via E-Mail,89,Flats_Karachi,2026-07-29,https://www.zameen.com/Property/dha_phase_8_creek_vista_hot_urgent_sale_4-bed_luxury_apartment_creek_vista-53894714-9058-1.html
Prime Location Askari 5 - Sector J Flat Sized 2480 Square Feet Is Available,PKR 4.4 Crore,44000000,3,3,276 Sq. Yd,2484.0,17713,Flat,True,5,super hot5VerifiedShare on FacebookShare on TwitterShare on WhatsAppSend via GMailSend via E-Mail,97,Flats_Karachi,2026-07-29,https://www.zameen.com/Property/askari_5_askari_5_-_sector_j_prime_location_askari_5_-_sector_j_flat_sized_2480_square_feet_is_available-54481289-17289-1.html
Highly-Desirable 926 Square Feet Flat Available In Model Colony - Malir,PKR 90 Lakh,9000000,3,3,103 Sq. Yd,927.0,9708,Flat,True,16,super hot161VerifiedShare on FacebookShare on TwitterShare on WhatsAppSend via GMailSend via E-Mail,99,Flats_Karachi,2026-07-29,https://www.zameen.com/Property/malir_model_colony_-_malir_highly-desirable_926_square_feet_flat_available_in_model_colony_-_malir-54531019-518-1.html
"Prime Location 1031 Square Feet Flat Available For Sale In Gulshan-E-Iqbal Town, Gulshan-E-Iqbal Town",PKR 1.7 Crore,17000000,2,2,115 Sq. Yd,1035.0,16425,Flat,True,5,hot5VerifiedShare on FacebookShare on TwitterShare on WhatsAppSend via GMailSend via E-Mail,91,Flats_Karachi,2026-07-29,https://www.zameen.com/Property/karachi_gulshan-e-iqbal_town_prime_location_1031_square_feet_flat_available_for_sale_in_gulshan-e-iqbal_town_gulshan-e-iqbal_town-54238971-6858-1.html
A Palatial Residence For Prime Location Sale In Gulshan-E-Iqbal Town Gulshan-E-Iqbal Town,PKR 1.85 Crore,18500000,2,2,129 Sq. Yd,1161.0,15934,Unknown,True,5,hot5VerifiedShare on FacebookShare on TwitterShare on WhatsAppSend via GMailSend via E-Mail,91,Flats_Karachi,2026-07-29,https://www.zameen.com/Property/karachi_gulshan-e-iqbal_town_a_palatial_residence_for_prime_location_sale_in_gulshan-e-iqbal_town_gulshan-e-iqbal_town-54238973-6858-1.html
King Palm Phase 1 2 Bed DD Apartment | 1150 Sq Ft | Lease,PKR 1.7 Crore,17000000,1,2,128 Sq. Yd,1152.0,14756,Flat,False,11,hot11Share on FacebookShare on TwitterShare on WhatsAppSend via GMailSend via E-Mail,84,Flats_Karachi,2026-07-29,https://www.zameen.com/Property/gulistan_e_jauhar_gulistan-e-jauhar_-_block_3-a_king_palm_phase_1_2_bed_dd_apartment_1150_sq_ft_lease-54351402-6827-1.html
4 BED DD APARTMENT FOR SALE IN CALLACHI HOUSING SOCIETY,PKR 5.9 Crore,59000000,5,4,256 Sq. Yd,2304.0,25607,Flat,False,21,hot21Share on FacebookShare on TwitterShare on WhatsAppSend via GMailSend via E-Mail,84,Flats_Karachi,2026-07-29,https://www.zameen.com/Property/gulshan_e_iqbal_block_10_a_callachi_cooperative_housing_society_4_bed_dd_apartment_for_sale_in_callachi_housing_society-54153113-12954-1.html
"Flat Of 1450 Square Feet Is Available For Sale In Gulistan-E-Jauhar - Block 13, Karachi",PKR 1.45 Crore,14500000,3,3,161 Sq. Yd,1449.0,10006,Flat,False,8,8VerifiedShare on FacebookShare on TwitterShare on WhatsAppSend via GMailSend via E-Mail,88,Flats_Karachi,2026-07-29,https://www.zameen.com/Property/gulistan_e_jauhar_gulistan-e-jauhar_-_block_13_flat_of_1450_square_feet_is_available_for_sale_in_gulistan-e-jauhar_-_block_13_karachi-54442919-6837-1.html
FLAT FOR SALE,PKR 1.75 Crore,17500000,3,3,178 Sq. Yd,1602.0,10923,Flat,False,10,10VerifiedShare on FacebookShare on TwitterShare on WhatsAppSend via GMailSend via E-Mail,89,Flats_Karachi,2026-07-29,https://www.zameen.com/Property/gulistan_e_jauhar_gulistan-e-jauhar_-_block_17_flat_for_sale-54442928-6841-1.html
FLAT IS FOR SALE,PKR 2.35 Crore,23500000,3,3,167 Sq. Yd,1503.0,15635,Flat,False,10,10VerifiedShare on FacebookShare on TwitterShare on WhatsAppSend via GMailSend via E-Mail,89,Flats_Karachi,2026-07-29,https://www.zameen.com/Property/gulistan_e_jauhar_gulistan-e-jauhar_-_block_15_flat_is_for_sale-54442944-6839-1.html
"LUXURY GROUND FLOOR RESIDENCE | SEPARATE ENTRANCE | BATH ISLAND, ST-15",PKR 5.25 Crore,52500000,3,5,156 Sq. Yd,1404.0,37393,Plot,True,13,13Share on FacebookShare on TwitterShare on WhatsAppSend via GMailSend via E-Mail,81,Flats_Karachi,2026-07-29,https://www.zameen.com/Property/karachi_bath_island_luxury_ground_floor_residence_separate_entrance_bath_island_st-15-54000624-198-1.html
Fully Renovated Apartment Available For Sale,PKR 4.6 Crore,46000000,3,3,161 Sq. Yd,1449.0,31746,Flat,True,14,super hot14Share on FacebookShare on TwitterShare on WhatsAppSend via GMailSend via E-Mail,90,Flats_Karachi,2026-07-29,https://www.zameen.com/Property/dha_phase_6_ittehad_commercial_area_fully_renovated_apartment_available_for_sale-54499976-6673-1.html
Naya Nazimabad Luxurious Apartment FL-05 | Easy Instalment Plan | 5 Rooms + 3 Bed d/d + Park Face + Corner + West Open + Globe Residency + Most Premium Location,PKR 2.65 Crore,26500000,2,4,198 Sq. Yd,1782.0,14870,Flat,True,10,super hot101Share on FacebookShare on TwitterShare on WhatsAppSend via GMailSend via E-Mail,91,Flats_Karachi,2026-07-29,https://www.zameen.com/Property/karachi_naya_nazimabad_naya_nazimabad_luxurious_apartment_fl-05_easy_instalment_plan_5_rooms_3_bed_d_d_park_face_corner_west_open_globe_residency_most_premium_location-54532820-10079-1.html
Naya Nazimabad Luxurious Apartment | FL-07 | 4 Rooms + 2 Bed d/d + Park Face + Corner + West Open + Horse Roundabout Facing + Globe Residency + Most Premium Location,PKR 1.75 Crore,17500000,1,3,139 Sq. Yd,1251.0,13988,Flat,True,10,super hot101Share on FacebookShare on TwitterShare on WhatsAppSend via GMailSend via E-Mail,91,Flats_Karachi,2026-07-29,https://www.zameen.com/Property/karachi_naya_nazimabad_naya_nazimabad_luxurious_apartment_fl-07_4_rooms_2_bed_d_d_park_face_corner_west_open_horse_roundabout_facing_globe_residency_most_premium_location-54528120-10079-1.html
Naya Nazimabad Peace Apartment | 6.5 Years Easy Instalment Plan | 5 Rooms + 3 Bed d/d + Front Facing + Corner + Masjid Facing + Boulevard + Com 41 + Most Premium Location,PKR 3.11 Crore,31100000,3,4,197 Sq. Yd,1773.0,17540,Flat,True,10,super hot10Share on FacebookShare on TwitterShare on WhatsAppSend via GMailSend via E-Mail,90,Flats_Karachi,2026-07-29,https://www.zameen.com/Property/karachi_naya_nazimabad_naya_nazimabad_peace_apartment_6_5_years_easy_instalment_plan_5_rooms_3_bed_d_d_front_facing_corner_masjid_facing_boulevard_com_41_most_premium_location-54528049-10079-1.html
Flat 4 BED DD At Civil Lines For Sale,PKR 10.25 Crore,102500000,10,4,267 Sq. Yd,2403.0,42655,Flat,True,11,super hot11Share on FacebookShare on TwitterShare on WhatsAppSend via GMailSend via E-Mail,90,Flats_Karachi,2026-07-29,https://www.zameen.com/Property/karachi_civil_lines_flat_4_bed_dd_at_civil_lines_for_sale-53456020-493-1.html
Ideal Flat Is Available For Sale In Karachi,PKR 1.74 Crore,17400000,3,2,106 Sq. Yd,954.0,18238,Flat,True,37,super hot371VerifiedShare on FacebookShare on TwitterShare on WhatsAppSend via GMailSend via E-Mail,99,Flats_Karachi,2026-07-29,https://www.zameen.com/Property/dha_phase_6_khayaban-e-shahbaz_ideal_flat_is_available_for_sale_in_karachi-54463852-20765-1.html
Prime Location Flat Is Available For sale In HMR Waterfront,PKR 3.9 Crore,39000000,,,244 Sq. Yd,2196.0,17759,Flat,True,5,super hot5VerifiedShare on FacebookShare on TwitterShare on WhatsAppSend via GMailSend via E-Mail,97,Flats_Karachi,2026-07-29,https://www.zameen.com/Property/dha_phase_8_hmr_waterfront_prime_location_flat_is_available_for_sale_in_hmr_waterfront-54465811-19639-1.html
The Views Tower II * 3 Bedrooms - Full Sea facing for sale,PKR 13.5 Crore,135000000,13,5,300 Sq. Yd,2700.0,50000,Unknown,True,14,hot14Share on FacebookShare on TwitterShare on WhatsAppSend via GMailSend via E-Mail,84,Flats_Karachi,2026-07-29,https://www.zameen.com/Property/dha_phase_8_emaar_the_views_the_views_tower_ii_3_bedrooms_-_full_sea_facing_for_sale-54154817-17808-1.html
"950 Square Feet 2 Bedroom Flat Available For Sale In Precinct-19 Near Bahria Main Gate, Bahria Town Karachi",PKR 75 Lakh,7500000,75,2,106 Sq. Yd,954.0,7861,Flat,True,15,hot15Share on FacebookShare on TwitterShare on WhatsAppSend via GMailSend via E-Mail,84,Flats_Karachi,2026-07-29,https://www.zameen.com/Property/bahria_town_karachi_bahria_town_-_precinct_19_950_square_feet_2_bedroom_flat_available_for_sale_in_precinct-19_near_bahria_main_gate_bahria_town_karachi-54417929-10030-1.html
Apartment Available For Sale,PKR 1.25 Crore,12500000,2,2,100 Sq. Yd,900.0,13888,Flat,False,8,hot8Share on FacebookShare on TwitterShare on WhatsAppSend via GMailSend via E-Mail,83,Flats_Karachi,2026-07-29,https://www.zameen.com/Property/dha_defence_dha_phase_2_extension_apartment_available_for_sale-54008187-1672-1.html
LUXURIOUS 3 BED DD FIRST FLOOR AVAILABLE FOR SALE,PKR 2.55 Crore,25500000,2,4,256 Sq. Yd,2304.0,11067,Unknown,False,18,hot18Share on FacebookShare on TwitterShare on WhatsAppSend via GMailSend via E-Mail,84,Flats_Karachi,2026-07-29,https://www.zameen.com/Property/north_nazimabad_north_nazimabad_-_block_h_luxurious_3_bed_dd_first_floor_available_for_sale-54299804-7216-1.html
"EXCLUSIVE 2-BEDROOM CORNER RESIDENCE | SEHAR COMMERCIAL, DHA PHASE 7",PKR 2.2 Crore,22000000,2,2,117 Sq. Yd,1053.0,20892,Commercial,True,24,24Share on FacebookShare on TwitterShare on WhatsAppSend via GMailSend via E-Mail,81,Flats_Karachi,2026-07-29,https://www.zameen.com/Property/dha_phase_7_sehar_commercial_area_exclusive_2-bedroom_corner_residence_sehar_commercial_dha_phase_7-54037205-8489-1.html
"FULLY RENOVATED 2-BEDROOM RESIDENCE | SEHAR COMMERCIAL, DHA PHASE 7",PKR 2 Crore,20000000,2,2,100 Sq. Yd,900.0,22222,Commercial,True,13,13Share on FacebookShare on TwitterShare on WhatsAppSend via GMailSend via E-Mail,81,Flats_Karachi,2026-07-29,https://www.zameen.com/Property/dha_phase_7_sehar_commercial_area_fully_renovated_2-bedroom_residence_sehar_commercial_dha_phase_7-54036777-8489-1.html
2 bed drawing lounge cross west open lift car parking stand by generator,PKR 2 Crore,20000000,2,2,106 Sq. Yd,954.0,20964,Unknown,True,7,super hot7Share on FacebookShare on TwitterShare on WhatsAppSend via GMailSend via E-Mail,89,Flats_Karachi,2026-07-29,https://www.zameen.com/Property/karachi_amil_colony_2_bed_drawing_lounge_cross_west_open_lift_car_parking_stand_by_generator-54525370-11638-1.html
Burj Ul Harmain 2 Bed D D Apartments,PKR 1.33 Crore,13300000,1,2,117 Sq. Yd,1053.0,12630,Flat,False,17,hot17Share on FacebookShare on TwitterShare on WhatsAppSend via GMailSend via E-Mail,84,Flats_Karachi,2026-07-29,https://www.zameen.com/Property/cantt_malir_cantonment_burj_ul_harmain_2_bed_d_d_apartments-54405278-6654-1.html
"2 Bed Lounge Apartment, 3rd Floor, Corner, Main Road Facing.",PKR 55 Lakh,5500000,55,2,78 Sq. Yd,702.0,7834,House,False,11,hot11Share on FacebookShare on TwitterShare on WhatsAppSend via GMailSend via E-Mail,84,Flats_Karachi,2026-07-29,https://www.zameen.com/Property/gadap_town_saima_arabian_villas_2_bed_lounge_apartment_3rd_floor_corner_main_road_facing-54528375-8856-1.html
Burj-Ul-Harmain 3 Bed Drawing Lounge Apartment,PKR 2.05 Crore,20500000,2,4,194 Sq. Yd,1746.0,11741,Flat,False,12,hot12Share on FacebookShare on TwitterShare on WhatsAppSend via GMailSend via E-Mail,84,Flats_Karachi,2026-07-29,https://www.zameen.com/Property/cantt_malir_cantonment_burj-ul-harmain_3_bed_drawing_lounge_apartment-54405304-6654-1.html
THE TRILLIUM BEACH FRONT RESIDENCY TOWER,PKR 10.4 Crore,104000000,2,3,200 Sq. Yd,1800.0,57777,Flat,True,,Share on FacebookShare on TwitterShare on WhatsAppSend via GMailSend via E-Mail,79,Flats_Karachi,2026-07-29,https://www.zameen.com/Property/dha_defence_dha_phase_5_the_trillium_beach_front_residency_tower-54216166-1482-1.html
Get This Amazing 1200 Square Feet Flat Available In Jami Commercial Area,PKR 2.7 Crore,27000000,3,3,133 Sq. Yd,1197.0,22556,Flat,False,19,19VerifiedShare on FacebookShare on TwitterShare on WhatsAppSend via GMailSend via E-Mail,89,Flats_Karachi,2026-07-29,https://www.zameen.com/Property/dha_phase_7_jami_commercial_area_get_this_amazing_1200_square_feet_flat_available_in_jami_commercial_area-54539333-8492-1.html
"LUXURY 1,880 SQ FT APARTMENT FOR SALE IN THE TRILLIUM, DHA ENCLAVE (PHASE 5 / SEA VIEW), KARACHI",PKR 19 Crore,190000000,3,4,378 Sq. Yd,3402.0,55849,Flat,True,,Share on FacebookShare on TwitterShare on WhatsAppSend via GMailSend via E-Mail,79,Flats_Karachi,2026-07-29,https://www.zameen.com/Property/dha_phase_5_the_trillium_luxury_1_880_sq_ft_apartment_for_sale_in_the_trillium_dha_enclave_phase_5_sea_view_karachi-54226835-22580-1.html
2 Bed DD Luxury Apartment On Easy 12-Month Installments | 80% Completed Project | Al Madni Heights,PKR 1.75 Crore,17500000,1,2,125 Sq. Yd,1125.0,15555,Flat,True,12,super hot121VerifiedShare on FacebookShare on TwitterShare on WhatsAppSend via GMailSend via E-Mail,99,Flats_Karachi,2026-07-29,https://www.zameen.com/Property/karachi_university_road_2_bed_dd_luxury_apartment_on_easy_12-month_installments_80_completed_project_al_madni_heights-54496783-324-1.html
Downpayment 1400sq ft 2BHK Luxury Flat (READY TO MOVE) Available on CASH/ INSTALMENTS. Paragon Towers are available on SALE at minimum prices.,PKR 29 Lakh,2900000,2,2,156 Sq. Yd,1404.0,2065,Flat,True,15,super hot15Share on FacebookShare on TwitterShare on WhatsAppSend via GMailSend via E-Mail,90,Flats_Karachi,2026-07-29,https://www.zameen.com/Property/bahria_town_precinct_17_paragon_tower_downpayment_1400sq_ft_2bhk_luxury_flat_ready_to_move_available_on_cash_instalments_paragon_towers_are_available_on_sale_at_minimum_prices-54526042-21833-1.html
3 Bed Lounge For Sale in Karachi University Society,PKR 1.3 Crore,13000000,1,3,97 Sq. Yd,873.0,14891,Unknown,True,5,super hot5Share on FacebookShare on TwitterShare on WhatsAppSend via GMailSend via E-Mail,89,Flats_Karachi,2026-07-29,https://www.zameen.com/Property/scheme_33_karachi_university_housing_society_3_bed_lounge_for_sale_in_karachi_university_society-54535351-9184-1.html
Apartment For sale,PKR 7.35 Crore,73500000,4,4,311 Sq. Yd,2799.0,26259,Flat,True,16,super hot16Share on FacebookShare on TwitterShare on WhatsAppSend via GMailSend via E-Mail,90,Flats_Karachi,2026-07-29,https://www.zameen.com/Property/gulshan_e_iqbal_town_national_stadium_colony_apartment_for_sale-54099415-6908-1.html
Emaar the views 3b3 Apartment available for sale,PKR 13.25 Crore,132500000,3,5,276 Sq. Yd,2484.0,53341,Flat,True,13,hot13Share on FacebookShare on TwitterShare on WhatsAppSend via GMailSend via E-Mail,84,Flats_Karachi,2026-07-29,https://www.zameen.com/Property/dha_phase_8_emaar_the_views_emaar_the_views_3b3_apartment_available_for_sale-54536957-17808-1.html
950 Square Feet Flat For sale In Noman Residencia Karachi In Only Rs. 13000000,PKR 1.3 Crore,13000000,2,2,106 Sq. Yd,954.0,13626,Flat,False,9,hot9VerifiedShare on FacebookShare on TwitterShare on WhatsAppSend via GMailSend via E-Mail,91,Flats_Karachi,2026-07-29,https://www.zameen.com/Property/scheme_33_noman_residencia_950_square_feet_flat_for_sale_in_noman_residencia_karachi_in_only_rs_13000000-54466468-10377-1.html
SAFARI ENCLAVE,PKR 90 Lakh,9000000,2,2,89 Sq. Yd,801.0,11235,Flat,False,12,hot12Share on FacebookShare on TwitterShare on WhatsAppSend via GMailSend via E-Mail,84,Flats_Karachi,2026-07-29,https://www.zameen.com/Property/university_road_safari_enclave_apartments_safari_enclave-54085523-10971-1.html
One bed Lounge APARTMENET IN DANIYAL RESIDENCY,PKR 66 Lakh,6600000,66,1,50 Sq. Yd,450.0,14666,Unknown,False,8,hot8Share on FacebookShare on TwitterShare on WhatsAppSend via GMailSend via E-Mail,83,Flats_Karachi,2026-07-29,https://www.zameen.com/Property/scheme_33_daniyal_residency_one_bed_lounge_apartmenet_in_daniyal_residency-54261042-10578-1.html
Flat Available For Sale,PKR 1.25 Crore,12500000,2,2,106 Sq. Yd,954.0,13102,Flat,False,11,11Share on FacebookShare on TwitterShare on WhatsAppSend via GMailSend via E-Mail,81,Flats_Karachi,2026-07-29,https://www.zameen.com/Property/gulshan_e_iqbal_gulshan-e-iqbal_-_block_4_flat_available_for_sale-53811559-6864-1.html
Stunning Brand New Apartment Is Available For Sale,PKR 5.25 Crore,52500000,3,3,156 Sq. Yd,1404.0,37393,Flat,False,15,15Share on FacebookShare on TwitterShare on WhatsAppSend via GMailSend via E-Mail,81,Flats_Karachi,2026-07-29,https://www.zameen.com/Property/dha_defence_dha_phase_8_stunning_brand_new_apartment_is_available_for_sale-54114837-1485-1.html
"WELL-MAINTAINED 900 SQ FT 2-BEDROOM APARTMENT FOR SALE IN SAHER COMMERCIAL, DHA PHASE 7, KARACHI",PKR 1.35 Crore,13500000,1,2,100 Sq. Yd,900.0,15000,Flat,True,12,12Share on FacebookShare on TwitterShare on WhatsAppSend via GMailSend via E-Mail,81,Flats_Karachi,2026-07-29,https://www.zameen.com/Property/dha_phase_7_sehar_commercial_area_well-maintained_900_sq_ft_2-bedroom_apartment_for_sale_in_saher_commercial_dha_phase_7_karachi-54320906-8489-1.html
"Located In The Heart Of Scheme 33 Gulshan-E-Maymar, Rainbow Twin Tower",PKR 1.38 Crore,13799999,2,2,128 Sq. Yd,1152.0,11979,Unknown,True,26,super hot26VerifiedShare on FacebookShare on TwitterShare on WhatsAppSend via GMailSend via E-Mail,98,Flats_Karachi,2026-07-29,https://www.zameen.com/Property/karachi_scheme_33_located_in_the_heart_of_scheme_33_gulshan-e-maymar_rainbow_twin_tower-54106851-495-1.html
WESTOPEN MID FLOOR Highly-Desirable 3000 Square Feet Flat Available In Askari 6,PKR 3.85 Crore,38500000,4,4,333 Sq. Yd,2997.0,12846,Flat,True,21,super hot21Share on FacebookShare on TwitterShare on WhatsAppSend via GMailSend via E-Mail,90,Flats_Karachi,2026-07-29,https://www.zameen.com/Property/malir_cantonment_askari_6_westopen_mid_floor_highly-desirable_3000_square_feet_flat_available_in_askari_6-53636983-21109-1.html
Flat For Sale 3 Bed Dd 1500 SQ Ft Bank Loan Applicable,PKR 1.32 Crore,13200000,1,3,178 Sq. Yd,1602.0,8239,Flat,True,13,super hot13Share on FacebookShare on TwitterShare on WhatsAppSend via GMailSend via E-Mail,90,Flats_Karachi,2026-07-29,https://www.zameen.com/Property/shadman_shadman_town_-_sector-14_b_flat_for_sale_3_bed_dd_1500_sq_ft_bank_loan_applicable-54164813-11291-1.html
Prime Location 1500 Square Feet Flat Is Available In Shaz Residency,PKR 1.72 Crore,17200000,3,3,167 Sq. Yd,1503.0,11443,Flat,True,5,super hot5VerifiedShare on FacebookShare on TwitterShare on WhatsAppSend via GMailSend via E-Mail,97,Flats_Karachi,2026-07-29,https://www.zameen.com/Property/gulshan_e_iqbal_town_shaz_residency_prime_location_1500_square_feet_flat_is_available_in_shaz_residency-54535001-13917-1.html
240 SQUARE YARDS 3 BEDROOMS PORTION,PKR 2.8 Crore,28000000,2,3,240 Sq. Yd,2160.0,12962,Unknown,False,6,hot6Share on FacebookShare on TwitterShare on WhatsAppSend via GMailSend via E-Mail,83,Flats_Karachi,2026-07-29,https://www.zameen.com/Property/north_nazimabad_north_nazimabad_-_block_h_240_square_yards_3_bedrooms_portion-54363223-7216-1.html
SAIMA PAARI STAR 3 BEDROOMS APARTMENT FOR SALE,PKR 2.85 Crore,28500000,2,3,167 Sq. Yd,1503.0,18962,Flat,False,45,hot45Share on FacebookShare on TwitterShare on WhatsAppSend via GMailSend via E-Mail,84,Flats_Karachi,2026-07-29,https://www.zameen.com/Property/north_nazimabad_block_h_saima_pari_star_saima_paari_star_3_bedrooms_apartment_for_sale-51463067-10135-1.html
Flat For Sale three bed with parking,PKR 4.5 Crore,45000000,4,3,189 Sq. Yd,1701.0,26455,Flat,False,16,hot16Share on FacebookShare on TwitterShare on WhatsAppSend via GMailSend via E-Mail,84,Flats_Karachi,2026-07-29,https://www.zameen.com/Property/dha_phase_6_bukhari_commercial_area_flat_for_sale_three_bed_with_parking-54538325-6674-1.html
"HIGH-YIELD INVESTMENT: FULLY FURNISHED & RENOVATED 2-BED DD APARTMENT FOR SALE IN RAHAT COMMERCIAL, DHA PHASE 6",PKR 2.25 Crore,22500000,2,2,100 Sq. Yd,900.0,25000,Flat,True,9,9Share on FacebookShare on TwitterShare on WhatsAppSend via GMailSend via E-Mail,80,Flats_Karachi,2026-07-29,https://www.zameen.com/Property/dha_phase_6_rahat_commercial_area_high-yield_investment_fully_furnished_renovated_2-bed_dd_apartment_for_sale_in_rahat_commercial_dha_phase_6-54327944-8502-1.html
Well Maintained Like Brand New Flat Available For Sale At Main Shaheed E Millat Road,PKR 6 Crore,60000000,3,4,200 Sq. Yd,1800.0,33333,Flat,True,6,super hot6Share on FacebookShare on TwitterShare on WhatsAppSend via GMailSend via E-Mail,89,Flats_Karachi,2026-07-29,https://www.zameen.com/Property/karachi_shaheed_millat_road_well_maintained_like_brand_new_flat_available_for_sale_at_main_shaheed_e_millat_road-54451949-413-1.html
Brand New Apartment Available For Sale,PKR 1.9 Crore,19000000,2,2,122 Sq. Yd,1098.0,17304,Flat,True,14,super hot14Share on FacebookShare on TwitterShare on WhatsAppSend via GMailSend via E-Mail,90,Flats_Karachi,2026-07-29,https://www.zameen.com/Property/dha_defence_dha_phase_5_brand_new_apartment_available_for_sale-54534086-1482-1.html
Flat Is Available For Sale Located At Prime Location Of North Nazimabad Block-H,PKR 1.5 Crore,15000000,2,3,128 Sq. Yd,1152.0,13020,Flat,True,9,super hot91VerifiedShare on FacebookShare on TwitterShare on WhatsAppSend via GMailSend via E-Mail,98,Flats_Karachi,2026-07-29,https://www.zameen.com/Property/north_nazimabad_north_nazimabad_-_block_h_flat_is_available_for_sale_located_at_prime_location_of_north_nazimabad_block-h-54326193-7216-1.html
3 Bedrooms Lounge Brand New Second Floor West Open Portion,PKR 1.75 Crore,17500000,1,3,111 Sq. Yd,999.0,17517,Unknown,True,12,hot12Share on FacebookShare on TwitterShare on WhatsAppSend via GMailSend via E-Mail,84,Flats_Karachi,2026-07-29,https://www.zameen.com/Property/pechs_pechs_block_2_3_bedrooms_lounge_brand_new_second_floor_west_open_portion-54408016-6933-1.html
"Apartment For Sale Bukhari Commercial, Phase 6, DHA Karachi",PKR 1.85 Crore,18500000,2,2,100 Sq. Yd,900.0,20555,Flat,False,13,hot13Share on FacebookShare on TwitterShare on WhatsAppSend via GMailSend via E-Mail,84,Flats_Karachi,2026-07-29,https://www.zameen.com/Property/dha_phase_6_bukhari_commercial_area_apartment_for_sale_bukhari_commercial_phase_6_dha_karachi-54534845-6674-1.html
Beautiful Flat For Sale,PKR 3.25 Crore,32500000,3,3,133 Sq. Yd,1197.0,27151,Flat,False,7,hot7Share on FacebookShare on TwitterShare on WhatsAppSend via GMailSend via E-Mail,83,Flats_Karachi,2026-07-29,https://www.zameen.com/Property/karachi_frere_town_beautiful_flat_for_sale-53733107-224-1.html
"PREMIUM URBAN RESIDENCE: BRAND NEW LUXURY 3-BEDROOM APARTMENT FOR SALEIN AL MURTAZA COMMERCIAL, DHA PHASE 8",PKR 5 Crore,50000000,5,4,178 Sq. Yd,1602.0,31210,Flat,True,33,33Share on FacebookShare on TwitterShare on WhatsAppSend via GMailSend via E-Mail,81,Flats_Karachi,2026-07-29,https://www.zameen.com/Property/dha_phase_8_al-murtaza_commercial_area_premium_urban_residence_brand_new_luxury_3-bedroom_apartment_for_salein_al_murtaza_commercial_dha_phase_8-54400734-10370-1.html
3 Bed Flat For Sale In Askari 14,PKR 3.1 Crore,31000000,3,3,10 Marla,2250.0,13777,Flat,False,48,hot48Share on FacebookShare on TwitterShare on WhatsAppSend via GMailSend via E-Mail,84,Flats_Rawalpindi,2026-07-29,https://www.zameen.com/Property/rawalpindi_askari_14_3_bed_flat_for_sale_in_askari_14-52394653-1504-1.html
Bahria town phase 7 Bahria heights 5 2 bed luxury furnished apartment for sale 2 bedroom 2 storeroom 3 washroom,PKR 3 Crore,30000000,3,3,12.4 Marla,2790.0,10752,Flat,False,17,17Share on FacebookShare on TwitterShare on WhatsAppSend via GMailSend via E-Mail,81,Flats_Rawalpindi,2026-07-29,https://www.zameen.com/Property/bahria_town_rawalpindi_bahria_town_phase_7_bahria_town_phase_7_bahria_heights_5_2_bed_luxury_furnished_apartment_for_sale_2_bedroom_2_storeroom_3_washroom-54539555-3047-1.html
One Bed Flat For Sale In River Loft Bahria Town Phase 7 Rawalpindi/Islamabad,PKR 1.65 Crore,16500000,1,1,4.9 Marla,1102.5,14965,Flat,False,22,22Share on FacebookShare on TwitterShare on WhatsAppSend via GMailSend via E-Mail,81,Flats_Rawalpindi,2026-07-29,https://www.zameen.com/Property/bahria_town_rawalpindi_river_loft_one_bed_flat_for_sale_in_river_loft_bahria_town_phase_7_rawalpindi_islamabad-53388415-16870-1.html
Two Bedrooms Apartment For Sale River Hills Bahria Town Phase 7 Rawalpindi/Islamabad,PKR 1.5 Crore,15000000,1,2,4.9 Marla,1102.5,13605,Flat,False,12,12Share on FacebookShare on TwitterShare on WhatsAppSend via GMailSend via E-Mail,81,Flats_Rawalpindi,2026-07-29,https://www.zameen.com/Property/bahria_expressway_river_hills_two_bedrooms_apartment_for_sale_river_hills_bahria_town_phase_7_rawalpindi_islamabad-53388453-11347-1.html
2 Bedrooms Apartment With Servant Quarter For Sale In River Loft Bahria Town Phase 7 Rawalpindi/Islamabad,PKR 2.4 Crore,24000000,2,2,8 Marla,1800.0,13333,Flat,False,8,8Share on FacebookShare on TwitterShare on WhatsAppSend via GMailSend via E-Mail,80,Flats_Rawalpindi,2026-07-29,https://www.zameen.com/Property/bahria_town_rawalpindi_river_loft_2_bedrooms_apartment_with_servant_quarter_for_sale_in_river_loft_bahria_town_phase_7_rawalpindi_islamabad-53388327-16870-1.html
937 Square Feet Flat For Sale In Bahria Business District Rawalpindi,PKR 85 Lakh,8500000,2,2,4.2 Marla,945.0,8994,Flat,True,11,super hot111VerifiedShare on FacebookShare on TwitterShare on WhatsAppSend via GMailSend via E-Mail,99,Flats_Rawalpindi,2026-07-29,https://www.zameen.com/Property/bahria_town_phase_8_bahria_business_district_937_square_feet_flat_for_sale_in_bahria_business_district_rawalpindi-54518557-9033-1.html
874 Square Feet Flat In Stunning Bahria Business District Is Available For Sale,PKR 80 Lakh,8000000,2,2,3.9 Marla,877.5,9116,Flat,True,12,super hot121VerifiedShare on FacebookShare on TwitterShare on WhatsAppSend via GMailSend via E-Mail,99,Flats_Rawalpindi,2026-07-29,https://www.zameen.com/Property/bahria_town_phase_8_bahria_business_district_874_square_feet_flat_in_stunning_bahria_business_district_is_available_for_sale-54518556-9033-1.html
"5 Star Hotel Suit For Sale in Prime Location of Saddar- PKR 42,000/- Rent Coming",PKR 85 Lakh,8500000,1,1,0.9 Marla,202.5,41975,Unknown,True,,hotShare on FacebookShare on TwitterShare on WhatsAppSend via GMailSend via E-Mail,82,Flats_Rawalpindi,2026-07-29,https://www.zameen.com/Property/rawalpindi_saddar_5_star_hotel_suit_for_sale_in_prime_location_of_saddar-_pkr_42_000_-_rent_coming-54538412-717-1.html
Ground Floor Flat Is Available For Sale,PKR 4.5 Crore,45000000,3,3,10 Marla,2250.0,20000,Flat,False,28,hot281Share on FacebookShare on TwitterShare on WhatsAppSend via GMailSend via E-Mail,85,Flats_Rawalpindi,2026-07-29,https://www.zameen.com/Property/rawalpindi_askari_7_ground_floor_flat_is_available_for_sale-51936268-1270-1.html
3 Bed Flat For Sale,PKR 3.15 Crore,31500000,3,3,10 Marla,2250.0,14000,Flat,False,18,hot18Share on FacebookShare on TwitterShare on WhatsAppSend via GMailSend via E-Mail,84,Flats_Rawalpindi,2026-07-29,https://www.zameen.com/Property/rawalpindi_askari_7_3_bed_flat_for_sale-54393267-1270-1.html
Beautiful Flat For Sale In Awami Villas 2,PKR 65 Lakh,6500000,2,1,3.5 Marla,787.5,8253,House,False,10,10VerifiedShare on FacebookShare on TwitterShare on WhatsAppSend via GMailSend via E-Mail,89,Flats_Rawalpindi,2026-07-29,https://www.zameen.com/Property/bahria_town_phase_8_bahria_town_phase_8_-_awami_villas_2_beautiful_flat_for_sale_in_awami_villas_2-54527949-8207-1.html
2-Bed Apartment For Sale | 1st Floor | Business District,PKR 1.3 Crore,13000000,1,2,4.9 Marla,1102.5,11791,Flat,False,14,14Share on FacebookShare on TwitterShare on WhatsAppSend via GMailSend via E-Mail,81,Flats_Rawalpindi,2026-07-29,https://www.zameen.com/Property/bahria_town_phase_8_bahria_business_district_2-bed_apartment_for_sale_1st_floor_business_district-54506916-9033-1.html
Beautiful Flat For Sale In Awami Villas 2,PKR 70 Lakh,7000000,2,2,3.5 Marla,787.5,8888,House,False,13,13Share on FacebookShare on TwitterShare on WhatsAppSend via GMailSend via E-Mail,81,Flats_Rawalpindi,2026-07-29,https://www.zameen.com/Property/bahria_town_phase_8_bahria_town_phase_8_-_awami_villas_2_beautiful_flat_for_sale_in_awami_villas_2-54466747-8207-1.html
"Luxury Furnished Apartment For Sale B3 Heights, Bahria Town Phase 8",PKR 2.3 Crore,23000000,2,2,6.4 Marla,1440.0,15972,Flat,True,30,super hot301Share on FacebookShare on TwitterShare on WhatsAppSend via GMailSend via E-Mail,91,Flats_Rawalpindi,2026-07-29,https://www.zameen.com/Property/bahria_town_phase_8_bahria_business_district_luxury_furnished_apartment_for_sale_b3_heights_bahria_town_phase_8-54055609-9033-1.html
Book On Excellent Location Flat Today In MGC Jewel,PKR 1.68 Crore,16800000,1,1,2.5 Marla,562.5,29866,Flat,False,26,261VerifiedShare on FacebookShare on TwitterShare on WhatsAppSend via GMailSend via E-Mail,90,Flats_Rawalpindi,2026-07-29,https://www.zameen.com/Property/bahria_town_phase_8_mgc_jewel_book_on_excellent_location_flat_today_in_mgc_jewel-53626299-18833-1.html
Villa Appartment 5 M Capital smart city,PKR 65 Lakh,6500000,3,1,5 Marla,1125.0,5777,House,False,9,9Share on FacebookShare on TwitterShare on WhatsAppSend via GMailSend via E-Mail,80,Flats_Rawalpindi,2026-07-29,https://www.zameen.com/Property/rawalpindi_capital_smart_city_villa_appartment_5_m_capital_smart_city-53676425-11891-1.html
Prime Location 1700 Square Feet Flat In Peshawar Road,PKR 2.89 Crore,28900000,3,3,7.6 Marla,1710.0,16900,Flat,True,12,super hot121VerifiedShare on FacebookShare on TwitterShare on WhatsAppSend via GMailSend via E-Mail,99,Flats_Rawalpindi,2026-07-29,https://www.zameen.com/Property/rawalpindi_peshawar_road_prime_location_1700_square_feet_flat_in_peshawar_road-54510393-517-1.html
Prime Location 1062 Square Feet Flat In Stunning Peshawar Road Is Available For Sale,PKR 1.81 Crore,18100000,2,2,4.7 Marla,1057.5,17115,Flat,True,12,super hot121VerifiedShare on FacebookShare on TwitterShare on WhatsAppSend via GMailSend via E-Mail,99,Flats_Rawalpindi,2026-07-29,https://www.zameen.com/Property/rawalpindi_peshawar_road_prime_location_1062_square_feet_flat_in_stunning_peshawar_road_is_available_for_sale-54510252-517-1.html
1BedRoom Apartment For Sale,PKR 1.2 Crore,12000000,1,1,3.4 Marla,765.0,15686,Flat,True,41,super hot41Share on FacebookShare on TwitterShare on WhatsAppSend via GMailSend via E-Mail,90,Flats_Rawalpindi,2026-07-29,https://www.zameen.com/Property/bahria_town_rawalpindi_bahria_town_phase_8_1bedroom_apartment_for_sale-53119778-3048-1.html
2 Bed Rooms Furnished Apartment For Sale,PKR 85 Lakh,8500000,85,2,4.4 Marla,990.0000000000001,8585,Flat,False,10,hot10Share on FacebookShare on TwitterShare on WhatsAppSend via GMailSend via E-Mail,84,Flats_Rawalpindi,2026-07-29,https://www.zameen.com/Property/bahria_town_rawalpindi_bahria_town_phase_1_2_bed_rooms_furnished_apartment_for_sale-54369230-3033-1.html
BHARIA TOWN PHASE 1 Suburbia Residence,PKR 28 Lakh,2800000,1,1,2.2 Marla,495.00000000000006,5656,Unknown,False,29,hot29Share on FacebookShare on TwitterShare on WhatsAppSend via GMailSend via E-Mail,84,Flats_Rawalpindi,2026-07-29,https://www.zameen.com/Property/bahria_town_rawalpindi_bahria_town_phase_1_bharia_town_phase_1_suburbia_residence-54496916-3033-1.html
One Bedroom Apartments For Sale,PKR 1.22 Crore,12200000,1,2,3.8 Marla,855.0,14269,Flat,True,21,super hot21Share on FacebookShare on TwitterShare on WhatsAppSend via GMailSend via E-Mail,90,Flats_Rawalpindi,2026-07-29,https://www.zameen.com/Property/bahria_town_rawalpindi_bahria_heights_1_one_bedroom_apartments_for_sale-54489415-12199-1.html
Brand New Flat Is For Sale,PKR 4.55 Crore,45500000,3,4,11 Marla,2475.0,18383,Flat,False,22,hot22Share on FacebookShare on TwitterShare on WhatsAppSend via GMailSend via E-Mail,84,Flats_Rawalpindi,2026-07-29,https://www.zameen.com/Property/rawalpindi_askari_13_brand_new_flat_is_for_sale-52419971-1515-1.html
10 Marla Flat In Central Askari 4 For sale,PKR 3.35 Crore,33500000,3,3,10 Marla,2250.0,14888,Flat,False,17,hot17Share on FacebookShare on TwitterShare on WhatsAppSend via GMailSend via E-Mail,84,Flats_Rawalpindi,2026-07-29,https://www.zameen.com/Property/rawalpindi_askari_4_10_marla_flat_in_central_askari_4_for_sale-54286786-9214-1.html
Awami Villa 3 2nd Floor Extra Wood Work Done Grill Cabinets Installed Available For Sale At Bahria Town Phase 8 Rawalpindi Islamabad,PKR 45 Lakh,4500000,2,1,3.5 Marla,787.5,5714,House,False,11,hot11Share on FacebookShare on TwitterShare on WhatsAppSend via GMailSend via E-Mail,84,Flats_Rawalpindi,2026-07-29,https://www.zameen.com/Property/bahria_town_phase_8_bahria_town_phase_8_-_awami_villas_3_awami_villa_3_2nd_floor_extra_wood_work_done_grill_cabinets_installed_available_for_sale_at_bahria_town_phase_8_rawalpindi_islamabad-51857626-8224-1.html
5 Marla Flat With Structure Ready Available For Sale On 2 Year Installments In Overseas East Block Capital Smart City,PKR 85.9 Lakh,8590000,3,1,5 Marla,1125.0,7635,Flat,True,12,super hot12Share on FacebookShare on TwitterShare on WhatsAppSend via GMailSend via E-Mail,90,Flats_Rawalpindi,2026-07-29,https://www.zameen.com/Property/capital_smart_city_capital_smart_city_overseas_5_marla_flat_with_structure_ready_available_for_sale_on_2_year_installments_in_overseas_east_block_capital_smart_city-54466554-16249-1.html
2 Bed Fornt Facing Apartment For Sale In Rafay Mall Peshawar Road Rawalpindi,PKR 1.66 Crore,16600000,1,2,4.3 Marla,967.5,17157,Flat,True,12,super hot12Share on FacebookShare on TwitterShare on WhatsAppSend via GMailSend via E-Mail,90,Flats_Rawalpindi,2026-07-29,https://www.zameen.com/Property/rawalpindi_peshawar_road_2_bed_fornt_facing_apartment_for_sale_in_rafay_mall_peshawar_road_rawalpindi-54538267-517-1.html
Prime Location New One Bed 545 Square Feet,PKR 77 Lakh,7700000,77,1,2.4 Marla,540.0,14259,Flat,True,8,super hot81Share on FacebookShare on TwitterShare on WhatsAppSend via GMailSend via E-Mail,90,Flats_Rawalpindi,2026-07-29,https://www.zameen.com/Property/bahria_town_phase_8_bahria_business_district_prime_location_new_one_bed_545_square_feet-54258085-9033-1.html
Domus Heights 1Bed Apartment For Sale,PKR 1.1 Crore,11000000,1,2,3.5 Marla,787.5,13968,Flat,False,10,hot10Share on FacebookShare on TwitterShare on WhatsAppSend via GMailSend via E-Mail,84,Flats_Rawalpindi,2026-07-29,https://www.zameen.com/Property/bahria_town_rawalpindi_bahria_town_phase_8_domus_heights_1bed_apartment_for_sale-54369514-3048-1.html
Farmhouse For Sale In Naturals Club & Resort,PKR 7.2 Crore,72000000,,,4 Kanal,18000.0,4000,House,True,25,25VerifiedShare on FacebookShare on TwitterShare on WhatsAppSend via GMailSend via E-Mail,89,Flats_Faisalabad,2026-07-29,https://www.zameen.com/Property/faisalabad_naturals_club_resort_farmhouse_for_sale_in_naturals_club_resort-54470157-21754-1.html
Farmhouse For Sale In Naturals Club & Resort,PKR 7.2 Crore,72000000,,,4 Kanal,18000.0,4000,House,True,25,25VerifiedShare on FacebookShare on TwitterShare on WhatsAppSend via GMailSend via E-Mail,89,Flats_Faisalabad,2026-07-29,https://www.zameen.com/Property/faisalabad_naturals_club_resort_farmhouse_for_sale_in_naturals_club_resort-54531268-21754-1.html
116 Marla Farmhouse For Sale with Swimming Pool on Main Lower Canal Road Faisalabad,PKR 13.92 Crore,139200000,3,3,5.8 Kanal,26100.0,5333,House,True,5,5Share on FacebookShare on TwitterShare on WhatsAppSend via GMailSend via E-Mail,80,Flats_Faisalabad,2026-07-29,https://www.zameen.com/Property/faisalabad_lower_canal_road_116_marla_farmhouse_for_sale_with_swimming_pool_on_main_lower_canal_road_faisalabad-54365660-12189-1.html
Luxury Farmhouse For Sale,PKR 12.5 Crore,125000000,3,2,8.8 Kanal,39600.0,3156,House,True,8,super hot8Share on FacebookShare on TwitterShare on WhatsAppSend via GMailSend via E-Mail,89,Flats_Faisalabad,2026-07-29,https://www.zameen.com/Property/faisalabad_sargodha_road_luxury_farmhouse_for_sale-54414703-768-1.html
3 Marla Fully Furnished Apartment For Sale,PKR 1.3 Crore,13000000,2,2,3 Marla,675.0,19259,Flat,True,21,hot21Share on FacebookShare on TwitterShare on WhatsAppSend via GMailSend via E-Mail,84,Flats_Faisalabad,2026-07-29,https://www.zameen.com/Property/lower_canal_road_green_orchard_apartments_3_marla_fully_furnished_apartment_for_sale-54296126-19726-1.html
Premium Flat For Sale Kohinoor One Plaza Jaranwala Road Faisalabad,PKR 35 Lakh,3500000,1,1,1.4 Marla,315.0,11111,Flat,True,,hotShare on FacebookShare on TwitterShare on WhatsAppSend via GMailSend via E-Mail,82,Flats_Faisalabad,2026-07-29,https://www.zameen.com/Property/jaranwala_road_kohinoor_one_premium_flat_for_sale_kohinoor_one_plaza_jaranwala_road_faisalabad-54482930-12286-1.html
Apartment 504 Sqft Layelpur Galleria,PKR 1.5 Crore,15000000,2,2,2.2 Marla,495.00000000000006,30303,Flat,True,,hotShare on FacebookShare on TwitterShare on WhatsAppSend via GMailSend via E-Mail,82,Flats_Faisalabad,2026-07-29,https://www.zameen.com/Property/east_canal_road_lyallpur_galleria_apartment_504_sqft_layelpur_galleria-54428649-10499-1.html
Fully Furnished Apartment Available For Sale At Kohinoor city,PKR 35 Lakh,3500000,1,1,1.4 Marla,315.0,11111,Flat,True,8,hot8Share on FacebookShare on TwitterShare on WhatsAppSend via GMailSend via E-Mail,83,Flats_Faisalabad,2026-07-29,https://www.zameen.com/Property/faisalabad_kohinoor_city_fully_furnished_apartment_available_for_sale_at_kohinoor_city-53097276-1360-1.html
Apartment For Sale Madina Town Near Susan Road FDA Flat,PKR 45 Lakh,4500000,2,1,2 Marla,450.0,10000,Flat,False,16,hot16Share on FacebookShare on TwitterShare on WhatsAppSend via GMailSend via E-Mail,84,Flats_Faisalabad,2026-07-29,https://www.zameen.com/Property/faisalabad_madina_town_apartment_for_sale_madina_town_near_susan_road_fda_flat-54489741-533-1.html
Fully Furnished Apartment Available For Sale At Lower Canal Road On Easy Installment,PKR 94 Lakh,9400000,2,2,3.5 Marla,787.5,11936,Flat,False,6,6VerifiedShare on FacebookShare on TwitterShare on WhatsAppSend via GMailSend via E-Mail,88,Flats_Faisalabad,2026-07-29,https://www.zameen.com/Property/green_orchard_green_orchard_-_block_b_fully_furnished_apartment_available_for_sale_at_lower_canal_road_on_easy_installment-54498565-19743-1.html
Flat Available For Sale At Jaranwala Road Faisalabad,PKR 35 Lakh,3500000,1,1,1.4 Marla,315.0,11111,Flat,False,5,5VerifiedShare on FacebookShare on TwitterShare on WhatsAppSend via GMailSend via E-Mail,88,Flats_Faisalabad,2026-07-29,https://www.zameen.com/Property/jaranwala_road_kohinoor_one_flat_available_for_sale_at_jaranwala_road_faisalabad-54498573-12286-1.html
Flat Available For Sale At Jaranwala Road Faisalabad,PKR 35 Lakh,3500000,1,1,1.4 Marla,315.0,11111,Flat,False,5,5VerifiedShare on FacebookShare on TwitterShare on WhatsAppSend via GMailSend via E-Mail,88,Flats_Faisalabad,2026-07-29,https://www.zameen.com/Property/jaranwala_road_kohinoor_one_flat_available_for_sale_at_jaranwala_road_faisalabad-54512425-12286-1.html
5 Marla 2nd Floor Flat For Sale Buch Villas Multan,PKR 99 Lakh,9900000,2,2,5 Marla,1125.0,8800,House,False,12,12Share on FacebookShare on TwitterShare on WhatsAppSend via GMailSend via E-Mail,81,Flats_Multan,2026-07-29,https://www.zameen.com/Property/multan_buch_executive_villas_5_marla_2nd_floor_flat_for_sale_buch_villas_multan-54288985-8627-1.html
,PKR 97.2 Lakh,9720000,1,1,2.4 Marla,540.0,18000,Flat,True,13,super hot13Share on FacebookShare on TwitterShare on WhatsAppSend via GMailSend via E-Mail,90,Flats_Multan,2026-07-29,https://www.zameen.com/new-projects/downtown_rumanza-2121.html
,PKR 1.01 Crore,10100000,,1,1.9 Marla,427.5,23625,Flat,True,1,super hot1Share on FacebookShare on TwitterShare on WhatsAppSend via GMailSend via E-Mail,89,Flats_Multan,2026-07-29,https://www.zameen.com/new-projects/golf_view_rumanza-2132.html
Prime Location 347 Square Feet Flat For Sale In Buch Executive Villas Buch Executive Villas In Only Rs. 5800000,PKR 58 Lakh,5800000,1,1,1.5 Marla,337.5,17185,House,False,7,7VerifiedShare on FacebookShare on TwitterShare on WhatsAppSend via GMailSend via E-Mail,88,Flats_Multan,2026-07-29,https://www.zameen.com/Property/multan_buch_executive_villas_prime_location_347_square_feet_flat_for_sale_in_buch_executive_villas_buch_executive_villas_in_only_rs_5800000-54449199-8627-1.html
Buch Villas 5.7 Marla 2nd Floor Apartment For Sale Available Ideal Location,PKR 75 Lakh,7500000,2,2,5.7 Marla,1282.5,5847,House,False,10,hot10Share on FacebookShare on TwitterShare on WhatsAppSend via GMailSend via E-Mail,84,Flats_Multan,2026-07-29,https://www.zameen.com/Property/multan_buch_executive_villas_buch_villas_5_7_marla_2nd_floor_apartment_for_sale_available_ideal_location-54425533-8627-1.html
A Beautiful Fully Furnished Farmhouse For Sale In Buch Villas,PKR 33 Crore,330000000,10,6,8 Kanal,36000.0,9166,House,True,31,super hot31Share on FacebookShare on TwitterShare on WhatsAppSend via GMailSend via E-Mail,90,Flats_Multan,2026-07-29,https://www.zameen.com/Property/multan_buch_executive_villas_a_beautiful_fully_furnished_farmhouse_for_sale_in_buch_villas-54138488-8627-1.html
,PKR 26.22 Lakh,2622000,1,1,1 Marla,225.0,11653,Flat,True,5,super hot5Share on FacebookShare on TwitterShare on WhatsAppSend via GMailSend via E-Mail,89,Flats_Multan,2026-07-29,https://www.zameen.com/new-projects/al_madev_complex_ii-6621.html
,PKR 70.11 Lakh,7011000,1,1,2 Marla,450.0,15580,Flat,True,20,super hot20Share on FacebookShare on TwitterShare on WhatsAppSend via GMailSend via E-Mail,90,Flats_Multan,2026-07-29,https://www.zameen.com/new-projects/boulevard_heights-2310.html
,PKR 42.99 Lakh,4299000,,1,1.4 Marla,315.0,13647,Flat,True,4,super hot4Share on FacebookShare on TwitterShare on WhatsAppSend via GMailSend via E-Mail,89,Flats_Multan,2026-07-29,https://www.zameen.com/new-projects/vintage_commercials_dha_multan-6597.html
282 Square Feet Flat For Sale In Rs. 3948000 Only,PKR 39.48 Lakh,3947999,,,1.3 Marla,292.5,13497,House,False,3,hot3Share on FacebookShare on TwitterShare on WhatsAppSend via GMailSend via E-Mail,83,Flats_Multan,2026-07-29,https://www.zameen.com/Property/multan_buch_executive_villas_282_square_feet_flat_for_sale_in_rs_3948000_only-54434678-8627-1.html
Prime Location Buch Executive Villas Flat Sized 6.73,PKR 95 Lakh,9500000,2,2,7 Marla,1575.0,6031,House,False,14,hot14VerifiedShare on FacebookShare on TwitterShare on WhatsAppSend via GMailSend via E-Mail,92,Flats_Multan,2026-07-29,https://www.zameen.com/Property/multan_buch_executive_villas_prime_location_buch_executive_villas_flat_sized_6_73-54378712-8627-1.html
First Floor Appartments For Sale In Al-Falah Modern City Multan,PKR 85 Lakh,8500000,3,2,6.7 Marla,1507.5,5638,Flat,True,5,super hot5VerifiedShare on FacebookShare on TwitterShare on WhatsAppSend via GMailSend via E-Mail,97,Flats_Multan,2026-07-29,https://www.zameen.com/Property/multan_al_falah_modern_city_first_floor_appartments_for_sale_in_al-falah_modern_city_multan-54471711-8615-1.html
Very Beautiful And Secure Location Opposite Marbella Wedding Hall,PKR 1.45 Crore,14500000,3,3,9.8 Marla,2205.0,6575,Flat,False,11,11Share on FacebookShare on TwitterShare on WhatsAppSend via GMailSend via E-Mail,81,Flats_Peshawar,2026-07-29,https://www.zameen.com/Property/canal_road_park_view_mall_apartments_very_beautiful_and_secure_location_opposite_marbella_wedding_hall-54393923-14355-1.html
"New Apartment (Ground, NOC Approved)",PKR 3.2 Crore,32000000,3,4,11.6 Marla,2610.0,12260,Flat,False,10,10Share on FacebookShare on TwitterShare on WhatsAppSend via GMailSend via E-Mail,81,Flats_Peshawar,2026-07-29,https://www.zameen.com/Property/peshawar_askari_6_new_apartment_ground_noc_approved-47105003-9275-1.html
10 Marla Fully Finished Apartment Available For Sale,PKR 1.5 Crore,15000000,4,3,9.3 Marla,2092.5,7168,Flat,True,16,super hot16Share on FacebookShare on TwitterShare on WhatsAppSend via GMailSend via E-Mail,90,Flats_Peshawar,2026-07-29,https://www.zameen.com/Property/peshawar_warsak_road_10_marla_fully_finished_apartment_available_for_sale-54510300-1000-1.html
2 Bed Flat Available For Sale,PKR 90 Lakh,9000000,90,2,4.8 Marla,1080.0,8333,Flat,False,5,hot5Share on FacebookShare on TwitterShare on WhatsAppSend via GMailSend via E-Mail,83,Flats_Peshawar,2026-07-29,https://www.zameen.com/Property/peshawar_tajabad_2_bed_flat_available_for_sale-54498219-7671-1.html
Beautiful 2 Bed Apartment Available For Sale At Saif Glorious Mall Peshawar,PKR 1.64 Crore,16399999,1,2,5.2 Marla,1170.0,14017,Flat,False,14,hot14Share on FacebookShare on TwitterShare on WhatsAppSend via GMailSend via E-Mail,84,Flats_Peshawar,2026-07-29,https://www.zameen.com/Property/peshawar_university_road_beautiful_2_bed_apartment_available_for_sale_at_saif_glorious_mall_peshawar-54487622-397-1.html
3 Bed Spacious Apartment for Sale,PKR 1.5 Crore,15000000,1,3,6.7 Marla,1507.5,9950,Flat,False,2,2Share on FacebookShare on TwitterShare on WhatsAppSend via GMailSend via E-Mail,80,Flats_Peshawar,2026-07-29,https://www.zameen.com/Property/peshawar_university_town_3_bed_spacious_apartment_for_sale-53939379-1437-1.html
10 Marla Ground Floor Apartment For Sale In Askari 2 Peshawar Cantt,PKR 3.9 Crore,39000000,3,4,10 Marla,2250.0,17333,Flat,False,1,1Share on FacebookShare on TwitterShare on WhatsAppSend via GMailSend via E-Mail,80,Flats_Peshawar,2026-07-29,https://www.zameen.com/Property/peshawar_askari_2_10_marla_ground_floor_apartment_for_sale_in_askari_2_peshawar_cantt-54384374-12121-1.html
ASKARI 6 PHRASE 3  3Bed Room Flat Available Investor Price,PKR 2.75 Crore,27500000,2,3,9.3 Marla,2092.5,13142,Flat,False,5,5Share on FacebookShare on TwitterShare on WhatsAppSend via GMailSend via E-Mail,80,Flats_Peshawar,2026-07-29,https://www.zameen.com/Property/peshawar_askari_6_askari_6_phrase_3_3bed_room_flat_available_investor_price-54282875-9275-1.html
Brand New Apartment For Sale,PKR 3 Crore,30000000,3,4,11.6 Marla,2610.0,11494,Flat,False,7,hot7Share on FacebookShare on TwitterShare on WhatsAppSend via GMailSend via E-Mail,83,Flats_Peshawar,2026-07-29,https://www.zameen.com/Property/peshawar_askari_6_brand_new_apartment_for_sale-46217880-9275-1.html
3 Bed Brand New Apartment For Sale,PKR 3.4 Crore,34000000,3,4,9 Marla,2025.0,16790,Flat,False,42,hot42Share on FacebookShare on TwitterShare on WhatsAppSend via GMailSend via E-Mail,84,Flats_Peshawar,2026-07-29,https://www.zameen.com/Property/peshawar_askari_6_3_bed_brand_new_apartment_for_sale-50227998-9275-1.html
4 Bed Brand New Apartment For Sale,PKR 3.05 Crore,30500000,3,6,13 Marla,2925.0,10427,Flat,False,26,hot26Share on FacebookShare on TwitterShare on WhatsAppSend via GMailSend via E-Mail,84,Flats_Peshawar,2026-07-29,https://www.zameen.com/Property/peshawar_askari_6_4_bed_brand_new_apartment_for_sale-52091809-9275-1.html
Brand New Flat For Sale,PKR 3.15 Crore,31500000,3,5,12.4 Marla,2790.0,11290,Flat,False,21,hot21Share on FacebookShare on TwitterShare on WhatsAppSend via GMailSend via E-Mail,84,Flats_Peshawar,2026-07-29,https://www.zameen.com/Property/peshawar_askari_6_brand_new_flat_for_sale-52633026-9275-1.html
Two Bed Apartment Awan Tower main University Road Peshawar,PKR 1.1 Crore,11000000,1,2,4.9 Marla,1102.5,9977,Flat,False,4,hot4Share on FacebookShare on TwitterShare on WhatsAppSend via GMailSend via E-Mail,83,Flats_Peshawar,2026-07-29,https://www.zameen.com/Property/peshawar_university_town_two_bed_apartment_awan_tower_main_university_road_peshawar-54462409-1437-1.html
One bed appartment,PKR 50 Lakh,5000000,50,1,2 Marla,450.0,11111,Flat,False,1,1Share on FacebookShare on TwitterShare on WhatsAppSend via GMailSend via E-Mail,80,Flats_Peshawar,2026-07-29,https://www.zameen.com/Property/peshawar_nasir_bagh_road_one_bed_appartment-54518358-1029-1.html
Askari 6 Phase 3 4Bed Room Untech Flat Available Invester Price,PKR 3.3 Crore,33000000,3,4,14.2 Marla,3195.0,10328,Flat,False,,Share on FacebookShare on TwitterShare on WhatsAppSend via GMailSend via E-Mail,79,Flats_Peshawar,2026-07-29,https://www.zameen.com/Property/peshawar_askari_6_askari_6_phase_3_4bed_room_untech_flat_available_invester_price-54249625-9275-1.html
4+1 Furnished Flat Available For Sale   Askari 6_Phase 2   Ground floor,PKR 3.89 Crore,38900000,4,4,14 Marla,3150.0,12349,Flat,False,5,5Share on FacebookShare on TwitterShare on WhatsAppSend via GMailSend via E-Mail,80,Flats_Peshawar,2026-07-29,https://www.zameen.com/Property/peshawar_askari_6_4_1_furnished_flat_available_for_sale_askari_6_phase_2_ground_floor-54035956-9275-1.html
Residential Flat For Sale In Oasis Heights DHA Quetta | Flat 5th-4,PKR 57.12 Lakh,5712000,1,1,2.1 Marla,472.5,12088,Flat,False,5,5Share on FacebookShare on TwitterShare on WhatsAppSend via GMailSend via E-Mail,80,Flats_Quetta,2026-07-29,https://www.zameen.com/Property/dha_defence_dha_defence_-_sector_a3_residential_flat_for_sale_in_oasis_heights_dha_quetta_flat_5th-4-54366094-20075-1.html
Residential Flat For Sale In Oasis Heights DHA Quetta | Flat 4th-4,PKR 66.64 Lakh,6664000,1,1,2.1 Marla,472.5,14103,Flat,False,5,5Share on FacebookShare on TwitterShare on WhatsAppSend via GMailSend via E-Mail,80,Flats_Quetta,2026-07-29,https://www.zameen.com/Property/dha_defence_dha_defence_-_sector_a3_residential_flat_for_sale_in_oasis_heights_dha_quetta_flat_4th-4-54365946-20075-1.html
Residential Flat For Sale In Oasis Heights DHA Quetta | Flat T4,PKR 76.16 Lakh,7616000,1,1,2.1 Marla,472.5,16118,Flat,False,5,5Share on FacebookShare on TwitterShare on WhatsAppSend via GMailSend via E-Mail,80,Flats_Quetta,2026-07-29,https://www.zameen.com/Property/dha_defence_dha_defence_-_sector_a3_residential_flat_for_sale_in_oasis_heights_dha_quetta_flat_t4-54241978-20075-1.html
Residential Flat For Sale In Oasis Heights DHA Quetta | Flat S4,PKR 78.84 Lakh,7884000,1,1,1.9 Marla,427.5,18442,Flat,False,5,5Share on FacebookShare on TwitterShare on WhatsAppSend via GMailSend via E-Mail,80,Flats_Quetta,2026-07-29,https://www.zameen.com/Property/dha_defence_dha_defence_-_sector_a3_residential_flat_for_sale_in_oasis_heights_dha_quetta_flat_s4-54241934-20075-1.html
